Date,equity
2005-06-01,100000.0
2005-06-02,100000.0
2005-06-03,100000.0
2005-06-06,100000.0
2005-06-07,100000.0
2005-06-08,100000.0
2005-06-09,100000.0
2005-06-10,100000.0
2005-06-13,100000.0
2005-06-14,100000.0
2005-06-15,100000.0
2005-06-16,100000.0
2005-06-17,100000.0
2005-06-20,100000.0
2005-06-21,100000.0
2005-06-22,100000.0
2005-06-23,100000.0
2005-06-24,100000.0
2005-06-27,100000.0
2005-06-28,100000.0
2005-06-29,100000.0
2005-06-30,100000.0
2005-07-01,100000.0
2005-07-05,100000.0
2005-07-06,100000.0
2005-07-07,100000.0
2005-07-08,100000.0
2005-07-11,100000.0
2005-07-12,100000.0
2005-07-13,100000.0
2005-07-14,100000.0
2005-07-15,100000.0
2005-07-18,100000.0
2005-07-19,100000.0
2005-07-20,100000.0
2005-07-21,100000.0
2005-07-22,100000.0
2005-07-25,100000.0
2005-07-26,100000.0
2005-07-27,100000.0
2005-07-28,100000.0
2005-07-29,100000.0
2005-08-01,100000.0
2005-08-02,100000.0
2005-08-03,100000.0
2005-08-04,100000.0
2005-08-05,100000.0
2005-08-08,100000.0
2005-08-09,100000.0
2005-08-10,100000.0
2005-08-11,100000.0
2005-08-12,100000.0
2005-08-15,100000.0
2005-08-16,100000.0
2005-08-17,100000.0
2005-08-18,100000.0
2005-08-19,100000.0
2005-08-22,100000.0
2005-08-23,100000.0
2005-08-24,100000.0
2005-08-25,100000.0
2005-08-26,100000.0
2005-08-29,100000.0
2005-08-30,100000.0
2005-08-31,100000.0
2005-09-01,100000.0
2005-09-02,100000.0
2005-09-06,100000.0
2005-09-07,100000.0
2005-09-08,100000.0
2005-09-09,100000.0
2005-09-12,100000.0
2005-09-13,100000.0
2005-09-14,100000.0
2005-09-15,100000.0
2005-09-16,100000.0
2005-09-19,100000.0
2005-09-20,100000.0
2005-09-21,100000.0
2005-09-22,100000.0
2005-09-23,100000.0
2005-09-26,100000.0
2005-09-27,100000.0
2005-09-28,100000.0
2005-09-29,100000.0
2005-09-30,100000.0
2005-10-03,100000.0
2005-10-04,100000.0
2005-10-05,100000.0
2005-10-06,100000.0
2005-10-07,100000.0
2005-10-10,100000.0
2005-10-11,100000.0
2005-10-12,100000.0
2005-10-13,100000.0
2005-10-14,100000.0
2005-10-17,100000.0
2005-10-18,100000.0
2005-10-19,100000.0
2005-10-20,100000.0
2005-10-21,100000.0
2005-10-24,100000.0
2005-10-25,100000.0
2005-10-26,100000.0
2005-10-27,100000.0
2005-10-28,100000.0
2005-10-31,100000.0
2005-11-01,100000.0
2005-11-02,100000.0
2005-11-03,100000.0
2005-11-04,100000.0
2005-11-07,100000.0
2005-11-08,100000.0
2005-11-09,100000.0
2005-11-10,100000.0
2005-11-11,100000.0
2005-11-14,100000.0
2005-11-15,100000.0
2005-11-16,100000.0
2005-11-17,100000.0
2005-11-18,100000.0
2005-11-21,100000.0
2005-11-22,100000.0
2005-11-23,100000.0
2005-11-25,100000.0
2005-11-28,100000.0
2005-11-29,100000.0
2005-11-30,100000.0
2005-12-01,100000.0
2005-12-02,100000.0
2005-12-05,100000.0
2005-12-06,100000.0
2005-12-07,100000.0
2005-12-08,100000.0
2005-12-09,100000.0
2005-12-12,100000.0
2005-12-13,100000.0
2005-12-14,100000.0
2005-12-15,100000.0
2005-12-16,100000.0
2005-12-19,100000.0
2005-12-20,100000.0
2005-12-21,100000.0
2005-12-22,100000.0
2005-12-23,100000.0
2005-12-27,100000.0
2005-12-28,100000.0
2005-12-29,100000.0
2005-12-30,100000.0
2006-01-03,100000.0
2006-01-04,101090.80299694235
2006-01-05,100737.10147600228
2006-01-06,103898.00678817125
2006-01-09,104205.56288774418
2006-01-10,104726.27256456249
2006-01-11,105455.25744076505
2006-01-12,103860.76806318031
2006-01-13,105202.8082134197
2006-01-17,104942.98409213782
2006-01-18,101831.09603699014
2006-01-19,103352.96377295259
2006-01-20,101623.89601165065
2006-01-23,101118.93303901426
2006-01-24,102277.09536498737
2006-01-25,102876.32558519549
2006-01-26,104163.37135698754
2006-01-27,105947.48317969298
2006-01-30,107530.08998921426
2006-01-31,107297.71110564895
2006-02-01,107050.69703381439
2006-02-02,107040.13064175018
2006-02-03,105527.12944838482
2006-02-06,107118.82076167877
2006-02-07,103639.49475872438
2006-02-08,104029.72753855023
2006-02-09,103462.40132274579
2006-02-10,103162.28306793366
2006-02-13,101673.60245428128
2006-02-14,103948.60733382769
2006-02-15,106532.6968921645
2006-02-16,107307.87161221934
2006-02-17,106772.419620601
2006-02-21,106031.21956281425
2006-02-22,107832.96896926044
2006-02-23,107837.60377461543
2006-02-24,108257.38102244843
2006-02-27,108926.33868456513
2006-02-28,107604.13963291045
2006-03-01,109788.04971927198
2006-03-02,110614.10464367282
2006-03-03,111162.13236668163
2006-03-06,109969.29680279772
2006-03-07,106692.84514889802
2006-03-08,106046.10864704568
2006-03-09,106014.34000395147
2006-03-10,107320.69571964451
2006-03-13,107781.94817647715
2006-03-14,108651.26610901182
2006-03-15,110952.38728694797
2006-03-16,110330.37491285871
2006-03-17,111328.31023813535
2006-03-20,110570.69750459069
2006-03-21,109953.04397213495
2006-03-22,110576.78405191597
2006-03-23,110655.34685812713
2006-03-24,110876.48243085778
2006-03-27,111754.6178066451
2006-03-28,110994.0379791444
2006-03-29,112426.0760806026
2006-03-30,112262.98802625062
2006-03-31,112894.30027432338
2006-04-03,113522.84744982215
2006-04-04,114367.04457430067
2006-04-05,116244.99968614442
2006-04-06,115972.68814543312
2006-04-07,114921.6320555993
2006-04-10,114308.12647498224
2006-04-11,113059.25516060596
2006-04-12,114044.8220929731
2006-04-13,113970.15541113741
2006-04-17,114225.69788440739
2006-04-18,116630.54646196053
2006-04-19,117414.09959658819
2006-04-20,116462.30419983665
2006-04-21,116474.68982830872
2006-04-24,117520.83404280561
2006-04-25,116085.5896811373
2006-04-26,115753.57810946307
2006-04-27,113014.54951379518
2006-04-28,111870.55271018839
2006-05-01,111906.20172909346
2006-05-02,112577.74692040689
2006-05-03,114211.325213669
2006-05-04,115789.38848010679
2006-05-05,116525.60944385866
2006-05-08,117378.43956966345
2006-05-09,117962.84800244092
2006-05-10,116412.99742570904
2006-05-11,114224.2572888881
2006-05-12,110119.11004337424
2006-05-15,108013.75505885418
2006-05-16,107954.5926534532
2006-05-17,106265.38854646988
2006-05-18,106204.74731882219
2006-05-19,106197.9936890584
2006-05-22,106262.37585055025
2006-05-23,105838.73755406619
2006-05-24,105572.70555767021
2006-05-25,105759.98476150677
2006-05-26,106082.35819960649
2006-05-30,105787.676973908
2006-05-31,106269.88590888836
2006-06-01,106438.97793201308
2006-06-02,106842.9028717227
2006-06-05,105021.66604166711
2006-06-06,105415.20799166484
2006-06-07,105462.78625210361
2006-06-08,105013.84066323697
2006-06-09,104766.76550195
2006-06-12,103511.35035345123
2006-06-13,103333.00615133654
2006-06-14,103482.10939652604
2006-06-15,103480.33100840205
2006-06-16,103446.52417441526
2006-06-19,103451.86100160923
2006-06-20,103531.93003773871
2006-06-21,103715.20128959652
2006-06-22,103537.26769634368
2006-06-23,103441.07143439422
2006-06-26,103441.07143439422
2006-06-27,103441.07143439422
2006-06-28,103441.07143439422
2006-06-29,103441.07143439422
2006-06-30,103441.07143439422
2006-07-03,103441.07143439422
2006-07-05,103441.07143439422
2006-07-06,103441.07143439422
2006-07-07,103441.07143439422
2006-07-10,103441.07143439422
2006-07-11,103441.07143439422
2006-07-12,103441.07143439422
2006-07-13,103441.07143439422
2006-07-14,103441.07143439422
2006-07-17,103441.07143439422
2006-07-18,103441.07143439422
2006-07-19,103441.07143439422
2006-07-20,103441.07143439422
2006-07-21,103441.07143439422
2006-07-24,103441.07143439422
2006-07-25,103441.07143439422
2006-07-26,103441.07143439422
2006-07-27,103441.07143439422
2006-07-28,103441.07143439422
2006-07-31,103927.78363111103
2006-08-01,104017.23037480174
2006-08-02,104180.7323052563
2006-08-03,105204.28047003222
2006-08-04,105105.3710415027
2006-08-07,104418.13370252305
2006-08-08,103564.6836139902
2006-08-09,102870.16085225694
2006-08-10,103032.76140452368
2006-08-11,102430.76796545452
2006-08-14,102481.95665785122
2006-08-15,102935.1200570534
2006-08-16,103782.24211719004
2006-08-17,104133.76460784949
2006-08-18,103939.82951544953
2006-08-21,103385.17881345353
2006-08-22,103105.5809326546
2006-08-23,102309.18682683441
2006-08-24,101361.31362810661
2006-08-25,100743.27973009828
2006-08-28,101420.83736483037
2006-08-29,101469.50844291819
2006-08-30,101633.16655397424
2006-08-31,101337.92615409922
2006-09-01,101301.94586709359
2006-09-05,101444.77987558546
2006-09-06,100177.47794606318
2006-09-07,99905.69390359453
2006-09-08,100770.15012667047
2006-09-11,102040.06909386459
2006-09-12,102915.46197923861
2006-09-13,102769.8556968685
2006-09-14,102517.96972828599
2006-09-15,102887.21805634451
2006-09-18,102263.50160707589
2006-09-19,101633.25612585037
2006-09-20,103829.24696469368
2006-09-21,103046.21584835016
2006-09-22,102622.17295211185
2006-09-25,103986.10655061319
2006-09-26,104652.66949069992
2006-09-27,104078.02038142121
2006-09-28,104406.6951569767
2006-09-29,103583.12551139106
2006-10-02,102982.34715431364
2006-10-03,104276.13818611932
2006-10-04,105375.41951126054
2006-10-05,105339.55065934127
2006-10-06,104876.15078950631
2006-10-09,105238.21271048566
2006-10-10,105376.51740704945
2006-10-11,105551.65243005227
2006-10-12,106238.44721308279
2006-10-13,105905.17380211542
2006-10-16,105760.14442722013
2006-10-17,105323.21704476063
2006-10-18,105639.28875450672
2006-10-19,105147.47084306317
2006-10-20,105702.31674193207
2006-10-23,105520.89574716247
2006-10-24,105794.97690686877
2006-10-25,105838.29816926499
2006-10-26,105996.41776163023
2006-10-27,105453.82609578763
2006-10-30,105821.63519485679
2006-10-31,106112.94391667645
2006-11-01,105846.11532116806
2006-11-02,105231.8650465303
2006-11-03,105109.14318719332
2006-11-06,106437.9000485143
2006-11-07,106300.70110567234
2006-11-08,106987.90388004523
2006-11-09,106912.24146605184
2006-11-10,107501.83632558204
2006-11-13,107368.52897846031
2006-11-14,108201.92012531703
2006-11-15,108264.23789533421
2006-11-16,108267.93778715459
2006-11-17,108013.04753966634
2006-11-20,107251.4313927572
2006-11-21,107819.34226972102
2006-11-22,107029.1952562411
2006-11-24,107121.07669502727
2006-11-27,105246.47423033457
2006-11-28,105650.79427787522
2006-11-29,106692.81020295709
2006-11-30,106731.23293956145
2006-12-01,106691.78121088682
2006-12-04,107451.26131236885
2006-12-05,107831.52658832684
2006-12-06,107555.43439886105
2006-12-07,106621.27032029952
2006-12-08,107050.83773272463
2006-12-11,106858.67625894486
2006-12-12,106805.75932415269
2006-12-13,106878.20686632508
2006-12-14,107505.29290859321
2006-12-15,106671.03944904538
2006-12-18,105516.29681054527
2006-12-19,104975.97097351996
2006-12-20,104754.18857347468
2006-12-21,103738.90158804355
2006-12-22,102969.03955735525
2006-12-26,103442.78815099703
2006-12-27,104026.99472503712
2006-12-28,103878.88417515656
2006-12-29,103344.38652446857
2007-01-03,104173.02567768542
2007-01-04,104730.64353267459
2007-01-05,103934.43673870264
2007-01-08,104672.8131151433
2007-01-09,104946.5765656072
2007-01-10,105506.62993951661
2007-01-11,107400.47569260385
2007-01-12,107985.85084135192
2007-01-16,107360.92470105605
2007-01-17,107717.95701738159
2007-01-18,106991.13067384882
2007-01-19,106561.08553649181
2007-01-22,105385.41520188775
2007-01-23,106141.45381864335
2007-01-24,106548.48507616967
2007-01-25,104685.47690211043
2007-01-26,105384.33236284007
2007-01-29,106077.23273502315
2007-01-30,107074.6317359273
2007-01-31,107539.29573016625
2007-02-01,108712.25612235659
2007-02-02,108485.66217917742
2007-02-05,108067.70911475211
2007-02-06,108681.07295397975
2007-02-07,109415.27410264619
2007-02-08,109283.02877113494
2007-02-09,107873.88738791642
2007-02-12,107417.47993994648
2007-02-13,108590.02866321753
2007-02-14,109272.2895515751
2007-02-15,110455.74676483692
2007-02-16,110723.86450020073
2007-02-20,111777.79780526119
2007-02-21,111779.7725214244
2007-02-22,110900.10031517342
2007-02-23,111127.38422126164
2007-02-26,111071.83781239051
2007-02-27,106924.50968553321
2007-02-28,106680.44593190419
2007-03-01,106411.41122485361
2007-03-02,106074.12085202863
2007-03-05,105926.10634536177
2007-03-06,106081.23568782187
2007-03-07,106045.57189497424
2007-03-08,106186.24198880317
2007-03-09,106382.38485998884
2007-03-12,106380.40961562881
2007-03-13,104954.97329233252
2007-03-14,105414.35691974164
2007-03-15,106048.24409149954
2007-03-16,105368.11052727532
2007-03-19,106411.51601997236
2007-03-20,107374.43125338496
2007-03-21,109125.94184435389
2007-03-22,109155.34522632849
2007-03-23,109498.93631095397
2007-03-26,109735.49978042532
2007-03-27,109257.32234957874
2007-03-28,108310.03233703857
2007-03-29,108576.45144482356
2007-03-30,108237.80837122414
2007-04-02,109375.04561785361
2007-04-03,109613.55020465693
2007-04-04,110322.74487889081
2007-04-05,110270.5169210179
2007-04-09,110465.40514239247
2007-04-10,111471.01388111609
2007-04-11,111297.08549384755
2007-04-12,111711.16685982172
2007-04-13,112482.02954471055
2007-04-16,113772.4772018782
2007-04-17,112851.75518740031
2007-04-18,112654.69940435339
2007-04-19,112656.63364078647
2007-04-20,113810.63945006503
2007-04-23,115691.23103423882
2007-04-24,115248.52156410972
2007-04-25,117068.21495284533
2007-04-26,117033.85280115309
2007-04-27,115957.35619295441
2007-04-30,112645.1489430887
2007-05-01,113677.09990027329
2007-05-02,114040.64863843266
2007-05-03,115581.9998774378
2007-05-04,115476.96203433242
2007-05-07,115702.51237581333
2007-05-08,115695.61936720088
2007-05-09,116794.10743412876
2007-05-10,114957.06631154096
2007-05-11,116054.40574969817
2007-05-14,115472.32674744501
2007-05-15,114476.35806211854
2007-05-16,114395.38548402162
2007-05-17,114535.3226308552
2007-05-18,115701.96591884464
2007-05-21,117090.13731337259
2007-05-22,116638.3123152524
2007-05-23,115062.7611744502
2007-05-24,113707.60982965727
2007-05-25,114889.85790673077
2007-05-29,115212.79642310514
2007-05-30,116940.60963772413
2007-05-31,116955.36441698951
2007-06-01,117627.07785342011
2007-06-04,118865.16565070234
2007-06-05,119183.71212400781
2007-06-06,117857.17538150861
2007-06-07,115776.72986680252
2007-06-08,115899.38838036427
2007-06-11,116330.80865014382
2007-06-12,115797.98103199249
2007-06-13,116999.77475375876
2007-06-14,117708.08791419651
2007-06-15,117885.01320860986
2007-06-18,117274.42762386853
2007-06-19,117654.36602265915
2007-06-20,116280.71580961296
2007-06-21,116958.83525019402
2007-06-22,116536.43664761174
2007-06-25,115003.12865512959
2007-06-26,114286.8217465855
2007-06-27,114723.79605139149
2007-06-28,114432.91390829942
2007-06-29,115290.24744868977
2007-07-02,117066.35555123992
2007-07-03,116088.25450999863
2007-07-05,116752.01516690003
2007-07-06,117570.19291071947
2007-07-09,118398.5978803124
2007-07-10,116933.29047582875
2007-07-11,117380.91406559164
2007-07-12,118373.24828829184
2007-07-13,120246.05133107952
2007-07-16,119147.99380210732
2007-07-17,119160.36865399404
2007-07-18,119103.11042685797
2007-07-19,120082.76384739227
2007-07-20,118834.45837718471
2007-07-23,118133.82626921996
2007-07-24,114022.24339460212
2007-07-25,114998.41577201184
2007-07-26,112960.05269270434
2007-07-27,110977.65355646485
2007-07-30,111967.77736878525
2007-07-31,111147.95541687985
2007-08-01,111691.12073679868
2007-08-02,112403.22715198557
2007-08-03,112509.5147655414
2007-08-06,112255.53925160508
2007-08-07,112740.0140035675
2007-08-08,113236.91823561046
2007-08-09,113071.75100155022
2007-08-10,109398.91198205804
2007-08-13,108778.14171220505
2007-08-14,106712.54468890058
2007-08-15,105636.67482148646
2007-08-16,105490.03987070658
2007-08-17,105490.03987070658
2007-08-20,105490.03987070658
2007-08-21,105490.03987070658
2007-08-22,105490.03987070658
2007-08-23,105490.03987070658
2007-08-24,105490.03987070658
2007-08-27,105490.03987070658
2007-08-28,105490.03987070658
2007-08-29,105490.03987070658
2007-08-30,105490.03987070658
2007-08-31,105490.03987070658
2007-09-04,105490.03987070658
2007-09-05,105490.03987070658
2007-09-06,105490.03987070658
2007-09-07,105490.03987070658
2007-09-10,105490.03987070658
2007-09-11,105490.03987070658
2007-09-12,105490.03987070658
2007-09-13,105490.03987070658
2007-09-14,105490.03987070658
2007-09-17,105490.03987070658
2007-09-18,105490.03987070658
2007-09-19,105138.5032301228
2007-09-20,105026.54232186486
2007-09-21,106377.6125689256
2007-09-24,106229.44936977926
2007-09-25,106503.729178263
2007-09-26,107099.83685667547
2007-09-27,108171.67321259747
2007-09-28,107319.56658624146
2007-10-01,108134.9727495965
2007-10-02,107615.78570799596
2007-10-03,105892.93885249356
2007-10-04,105592.33352608765
2007-10-05,106852.6005259588
2007-10-08,106921.54585060192
2007-10-09,108619.34680245073
2007-10-10,109178.87750473886
2007-10-11,107449.44139216354
2007-10-12,108091.49205044622
2007-10-15,107824.06005435628
2007-10-16,107530.88744384663
2007-10-17,106745.47591991133
2007-10-18,107277.42765120597
2007-10-19,104107.89269483129
2007-10-22,103667.93471287318
2007-10-23,104261.91774213054
2007-10-24,103511.89268313514
2007-10-25,102765.61287318644
2007-10-26,105748.7624098162
2007-10-29,106248.35757526125
2007-10-30,104780.61870611142
2007-10-31,107013.17566356967
2007-11-01,104370.03485200129
2007-11-02,105257.1117932065
2007-11-05,105727.10446805903
2007-11-06,108007.2245334771
2007-11-07,106503.98201764548
2007-11-08,106408.09352973307
2007-11-09,103479.99517824955
2007-11-12,98811.3844716987
2007-11-13,99866.83992664723
2007-11-14,99785.09214252558
2007-11-15,99626.97344381432
2007-11-16,99379.57671757086
2007-11-19,99316.14364499586
2007-11-20,99316.14364499586
2007-11-21,99316.14364499586
2007-11-23,99316.14364499586
2007-11-26,99316.14364499586
2007-11-27,99316.14364499586
2007-11-28,99316.14364499586
2007-11-29,99316.14364499586
2007-11-30,99316.14364499586
2007-12-03,99316.14364499586
2007-12-04,99316.14364499586
2007-12-05,99316.14364499586
2007-12-06,99316.14364499586
2007-12-07,98529.8368810257
2007-12-10,99923.83662155016
2007-12-11,97472.17790720625
2007-12-12,98071.11421652461
2007-12-13,99232.57380947281
2007-12-14,97944.6586530006
2007-12-17,96274.07369379087
2007-12-18,96642.7675740207
2007-12-19,96664.00890169141
2007-12-20,96793.53977248244
2007-12-21,97594.70201358145
2007-12-24,98612.09753178956
2007-12-26,98535.23361664647
2007-12-27,97357.59880808652
2007-12-28,97732.11583545554
2007-12-31,97039.29895049382
2008-01-02,96703.83772593134
2008-01-03,96530.35491638513
2008-01-04,94523.45048152718
2008-01-07,94278.10475084002
2008-01-08,94332.01502785357
2008-01-09,94332.01502785357
2008-01-10,94332.01502785357
2008-01-11,94332.01502785357
2008-01-14,94332.01502785357
2008-01-15,94332.01502785357
2008-01-16,94332.01502785357
2008-01-17,94332.01502785357
2008-01-18,94332.01502785357
2008-01-22,94332.01502785357
2008-01-23,94332.01502785357
2008-01-24,94332.01502785357
2008-01-25,94332.01502785357
2008-01-28,94332.01502785357
2008-01-29,94332.01502785357
2008-01-30,94332.01502785357
2008-01-31,94332.01502785357
2008-02-01,94332.01502785357
2008-02-04,94332.01502785357
2008-02-05,94332.01502785357
2008-02-06,94332.01502785357
2008-02-07,94332.01502785357
2008-02-08,94332.01502785357
2008-02-11,94332.01502785357
2008-02-12,94332.01502785357
2008-02-13,94332.01502785357
2008-02-14,94332.01502785357
2008-02-15,94332.01502785357
2008-02-19,94332.01502785357
2008-02-20,94332.01502785357
2008-02-21,94332.01502785357
2008-02-22,94332.01502785357
2008-02-25,94332.01502785357
2008-02-26,94332.01502785357
2008-02-27,94332.01502785357
2008-02-28,94332.01502785357
2008-02-29,94332.01502785357
2008-03-03,94332.01502785357
2008-03-04,94332.01502785357
2008-03-05,94332.01502785357
2008-03-06,94332.01502785357
2008-03-07,94332.01502785357
2008-03-10,94332.01502785357
2008-03-11,94332.01502785357
2008-03-12,94332.01502785357
2008-03-13,94332.01502785357
2008-03-14,94332.01502785357
2008-03-17,94332.01502785357
2008-03-18,94332.01502785357
2008-03-19,94332.01502785357
2008-03-20,94332.01502785357
2008-03-24,94332.01502785357
2008-03-25,94332.01502785357
2008-03-26,94332.01502785357
2008-03-27,94332.01502785357
2008-03-28,94332.01502785357
2008-03-31,94332.01502785357
2008-04-01,94332.01502785357
2008-04-02,94332.01502785357
2008-04-03,94332.01502785357
2008-04-04,94332.01502785357
2008-04-07,94332.01502785357
2008-04-08,94332.01502785357
2008-04-09,94332.01502785357
2008-04-10,94332.01502785357
2008-04-11,94332.01502785357
2008-04-14,94332.01502785357
2008-04-15,94332.01502785357
2008-04-16,94332.01502785357
2008-04-17,94332.01502785357
2008-04-18,94332.01502785357
2008-04-21,94528.88945234835
2008-04-22,93960.50210103522
2008-04-23,93002.64975182999
2008-04-24,92710.24123051012
2008-04-25,94755.70754250218
2008-04-28,94253.45799563217
2008-04-29,93427.72171434417
2008-04-30,93193.4470192114
2008-05-01,93892.70156040331
2008-05-02,93553.6543681858
2008-05-05,93308.30122900564
2008-05-06,94450.52634102738
2008-05-07,92505.7076792656
2008-05-08,93807.7212919414
2008-05-09,94034.91479114207
2008-05-12,95895.1347060194
2008-05-13,96444.12108759244
2008-05-14,96071.07817526907
2008-05-15,97537.26093508712
2008-05-16,97487.92286822929
2008-05-19,96405.92129178908
2008-05-20,96914.71494081541
2008-05-21,95112.84934998727
2008-05-22,94583.6373356595
2008-05-23,93615.03229435901
2008-05-27,94601.80814983427
2008-05-28,96207.43656652152
2008-05-29,96744.24036324964
2008-05-30,98037.44416536576
2008-06-02,96825.75467864993
2008-06-03,95908.4349323244
2008-06-04,95150.7569644434
2008-06-05,98154.22298845738
2008-06-06,95161.42068469693
2008-06-09,95979.25694503328
2008-06-10,94919.0294693082
2008-06-11,94398.9439992214
2008-06-12,94326.23704483703
2008-06-13,95419.71446630632
2008-06-16,96396.83293729328
2008-06-17,96484.53228678805
2008-06-18,95612.07169567866
2008-06-19,96001.44936162318
2008-06-20,94977.84275441962
2008-06-23,95448.61906246221
2008-06-24,94517.94353726073
2008-06-25,94357.57599287573
2008-06-26,92693.21804364944
2008-06-27,92634.02097316485
2008-06-30,92821.51946923084
2008-07-01,93214.84394037329
2008-07-02,92852.67033275134
2008-07-03,92237.37143531421
2008-07-07,92174.17464817243
2008-07-08,92174.17464817243
2008-07-09,92174.17464817243
2008-07-10,92174.17464817243
2008-07-11,92174.17464817243
2008-07-14,92174.17464817243
2008-07-15,92174.17464817243
2008-07-16,92174.17464817243
2008-07-17,92174.17464817243
2008-07-18,92174.17464817243
2008-07-21,92174.17464817243
2008-07-22,92174.17464817243
2008-07-23,92174.17464817243
2008-07-24,92174.17464817243
2008-07-25,92174.17464817243
2008-07-28,92174.17464817243
2008-07-29,92174.17464817243
2008-07-30,92174.17464817243
2008-07-31,92174.17464817243
2008-08-01,92174.17464817243
2008-08-04,92174.17464817243
2008-08-05,92174.17464817243
2008-08-06,92174.17464817243
2008-08-07,92174.17464817243
2008-08-08,92174.17464817243
2008-08-11,92174.17464817243
2008-08-12,92174.17464817243
2008-08-13,92174.17464817243
2008-08-14,92174.17464817243
2008-08-15,92174.17464817243
2008-08-18,92174.17464817243
2008-08-19,92174.17464817243
2008-08-20,92174.17464817243
2008-08-21,92174.17464817243
2008-08-22,92174.17464817243
2008-08-25,92174.17464817243
2008-08-26,92174.17464817243
2008-08-27,92174.17464817243
2008-08-28,92174.17464817243
2008-08-29,92174.17464817243
2008-09-02,92174.17464817243
2008-09-03,92174.17464817243
2008-09-04,92174.17464817243
2008-09-05,92174.17464817243
2008-09-08,92174.17464817243
2008-09-09,92174.17464817243
2008-09-10,92174.17464817243
2008-09-11,92174.17464817243
2008-09-12,92174.17464817243
2008-09-15,92174.17464817243
2008-09-16,92174.17464817243
2008-09-17,92174.17464817243
2008-09-18,92174.17464817243
2008-09-19,92174.17464817243
2008-09-22,92174.17464817243
2008-09-23,92174.17464817243
2008-09-24,92174.17464817243
2008-09-25,92174.17464817243
2008-09-26,92174.17464817243
2008-09-29,92174.17464817243
2008-09-30,92174.17464817243
2008-10-01,92174.17464817243
2008-10-02,92174.17464817243
2008-10-03,92174.17464817243
2008-10-06,92174.17464817243
2008-10-07,92174.17464817243
2008-10-08,92174.17464817243
2008-10-09,92174.17464817243
2008-10-10,92174.17464817243
2008-10-13,92174.17464817243
2008-10-14,92174.17464817243
2008-10-15,92174.17464817243
2008-10-16,92174.17464817243
2008-10-17,92174.17464817243
2008-10-20,92174.17464817243
2008-10-21,92174.17464817243
2008-10-22,92174.17464817243
2008-10-23,92174.17464817243
2008-10-24,92174.17464817243
2008-10-27,92174.17464817243
2008-10-28,92174.17464817243
2008-10-29,92174.17464817243
2008-10-30,92174.17464817243
2008-10-31,92174.17464817243
2008-11-03,92174.17464817243
2008-11-04,92174.17464817243
2008-11-05,92174.17464817243
2008-11-06,92174.17464817243
2008-11-07,92174.17464817243
2008-11-10,92174.17464817243
2008-11-11,92174.17464817243
2008-11-12,92174.17464817243
2008-11-13,92174.17464817243
2008-11-14,92174.17464817243
2008-11-17,92174.17464817243
2008-11-18,92174.17464817243
2008-11-19,92174.17464817243
2008-11-20,92174.17464817243
2008-11-21,92174.17464817243
2008-11-24,92174.17464817243
2008-11-25,92174.17464817243
2008-11-26,92174.17464817243
2008-11-28,92174.17464817243
2008-12-01,92174.17464817243
2008-12-02,92174.17464817243
2008-12-03,92174.17464817243
2008-12-04,92174.17464817243
2008-12-05,92174.17464817243
2008-12-08,92174.17464817243
2008-12-09,92174.17464817243
2008-12-10,92174.17464817243
2008-12-11,92174.17464817243
2008-12-12,92174.17464817243
2008-12-15,92174.17464817243
2008-12-16,92174.17464817243
2008-12-17,92174.17464817243
2008-12-18,92174.17464817243
2008-12-19,92174.17464817243
2008-12-22,92174.17464817243
2008-12-23,92174.17464817243
2008-12-24,92174.17464817243
2008-12-26,92174.17464817243
2008-12-29,92174.17464817243
2008-12-30,92174.17464817243
2008-12-31,92174.17464817243
2009-01-02,92174.17464817243
2009-01-05,92174.17464817243
2009-01-06,92174.17464817243
2009-01-07,92174.17464817243
2009-01-08,92174.17464817243
2009-01-09,92174.17464817243
2009-01-12,92174.17464817243
2009-01-13,92174.17464817243
2009-01-14,92174.17464817243
2009-01-15,92174.17464817243
2009-01-16,92174.17464817243
2009-01-20,92174.17464817243
2009-01-21,92174.17464817243
2009-01-22,92174.17464817243
2009-01-23,92174.17464817243
2009-01-26,92174.17464817243
2009-01-27,92174.17464817243
2009-01-28,92174.17464817243
2009-01-29,92174.17464817243
2009-01-30,92174.17464817243
2009-02-02,92174.17464817243
2009-02-03,92174.17464817243
2009-02-04,92174.17464817243
2009-02-05,92174.17464817243
2009-02-06,92174.17464817243
2009-02-09,92174.17464817243
2009-02-10,92174.17464817243
2009-02-11,92174.17464817243
2009-02-12,92174.17464817243
2009-02-13,92174.17464817243
2009-02-17,92174.17464817243
2009-02-18,92174.17464817243
2009-02-19,92174.17464817243
2009-02-20,92174.17464817243
2009-02-23,92174.17464817243
2009-02-24,92174.17464817243
2009-02-25,92174.17464817243
2009-02-26,92174.17464817243
2009-02-27,92174.17464817243
2009-03-02,92174.17464817243
2009-03-03,92174.17464817243
2009-03-04,92174.17464817243
2009-03-05,92174.17464817243
2009-03-06,92174.17464817243
2009-03-09,92174.17464817243
2009-03-10,92174.17464817243
2009-03-11,92174.17464817243
2009-03-12,92174.17464817243
2009-03-13,92174.17464817243
2009-03-16,92174.17464817243
2009-03-17,92174.17464817243
2009-03-18,92174.17464817243
2009-03-19,92174.17464817243
2009-03-20,92174.17464817243
2009-03-23,92174.17464817243
2009-03-24,92174.17464817243
2009-03-25,92174.17464817243
2009-03-26,92174.17464817243
2009-03-27,92174.17464817243
2009-03-30,92174.17464817243
2009-03-31,92174.17464817243
2009-04-01,92174.17464817243
2009-04-02,92174.17464817243
2009-04-03,92321.99485181039
2009-04-06,91819.88695323071
2009-04-07,91483.64998997623
2009-04-08,91577.96716025348
2009-04-09,91577.96716025348
2009-04-13,91517.03725919244
2009-04-14,90188.73430874207
2009-04-15,89963.57631516921
2009-04-16,89963.57631516921
2009-04-17,89963.57631516921
2009-04-20,89963.57631516921
2009-04-21,89963.57631516921
2009-04-22,89963.57631516921
2009-04-23,89855.05580638722
2009-04-24,89981.10520610944
2009-04-27,89462.83728502148
2009-04-28,88495.59860564864
2009-04-29,88687.24388606881
2009-04-30,88611.95656883699
2009-05-01,88471.422285616
2009-05-04,88536.67020892318
2009-05-05,88451.34541240272
2009-05-06,88391.11670739888
2009-05-07,88215.44789605464
2009-05-08,88069.89343721233
2009-05-11,87925.25603684555
2009-05-12,87925.25603684555
2009-05-13,87925.25603684555
2009-05-14,87925.25603684555
2009-05-15,87925.25603684555
2009-05-18,87925.25603684555
2009-05-19,87925.25603684555
2009-05-20,87925.25603684555
2009-05-21,87925.25603684555
2009-05-22,87925.25603684555
2009-05-26,87925.25603684555
2009-05-27,87925.25603684555
2009-05-28,87817.92939460013
2009-05-29,87930.29315133087
2009-06-01,87853.03719584775
2009-06-02,88119.23524365792
2009-06-03,87589.27110489347
2009-06-04,87694.34905019603
2009-06-05,87143.19492575631
2009-06-08,87031.42213314367
2009-06-09,87039.19008431799
2009-06-10,87010.05860047197
2009-06-11,87032.94586621913
2009-06-12,87040.99846445536
2009-06-15,86879.76965170828
2009-06-16,86770.62915780596
2009-06-17,86944.26098756364
2009-06-18,86787.99224615999
2009-06-19,86805.35533451402
2009-06-22,86468.01465633755
2009-06-23,86501.13308392277
2009-06-24,86501.13308392277
2009-06-25,86501.13308392277
2009-06-26,86501.13308392277
2009-06-29,86349.22285867478
2009-06-30,86259.53986542088
2009-07-01,85944.12673641901
2009-07-02,85600.73994817311
2009-07-06,86087.4814812371
2009-07-07,85711.6577816283
2009-07-08,85552.32791813731
2009-07-09,85569.2260742395
2009-07-10,86010.91494106298
2009-07-13,86558.18804447085
2009-07-14,86908.19942815075
2009-07-15,87433.03011147794
2009-07-16,87462.29567332342
2009-07-17,87895.82038005829
2009-07-20,88433.72182164513
2009-07-21,88066.61313538041
2009-07-22,88372.164559959
2009-07-23,90549.34310137319
2009-07-24,89873.90427434097
2009-07-27,91008.90253089365
2009-07-28,90413.88998395533
2009-07-29,90111.36615353716
2009-07-30,90522.01706022334
2009-07-31,91086.10524906775
2009-08-03,93850.9766992715
2009-08-04,94390.08677425774
2009-08-05,93489.00171819926
2009-08-06,91704.27218205854
2009-08-07,92375.49729830794
2009-08-10,91346.91798405016
2009-08-11,91328.0563025751
2009-08-12,91626.87867785965
2009-08-13,92680.43241715834
2009-08-14,91170.7103319123
2009-08-17,88529.73561056214
2009-08-18,88755.01734185305
2009-08-19,88926.71765116102
2009-08-20,89020.13725198878
2009-08-21,89933.5933480931
2009-08-24,88813.70348426029
2009-08-25,89558.62128845534
2009-08-26,89135.87070002999
2009-08-27,89113.95211736238
2009-08-28,88547.4317406414
2009-08-31,87804.37654348451
2009-09-01,85016.70901957618
2009-09-02,84479.54067150454
2009-09-03,85344.4823469543
2009-09-04,85397.70173875315
2009-09-08,86109.88289710865
2009-09-09,86525.39946202716
2009-09-10,88758.21459997696
2009-09-11,88338.67758294762
2009-09-14,88374.21902118987
2009-09-15,88951.85829523586
2009-09-16,89744.11842310175
2009-09-17,89080.91168908734
2009-09-18,88966.88167810842
2009-09-21,89145.39550413298
2009-09-22,89517.24702139481
2009-09-23,88475.9152310503
2009-09-24,86888.78016193266
2009-09-25,85472.06226939333
2009-09-28,87024.09656003732
2009-09-29,86161.82756963169
2009-09-30,86122.49764966569
2009-10-01,83619.05508638496
2009-10-02,83340.04331760001
2009-10-05,84204.7001362727
2009-10-06,84919.79037237572
2009-10-07,85504.41196652326
2009-10-08,86147.75319446798
2009-10-09,87166.63536937146
2009-10-12,87228.8890639527
2009-10-13,87065.3287085639
2009-10-14,88669.28636088672
2009-10-15,88521.63369441232
2009-10-16,87098.94232564613
2009-10-19,88231.29939469424
2009-10-20,87228.70936555027
2009-10-21,85878.81535111813
2009-10-22,86423.05908684802
2009-10-23,85430.8270946054
2009-10-26,84666.54505083118
2009-10-27,82244.64079589638
2009-10-28,79470.3484364752
2009-10-29,81219.4183444018
2009-10-30,78933.57293379371
2009-11-02,79552.2420580452
2009-11-03,79900.12916744153
2009-11-04,80345.79716526362
2009-11-05,82335.05101926625
2009-11-06,82397.25652907841
2009-11-09,84321.13710108573
2009-11-10,84347.74631044736
2009-11-11,84529.98082225904
2009-11-12,83860.9298241185
2009-11-13,84357.59048155852
2009-11-16,85353.68428153556
2009-11-17,85222.74773396117
2009-11-18,85235.94071773821
2009-11-19,84230.50507476006
2009-11-20,83938.46606032552
2009-11-23,85072.22242000754
2009-11-24,84596.86981662997
2009-11-25,85270.50588912528
2009-11-27,83868.96594638421
2009-11-30,84300.63063344131
2009-12-01,85449.45309583136
2009-12-02,85647.89825343405
2009-12-03,85121.88096223942
2009-12-04,85238.66675851485
2009-12-07,85700.49236447513
2009-12-08,85589.72958516679
2009-12-09,85261.15906500554
2009-12-10,85960.78215225994
2009-12-11,86638.47953411401
2009-12-14,87457.73171174238
2009-12-15,87384.1102200727
2009-12-16,88593.42857828463
2009-12-17,87201.76727169499
2009-12-18,87766.51279255212
2009-12-21,89527.65580976346
2009-12-22,89675.98244150712
2009-12-23,90095.49743171487
2009-12-24,90785.9138119113
2009-12-28,90321.91607863452
2009-12-29,90535.50850661656
2009-12-30,90597.73784326001
2009-12-31,89377.50514580494
2010-01-04,91531.96984953189
2010-01-05,93353.76194237934
2010-01-06,93437.54167836161
2010-01-07,92967.38149357005
2010-01-08,93357.48740458128
2010-01-11,92852.1542180307
2010-01-12,88760.61552567998
2010-01-13,90350.04892867502
2010-01-14,90602.8738788375
2010-01-15,88764.2071961968
2010-01-19,90982.26206799675
2010-01-20,90578.3011881805
2010-01-21,89923.32076531707
2010-01-22,87322.42321688404
2010-01-25,87459.73399987261
2010-01-26,86418.76418459558
2010-01-27,86755.4123558192
2010-01-28,86962.7794199685
2010-01-29,86563.42431456174
2010-02-01,87699.25848413112
2010-02-02,89278.45233690804
2010-02-03,87841.73372228286
2010-02-04,84906.48742264489
2010-02-05,85205.90495660776
2010-02-08,85091.177619133
2010-02-09,85370.3725460882
2010-02-10,85246.93739653527
2010-02-11,85656.03484684495
2010-02-12,85714.82050971343
2010-02-16,86638.67398559164
2010-02-17,87418.14725929036
2010-02-18,89034.13814163489
2010-02-19,89059.57567188411
2010-02-22,89579.81953388485
2010-02-23,88255.45404524104
2010-02-24,88426.41599035931
2010-02-25,88895.60597813663
2010-02-26,89595.51338324285
2010-03-01,91727.34194865554
2010-03-02,91744.4044535531
2010-03-03,91208.40458477937
2010-03-04,91509.42540603189
2010-03-05,93083.71630960662
2010-03-08,93070.37461764869
2010-03-09,92610.59132967118
2010-03-10,92662.10612778162
2010-03-11,93384.30598037211
2010-03-12,94319.12077170823
2010-03-15,93800.80234553105
2010-03-16,94575.86852786524
2010-03-17,94859.95924077247
2010-03-18,94770.11473954773
2010-03-19,92942.15294540559
2010-03-22,93432.78759948644
2010-03-23,93774.22912885291
2010-03-24,93550.57885143977
2010-03-25,93026.6261926702
2010-03-26,93271.83582810669
2010-03-29,94659.6542585748
2010-03-30,94394.05128063004
2010-03-31,94062.51640414572
2010-04-01,94684.49603600531
2010-04-05,95822.16249449438
2010-04-06,95828.0090616397
2010-04-07,95443.36391180774
2010-04-08,95903.74984394372
2010-04-09,97267.11972502885
2010-04-12,97426.08641908568
2010-04-13,97136.11396949067
2010-04-14,98766.00929411578
2010-04-15,99229.18779743549
2010-04-16,96443.80873910533
2010-04-19,96020.40821118603
2010-04-20,97263.98122870144
2010-04-21,98255.61064337962
2010-04-22,100199.68594801192
2010-04-23,102271.02708017775
2010-04-26,101585.024117697
2010-04-27,97603.7598747097
2010-04-28,97829.59713167939
2010-04-29,99015.21410397958
2010-04-30,97953.95405721819
2010-05-03,99561.70031157334
2010-05-04,96138.5019477083
2010-05-05,94341.23869163946
2010-05-06,93391.18997176841
2010-05-07,92982.08364746164
2010-05-10,93639.2646797774
2010-05-11,93861.19769454461
2010-05-12,94587.66045692468
2010-05-13,93643.78793468137
2010-05-14,91981.30496461515
2010-05-17,92292.26307921798
2010-05-18,90762.24931015982
2010-05-19,89896.4877640741
2010-05-20,88784.90749206752
2010-05-21,88524.32994013617
2010-05-24,88610.66873721677
2010-05-25,88478.37341157279
2010-05-26,88535.1209874564
2010-05-27,88535.1209874564
2010-05-28,88535.1209874564
2010-06-01,88535.1209874564
2010-06-02,88535.1209874564
2010-06-03,88535.1209874564
2010-06-04,88535.1209874564
2010-06-07,88535.1209874564
2010-06-08,88535.1209874564
2010-06-09,88535.1209874564
2010-06-10,88535.1209874564
2010-06-11,88535.1209874564
2010-06-14,88535.1209874564
2010-06-15,88535.1209874564
2010-06-16,88535.1209874564
2010-06-17,88535.1209874564
2010-06-18,88535.1209874564
2010-06-21,88535.1209874564
2010-06-22,88535.1209874564
2010-06-23,88535.1209874564
2010-06-24,88535.1209874564
2010-06-25,88535.1209874564
2010-06-28,88535.1209874564
2010-06-29,88535.1209874564
2010-06-30,88535.1209874564
2010-07-01,88535.1209874564
2010-07-02,88535.1209874564
2010-07-06,88535.1209874564
2010-07-07,88535.1209874564
2010-07-08,88535.1209874564
2010-07-09,88535.1209874564
2010-07-12,88535.1209874564
2010-07-13,88535.1209874564
2010-07-14,88535.1209874564
2010-07-15,88535.1209874564
2010-07-16,88535.1209874564
2010-07-19,88535.1209874564
2010-07-20,88535.1209874564
2010-07-21,88535.1209874564
2010-07-22,88535.1209874564
2010-07-23,88535.1209874564
2010-07-26,88535.1209874564
2010-07-27,88535.1209874564
2010-07-28,88535.1209874564
2010-07-29,88535.1209874564
2010-07-30,88535.1209874564
2010-08-02,88535.1209874564
2010-08-03,88220.18228294897
2010-08-04,89059.22171686396
2010-08-05,88897.01946652839
2010-08-06,88543.79916540791
2010-08-09,89166.52483062862
2010-08-10,88914.79213890589
2010-08-11,86960.8448633713
2010-08-12,86253.43891944858
2010-08-13,86106.67349139435
2010-08-16,86220.455689544
2010-08-17,86770.20836914412
2010-08-18,86722.71046121878
2010-08-19,86123.0045311435
2010-08-20,86387.98980459469
2010-08-23,86254.57301576491
2010-08-24,85946.50462290827
2010-08-25,85946.50462290827
2010-08-26,85946.50462290827
2010-08-27,85946.50462290827
2010-08-30,85946.50462290827
2010-08-31,85946.50462290827
2010-09-01,85946.50462290827
2010-09-02,85946.50462290827
2010-09-03,85946.50462290827
2010-09-07,85617.55000373279
2010-09-08,85633.09071049788
2010-09-09,85639.87778198118
2010-09-10,85787.42995598122
2010-09-13,86254.51426352734
2010-09-14,85897.18897684164
2010-09-15,86047.55431376067
2010-09-16,86037.48238915246
2010-09-17,85803.08035174834
2010-09-20,87328.56169593941
2010-09-21,87297.01223333571
2010-09-22,86630.39125181969
2010-09-23,85777.72143163749
2010-09-24,87694.89431961672
2010-09-27,87969.77448066008
2010-09-28,88743.60531236642
2010-09-29,88403.84183327938
2010-09-30,87745.98497964258
2010-10-01,87770.78725609813
2010-10-04,87911.97304056925
2010-10-05,89565.46365930558
2010-10-06,88410.91919956832
2010-10-07,88026.443078183
2010-10-08,89276.036037488
2010-10-11,89265.85880833265
2010-10-12,90226.77874104236
2010-10-13,90702.57733781831
2010-10-14,89724.92890617854
2010-10-15,89809.07106288159
2010-10-18,89953.55412449405
2010-10-19,87715.20803872557
2010-10-20,90540.05117667351
2010-10-21,90587.7254043881
2010-10-22,91798.65005459453
2010-10-25,92679.88790253618
2010-10-26,92920.27950445506
2010-10-27,92833.49290332137
2010-10-28,92285.03379137452
2010-10-29,93556.09509633387
2010-11-01,93289.87232626819
2010-11-02,94170.38018146905
2010-11-03,94374.20404970838
2010-11-04,96311.66370538464
2010-11-05,97077.01974082305
2010-11-08,96945.53134583813
2010-11-09,96007.77875266141
2010-11-10,96005.2505917428
2010-11-11,96159.56385785343
2010-11-12,94225.83058277376
2010-11-15,94095.90654109034
2010-11-16,92389.88768506837
2010-11-17,93361.74451005271
2010-11-18,93287.97835789544
2010-11-19,93770.38700683069
2010-11-22,93889.76299853768
2010-11-23,93110.34418768722
2010-11-24,94668.63414114872
2010-11-26,94152.7722460182
2010-11-29,93283.82449874729
2010-11-30,93330.92714078525
2010-12-01,95456.03441320035
2010-12-02,96120.6011265452
2010-12-03,97017.08375070905
2010-12-06,96946.59497122685
2010-12-07,96202.25486751823
2010-12-08,95777.81143521893
2010-12-09,96251.86948827199
2010-12-10,97435.69857735619
2010-12-13,95888.3462517307
2010-12-14,95465.97908363477
2010-12-15,95251.61919070133
2010-12-16,96470.20936133173
2010-12-17,97821.43195331855
2010-12-20,98317.21331031928
2010-12-21,99344.75376557221
2010-12-22,98919.94937803013
2010-12-23,98503.60142686575
2010-12-27,99646.75922282318
2010-12-28,99052.94544753499
2010-12-29,99069.17531189034
2010-12-30,99014.9081727052
2010-12-31,98925.15787385004
2011-01-03,99925.12865207849
2011-01-04,99198.52018042284
2011-01-05,100001.95418790697
2011-01-06,99146.7043112591
2011-01-07,98269.18701977865
2011-01-10,98922.37963083143
2011-01-11,98578.54577405192
2011-01-12,99493.65529200275
2011-01-13,99958.10436499867
2011-01-14,100643.41179923543
2011-01-18,100788.12249810714
2011-01-19,96977.63357637575
2011-01-20,96715.19874469374
2011-01-21,96456.00117400436
2011-01-24,96952.88531197216
2011-01-25,96759.30079691597
2011-01-26,97982.50621141492
2011-01-27,98371.52183308608
2011-01-28,95247.17972869483
2011-01-31,96044.68276622274
2011-02-01,97548.51196548423
2011-02-02,97438.48308982124
2011-02-03,97705.03447027446
2011-02-04,98697.68212962894
2011-02-07,99786.71291119725
2011-02-08,99467.75817424344
2011-02-09,99265.41593976191
2011-02-10,100415.1070077176
2011-02-11,101194.03096526615
2011-02-14,102873.00439446679
2011-02-15,100489.9279321382
2011-02-16,101567.93243156574
2011-02-17,101858.60324433581
2011-02-18,100279.41074052895
2011-02-22,97420.21638978907
2011-02-23,97485.35946344551
2011-02-24,97470.0151738634
2011-02-25,98661.09062346209
2011-02-28,100184.2274057476
2011-03-01,97370.45029705607
2011-03-02,98065.54552941292
2011-03-03,98848.8880899562
2011-03-04,98586.44399247199
2011-03-07,97554.48106839397
2011-03-08,97376.31655180755
2011-03-09,97596.63680507851
2011-03-10,95210.06768265682
2011-03-11,95460.82953214672
2011-03-14,95141.06475477703
2011-03-15,95101.1004626227
2011-03-16,93751.41860936525
2011-03-17,94046.73190301156
2011-03-18,94512.78146205071
2011-03-21,95178.42020710434
2011-03-22,95348.53997915972
2011-03-23,95890.12007314683
2011-03-24,97072.3158663681
2011-03-25,97587.4919828637
2011-03-28,97906.29817970142
2011-03-29,99623.8390809101
2011-03-30,100210.11324698415
2011-03-31,99665.0270573034
2011-04-01,100301.15900371372
2011-04-04,101537.41664839776
2011-04-05,102032.42095212004
2011-04-06,102127.92792893521
2011-04-07,101548.57932222585
2011-04-08,101408.78466757655
2011-04-11,98490.64534629624
2011-04-12,97822.1726712448
2011-04-13,98382.18547343506
2011-04-14,99008.43594414365
2011-04-15,100338.28144668175
2011-04-18,99012.59790810462
2011-04-19,99951.02051818797
2011-04-20,101515.59967583028
2011-04-21,104182.7448243252
2011-04-25,104260.7040878307
2011-04-26,105718.07041835779
2011-04-27,108841.07920765117
2011-04-28,108377.88299065623
2011-04-29,104681.6603788052
2011-05-02,104251.9755389475
2011-05-03,102928.32128885615
2011-05-04,100806.30192447848
2011-05-05,100119.13804524734
2011-05-06,100159.40442540776
2011-05-09,100706.8739177064
2011-05-10,103192.71953196413
2011-05-11,102419.56818825091
2011-05-12,103052.77026405286
2011-05-13,102974.05257301571
2011-05-16,101856.75622514058
2011-05-17,101578.23492629998
2011-05-18,102966.79951273049
2011-05-19,102600.52439353934
2011-05-20,101671.73877016624
2011-05-23,100131.82504115351
2011-05-24,99137.30144100467
2011-05-25,99907.58617606042
2011-05-26,100705.83048798578
2011-05-27,101191.34519509842
2011-05-31,101703.72032998569
2011-06-01,99930.45191474988
2011-06-02,100056.81562837446
2011-06-03,98583.50792186912
2011-06-06,96844.62949413614
2011-06-07,97042.45437833316
2011-06-08,96224.01739486567
2011-06-09,96144.546983882
2011-06-10,95991.63737492317
2011-06-13,95908.28613497436
2011-06-14,95967.2969891945
2011-06-15,95795.18246193496
2011-06-16,95795.55288301912
2011-06-17,95795.55288301912
2011-06-20,95795.55288301912
2011-06-21,95795.55288301912
2011-06-22,95795.55288301912
2011-06-23,95795.55288301912
2011-06-24,95795.55288301912
2011-06-27,95795.55288301912
2011-06-28,95795.55288301912
2011-06-29,95795.55288301912
2011-06-30,95795.55288301912
2011-07-01,97555.03660656392
2011-07-05,97538.07734435043
2011-07-06,98166.22315129064
2011-07-07,98500.52788506399
2011-07-08,98079.71608810144
2011-07-11,96041.54686048036
2011-07-12,95786.92659749914
2011-07-13,95557.79451446325
2011-07-14,95135.01632367769
2011-07-15,95654.74055263647
2011-07-18,95330.02466139202
2011-07-19,97281.46061499226
2011-07-20,96938.63110864884
2011-07-21,98129.65616492496
2011-07-22,98430.5950584727
2011-07-25,97735.9156327081
2011-07-26,97718.81441847685
2011-07-27,95756.04489863309
2011-07-28,95853.57899694088
2011-07-29,96141.73655201307
2011-08-01,96496.80633120991
2011-08-02,96499.01736901757
2011-08-03,96855.0721483681
2011-08-04,96088.97236129716
2011-08-05,96281.99519768759
2011-08-08,96281.99519768759
2011-08-09,96281.99519768759
2011-08-10,96281.99519768759
2011-08-11,96281.99519768759
2011-08-12,96281.99519768759
2011-08-15,96281.99519768759
2011-08-16,96281.99519768759
2011-08-17,96281.99519768759
2011-08-18,96281.99519768759
2011-08-19,96281.99519768759
2011-08-22,96281.99519768759
2011-08-23,96281.99519768759
2011-08-24,96281.99519768759
2011-08-25,96281.99519768759
2011-08-26,96281.99519768759
2011-08-29,96281.99519768759
2011-08-30,96281.99519768759
2011-08-31,96281.99519768759
2011-09-01,96281.99519768759
2011-09-02,96281.99519768759
2011-09-06,96281.99519768759
2011-09-07,96281.99519768759
2011-09-08,96281.99519768759
2011-09-09,96281.99519768759
2011-09-12,96281.99519768759
2011-09-13,96281.99519768759
2011-09-14,96281.99519768759
2011-09-15,96281.99519768759
2011-09-16,96281.99519768759
2011-09-19,96281.99519768759
2011-09-20,96281.99519768759
2011-09-21,96281.99519768759
2011-09-22,96281.99519768759
2011-09-23,96281.99519768759
2011-09-26,96281.99519768759
2011-09-27,96281.99519768759
2011-09-28,96281.99519768759
2011-09-29,96281.99519768759
2011-09-30,96281.99519768759
2011-10-03,96281.99519768759
2011-10-04,96281.99519768759
2011-10-05,96281.99519768759
2011-10-06,96281.99519768759
2011-10-07,96281.99519768759
2011-10-10,96281.99519768759
2011-10-11,96281.99519768759
2011-10-12,96281.99519768759
2011-10-13,96281.99519768759
2011-10-14,96281.99519768759
2011-10-17,96281.99519768759
2011-10-18,96281.99519768759
2011-10-19,96281.99519768759
2011-10-20,96281.99519768759
2011-10-21,96281.99519768759
2011-10-24,95697.6386524186
2011-10-25,94462.79311598507
2011-10-26,95161.24545915458
2011-10-27,96823.21367301562
2011-10-28,96080.4679535763
2011-10-31,94882.86174063038
2011-11-01,93174.38944463634
2011-11-02,94426.32582490257
2011-11-03,94762.25005392221
2011-11-04,94833.54808358502
2011-11-07,95400.66892686402
2011-11-08,95729.1460715598
2011-11-09,93190.39043224856
2011-11-10,93628.22889252742
2011-11-11,95082.34848989215
2011-11-14,94699.95149595592
2011-11-15,95120.72433195545
2011-11-16,93939.44847400734
2011-11-17,92726.38684110809
2011-11-18,93215.8661325257
2011-11-21,91743.75114061387
2011-11-22,91559.78935126239
2011-11-23,90906.52659888196
2011-11-25,90773.95706956493
2011-11-28,90773.95706956493
2011-11-29,90773.95706956493
2011-11-30,90773.95706956493
2011-12-01,91112.65346484471
2011-12-02,90635.19078042006
2011-12-05,91363.36054036778
2011-12-06,90987.70377252327
2011-12-07,90570.36815776087
2011-12-08,89623.02952253469
2011-12-09,91140.6260457983
2011-12-12,90755.80331498205
2011-12-13,90173.02547312914
2011-12-14,89067.311246168
2011-12-15,89587.35428465609
2011-12-16,89992.69052301846
2011-12-19,89538.8019286372
2011-12-20,91417.47832508129
2011-12-21,92032.7106854173
2011-12-22,91947.19764453868
2011-12-23,92269.81206963817
2011-12-27,92577.32985590187
2011-12-28,91951.11461551336
2011-12-29,92543.6174484481
2011-12-30,91947.3565310471
2012-01-03,91516.89372910443
2012-01-04,90444.04663533362
2012-01-05,90413.7425296207
2012-01-06,90023.24807453858
2012-01-09,90061.47835273614
2012-01-10,90419.53915116581
2012-01-11,90387.18501841683
2012-01-12,90275.81960475535
2012-01-13,90769.78166137429
2012-01-17,91003.64097358394
2012-01-18,91494.93277900937
2012-01-19,91729.03727912842
2012-01-20,91719.50881691648
2012-01-23,91766.69262501667
2012-01-24,91834.05568562594
2012-01-25,92516.92242430427
2012-01-26,91971.56467583387
2012-01-27,91796.6037382136
2012-01-30,91498.29734529287
2012-01-31,91479.32827974585
2012-02-01,93967.21237402705
2012-02-02,93624.54132350461
2012-02-03,95510.52609686318
2012-02-06,95541.62691314338
2012-02-07,95435.58120724346
2012-02-08,95809.43342698982
2012-02-09,97742.8687364145
2012-02-10,96147.84961273102
2012-02-13,97791.15479301348
2012-02-14,97940.21445032001
2012-02-15,97012.79278574247
2012-02-16,97793.93411635792
2012-02-17,96982.21154425757
2012-02-21,95871.25050830992
2012-02-22,95574.95258357379
2012-02-23,96359.56198104146
2012-02-24,96268.32640524398
2012-02-27,96382.7292211649
2012-02-28,96617.88705332922
2012-02-29,96014.0585600409
2012-03-01,97182.03384217911
2012-03-02,96895.70229835344
2012-03-05,95743.15972968849
2012-03-06,93690.01577107055
2012-03-07,95247.86607908997
2012-03-08,95889.14767942949
2012-03-09,96267.70309879334
2012-03-12,96007.93219407434
2012-03-13,97054.90075745544
2012-03-14,96384.33700617403
2012-03-15,97030.1591244337
2012-03-16,95670.73829113925
2012-03-19,95854.44417254996
2012-03-20,95395.51808816925
2012-03-21,94779.56620459227
2012-03-22,94327.68845637576
2012-03-23,93589.75257799528
2012-03-26,95140.25618483049
2012-03-27,95855.89345743592
2012-03-28,95879.65995982768
2012-03-29,95559.1467248846
2012-03-30,95523.77083487413
2012-04-02,95742.19378246833
2012-04-03,96055.144846906
2012-04-04,95084.36465429603
2012-04-05,95451.10014299281
2012-04-09,93923.59363173481
2012-04-10,91861.65183219817
2012-04-11,92495.58231871137
2012-04-12,93024.61182795116
2012-04-13,93185.90567617095
2012-04-16,92189.98384973784
2012-04-17,93158.15143373936
2012-04-18,93669.61817983241
2012-04-19,92679.10608169853
2012-04-20,93270.53666109237
2012-04-23,92892.79474429811
2012-04-24,92015.788189051
2012-04-25,93555.03084690304
2012-04-26,93993.04364856347
2012-04-27,94441.2839520369
2012-04-30,94078.10269005752
2012-05-01,94501.49151468922
2012-05-02,95136.20946690929
2012-05-03,93632.69318932686
2012-05-04,92206.4199261313
2012-05-07,93154.25730767492
2012-05-08,92071.13064380694
2012-05-09,91296.73163062375
2012-05-10,92779.62566127395
2012-05-11,93228.0425625785
2012-05-14,92305.62194278842
2012-05-15,92133.32240204135
2012-05-16,91700.60831058772
2012-05-17,90355.27064618928
2012-05-18,90102.89021867614
2012-05-21,90268.17202932716
2012-05-22,90324.66876208864
2012-05-23,90153.03080740685
2012-05-24,90158.09945887733
2012-05-25,90158.09945887733
2012-05-29,90158.09945887733
2012-05-30,90158.09945887733
2012-05-31,90158.09945887733
2012-06-01,90158.09945887733
2012-06-04,90158.09945887733
2012-06-05,90158.09945887733
2012-06-06,90158.09945887733
2012-06-07,90158.09945887733
2012-06-08,90158.09945887733
2012-06-11,90158.09945887733
2012-06-12,90158.09945887733
2012-06-13,90158.09945887733
2012-06-14,90158.09945887733
2012-06-15,90158.09945887733
2012-06-18,90158.09945887733
2012-06-19,90158.09945887733
2012-06-20,89827.73226690633
2012-06-21,88621.70814942896
2012-06-22,89019.73548933976
2012-06-25,88048.46809920185
2012-06-26,88385.49162312319
2012-06-27,88685.7770772251
2012-06-28,88563.5653039196
2012-06-29,89005.00878927224
2012-07-02,89300.36956378729
2012-07-03,89668.15264222081
2012-07-05,90188.51213721004
2012-07-06,89798.68113344029
2012-07-09,89599.71828029526
2012-07-10,87869.07814210426
2012-07-11,87141.73223245767
2012-07-12,87481.07136120943
2012-07-13,87833.59211403545
2012-07-16,87845.87892796699
2012-07-17,88448.51328398049
2012-07-18,87506.67031051916
2012-07-19,86590.03736474998
2012-07-20,86825.96094012195
2012-07-23,86432.60233772227
2012-07-24,85400.02276722492
2012-07-25,84575.05867737283
2012-07-26,85032.561257615
2012-07-27,85988.65225172206
2012-07-30,85717.29748006363
2012-07-31,84909.14633040014
2012-08-01,84425.27124794824
2012-08-02,85535.82047560277
2012-08-03,86664.81268988842
2012-08-06,86377.6732430363
2012-08-07,86723.48616743105
2012-08-08,86794.81506228942
2012-08-09,86782.2465601003
2012-08-10,87027.6238764189
2012-08-13,87298.48765819949
2012-08-14,87448.01156038123
2012-08-15,87730.32597995637
2012-08-16,87765.53405084289
2012-08-17,88696.98943305167
2012-08-20,88057.48321656622
2012-08-21,87879.56300667235
2012-08-22,87890.14561942304
2012-08-23,87414.60310295295
2012-08-24,88338.8091800898
2012-08-27,88352.95916365957
2012-08-28,88374.6567371496
2012-08-29,88266.49615719564
2012-08-30,87790.31525959278
2012-08-31,88255.47656834786
2012-09-04,88511.97815878766
2012-09-05,88091.67927713084
2012-09-06,90233.21840189953
2012-09-07,90325.29482684638
2012-09-10,88761.66278537779
2012-09-11,88557.27660817794
2012-09-12,88852.94089736062
2012-09-13,90121.29440616473
2012-09-14,90830.14550011918
2012-09-17,89572.70558132889
2012-09-18,88267.3289989122
2012-09-19,88838.32884962107
2012-09-20,88822.55617997315
2012-09-21,89110.82050439628
2012-09-24,88583.56576714544
2012-09-25,86903.28209640188
2012-09-26,85442.14544415007
2012-09-27,86123.23917527386
2012-09-28,86332.8236570552
2012-10-01,86623.68621652087
2012-10-02,86729.18914213618
2012-10-03,87338.63393255117
2012-10-04,88006.32831597935
2012-10-05,88186.66202029664
2012-10-08,87591.59121373839
2012-10-09,86192.87494747306
2012-10-10,85661.1930448947
2012-10-11,84762.54499407501
2012-10-12,84986.66053411212
2012-10-15,85901.87223594003
2012-10-16,86740.89841578549
2012-10-17,87263.01487591102
2012-10-18,88170.37836558188
2012-10-19,87215.04347396652
2012-10-22,87221.51744202108
2012-10-23,86199.92045961953
2012-10-24,86179.07165290907
2012-10-25,85670.03513622574
2012-10-26,85942.43335892036
2012-10-31,86368.90455800564
2012-11-01,87347.77268436902
2012-11-02,86099.46209066048
2012-11-05,86500.91098594097
2012-11-06,85695.65354488953
2012-11-07,86634.57778304038
2012-11-08,85199.35401879635
2012-11-09,85431.76342596064
2012-11-12,85276.60549578491
2012-11-13,84993.91225219407
2012-11-14,83966.6200536112
2012-11-15,83455.64570004438
2012-11-16,83827.04482202283
2012-11-19,84125.42926150633
2012-11-20,84446.01329347571
2012-11-21,84334.55241905616
2012-11-23,84532.32607470758
2012-11-26,84278.37866547694
2012-11-27,84039.03284905534
2012-11-28,84348.08512833781
2012-11-29,84387.42984410521
2012-11-30,84965.07462715534
2012-12-03,84522.03434580253
2012-12-04,84227.49160469222
2012-12-05,83661.13678821962
2012-12-06,83907.76925718292
2012-12-07,84122.021292855
2012-12-10,83889.40944571885
2012-12-11,84572.97126570562
2012-12-12,84433.17011475735
2012-12-13,84103.9505000353
2012-12-14,84218.07604910327
2012-12-17,85393.61462423
2012-12-18,86506.13775526533
2012-12-19,86095.58685917006
2012-12-20,86830.330485596
2012-12-21,86700.48042425427
2012-12-24,87032.19322545134
2012-12-26,86829.48554733889
2012-12-27,86510.8498710909
2012-12-28,85912.69508505194
2012-12-31,87096.75643505118
2013-01-02,88200.69220304031
2013-01-03,88393.56724294972
2013-01-04,89232.4457233879
2013-01-07,88134.072545077
2013-01-08,88203.76439657406
2013-01-09,88547.36038974072
2013-01-10,89231.58643668874
2013-01-11,89022.5815566508
2013-01-14,88942.32354238219
2013-01-15,89684.93480322388
2013-01-16,89603.34150837267
2013-01-17,90265.77440615774
2013-01-18,90451.39489976242
2013-01-22,91645.20307739182
2013-01-23,91425.40804305661
2013-01-24,92262.1115911859
2013-01-25,94729.6605695803
2013-01-28,93855.07381532445
2013-01-29,94083.84727250622
2013-01-30,94035.66734147682
2013-01-31,94172.82409347057
2013-02-01,94759.28870047277
2013-02-04,93314.6626022776
2013-02-05,94366.01598942815
2013-02-06,94366.57332827926
2013-02-07,94058.3276042628
2013-02-08,94441.42907633621
2013-02-11,94228.9323957744
2013-02-12,94939.60140922363
2013-02-13,95395.18303792503
2013-02-14,95725.97286192486
2013-02-15,96364.45947106623
2013-02-19,97109.45265025311
2013-02-20,93834.90155312682
2013-02-21,92790.23598423097
2013-02-22,93801.85183509102
2013-02-25,92298.41400092647
2013-02-26,93018.04624700855
2013-02-27,94045.41869901879
2013-02-28,94042.0237568375
2013-03-01,94680.62264345176
2013-03-04,95186.36513631455
2013-03-05,95948.26013930416
2013-03-06,95396.48397191278
2013-03-07,94689.57224149701
2013-03-08,95462.39486059202
2013-03-11,95706.21805999069
2013-03-12,95649.07711448916
2013-03-13,95499.65014934889
2013-03-14,96466.11591502778
2013-03-15,96114.01126227225
2013-03-18,95990.33186120106
2013-03-19,95925.15537799704
2013-03-20,96590.60240736973
2013-03-21,95373.3397708918
2013-03-22,96196.85578554025
2013-03-25,96316.96078897027
2013-03-26,97249.41734295047
2013-03-27,96990.7300698005
2013-03-28,97311.53014786249
2013-04-01,96807.04733936311
2013-04-02,96358.32681132575
2013-04-03,94767.55358872145
2013-04-04,94829.66989200708
2013-04-05,94441.93658910513
2013-04-08,95259.81826158742
2013-04-09,95006.9341397795
2013-04-10,96255.67167813034
2013-04-11,96560.793409148
2013-04-12,96488.82352079672
2013-04-15,93916.6138728749
2013-04-16,95523.50433632225
2013-04-17,94632.22287550906
2013-04-18,93444.65867287201
2013-04-19,95137.81448194466
2013-04-22,95545.5028818148
2013-04-23,95763.8208424424
2013-04-24,95408.24603973547
2013-04-25,96661.3007069058
2013-04-26,96112.36164141262
2013-04-29,97530.837021722
2013-04-30,97834.20613506326
2013-05-01,97735.27469435043
2013-05-02,98557.4134621268
2013-05-03,100314.67693770374
2013-05-06,100152.42068893253
2013-05-07,99948.28033983831
2013-05-08,99299.59751449343
2013-05-09,98988.09768521957
2013-05-10,100000.89226948257
2013-05-13,100357.9139845638
2013-05-14,101268.99056049365
2013-05-15,100671.48738630008
2013-05-16,99414.37566945064
2013-05-17,100243.63658970105
2013-05-20,100192.1414063531
2013-05-21,100022.71178904653
2013-05-22,98280.07487191078
2013-05-23,98208.28228319784
2013-05-24,98591.99814369224
2013-05-28,101446.47351940055
2013-05-29,100580.16725267628
2013-05-30,101937.75504766905
2013-05-31,100134.82422937852
2013-06-03,98842.19951917244
2013-06-04,98434.8235334374
2013-06-05,96350.9500263482
2013-06-06,97005.84005247877
2013-06-07,99141.5872212417
2013-06-10,99537.82517980032
2013-06-11,98214.58086163872
2013-06-12,96951.76862883547
2013-06-13,97693.05507059731
2013-06-14,97243.62905429599
2013-06-17,97975.53067362962
2013-06-18,99075.3178147613
2013-06-19,98104.49667650342
2013-06-20,95458.06952982777
2013-06-21,96613.52093833756
2013-06-24,95301.78375898625
2013-06-25,95828.46436079407
2013-06-26,96884.84170125156
2013-06-27,98018.24919757353
2013-06-28,98055.18342413932
2013-07-01,98063.13614935947
2013-07-02,97631.80428934889
2013-07-03,98050.29615016481
2013-07-05,99774.7001443818
2013-07-08,99838.09096784188
2013-07-09,100260.09916722079
2013-07-10,99434.1325045892
2013-07-11,99733.52262101184
2013-07-12,100075.00859823445
2013-07-15,100112.90595268155
2013-07-16,98703.60688944998
2013-07-17,98599.49762301172
2013-07-18,99688.9902158377
2013-07-19,100073.37333641805
2013-07-22,100480.84823643087
2013-07-23,100249.69543543755
2013-07-24,97969.77631822639
2013-07-25,99035.48222812245
2013-07-26,98925.73035586574
2013-07-29,97805.90984741013
2013-07-30,97577.08007628012
2013-07-31,98020.17259386086
2013-08-01,100042.03741190271
2013-08-02,99650.76573579013
2013-08-05,99044.99170390476
2013-08-06,97476.41227104764
2013-08-07,97268.30133008234
2013-08-08,97890.83303196338
2013-08-09,97669.54227112563
2013-08-12,98111.38386480811
2013-08-13,98062.35365671216
2013-08-14,97784.06882106794
2013-08-15,95511.48763947375
2013-08-16,95967.11956333352
2013-08-19,94849.26250273999
2013-08-20,95666.72032055099
2013-08-21,95286.37830588706
2013-08-22,96707.09818070743
2013-08-23,96833.0893632084
2013-08-26,96651.14956234182
2013-08-27,93918.72326464717
2013-08-28,94655.94705432103
2013-08-29,94891.46418253728
2013-08-30,93905.43120143702
2013-09-03,95107.6432289301
2013-09-04,95617.26571129513
2013-09-05,95725.15137550197
2013-09-06,94615.21414940727
2013-09-09,95556.63847278676
2013-09-10,96782.07091336374
2013-09-11,96837.5885000143
2013-09-12,96483.4064830545
2013-09-13,95707.23334450873
2013-09-16,96038.99222993682
2013-09-17,96800.55941304001
2013-09-18,98226.79390876266
2013-09-19,97864.54041655432
2013-09-20,96412.33392775113
2013-09-23,95928.8304792946
2013-09-24,95556.21075847332
2013-09-25,95357.84732040484
2013-09-26,95975.01680536196
2013-09-27,96057.4983750727
2013-09-30,95480.87138857528
2013-10-01,96961.56994563053
2013-10-02,96537.40540591878
2013-10-03,96008.90847704594
2013-10-04,97690.24591290702
2013-10-07,96336.4358516094
2013-10-08,92617.24586530225
2013-10-09,91865.12945908759
2013-10-10,92674.20325875649
2013-10-11,94058.08978465729
2013-10-14,94704.61995411501
2013-10-15,94012.16695253295
2013-10-16,96126.23767774888
2013-10-17,97183.77074386386
2013-10-18,97399.41572767438
2013-10-21,97264.80318972477
2013-10-22,96911.15966539117
2013-10-23,96897.66208714739
2013-10-24,97846.52289284946
2013-10-25,97235.90301642228
2013-10-28,96467.86450349868
2013-10-29,97633.31824679853
2013-10-30,97122.22629421082
2013-10-31,96291.62567527241
2013-11-01,95654.4377288303
2013-11-04,95963.3144733595
2013-11-05,95875.41246915191
2013-11-06,94536.14872684098
2013-11-07,92761.35138311285
2013-11-08,94635.00856400098
2013-11-11,94769.24090482524
2013-11-12,95056.15593175273
2013-11-13,95573.63046718833
2013-11-14,96319.24642023811
2013-11-15,96921.03284057899
2013-11-18,96273.48472043584
2013-11-19,95568.15825064617
2013-11-20,95351.23897493699
2013-11-21,96579.29383965708
2013-11-22,97168.25557129466
2013-11-25,95875.39833212018
2013-11-26,96333.92829851937
2013-11-27,96758.26367759092
2013-11-29,96761.89257617017
2013-12-02,96481.40297348112
2013-12-03,95798.4658269313
2013-12-04,96226.2978041119
2013-12-05,95745.84087509968
2013-12-06,97236.4143752805
2013-12-09,97005.15063735995
2013-12-10,96406.22841477064
2013-12-11,95254.30625191817
2013-12-12,96042.32028129778
2013-12-13,95740.55657156496
2013-12-16,96535.59969347322
2013-12-17,96426.28005501171
2013-12-18,97277.39624461457
2013-12-19,96321.23207188459
2013-12-20,97590.47840670889
2013-12-23,98609.47596135677
2013-12-24,98949.1715277308
2013-12-26,98982.91481212416
2013-12-27,98171.51448027688
2013-12-30,97971.97806266745
2013-12-31,98261.01004356543
2014-01-02,97407.75155850542
2014-01-03,97225.31659449806
2014-01-06,97009.98042840243
2014-01-07,98310.38299453209
2014-01-08,98277.42127207438
2014-01-09,98800.45940543266
2014-01-10,100035.61589949949
2014-01-13,98055.16836861888
2014-01-14,98841.22582058332
2014-01-15,98356.06592627482
2014-01-16,98901.74021915428
2014-01-17,98715.40525981587
2014-01-21,99798.34752953802
2014-01-22,101110.83390815294
2014-01-23,100843.91766946907
2014-01-24,97510.45305560593
2014-01-27,96771.95802836513
2014-01-28,98126.38852109938
2014-01-29,98066.38691439558
2014-01-30,99051.83112813768
2014-01-31,98729.76230351032
2014-02-03,96397.30139358569
2014-02-04,97307.62759432298
2014-02-05,96953.7914601801
2014-02-06,97450.73945065624
2014-02-07,98882.5006097624
2014-02-10,99569.6342082323
2014-02-11,99781.12732087668
2014-02-12,99659.67293243718
2014-02-13,101198.30446227973
2014-02-14,101594.29952443154
2014-02-18,102326.36817838781
2014-02-19,101719.09268859561
2014-02-20,102802.07743509827
2014-02-21,102814.5688158111
2014-02-24,103507.44197409877
2014-02-25,103011.86034225137
2014-02-26,102745.04446807338
2014-02-27,103642.97732079365
2014-02-28,101377.20006093296
2014-03-03,100810.12012435502
2014-03-04,103198.63134324024
2014-03-05,103093.85417161325
2014-03-06,103503.87185657152
2014-03-07,102871.00383708224
2014-03-10,102772.1316981456
2014-03-11,101688.47536510225
2014-03-12,102617.3467271755
2014-03-13,101224.42956819973
2014-03-14,101838.13991206865
2014-03-17,102301.14799127626
2014-03-18,103450.21080687136
2014-03-19,102740.86255194052
2014-03-20,103575.27758494327
2014-03-21,102475.84626841193
2014-03-24,100914.92320315023
2014-03-25,101107.3391895952
2014-03-26,99398.36414140627
2014-03-27,99665.57537663874
2014-03-28,100064.63037382823
2014-03-31,100791.23437633416
2014-04-01,101147.15424755446
2014-04-02,101829.60240796974
2014-04-03,101922.87415565537
2014-04-04,99899.58586876752
2014-04-07,98704.60391102775
2014-04-08,98846.54991135486
2014-04-09,99423.63370774697
2014-04-10,97802.97471497142
2014-04-11,97211.72268511217
2014-04-14,97955.19010084937
2014-04-15,98809.58253295998
2014-04-16,100079.8830509526
2014-04-17,100148.76406676586
2014-04-21,99935.13572987812
2014-04-22,99629.60706279923
2014-04-23,99941.96505562976
2014-04-24,100577.89021499662
2014-04-25,100211.7728702929
2014-04-28,100457.06297675666
2014-04-29,100821.62561506103
2014-04-30,100909.3753328984
2014-05-01,100451.71717557027
2014-05-02,100688.53974817174
2014-05-05,100471.04284628613
2014-05-06,100051.3801526298
2014-05-07,99569.33121916096
2014-05-08,99129.81113263633
2014-05-09,98785.59955822317
2014-05-12,100837.85193458371
2014-05-13,100903.28804295707
2014-05-14,99977.67654099123
2014-05-15,98966.07186774357
2014-05-16,99631.28874083898
2014-05-19,100353.78844247799
2014-05-20,99125.26609089455
2014-05-21,100451.20061553246
2014-05-22,100816.9901173201
2014-05-23,101574.07688053483
2014-05-27,102124.71296248489
2014-05-28,102027.03997999808
2014-05-29,102912.7939865099
2014-05-30,103722.7166827792
2014-06-02,104370.16145039939
2014-06-03,104657.950375933
2014-06-04,105292.48021663896
2014-06-05,105856.42585302606
2014-06-06,106030.31115155057
2014-06-09,106298.87559885281
2014-06-10,106049.07427155443
2014-06-11,105544.00878991788
2014-06-12,104085.3421485078
2014-06-13,105459.68870474878
2014-06-16,106384.12254811329
2014-06-17,107843.54367250449
2014-06-18,108190.78662150206
2014-06-19,108449.840931324
2014-06-20,109118.93244031037
2014-06-23,108580.93231092757
2014-06-24,107558.39766218192
2014-06-25,107735.9943734565
2014-06-26,108425.3253251379
2014-06-27,108689.6940248854
2014-06-30,109431.55152327812
2014-07-01,110582.82554738155
2014-07-02,110344.31505879376
2014-07-03,110911.94162213964
2014-07-07,110029.07953817632
2014-07-08,109653.79912463439
2014-07-09,110340.39435820523
2014-07-10,110141.24550357054
2014-07-11,110015.083435315
2014-07-14,110109.80970813554
2014-07-15,109346.77655343138
2014-07-16,110822.78605922605
2014-07-17,109325.31674461985
2014-07-18,110487.93581185267
2014-07-21,110531.68292820157
2014-07-22,111769.11820040112
2014-07-23,111904.67045180954
2014-07-24,111557.61206514903
2014-07-25,111198.09805479932
2014-07-28,111313.37056063357
2014-07-29,110715.44851911545
2014-07-30,110736.15663765123
2014-07-31,108244.43931265289
2014-08-01,107875.49063546897
2014-08-04,108313.95405010632
2014-08-05,107549.41049777174
2014-08-06,107499.29874352702
2014-08-07,106988.55582173547
2014-08-08,107667.11439106165
2014-08-11,108318.65572190967
2014-08-12,107855.5638441684
2014-08-13,108556.58451850455
2014-08-14,109056.83695362214
2014-08-15,109359.06234144022
2014-08-18,110284.668588507
2014-08-19,110377.84268115717
2014-08-20,110551.67014182544
2014-08-21,111134.12134659069
2014-08-22,111007.57529706944
2014-08-25,111288.81229905381
2014-08-26,110996.98377477561
2014-08-27,111383.61170674545
2014-08-28,111415.08735013413
2014-08-29,112769.4277837811
2014-09-02,114194.85547383116
2014-09-03,114002.58961131111
2014-09-04,113932.57443984898
2014-09-05,114904.08352975106
2014-09-08,114753.4641456243
2014-09-09,113991.32438244644
2014-09-10,114649.25367210596
2014-09-11,114981.40538282285
2014-09-12,114419.71273551437
2014-09-15,113775.38942686075
2014-09-16,114519.32860979311
2014-09-17,115401.70004181759
2014-09-18,116381.9998934683
2014-09-19,115519.05622585499
2014-09-22,114745.72147098245
2014-09-23,113581.544284276
2014-09-24,116256.985315527
2014-09-25,114454.290650255
2014-09-26,115782.38621460632
2014-09-29,115856.47823467164
2014-09-30,114852.34041109573
2014-10-01,111849.19586643857
2014-10-02,111984.41517039022
2014-10-03,113011.48286812799
2014-10-06,111887.95119609099
2014-10-07,109898.94312912934
2014-10-08,111140.34221866033
2014-10-09,109593.73779868518
2014-10-10,108155.9777482477
2014-10-13,107077.92486706888
2014-10-14,107351.08541841216
2014-10-15,106620.86248560758
2014-10-16,106067.89337064727
2014-10-17,106067.89337064727
2014-10-20,106067.89337064727
2014-10-21,106067.89337064727
2014-10-22,106067.89337064727
2014-10-23,106067.89337064727
2014-10-24,106067.89337064727
2014-10-27,106154.73356143391
2014-10-28,106904.13369316306
2014-10-29,106472.77149929584
2014-10-30,107645.15163635049
2014-10-31,108296.4833535817
2014-11-03,107664.41910078585
2014-11-04,107162.63309704517
2014-11-05,107217.92668841397
2014-11-06,107578.45120569116
2014-11-07,107552.50205408013
2014-11-10,108236.20103803134
2014-11-11,108363.4922413352
2014-11-12,108369.50980367456
2014-11-13,109167.13841660682
2014-11-14,109153.08777677041
2014-11-17,109040.78240402628
2014-11-18,108644.98301224677
2014-11-19,107555.17225167189
2014-11-20,108144.9341755596
2014-11-21,108277.8353848747
2014-11-24,109494.32427204704
2014-11-25,108969.55153590273
2014-11-26,109632.82097546871
2014-11-28,110178.22037746251
2014-12-01,108775.03370863048
2014-12-02,109980.34180804156
2014-12-03,110428.83201811934
2014-12-04,110660.20807583694
2014-12-05,111399.77726624164
2014-12-08,111182.81702935885
2014-12-09,111101.74960385739
2014-12-10,109248.95239817069
2014-12-11,109760.90111206085
2014-12-12,108563.43269140601
2014-12-15,107647.73919952204
2014-12-16,105787.61094104634
2014-12-17,107437.07875742059
2014-12-18,108878.3238763941
2014-12-19,109016.18783205198
2014-12-22,109626.0265581745
2014-12-23,110411.37047171134
2014-12-24,110078.51051013943
2014-12-26,109999.62042814419
2014-12-29,110494.99211465365
2014-12-30,109873.98209617405
2014-12-31,108833.73683536181
2015-01-02,108657.85618462812
2015-01-05,107220.28405088156
2015-01-06,106777.13633056653
2015-01-07,108913.33737460244
2015-01-08,110075.69047731222
2015-01-09,110399.7834975643
2015-01-12,111776.64717503084
2015-01-13,111393.15322245166
2015-01-14,112241.85264665811
2015-01-15,111032.86028173962
2015-01-16,113232.13781438678
2015-01-20,112695.80920722008
2015-01-21,111881.89210029977
2015-01-22,113448.28645367252
2015-01-23,113575.4488895712
2015-01-26,115386.87003758115
2015-01-27,115003.30036407581
2015-01-28,113700.69817502704
2015-01-29,114634.17966007612
2015-01-30,112206.19480528095
2015-02-02,112055.60321796012
2015-02-03,112300.87932808425
2015-02-04,113727.09750509853
2015-02-05,114350.46449340953
2015-02-06,114009.04929633599
2015-02-09,113093.42246804299
2015-02-10,115170.59979082632
2015-02-11,115488.84575345276
2015-02-12,116314.82596318678
2015-02-13,117124.46799085148
2015-02-17,117515.9804877794
2015-02-18,117782.27296923783
2015-02-19,117044.77402709427
2015-02-20,117025.6175614132
2015-02-23,117922.17169855804
2015-02-24,117882.77808033924
2015-02-25,117633.47524244306
2015-02-26,118232.19286329717
2015-02-27,117218.45437005699
2015-03-02,119241.97386736929
2015-03-03,118173.91209051284
2015-03-04,117962.11308989843
2015-03-05,118172.00302712346
2015-03-06,116199.65076002246
2015-03-09,116254.49101732697
2015-03-10,115100.66823129679
2015-03-11,115530.01485794055
2015-03-12,116920.79524191073
2015-03-13,117527.44959355524
2015-03-16,120357.80462091748
2015-03-17,121270.193724996
2015-03-18,121352.29807483137
2015-03-19,122573.31398631634
2015-03-20,121888.1697168661
2015-03-23,120951.5906303461
2015-03-24,120452.52944492125
2015-03-25,116938.08208969142
2015-03-26,115370.3297674023
2015-03-27,115505.85044629162
2015-03-30,116830.50309881331
2015-03-31,115676.52398922306
2015-04-01,115333.97075546603
2015-04-02,116066.28331359426
2015-04-06,116814.23479890428
2015-04-07,116056.06648672116
2015-04-08,116691.01482114768
2015-04-09,116636.01075508026
2015-04-10,116783.56017010639
2015-04-13,116241.79182054526
2015-04-14,116117.69840162846
2015-04-15,116044.0427382706
2015-04-16,116105.7402641901
2015-04-17,114874.69035593569
2015-04-20,116524.57497252504
2015-04-21,116488.03484006511
2015-04-22,115713.75730102688
2015-04-23,116460.74056560072
2015-04-24,116268.47765096351
2015-04-27,112961.60514575597
2015-04-28,113121.18635559644
2015-04-29,113014.36541431262
2015-04-30,111974.46734419081
2015-05-01,113453.42748889816
2015-05-04,113018.86592041772
2015-05-05,112066.69703603622
2015-05-06,112228.91141179387
2015-05-07,113101.944684683
2015-05-08,113145.56531533241
2015-05-11,113301.52947341054
2015-05-12,112453.53258859977
2015-05-13,113078.42769705068
2015-05-14,114667.8009505726
2015-05-15,115138.28977156078
2015-05-18,115993.73355053872
2015-05-19,116559.39626572639
2015-05-20,116133.75711539589
2015-05-21,117137.21851505202
2015-05-22,116873.08708074156
2015-05-26,115957.83840837766
2015-05-27,117867.22084137597
2015-05-28,117493.35078469876
2015-05-29,118360.21779626606
2015-06-01,118499.62574871842
2015-06-02,118782.39204621928
2015-06-03,117955.24468802508
2015-06-04,116466.968734207
2015-06-05,118032.74524511947
2015-06-08,116693.61888567549
2015-06-09,116973.48173301172
2015-06-10,117868.82845518984
2015-06-11,118855.09512428788
2015-06-12,118578.4394358912
2015-06-15,118164.15100133017
2015-06-16,121676.65817580541
2015-06-17,121428.80502409193
2015-06-18,122784.09943623564
2015-06-19,123488.21306495833
2015-06-22,124706.12987495701
2015-06-23,124831.21273036304
2015-06-24,124033.69995836064
2015-06-25,124477.7878280502
2015-06-26,124120.75325548006
2015-06-29,121704.0386376647
2015-06-30,122574.83560314056
2015-07-01,123456.14874715247
2015-07-02,122453.36200649751
2015-07-06,122102.92521659161
2015-07-07,122732.07871693818
2015-07-08,121901.81857512124
2015-07-09,122646.86241167325
2015-07-10,123636.66666567857
2015-07-13,124281.70063915677
2015-07-14,125586.48236652499
2015-07-15,123879.89832552052
2015-07-16,127480.04922845973
2015-07-17,127727.7408109143
2015-07-20,126884.80356612385
2015-07-21,127113.49304179146
2015-07-22,128356.8739717199
2015-07-23,126381.03103966825
2015-07-24,126119.66225853139
2015-07-27,123203.72525740198
2015-07-28,123453.74491253031
2015-07-29,124649.19446273182
2015-07-30,125283.88831476934
2015-07-31,125789.26342590555
2015-08-03,126072.01985540483
2015-08-04,126263.15695241548
2015-08-05,125959.02162016301
2015-08-06,125485.41367891231
2015-08-07,124923.46561865813
2015-08-10,125657.06542328458
2015-08-11,126002.64024666992
2015-08-12,125507.82575723394
2015-08-13,126300.4448789795
2015-08-14,126644.2743744203
2015-08-17,128013.01232969348
2015-08-18,128055.0071690891
2015-08-19,126880.66908389654
2015-08-20,124330.33958121919
2015-08-21,122317.52789548591
2015-08-24,121438.9322105631
2015-08-25,121711.77784733307
2015-08-26,121711.77784733307
2015-08-27,121711.77784733307
2015-08-28,121711.77784733307
2015-08-31,121711.77784733307
2015-09-01,121711.77784733307
2015-09-02,121711.77784733307
2015-09-03,121711.77784733307
2015-09-04,121711.77784733307
2015-09-08,121711.77784733307
2015-09-09,121711.77784733307
2015-09-10,121711.77784733307
2015-09-11,121711.77784733307
2015-09-14,121711.77784733307
2015-09-15,121711.77784733307
2015-09-16,121711.77784733307
2015-09-17,121711.77784733307
2015-09-18,121711.77784733307
2015-09-21,121711.77784733307
2015-09-22,121711.77784733307
2015-09-23,121711.77784733307
2015-09-24,121711.77784733307
2015-09-25,121711.77784733307
2015-09-28,121711.77784733307
2015-09-29,121711.77784733307
2015-09-30,121711.77784733307
2015-10-01,121711.77784733307
2015-10-02,121711.77784733307
2015-10-05,121711.77784733307
2015-10-06,121711.77784733307
2015-10-07,121711.77784733307
2015-10-08,121711.77784733307
2015-10-09,121711.77784733307
2015-10-12,121711.77784733307
2015-10-13,121711.77784733307
2015-10-14,121711.77784733307
2015-10-15,121711.77784733307
2015-10-16,121711.77784733307
2015-10-19,121668.863284958
2015-10-20,120825.37852481831
2015-10-21,121083.46675171725
2015-10-22,122904.96679353675
2015-10-23,123863.2972285735
2015-10-26,124031.28805828955
2015-10-27,123280.19338608974
2015-10-28,124353.6653708623
2015-10-29,124202.68812810375
2015-10-30,124028.20900470729
2015-11-02,125110.23267475114
2015-11-03,124834.49665567986
2015-11-04,124249.63933172567
2015-11-05,124554.32388121274
2015-11-06,124513.34814903734
2015-11-09,122366.120778615
2015-11-10,123318.22224153113
2015-11-11,123606.00855083668
2015-11-12,122498.82702929931
2015-11-13,121313.07005705552
2015-11-16,121903.83157202597
2015-11-17,122571.6465303454
2015-11-18,123506.82411819504
2015-11-19,123608.89506328938
2015-11-20,123959.62693970115
2015-11-23,124357.39222705056
2015-11-24,123793.7585404086
2015-11-25,124433.24648578271
2015-11-27,124946.58950843695
2015-11-30,123244.10720416352
2015-12-01,124502.96784645044
2015-12-02,123915.08363671612
2015-12-03,123170.19526332564
2015-12-04,125550.73075436444
2015-12-07,124188.81962916622
2015-12-08,124820.70366743444
2015-12-09,122875.06719971308
2015-12-10,122570.91365426249
2015-12-11,121387.82137519242
2015-12-14,121651.5752311181
2015-12-15,121935.687587569
2015-12-16,123309.51748137845
2015-12-17,122051.44864897641
2015-12-18,120430.8392194689
2015-12-21,121415.5670459411
2015-12-22,121802.65772116586
2015-12-23,122047.7011802191
2015-12-24,122343.03110177841
2015-12-28,122205.45111789959
2015-12-29,122912.09489852964
2015-12-30,122587.33966416442
2015-12-31,121111.97942909737
2016-01-04,119983.99655227069
2016-01-05,121274.08515813269
2016-01-06,121122.09330068366
2016-01-07,119474.85212309836
2016-01-08,119548.92174637142
2016-01-11,119672.16004479385
2016-01-12,119597.71596722983
2016-01-13,119071.77170636925
2016-01-14,119313.87812285498
2016-01-15,118626.78204050437
2016-01-19,118869.29407771872
2016-01-20,118512.24152184387
2016-01-21,118555.33171384549
2016-01-22,119017.04058787937
2016-01-25,119078.59435665453
2016-01-26,119035.50745995485
2016-01-27,118930.85361327228
2016-01-28,119299.98691988878
2016-01-29,119299.98691988878
2016-02-01,119299.98691988878
2016-02-02,119299.98691988878
2016-02-03,119299.98691988878
2016-02-04,119299.98691988878
2016-02-05,119299.98691988878
2016-02-08,119299.98691988878
2016-02-09,119299.98691988878
2016-02-10,119299.98691988878
2016-02-11,119299.98691988878
2016-02-12,119299.98691988878
2016-02-16,119299.98691988878
2016-02-17,119299.98691988878
2016-02-18,119299.98691988878
2016-02-19,119299.98691988878
2016-02-22,119299.98691988878
2016-02-23,119299.98691988878
2016-02-24,119299.98691988878
2016-02-25,119299.98691988878
2016-02-26,119299.98691988878
2016-02-29,119299.98691988878
2016-03-01,119299.98691988878
2016-03-02,119299.98691988878
2016-03-03,119299.98691988878
2016-03-04,118887.52967740975
2016-03-07,119088.45016497333
2016-03-08,118177.31430843718
2016-03-09,119408.49833921109
2016-03-10,119686.25533360754
2016-03-11,120123.88323855324
2016-03-14,119653.39415022018
2016-03-15,120085.99178261877
2016-03-16,120918.27580129472
2016-03-17,122498.8609358278
2016-03-18,121751.15307464682
2016-03-21,121877.07642392328
2016-03-22,121525.409762381
2016-03-23,121180.107826043
2016-03-24,121316.65871061
2016-03-28,121284.99191065632
2016-03-29,123300.248764949
2016-03-30,123409.73503262438
2016-03-31,123245.0065527756
2016-04-01,124573.48157427211
2016-04-04,122532.23471700725
2016-04-05,122616.42070794367
2016-04-06,123051.33229340235
2016-04-07,121783.01913489243
2016-04-08,122536.28805605634
2016-04-11,123234.8642390284
2016-04-12,124063.63879530806
2016-04-13,124930.99165802816
2016-04-14,124069.79565312051
2016-04-15,124668.09187511462
2016-04-18,125426.1687372751
2016-04-19,125127.81508570508
2016-04-20,125100.49948362065
2016-04-21,124444.46876403554
2016-04-22,124337.61592116542
2016-04-25,123462.77415554058
2016-04-26,124592.24285249547
2016-04-27,125389.35696746098
2016-04-28,124005.55464009917
2016-04-29,124694.04155918755
2016-05-02,124471.0515097876
2016-05-03,122267.14609325702
2016-05-04,122122.6959739651
2016-05-05,122655.95218074281
2016-05-06,123189.22000155815
2016-05-09,123186.92327640644
2016-05-10,123944.0499503211
2016-05-11,122790.58166312192
2016-05-12,123375.05183868669
2016-05-13,122585.63266333564
2016-05-16,123731.44785978275
2016-05-17,121542.94006769391
2016-05-18,121019.15718427322
2016-05-19,120910.12573291677
2016-05-20,121887.44327826516
2016-05-23,121172.54197913858
2016-05-24,122544.18711723703
2016-05-25,128055.5070805277
2016-05-26,126862.78514176511
2016-05-27,127691.63598502685
2016-05-31,127154.72768023194
2016-06-01,127701.92288950615
2016-06-02,128430.80752076644
2016-06-03,128694.27362732888
2016-06-06,128986.45091135832
2016-06-07,128963.65756622469
2016-06-08,129962.02847141065
2016-06-09,130607.0853701068
2016-06-10,129367.0022831474
2016-06-13,128380.00871921705
2016-06-14,128850.50986507471
2016-06-15,128823.02204405861
2016-06-16,129437.99939466444
2016-06-17,129589.02303278678
2016-06-20,129870.664416344
2016-06-21,130299.98646701005
2016-06-22,130017.49431714434
2016-06-23,131418.66382983286
2016-06-24,129181.26152779993
2016-06-27,127811.06788690711
2016-06-28,128751.44131795183
2016-06-29,130318.62462217612
2016-06-30,131602.24903001502
2016-07-01,133059.18958341898
2016-07-05,133905.3269505898
2016-07-06,135423.23463293293
2016-07-07,134068.12945152013
2016-07-08,136521.39041223974
2016-07-11,137240.20749942766
2016-07-12,135922.620559384
2016-07-13,137346.6821867482
2016-07-14,137441.8250599906
2016-07-15,137415.21718384707
2016-07-18,138767.9953508937
2016-07-19,138658.42243136844
2016-07-20,137378.38972391843
2016-07-21,137230.8714456645
2016-07-22,137890.64092464477
2016-07-25,137758.83047485517
2016-07-26,139338.60154421572
2016-07-27,139580.41535570796
2016-07-28,140115.40886091575
2016-07-29,140690.19818264147
2016-08-01,140467.19644668276
2016-08-02,139166.70947417716
2016-08-03,139811.62097115946
2016-08-04,139866.50684605003
2016-08-05,141118.64926769584
2016-08-08,141412.07690375342
2016-08-09,140522.0520927353
2016-08-10,139588.60984171822
2016-08-11,140471.07425321912
2016-08-12,139298.83861952325
2016-08-15,140348.0556407876
2016-08-16,139203.53849758717
2016-08-17,139270.34685196442
2016-08-18,139663.45923514795
2016-08-19,139499.03088400982
2016-08-22,139231.96570550062
2016-08-23,140275.93684221705
2016-08-24,139620.94874058157
2016-08-25,140696.66656453194
2016-08-26,140505.01826320135
2016-08-29,141134.99063297856
2016-08-30,141289.2453997608
2016-08-31,140312.5257112301
2016-09-01,140410.40941087814
2016-09-02,141590.39639437344
2016-09-06,142199.7251316548
2016-09-07,142519.9877745913
2016-09-08,141404.97274716015
2016-09-09,138465.55791750012
2016-09-12,139105.79703510948
2016-09-13,137533.74924819308
2016-09-14,138129.4941751024
2016-09-15,140030.21363772856
2016-09-16,140176.45393164142
2016-09-19,139345.3157257424
2016-09-20,139582.79796451173
2016-09-21,140986.19012066806
2016-09-22,141350.09210439585
2016-09-23,139771.6657319079
2016-09-26,138589.62297810102
2016-09-27,138688.51290598506
2016-09-28,136957.75666063512
2016-09-29,135478.92266634438
2016-09-30,136709.49118685207
2016-10-03,136222.35193205895
2016-10-04,135480.46853806666
2016-10-05,136402.21552983238
2016-10-06,136737.91335148062
2016-10-07,135885.60944310256
2016-10-10,136478.9864708417
2016-10-11,134161.37284825023
2016-10-12,133361.71594532832
2016-10-13,132594.83727631337
2016-10-14,132957.04672098573
2016-10-17,132881.49588564795
2016-10-18,133251.52096825955
2016-10-19,134157.93304561538
2016-10-20,133543.41213051905
2016-10-21,133526.90992448345
2016-10-24,134033.15443242472
2016-10-25,133978.8698190234
2016-10-26,133452.99049393597
2016-10-27,132737.048148786
2016-10-28,133061.22166781774
2016-10-31,133154.9853250548
2016-11-01,132525.50254689812
2016-11-02,132545.03477464573
2016-11-03,132691.97570417705
2016-11-04,132536.28592027788
2016-11-07,132657.69915102544
2016-11-08,132714.64000002237
2016-11-09,134518.09519121528
2016-11-10,133039.2728338665
2016-11-11,132862.50076002433
2016-11-14,133280.75968267943
2016-11-15,134748.67849468626
2016-11-16,134533.31601879108
2016-11-17,135001.03297796124
2016-11-18,132165.70252234658
2016-11-21,133109.33024882711
2016-11-22,132918.96667791778
2016-11-23,134630.12434321924
2016-11-25,135239.37103310964
2016-11-28,133242.07009377115
2016-11-29,134525.89779333188
2016-11-30,135226.4830551283
2016-12-01,133575.14307830716
2016-12-02,133203.32858301897
2016-12-05,134219.16362265174
2016-12-06,135875.55846771153
2016-12-07,137154.13297553742
2016-12-08,137262.4070728535
2016-12-09,136285.30455837812
2016-12-12,135232.92446164254
2016-12-13,134325.21316146606
2016-12-14,132762.28876055547
2016-12-15,134413.39037331913
2016-12-16,133065.79359023066
2016-12-19,133291.03141205935
2016-12-20,134653.05456651887
2016-12-21,134598.08001459533
2016-12-22,134280.4925909432
2016-12-23,134573.71429398414
2016-12-27,135274.26396755685
2016-12-28,134293.04624158912
2016-12-29,133827.27338078286
2016-12-30,133481.9109481646
2017-01-03,133683.47843281232
2017-01-04,135205.41121758457
2017-01-05,134046.44852752058
2017-01-06,134062.16446843825
2017-01-09,132690.7568441885
2017-01-10,132819.68555174881
2017-01-11,133509.68307784494
2017-01-12,132753.67708746105
2017-01-13,133475.73036132293
2017-01-17,130671.72355856867
2017-01-18,130971.79759659954
2017-01-19,130426.68017597299
2017-01-20,130859.32661718338
2017-01-23,130678.51834001078
2017-01-24,132900.43184258233
2017-01-25,135202.85580716102
2017-01-26,137757.95244088108
2017-01-27,136758.35273771122
2017-01-30,136197.7489892455
2017-01-31,135084.58221244163
2017-02-01,136901.4987855138
2017-02-02,135919.17893957027
2017-02-03,137130.10795088593
2017-02-06,137912.9796154364
2017-02-07,137847.4144042567
2017-02-08,137981.1455116446
2017-02-09,139927.18061160488
2017-02-10,140591.3531580796
2017-02-13,142097.50319998863
2017-02-14,142001.94237557205
2017-02-15,143107.78090065962
2017-02-16,141692.61681351473
2017-02-17,141539.45241320785
2017-02-21,142955.6866964041
2017-02-22,142881.54928569676
2017-02-23,140422.7914177515
2017-02-24,140405.2588835949
2017-02-27,142660.6721426358
2017-02-28,140772.43695222097
2017-03-01,144283.58245229532
2017-03-02,141890.25786004314
2017-03-03,142886.10312404358
2017-03-06,141644.18387171466
2017-03-07,140780.22976198833
2017-03-08,140525.77572818391
2017-03-09,139589.84399138048
2017-03-10,141381.94238546898
2017-03-13,142446.0460549586
2017-03-14,142214.1619811741
2017-03-15,143794.49342537005
2017-03-16,143958.5776624356
2017-03-17,143708.98439472873
2017-03-20,144045.7937967135
2017-03-21,140699.10356096897
2017-03-22,141850.86103978218
2017-03-23,142039.0543701654
2017-03-24,143079.11648571078
2017-03-27,144113.52841220156
2017-03-28,144793.63936080615
2017-03-29,144594.39426515024
2017-03-30,145030.09042470227
2017-03-31,144665.12534398912
2017-04-03,144269.87118952558
2017-04-04,144985.09250433382
2017-04-05,143390.7680981914
2017-04-06,145299.78267528332
2017-04-07,145573.74144862618
2017-04-10,145692.25827165713
2017-04-11,145869.3741751698
2017-04-12,143677.64044058547
2017-04-13,143206.02209950716
2017-04-17,144249.14127827197
2017-04-18,143553.3412007437
2017-04-19,143839.89718022454
2017-04-20,145205.30369299138
2017-04-21,145146.81750866398
2017-04-24,146249.61227295524
2017-04-25,146443.05131760103
2017-04-26,146845.39353480627
2017-04-27,148141.32094954245
2017-04-28,146920.09240469662
2017-05-01,148219.60497551697
2017-05-02,147630.18037171048
2017-05-03,147614.9525817893
2017-05-04,147871.41656809396
2017-05-05,149332.39931291924
2017-05-08,148006.61389234115
2017-05-09,148830.33938599264
2017-05-10,148618.99658967598
2017-05-11,148278.60157659033
2017-05-12,148561.6328028906
2017-05-15,149615.53897767732
2017-05-16,149447.15189991315
2017-05-17,143644.6595918888
2017-05-18,144135.68500770073
2017-05-19,144767.6481289375
2017-05-22,149208.37392412423
2017-05-23,148239.61580356635
2017-05-24,149599.85306029613
2017-05-25,151144.12290133178
2017-05-26,151422.33426377422
2017-05-30,151578.3823080274
2017-05-31,151651.20551488147
2017-06-01,152732.18500236687
2017-06-02,153484.12237994652
2017-06-05,153090.70871423837
2017-06-06,154443.9765743165
2017-06-07,155316.17248228122
2017-06-08,156269.47043941912
2017-06-09,153869.29012682036
2017-06-12,152136.36499258672
2017-06-13,154240.4566133153
2017-06-14,155292.0097609671
2017-06-15,155848.64857522355
2017-06-16,156715.48520711742
2017-06-19,156478.5552736721
2017-06-20,156325.62012711982
2017-06-21,156493.3467355281
2017-06-22,156807.2656433017
2017-06-23,157037.1483627128
2017-06-26,156996.30722220973
2017-06-27,153732.64195259134
2017-06-28,154354.83602892823
2017-06-29,153900.15386015712
2017-06-30,154603.8034613032
2017-07-03,154712.49295705173
2017-07-05,154888.6677446509
2017-07-06,153422.96709396466
2017-07-07,155049.06044957944
2017-07-10,155704.98859357784
2017-07-11,155711.65064640273
2017-07-12,157335.11860393884
2017-07-13,157475.6223572787
2017-07-14,157487.15114002043
2017-07-17,157415.75372439547
2017-07-18,158765.3440632656
2017-07-19,158684.91338261752
2017-07-20,158287.3079460419
2017-07-21,157956.42354252015
2017-07-24,158704.26797359128
2017-07-25,157328.33657469024
2017-07-26,157833.51704878424
2017-07-27,155323.12114632048
2017-07-28,155195.38519209405
2017-07-31,153367.00374175905
2017-08-01,153823.04076895668
2017-08-02,152631.44112303972
2017-08-03,154354.53242696673
2017-08-04,153731.5669586285
2017-08-07,155277.0411639068
2017-08-08,154696.06559757653
2017-08-09,154493.9909785949
2017-08-10,150638.27306622532
2017-08-11,150897.383852916
2017-08-14,152590.1737427361
2017-08-15,153560.446073561
2017-08-16,154213.92608469294
2017-08-17,151372.36117805511
2017-08-18,151375.58281087564
2017-08-21,152037.5567123553
2017-08-22,152663.7091379362
2017-08-23,152488.87864789457
2017-08-24,152394.73828087683
2017-08-25,152599.87777171272
2017-08-28,151949.31079527276
2017-08-29,151374.4945804554
2017-08-30,152269.8514008361
2017-08-31,154185.4155030455
2017-09-01,154238.23098294815
2017-09-05,153465.66362624615
2017-09-06,152721.10286583976
2017-09-07,151191.76067980105
2017-09-08,151154.26096087333
2017-09-11,152722.0458934928
2017-09-12,152351.9824441647
2017-09-13,151127.3908923604
2017-09-14,150854.8965740258
2017-09-15,150985.7889072575
2017-09-18,152228.47451117283
2017-09-19,151378.93979692552
2017-09-20,151921.93602222222
2017-09-21,150761.5880687041
2017-09-22,151011.98017525923
2017-09-25,148431.05723682357
2017-09-26,146887.57685878148
2017-09-27,148585.17012826278
2017-09-28,149091.09676178044
2017-09-29,150235.2784903579
2017-10-02,152354.75954878452
2017-10-03,152461.45676488278
2017-10-04,152619.06694011184
2017-10-05,153447.86033235904
2017-10-06,153318.1838698781
2017-10-09,152216.42516959776
2017-10-10,151270.36168773763
2017-10-11,153419.28113294762
2017-10-12,153924.47911311145
2017-10-13,153545.27578893022
2017-10-16,153042.81660168583
2017-10-17,152762.47657827768
2017-10-18,153477.70687351772
2017-10-19,153112.74461184052
2017-10-20,158184.01348027887
2017-10-23,157392.3947894613
2017-10-24,158632.38597948456
2017-10-25,156695.89965785117
2017-10-26,157288.4552999689
2017-10-27,158937.26646377635
2017-10-30,159891.63035113006
2017-10-31,160721.65286128462
2017-11-01,159162.87950415097
2017-11-02,158022.1843474969
2017-11-03,159494.09655073777
2017-11-06,160892.20505306375
2017-11-07,160498.28142724806
2017-11-08,161972.08559101267
2017-11-09,161570.85041299197
2017-11-10,162028.76058781944
2017-11-13,161543.5667569064
2017-11-14,162237.45249059104
2017-11-15,161765.20305952174
2017-11-16,164530.36109703494
2017-11-17,166214.41381335474
2017-11-20,168083.98449514297
2017-11-21,169626.02692851127
2017-11-22,168685.12794650797
2017-11-24,168952.7053479884
2017-11-27,168747.16453275335
2017-11-28,170025.00946501363
2017-11-29,164336.27049917582
2017-11-30,165631.15769003506
2017-12-01,164746.67307289902
2017-12-04,163808.19057267642
2017-12-05,164316.42135917323
2017-12-06,163133.48081516472
2017-12-07,165598.12001670944
2017-12-08,167284.5997476986
2017-12-11,167973.73777275908
2017-12-12,168369.20879598084
2017-12-13,169712.42055751692
2017-12-14,167131.64349122235
2017-12-15,167851.85199680005
2017-12-18,170516.70810953132
2017-12-19,169833.38651668915
2017-12-20,169934.95350348877
2017-12-21,170737.77289765206
2017-12-22,170834.33849475524
2017-12-26,172306.48961684748
2017-12-27,172888.8886087713
2017-12-28,173009.4567557725
2017-12-29,171621.2560333906
2018-01-02,172840.6700409348
2018-01-03,173001.95022526916
2018-01-04,173047.36614716914
2018-01-05,173318.69998636973
2018-01-08,174254.5260780817
2018-01-09,173485.62660613068
2018-01-10,172202.6023047336
2018-01-11,175291.60077120984
2018-01-12,176247.63394923275
2018-01-16,173526.47595946997
2018-01-17,176014.6991074339
2018-01-18,175998.86385777435
2018-01-19,177294.9253570567
2018-01-22,178311.37465453157
2018-01-23,179031.03815846384
2018-01-24,177127.26901376562
2018-01-25,176831.33424085734
2018-01-26,181685.73437744955
2018-01-29,180975.93952511426
2018-01-30,176499.3176807944
2018-01-31,177008.468134352
2018-02-01,177624.95825971436
2018-02-02,172955.93528471765
2018-02-05,166808.41118012072
2018-02-06,165392.0012033218
2018-02-07,165886.41345335275
2018-02-08,157530.63444193904
2018-02-09,160513.99684644016
2018-02-12,161487.63499993776
2018-02-13,163339.49626120928
2018-02-14,165637.8852461807
2018-02-15,167196.51079478173
2018-02-16,163473.32098589442
2018-02-20,163029.00709157228
2018-02-21,162509.81298357577
2018-02-22,161595.68572004285
2018-02-23,164177.13434632722
2018-02-26,165406.24560204978
2018-02-27,163387.87830318374
2018-02-28,162437.5231699666
2018-03-01,160722.91155960312
2018-03-02,165063.75323822966
2018-03-05,167004.22034267036
2018-03-06,169313.06536755586
2018-03-07,171294.26958647266
2018-03-08,171568.00991246328
2018-03-09,175166.75885449757
2018-03-12,177070.56955542197
2018-03-13,176500.69471536222
2018-03-14,179539.3480468468
2018-03-15,179255.58876114455
2018-03-16,179013.10331117405
2018-03-19,176761.2764347499
2018-03-20,180181.3473833515
2018-03-21,179390.47678233925
2018-03-22,176154.11633438763
2018-03-23,171387.89711383733
2018-03-26,174501.61162198725
2018-03-27,172849.16016386834
2018-03-28,171723.90826458985
2018-03-29,172153.50544062292
2018-04-02,171829.27556544723
2018-04-03,172027.27996242774
2018-04-04,172019.8512874282
2018-04-05,172227.7593687846
2018-04-06,171990.15360615862
2018-04-09,171797.1016591778
2018-04-10,172299.53099382913
2018-04-11,172378.72764700276
2018-04-12,172435.65529390637
2018-04-13,172510.57746730593
2018-04-16,172510.57746730593
2018-04-17,172510.57746730593
2018-04-18,171601.03099988672
2018-04-19,170345.5248625642
2018-04-20,169383.8171211941
2018-04-23,168815.66488841726
2018-04-24,166358.7791559124
2018-04-25,166092.1597190256
2018-04-26,167584.52672705494
2018-04-27,167936.7586689418
2018-04-30,167404.06327140587
2018-05-01,167889.77647693755
2018-05-02,167324.49073047948
2018-05-03,167619.55382107286
2018-05-04,168239.84932444547
2018-05-07,168965.1809964042
2018-05-08,169177.94095221086
2018-05-09,169084.41017995225
2018-05-10,170111.18606833328
2018-05-11,171277.5812715239
2018-05-14,170473.17654580955
2018-05-15,169972.2479108044
2018-05-16,170878.81981175422
2018-05-17,172743.53007384457
2018-05-18,174274.40856803439
2018-05-21,176892.87576174585
2018-05-22,174740.07788778894
2018-05-23,174448.15414464852
2018-05-24,175921.72233888326
2018-05-25,175724.1509447802
2018-05-29,176668.4592270201
2018-05-30,178811.53655463667
2018-05-31,178515.44686896197
2018-06-01,181566.50104973558
2018-06-04,182948.41642280796
2018-06-05,184124.83390419988
2018-06-06,183948.6472008277
2018-06-07,180900.48589403235
2018-06-08,184083.85344157869
2018-06-11,184139.5506105519
2018-06-12,185129.25366905163
2018-06-13,184784.34365941037
2018-06-14,185455.11742209
2018-06-15,186966.7378938604
2018-06-18,189244.86316507883
2018-06-19,186153.9724604322
2018-06-20,186035.06876182221
2018-06-21,180722.00962029296
2018-06-22,180571.69153402644
2018-06-25,176660.03408079658
2018-06-26,178638.93583362206
2018-06-27,175893.25505386383
2018-06-28,177687.33746527508
2018-06-29,176348.7863687672
2018-07-02,178492.9404859692
2018-07-03,177449.11034430648
2018-07-05,178082.446803466
2018-07-06,178270.77009741648
2018-07-09,177849.50387634625
2018-07-10,178737.43013719638
2018-07-11,179469.57537196184
2018-07-12,181534.4906242608
2018-07-13,182046.60942660322
2018-07-16,181412.03726695204
2018-07-17,182249.76937587815
2018-07-18,181596.5645104936
2018-07-19,181764.23559512163
2018-07-20,182842.88136524142
2018-07-23,182940.2384521392
2018-07-24,180011.53789874967
2018-07-25,182226.16234481867
2018-07-26,181742.4983987519
2018-07-27,178487.3116530668
2018-07-30,175064.00099363687
2018-07-31,174980.21428494793
2018-08-01,174563.90475446414
2018-08-02,176129.25304038546
2018-08-03,175506.12169980453
2018-08-06,176600.36708135263
2018-08-07,178036.56941292394
2018-08-08,177943.33120266418
2018-08-09,177357.2025484596
2018-08-10,176775.42314605034
2018-08-13,176585.462408928
2018-08-14,179003.94054582942
2018-08-15,175428.1547624783
2018-08-16,176095.71297918
2018-08-17,176668.11626258402
2018-08-20,177795.28465319148
2018-08-21,179524.44636979996
2018-08-22,180326.71934216094
2018-08-23,181981.99798110628
2018-08-24,184633.38737805176
2018-08-27,186140.6999829297
2018-08-28,185848.4090917984
2018-08-29,186336.69581243306
2018-08-30,185697.60892436362
2018-08-31,189368.99854085903
2018-09-04,190433.38267305706
2018-09-05,188140.32867476743
2018-09-06,187830.39397977493
2018-09-07,187307.86423664045
2018-09-10,187413.2806639561
2018-09-11,187848.700146357
2018-09-12,187960.37370132515
2018-09-13,186515.129355959
2018-09-14,187710.7829200169
2018-09-17,184893.94122576294
2018-09-18,187306.77171497265
2018-09-19,184364.4422257176
2018-09-20,183944.2364324771
2018-09-21,184113.59866723395
2018-09-24,185318.5047970448
2018-09-25,186694.0280856888
2018-09-26,185429.9485327428
2018-09-27,186045.33752373327
2018-09-28,185142.79307736814
2018-10-01,185911.1790002109
2018-10-02,182230.52300170698
2018-10-03,182452.53120965525
2018-10-04,178772.06464094218
2018-10-05,177537.19999813932
2018-10-08,176915.62713505203
2018-10-09,176884.52481355972
2018-10-10,172047.11241353958
2018-10-11,170189.29835092393
2018-10-12,170810.6433869765
2018-10-15,170864.23679929803
2018-10-16,171373.4108797686
2018-10-17,171578.0501264678
2018-10-18,171465.98547345414
2018-10-19,171690.1190303123
2018-10-22,171831.423023149
2018-10-23,172077.47173832037
2018-10-24,172294.3087440691
2018-10-25,172050.68300246738
2018-10-26,171787.93366141207
2018-10-29,171787.93366141207
2018-10-30,171787.93366141207
2018-10-31,171787.93366141207
2018-11-01,171787.93366141207
2018-11-02,171787.93366141207
2018-11-05,171787.93366141207
2018-11-06,171787.93366141207
2018-11-07,171787.93366141207
2018-11-08,170262.32401775732
2018-11-09,170158.79165073368
2018-11-12,165683.9951414484
2018-11-13,165333.2754429225
2018-11-14,163816.72636354784
2018-11-15,164142.76063089605
2018-11-16,164967.75865107196
2018-11-19,164628.9832901504
2018-11-20,163392.56150503596
2018-11-21,163595.0535408888
2018-11-23,164043.05865346198
2018-11-26,163678.51837251525
2018-11-27,164233.32692158798
2018-11-28,165190.24371925273
2018-11-29,165507.85350612187
2018-11-30,165988.13066745445
2018-12-03,165988.13066745445
2018-12-04,165988.13066745445
2018-12-06,165988.13066745445
2018-12-07,165988.13066745445
2018-12-10,165988.13066745445
2018-12-11,165988.13066745445
2018-12-12,165988.13066745445
2018-12-13,165988.13066745445
2018-12-14,165988.13066745445
2018-12-17,165988.13066745445
2018-12-18,165988.13066745445
2018-12-19,165988.13066745445
2018-12-20,165988.13066745445
2018-12-21,165988.13066745445
2018-12-24,165988.13066745445
2018-12-26,165988.13066745445
2018-12-27,165988.13066745445
2018-12-28,165988.13066745445
2018-12-31,165988.13066745445
2019-01-02,165988.13066745445
2019-01-03,165988.13066745445
2019-01-04,165988.13066745445
2019-01-07,165988.13066745445
2019-01-08,165988.13066745445
2019-01-09,165988.13066745445
2019-01-10,165988.13066745445
2019-01-11,165988.13066745445
2019-01-14,165988.13066745445
2019-01-15,165988.13066745445
2019-01-16,165988.13066745445
2019-01-17,165988.13066745445
2019-01-18,165988.13066745445
2019-01-22,165988.13066745445
2019-01-23,165988.13066745445
2019-01-24,165988.13066745445
2019-01-25,165988.13066745445
2019-01-28,165988.13066745445
2019-01-29,165988.13066745445
2019-01-30,165988.13066745445
2019-01-31,165988.13066745445
2019-02-01,167226.8883872793
2019-02-04,168535.60414759474
2019-02-05,169522.95271115736
2019-02-06,169505.09307977962
2019-02-07,168405.2391597541
2019-02-08,170188.9519879752
2019-02-11,170318.32315758552
2019-02-12,171781.84930861313
2019-02-13,170052.79659601473
2019-02-14,170088.91140489452
2019-02-15,170811.09060036493
2019-02-19,171199.85423033402
2019-02-20,170774.49619344002
2019-02-21,170927.5212804466
2019-02-22,173020.57845161267
2019-02-25,172922.24906130365
2019-02-26,173376.17783516573
2019-02-27,177354.03031658978
2019-02-28,177565.3147854692
2019-03-01,178861.70235310186
2019-03-04,178400.74917428914
2019-03-05,179555.62632224886
2019-03-06,176008.82792157543
2019-03-07,174278.11459509237
2019-03-08,172856.07576609484
2019-03-11,176270.11227895695
2019-03-12,177082.34977644426
2019-03-13,178001.33425568408
2019-03-14,178554.23088015744
2019-03-15,178863.45751257002
2019-03-18,179140.8061828788
2019-03-19,178906.63124322155
2019-03-20,179362.3143047459
2019-03-21,182879.04681690797
2019-03-22,179627.14839344632
2019-03-25,180161.9884254784
2019-03-26,181545.30444133945
2019-03-27,180623.7712001705
2019-03-28,179742.65438197102
2019-03-29,180667.29779640128
2019-04-01,180426.82804527014
2019-04-02,181461.72360983863
2019-04-03,181282.5448311108
2019-04-04,179060.11835443648
2019-04-05,180253.29951259252
2019-04-08,179866.83663570706
2019-04-09,179318.97078688536
2019-04-10,180688.6342464842
2019-04-11,181283.93758620205
2019-04-12,182483.5725467542
2019-04-15,182505.33404146048
2019-04-16,181540.30975655717
2019-04-17,181922.62279871554
2019-04-18,181838.8555589211
2019-04-22,181974.08949726657
2019-04-23,183986.27388615668
2019-04-24,185460.88168985755
2019-04-25,184791.70288179955
2019-04-26,185584.13979883248
2019-04-29,185511.26632535507
2019-04-30,186250.76553085656
2019-05-01,184345.66209338384
2019-05-02,185810.63693015938
2019-05-03,185629.25286708865
2019-05-06,184149.60460209372
2019-05-07,180742.5985146962
2019-05-08,179080.6799662181
2019-05-09,180223.80249838895
2019-05-10,182590.09391216666
2019-05-13,175314.93187808833
2019-05-14,175972.25801035526
2019-05-15,177568.27213798717
2019-05-16,179922.07485617587
2019-05-17,179550.31820349916
2019-05-20,178505.6834891449
2019-05-21,178993.9260966853
2019-05-22,179537.85042066211
2019-05-23,179018.07450222623
2019-05-24,180024.7173442603
2019-05-28,179147.51088771416
2019-05-29,177114.18906805816
2019-05-30,178241.26415958424
2019-05-31,179764.8933184091
2019-06-03,178422.2315600764
2019-06-04,181493.44585219206
2019-06-05,185628.91920456718
2019-06-06,187611.6828374511
2019-06-07,190132.19951909428
2019-06-10,191299.2771623944
2019-06-11,189991.7788346617
2019-06-12,192979.0231946073
2019-06-13,192929.551806397
2019-06-14,191483.61855855255
2019-06-17,191979.5122820277
2019-06-18,193443.47736915477
2019-06-19,195904.77469592015
2019-06-20,196251.43786965785
2019-06-21,193654.55560621864
2019-06-24,189980.5083781249
2019-06-25,187339.946597808
2019-06-26,186629.34191909622
2019-06-27,188288.9417088016
2019-06-28,189983.39303403223
2019-07-01,190892.01227157074
2019-07-02,191382.47658474947
2019-07-03,193483.2731030356
2019-07-05,192280.02251488707
2019-07-08,190547.5410405616
2019-07-09,190094.6741107646
2019-07-10,190329.83328264882
2019-07-11,190607.43292647242
2019-07-12,191283.06175052043
2019-07-15,190579.29460061906
2019-07-16,188816.64343321449
2019-07-17,188485.7685974299
2019-07-18,189074.94998354051
2019-07-19,186922.03177746793
2019-07-22,188491.91193869145
2019-07-23,188616.37179396197
2019-07-24,190962.46883004426
2019-07-25,190429.23816228658
2019-07-26,191783.58342429006
2019-07-29,191052.64739424534
2019-07-30,190753.5471847406
2019-07-31,194321.77317512638
2019-08-01,192151.06827712618
2019-08-02,188912.76444905298
2019-08-05,181683.7386337745
2019-08-06,184381.08482928452
2019-08-07,185792.86201692247
2019-08-08,187338.7059420115
2019-08-09,188012.50915148683
2019-08-12,187389.25344574315
2019-08-13,189450.13272605566
2019-08-14,182968.60978258264
2019-08-15,184259.00921677658
2019-08-16,188568.96248222952
2019-08-19,191030.22642706797
2019-08-20,190805.2546737088
2019-08-21,193939.03850368853
2019-08-22,192908.6087625819
2019-08-23,189167.4646534663
2019-08-26,191647.43146743035
2019-08-27,191986.20278281366
2019-08-28,191391.17941478692
2019-08-29,193920.8375533447
2019-08-30,193608.34439644782
2019-09-03,192973.8717677052
2019-09-04,194307.62887774635
2019-09-05,194701.712828586
2019-09-06,194620.63597521264
2019-09-09,189563.22955843838
2019-09-10,184466.64113999097
2019-09-11,185192.48797824475
2019-09-12,185670.99445183296
2019-09-13,184570.57158484808
2019-09-16,183278.36537508143
2019-09-17,183866.03124735242
2019-09-18,183489.79072281494
2019-09-19,182160.70913672145
2019-09-20,181029.53661409987
2019-09-23,181523.67650948314
2019-09-24,180439.9118721566
2019-09-25,182266.28140534952
2019-09-26,181298.90636489936
2019-09-27,178558.47302286848
2019-09-30,179288.25982386223
2019-10-01,176912.33279739053
2019-10-02,175216.067931261
2019-10-03,175370.02339710612
2019-10-04,176230.54414246755
2019-10-07,176543.82156298048
2019-10-08,173818.23758124447
2019-10-09,174729.82600066185
2019-10-10,175415.82755919461
2019-10-11,174635.2701057378
2019-10-14,174737.2954378745
2019-10-15,176108.11264433444
2019-10-16,176496.21839561051
2019-10-17,177354.66933157496
2019-10-18,177414.961693303
2019-10-21,177768.9346905195
2019-10-22,176917.88905229358
2019-10-23,177528.6731546213
2019-10-24,179982.56694507023
2019-10-25,180185.68723877048
2019-10-28,181584.943361036
2019-10-29,181914.63837192868
2019-10-30,181750.31979316426
2019-10-31,181908.32377044088
2019-11-01,182215.18482790532
2019-11-04,181756.65919135325
2019-11-05,181398.95657188166
2019-11-06,181309.35793979143
2019-11-07,180815.8850877153
2019-11-08,181518.89997668675
2019-11-11,183504.18799701857
2019-11-12,182926.13663413466
2019-11-13,181887.8452431029
2019-11-14,181735.56459221372
2019-11-15,182434.44576156375
2019-11-18,183867.95577702264
2019-11-19,182708.18227059496
2019-11-20,183563.7141293934
2019-11-21,183212.54693543914
2019-11-22,182229.45195821385
2019-11-25,183382.8531128369
2019-11-26,185564.7945678658
2019-11-27,186288.2596434589
2019-11-29,184662.42349821894
2019-12-02,183486.1026250014
2019-12-03,184058.6711726541
2019-12-04,184377.65309821971
2019-12-05,187653.86400898703
2019-12-06,190804.09509800994
2019-12-09,189372.55534838804
2019-12-10,189225.62863736425
2019-12-11,188660.81604101928
2019-12-12,188071.86601841604
2019-12-13,187015.2779229334
2019-12-16,188909.64864327142
2019-12-17,189138.38335509552
2019-12-18,189520.00904151518
2019-12-19,192206.86441547106
2019-12-20,192833.95757258267
2019-12-23,192597.65931401483
2019-12-24,193687.6226674726
2019-12-26,195462.78228196988
2019-12-27,195689.71871570795
2019-12-30,193962.29503920223
2019-12-31,194390.44347829747
2020-01-02,195753.86805142515
2020-01-03,195261.87867391313
2020-01-06,194697.70238820824
2020-01-07,196119.3569823701
2020-01-08,198907.10643630175
2020-01-09,200500.39827830414
2020-01-10,199023.1348541473
2020-01-13,199419.35970539582
2020-01-14,198528.62511732447
2020-01-15,198599.51240011383
2020-01-16,200805.23337556707
2020-01-17,201453.17913253835
2020-01-21,202048.59314151146
2020-01-22,203367.02036913874
2020-01-23,203811.2069427538
2020-01-24,200661.65706089663
2020-01-27,196287.97932226633
2020-01-28,199945.7756523341
2020-01-29,200940.52643829724
2020-01-30,200797.14400426022
2020-01-31,196353.85219615552
2020-02-03,202320.98254326018
2020-02-04,207478.7829223307
2020-02-05,202813.08453750686
2020-02-06,201216.01162746537
2020-02-07,203364.7772227039
2020-02-10,205210.78971357463
2020-02-11,205832.73198080878
2020-02-12,207201.7763534453
2020-02-13,207978.83063896096
2020-02-14,209957.5244979607
2020-02-18,212005.35192775042
2020-02-19,213549.47459404342
2020-02-20,213666.61458572902
2020-02-21,210051.46051018726
2020-02-24,201531.16091180153
2020-02-25,195580.7455691601
2020-02-26,194784.53714806514
2020-02-27,192647.62243813317
2020-02-28,191817.7591010366
2020-03-02,191817.7591010366
2020-03-03,191817.7591010366
2020-03-04,191817.7591010366
2020-03-05,191817.7591010366
2020-03-06,191817.7591010366
2020-03-09,191817.7591010366
2020-03-10,191817.7591010366
2020-03-11,191817.7591010366
2020-03-12,191817.7591010366
2020-03-13,191817.7591010366
2020-03-16,191817.7591010366
2020-03-17,191817.7591010366
2020-03-18,191817.7591010366
2020-03-19,191817.7591010366
2020-03-20,191817.7591010366
2020-03-23,191817.7591010366
2020-03-24,191817.7591010366
2020-03-25,191817.7591010366
2020-03-26,191817.7591010366
2020-03-27,191817.7591010366
2020-03-30,191817.7591010366
2020-03-31,191817.7591010366
2020-04-01,191817.7591010366
2020-04-02,191817.7591010366
2020-04-03,191817.7591010366
2020-04-06,191817.7591010366
2020-04-07,191817.7591010366
2020-04-08,191817.7591010366
2020-04-09,191817.7591010366
2020-04-13,191817.7591010366
2020-04-14,191817.7591010366
2020-04-15,191817.7591010366
2020-04-16,191817.7591010366
2020-04-17,191817.7591010366
2020-04-20,191817.7591010366
2020-04-21,191817.7591010366
2020-04-22,191817.7591010366
2020-04-23,191817.7591010366
2020-04-24,191817.7591010366
2020-04-27,191817.7591010366
2020-04-28,191817.7591010366
2020-04-29,191817.7591010366
2020-04-30,191817.7591010366
2020-05-01,191817.7591010366
2020-05-04,191817.7591010366
2020-05-05,191817.7591010366
2020-05-06,191817.7591010366
2020-05-07,191817.7591010366
2020-05-08,191817.7591010366
2020-05-11,191817.7591010366
2020-05-12,191817.7591010366
2020-05-13,191817.7591010366
2020-05-14,191817.7591010366
2020-05-15,191817.7591010366
2020-05-18,191817.7591010366
2020-05-19,191817.7591010366
2020-05-20,191817.7591010366
2020-05-21,191304.9055663491
2020-05-22,194537.37393978503
2020-05-26,191230.90883675095
2020-05-27,189891.14873259308
2020-05-28,188643.58891266433
2020-05-29,190374.53082511667
2020-06-01,193799.67464369477
2020-06-02,196866.55438975812
2020-06-03,199127.348599718
2020-06-04,194050.61470470933
2020-06-05,192290.2329660669
2020-06-08,190273.4964181568
2020-06-09,189406.04758082505
2020-06-10,190522.27325917027
2020-06-11,182488.14400392037
2020-06-12,185201.7981511451
2020-06-15,187950.53688906028
2020-06-16,187399.39724434764
2020-06-17,185751.48036927765
2020-06-18,188532.24214033963
2020-06-19,188386.96575163153
2020-06-22,191706.89880126147
2020-06-23,190974.69061486426
2020-06-24,187179.41562261575
2020-06-25,189690.48689998192
2020-06-26,188254.14137926043
2020-06-29,188165.18799174184
2020-06-30,190395.79360326612
2020-07-01,195174.55996211118
2020-07-02,199629.89607455788
2020-07-06,205464.70660455147
2020-07-07,207073.43498813495
2020-07-08,210887.5593388757
2020-07-09,212488.75888901553
2020-07-10,214767.45578498844
2020-07-13,206948.06230203086
2020-07-14,209898.01423366176
2020-07-15,210572.5130186095
2020-07-16,210663.4966756441
2020-07-17,210769.15685761123
2020-07-20,218206.47706193867
2020-07-21,214398.86902401652
2020-07-22,216630.79243307575
2020-07-23,211221.16037532833
2020-07-24,216042.5267074713
2020-07-27,218447.31050048824
2020-07-28,216945.25124966903
2020-07-29,218779.64972019123
2020-07-30,214952.78926452293
2020-07-31,216165.2818166511
2020-08-03,220051.38565582945
2020-08-04,221119.431154617
2020-08-05,224806.7145038424
2020-08-06,221554.999609063
2020-08-07,219917.21680797832
2020-08-10,216731.52332525788
2020-08-11,211698.9142720757
2020-08-12,215534.2641982402
2020-08-13,214815.29533941238
2020-08-14,214842.9292975322
2020-08-17,217214.6528567215
2020-08-18,218038.49323683308
2020-08-19,216744.53071086342
2020-08-20,213743.48761339934
2020-08-21,214149.2638579247
2020-08-24,214698.80295033933
2020-08-25,215038.70480624173
2020-08-26,216162.8864727188
2020-08-27,213945.45540121364
2020-08-28,215755.43622678114
2020-08-31,218764.83483735574
2020-09-01,234511.7186360918
2020-09-02,230737.52938541686
2020-09-03,214148.83458166505
2020-09-04,213173.36904979032
2020-09-08,208884.3230412164
2020-09-09,212389.37074930975
2020-09-10,209851.11411814054
2020-09-11,209156.31140960287
2020-09-14,210651.09377167528
2020-09-15,208913.68830960916
2020-09-16,210909.92186145324
2020-09-17,211682.03318835347
2020-09-18,210755.46066608175
2020-09-21,204322.9103480418
2020-09-22,206581.18137064984
2020-09-23,199835.668399097
2020-09-24,196807.4361786414
2020-09-25,200894.58189829186
2020-09-28,203342.43074241694
2020-09-29,202627.3439671136
2020-09-30,204539.09554362122
2020-10-01,209800.39308528943
2020-10-02,210372.57199518126
2020-10-05,211464.97600549937
2020-10-06,206914.28423369047
2020-10-07,209020.17788362433
2020-10-08,210860.09101811264
2020-10-09,212773.87485576692
2020-10-12,214087.60438716403
2020-10-13,217326.951950391
2020-10-14,214415.92934350754
2020-10-15,216199.25752950355
2020-10-16,215439.741132536
2020-10-19,214289.69980950584
2020-10-20,210314.19785373035
2020-10-21,207006.58663494408
2020-10-22,208533.19257913748
2020-10-23,211456.8979241717
2020-10-26,206652.9560990722
2020-10-27,207016.6107183532
2020-10-28,205150.69043300877
2020-10-29,211420.55903394072
2020-10-30,208671.12072142801
2020-11-02,209403.16225708454
2020-11-03,214271.09488248176
2020-11-04,214712.16574051217
2020-11-05,220813.27182916788
2020-11-06,223003.47391797762
2020-11-09,214486.21588509294
2020-11-10,214143.28773420627
2020-11-11,213328.34160726613
2020-11-12,207319.52434442515
2020-11-13,211301.93277835043
2020-11-16,217585.32015565285
2020-11-17,215550.96714339513
2020-11-18,212671.39342619473
2020-11-19,214683.4945367551
2020-11-20,213758.87463528133
2020-11-23,217574.14152968983
2020-11-24,220766.31134983973
2020-11-25,217531.90013148065
2020-11-27,218075.11635564215
2020-11-30,215274.5129244739
2020-12-01,216479.8710175035
2020-12-02,216152.06381657266
2020-12-03,217236.31942775715
2020-12-04,220552.7464452841
2020-12-07,223042.3958248413
2020-12-08,223977.95520481555
2020-12-09,220041.37560764543
2020-12-10,221795.41139513862
2020-12-11,220542.34767658965
2020-12-14,221198.7211203554
2020-12-15,226881.54437556677
2020-12-16,230839.7457485712
2020-12-17,236423.62118369303
2020-12-18,236475.24457432836
2020-12-21,237749.62359681155
2020-12-22,242055.2488349514
2020-12-23,242370.51458080777
2020-12-24,242168.33630171054
2020-12-28,234212.56479368152
2020-12-29,230352.94031625747
2020-12-30,233345.7684847616
2020-12-31,232277.49074890718
2021-01-04,231579.6520169726
2021-01-05,237793.59713870648
2021-01-06,252976.99881729746
2021-01-07,261049.47080771162
2021-01-08,261244.06642490384
2021-01-11,257695.2400493144
2021-01-12,263967.0656742892
2021-01-13,259948.65755687753
2021-01-14,269333.1248359861
2021-01-15,258373.55018884462
2021-01-19,263449.15945872635
2021-01-20,259166.31894866884
2021-01-21,255741.86235649727
2021-01-22,267704.01476427494
2021-01-25,271329.5594322323
2021-01-26,311381.4122738236
2021-01-27,426667.452707613
2021-01-28,326104.70461574924
2021-01-29,434135.4785209794
2021-02-01,438648.52569133794
2021-02-02,437996.4937687944
2021-02-03,440714.89521763974
2021-02-04,446516.857300251
2021-02-05,456433.03229384
2021-02-08,459906.08666344895
2021-02-09,455331.05401277763
2021-02-10,456315.4165346145
2021-02-11,457286.92487156135
2021-02-12,458390.2671629377
2021-02-16,459621.6624670846
2021-02-17,455714.5386546749
2021-02-18,450257.6105668581
2021-02-19,456169.8847995944
2021-02-22,447390.0898959555
2021-02-23,452530.04804047744
2021-02-24,462115.803710151
2021-02-25,441354.5370373283
2021-02-26,438093.2794528111
2021-03-01,442342.04361147695
2021-03-02,440695.2681536939
2021-03-03,444995.0158614279
2021-03-04,438433.95337052806
2021-03-05,447440.8303047365
2021-03-08,455243.14940022666
2021-03-09,449495.333345727
2021-03-10,452616.0344954866
2021-03-11,455178.37694358104
2021-03-12,464238.3592418588
2021-03-15,474676.5229512856
2021-03-16,465761.9492582483
2021-03-17,468470.19807591534
2021-03-18,460525.4736720244
2021-03-19,460516.1809686766
2021-03-22,457188.5447312195
2021-03-23,440839.8658162962
2021-03-24,439757.09155656776
2021-03-25,443789.8771604335
2021-03-26,456338.9794581793
2021-03-29,454290.33131755475
2021-03-30,453922.9592393134
2021-03-31,452033.6922849638
2021-04-01,454016.17831623513
2021-04-05,458221.1837643033
2021-04-06,459709.54245986644
2021-04-07,459319.24423462007
2021-04-08,460295.0934538932
2021-04-09,463972.471201653
2021-04-12,463832.4529833103
2021-04-13,460860.2330286228
2021-04-14,463974.88334114
2021-04-15,468834.958410875
2021-04-16,475124.35409055784
2021-04-19,475938.30426376604
2021-04-20,460595.63537062454
2021-04-21,470354.59473637777
2021-04-22,465120.65697926073
2021-04-23,477111.3747499502
2021-04-26,481448.2964876785
2021-04-27,484717.4230674752
2021-04-28,483920.1574870812
2021-04-29,489148.8213726869
2021-04-30,483163.79585470975
2021-05-03,489077.89277590724
2021-05-04,493236.3189218533
2021-05-05,489999.6318428236
2021-05-06,488228.76362592564
2021-05-07,494597.1766878592
2021-05-10,489823.2832406345
2021-05-11,490194.5582372829
2021-05-12,475640.1085823118
2021-05-13,470206.23433640494
2021-05-14,490684.3143243305
2021-05-17,512501.5902531142
2021-05-18,503986.8177644182
2021-05-19,489883.7710927711
2021-05-20,488623.35471857607
2021-05-21,492541.4484948954
2021-05-24,493030.3177622933
2021-05-25,484600.1425683024
2021-05-26,491885.2123808637
2021-05-27,495814.54824974237
2021-05-28,495437.43230355333
2021-06-01,506313.6104791693
2021-06-02,518460.5437340948
2021-06-03,517067.9448956638
2021-06-04,521014.2116762892
2021-06-07,522260.3546264956
2021-06-08,522900.3531416836
2021-06-09,522543.38641611376
2021-06-10,527371.7341067308
2021-06-11,531285.1384823291
2021-06-14,518197.6977628828
2021-06-15,520380.85498074663
2021-06-16,514676.02678421425
2021-06-17,500671.0729961066
2021-06-18,494994.2006562964
2021-06-21,501411.39602799923
2021-06-22,506267.04440256127
2021-06-23,508489.3462102122
2021-06-24,511286.1974524347
2021-06-25,512406.34887319803
2021-06-28,511992.1585523977
2021-06-29,513449.77053995157
2021-06-30,510215.753409895
2021-07-01,516006.22682082024
2021-07-02,517116.4534587496
2021-07-06,517936.69743197487
2021-07-07,518865.0229792324
2021-07-08,512490.19095459627
2021-07-09,521594.23278038704
2021-07-12,524962.5614076599
2021-07-13,514557.0267268098
2021-07-14,515049.1604304653
2021-07-15,515032.28000838985
2021-07-16,519497.3395952925
2021-07-19,509432.5780014668
2021-07-20,512698.44278210786
2021-07-21,517062.09233920934
2021-07-22,520750.3078340517
2021-07-23,527276.068177352
2021-07-26,523616.5854046234
2021-07-27,523279.1967586176
2021-07-28,526442.8339693418
2021-07-29,530662.9693734418
2021-07-30,531675.6007940298
2021-08-02,530253.7699725032
2021-08-03,541310.8652573136
2021-08-04,543054.8112308161
2021-08-05,545774.8115085632
2021-08-06,542940.7910942546
2021-08-09,542596.9767099288
2021-08-10,538415.4437113707
2021-08-11,540229.0258478464
2021-08-12,543292.4897239652
2021-08-13,541611.8668087197
2021-08-16,539265.7986233663
2021-08-17,523319.96690954734
2021-08-18,518316.23726787313
2021-08-19,518890.68438592285
2021-08-20,524320.8314006855
2021-08-23,522382.35592988663
2021-08-24,527224.6263124277
2021-08-25,527211.5818034606
2021-08-26,522423.166436473
2021-08-27,524721.201711743
2021-08-30,524402.3200421333
2021-08-31,519137.3432342638
2021-09-01,521066.5466693109
2021-09-02,535220.2917775111
2021-09-03,535238.4115411983
2021-09-07,528035.2377467538
2021-09-08,524063.76062574505
2021-09-09,516365.6902180228
2021-09-10,508362.47040735127
2021-09-13,504741.66671502305
2021-09-14,505511.13824573724
2021-09-15,513626.3055500392
2021-09-16,516596.9844526712
2021-09-17,509751.6390455566
2021-09-20,502120.7263749185
2021-09-21,503905.98523608764
2021-09-22,511342.16361584025
2021-09-23,517084.5864578197
2021-09-24,518336.8252227105
2021-09-27,504312.3289902522
2021-09-28,486560.89553743525
2021-09-29,490556.0567877723
2021-09-30,479552.4750152208
2021-10-01,483572.2685965251
2021-10-04,492049.2767445206
2021-10-05,497754.0385834384
2021-10-06,488289.12940720335
2021-10-07,497976.6763899808
2021-10-08,506457.89878504944
2021-10-11,505146.1984411824
2021-10-12,503922.8933931526
2021-10-13,502451.83517570316
2021-10-14,509753.890107744
2021-10-15,510914.96904694353
2021-10-18,518309.2700644583
2021-10-19,516690.9269889164
2021-10-20,522252.00843089906
2021-10-21,513397.927601526
2021-10-22,519811.1899356022
2021-10-25,527550.1883761915
2021-10-26,524085.62052054715
2021-10-27,508859.7416225982
2021-10-28,515721.8867054311
2021-10-29,523429.742231764
2021-11-01,534141.4247876371
2021-11-02,532989.7114544224
2021-11-03,537996.9834607855
2021-11-04,537747.1760519177
2021-11-05,541479.0895430506
2021-11-08,541038.096923921
2021-11-09,533152.0919759953
2021-11-10,514553.27767044393
2021-11-11,532006.6273754826
2021-11-12,537675.0475421957
2021-11-15,544225.4413599998
2021-11-16,552500.438103594
2021-11-17,544175.1684063105
2021-11-18,551959.3305431379
2021-11-19,544150.3283262519
2021-11-22,528095.2469031343
2021-11-23,527746.6483471872
2021-11-24,528056.5288181341
2021-11-26,514054.8975676799
2021-11-29,523771.81074182584
2021-11-30,509452.67642662826
2021-12-01,496293.49228589796
2021-12-02,501382.670147022
2021-12-03,498435.19478777685
2021-12-06,497151.85650438274
2021-12-07,512488.54930076713
2021-12-08,512122.8411823278
2021-12-09,506540.12992766715
2021-12-10,514760.167951359
2021-12-13,506792.0476519971
2021-12-14,503084.11621296
2021-12-15,518302.7717605547
2021-12-16,506315.8889086027
2021-12-17,498559.03961656144
2021-12-20,495123.8841916808
2021-12-21,497685.70430647745
2021-12-22,502283.1681498001
2021-12-23,504315.6982076825
2021-12-27,512773.91520260234
2021-12-28,512457.02368758264
2021-12-29,513922.1855932075
2021-12-30,511125.08373420325
2021-12-31,512095.29826328927
2022-01-03,504623.57182653114
2022-01-04,510377.2396269519
2022-01-05,496817.58832176874
2022-01-06,499671.8661126675
2022-01-07,498332.55678101146
2022-01-10,493421.4073320306
2022-01-11,500053.5965286492
2022-01-12,502440.98960418
2022-01-13,501821.1950220793
2022-01-14,510335.7867464379
2022-01-18,501698.245323573
2022-01-19,490931.1753402086
2022-01-20,481745.2148985654
2022-01-21,471379.63940527313
2022-01-24,463212.91135700827
2022-01-25,463518.14427895
2022-01-26,463892.3056986951
2022-01-27,464463.3913944097
2022-01-28,465103.4085298183
2022-01-31,464765.34116639197
2022-02-01,464801.45287405467
2022-02-02,465333.15842160035
2022-02-03,464545.4936343221
2022-02-04,466812.6487143593
2022-02-07,469714.8961036473
2022-02-08,472216.25911311514
2022-02-09,472041.9621936643
2022-02-10,471133.2454170706
2022-02-11,469126.54519821005
2022-02-14,462886.7757045672
2022-02-15,468023.4201931164
2022-02-16,469527.41052162217
2022-02-17,465403.6560713432
2022-02-18,460675.6732167014
2022-02-22,458444.8459730299
2022-02-23,457944.2317776125
2022-02-24,455910.88300080015
2022-02-25,462228.13014648034
2022-02-28,462228.13014648034
2022-03-01,462228.13014648034
2022-03-02,462228.13014648034
2022-03-03,462228.13014648034
2022-03-04,462228.13014648034
2022-03-07,462228.13014648034
2022-03-08,462228.13014648034
2022-03-09,462228.13014648034
2022-03-10,462228.13014648034
2022-03-11,462228.13014648034
2022-03-14,462228.13014648034
2022-03-15,462228.13014648034
2022-03-16,462228.13014648034
2022-03-17,462228.13014648034
2022-03-18,462228.13014648034
2022-03-21,462228.13014648034
2022-03-22,462228.13014648034
2022-03-23,462228.13014648034
2022-03-24,462228.13014648034
2022-03-25,462228.13014648034
2022-03-28,462614.7432285019
2022-03-29,463162.09089083585
2022-03-30,463687.0061582855
2022-03-31,458442.59851867385
2022-04-01,464430.6183884445
2022-04-04,459682.7017631444
2022-04-05,456114.0721582822
2022-04-06,462380.6727312069
2022-04-07,461844.30688460387
2022-04-08,465506.00316728075
2022-04-11,461273.41478302755
2022-04-12,464214.2501918619
2022-04-13,466893.85923737613
2022-04-14,468655.7529677687
2022-04-18,471238.84267553675
2022-04-19,471756.88665424695
2022-04-20,473933.6288922734
2022-04-21,472481.3445878748
2022-04-22,470111.34544990526
2022-04-25,468937.09321430174
2022-04-26,467983.0405416518
2022-04-27,467983.0405416518
2022-04-28,467983.0405416518
2022-04-29,467983.0405416518
2022-05-02,467983.0405416518
2022-05-03,467983.0405416518
2022-05-04,467983.0405416518
2022-05-05,467983.0405416518
2022-05-06,467983.0405416518
2022-05-09,467983.0405416518
2022-05-10,467983.0405416518
2022-05-11,467983.0405416518
2022-05-12,467983.0405416518
2022-05-13,467983.0405416518
2022-05-16,467983.0405416518
2022-05-17,467983.0405416518
2022-05-18,467983.0405416518
2022-05-19,467983.0405416518
2022-05-20,467983.0405416518
2022-05-23,467983.0405416518
2022-05-24,467983.0405416518
2022-05-25,467983.0405416518
2022-05-26,467983.0405416518
2022-05-27,467983.0405416518
2022-05-31,467983.0405416518
2022-06-01,467983.0405416518
2022-06-02,467983.0405416518
2022-06-03,467983.0405416518
2022-06-06,467983.0405416518
2022-06-07,467983.0405416518
2022-06-08,467983.0405416518
2022-06-09,467983.0405416518
2022-06-10,467983.0405416518
2022-06-13,467983.0405416518
2022-06-14,467983.0405416518
2022-06-15,467983.0405416518
2022-06-16,467983.0405416518
2022-06-17,467983.0405416518
2022-06-21,467983.0405416518
2022-06-22,467983.0405416518
2022-06-23,467983.0405416518
2022-06-24,467983.0405416518
2022-06-27,467983.0405416518
2022-06-28,467983.0405416518
2022-06-29,467983.0405416518
2022-06-30,467983.0405416518
2022-07-01,467983.0405416518
2022-07-05,467983.0405416518
2022-07-06,467983.0405416518
2022-07-07,467983.0405416518
2022-07-08,467983.0405416518
2022-07-11,467983.0405416518
2022-07-12,467983.0405416518
2022-07-13,467983.0405416518
2022-07-14,467983.0405416518
2022-07-15,467983.0405416518
2022-07-18,467983.0405416518
2022-07-19,467983.0405416518
2022-07-20,467983.0405416518
2022-07-21,467983.0405416518
2022-07-22,467983.0405416518
2022-07-25,467983.0405416518
2022-07-26,467983.0405416518
2022-07-27,467983.0405416518
2022-07-28,467983.0405416518
2022-07-29,467983.0405416518
2022-08-01,467094.7708110992
2022-08-02,463619.67666577065
2022-08-03,464397.7166652665
2022-08-04,460195.80130424583
2022-08-05,462033.39378165675
2022-08-08,468100.7921895294
2022-08-09,465123.26935879106
2022-08-10,472158.31254463363
2022-08-11,470701.29135047796
2022-08-12,476324.979187728
2022-08-15,478236.1449697735
2022-08-16,477982.2285667826
2022-08-17,476654.80385967565
2022-08-18,483290.4179682429
2022-08-19,479483.34642659925
2022-08-22,472954.19890671415
2022-08-23,473068.6525926289
2022-08-24,478308.59722168953
2022-08-25,481523.13167072216
2022-08-26,471338.9086044936
2022-08-29,468100.268644292
2022-08-30,456834.52542213904
2022-08-31,454689.539702361
2022-09-01,453031.9142486279
2022-09-02,453756.20534157316
2022-09-06,453300.2716290117
2022-09-07,453386.97316474165
2022-09-08,453386.97316474165
2022-09-09,453386.97316474165
2022-09-12,453601.0244029219
2022-09-13,444380.9265168495
2022-09-14,449371.4931576929
2022-09-15,445379.19527685316
2022-09-16,441025.9291173847
2022-09-19,445722.0805609904
2022-09-20,441792.1141484466
2022-09-21,438718.19630911027
2022-09-22,437867.61632676306
2022-09-23,434472.0672292494
2022-09-26,436026.414214391
2022-09-27,435467.10149466293
2022-09-28,435675.2492043809
2022-09-29,435675.2492043809
2022-09-30,435675.2492043809
2022-10-03,435675.2492043809
2022-10-04,435675.2492043809
2022-10-05,435675.2492043809
2022-10-06,435675.2492043809
2022-10-07,435675.2492043809
2022-10-10,435675.2492043809
2022-10-11,435675.2492043809
2022-10-12,435675.2492043809
2022-10-13,435675.2492043809
2022-10-14,435675.2492043809
2022-10-17,435675.2492043809
2022-10-18,435675.2492043809
2022-10-19,435675.2492043809
2022-10-20,435675.2492043809
2022-10-21,435675.2492043809
2022-10-24,435675.2492043809
2022-10-25,435675.2492043809
2022-10-26,435675.2492043809
2022-10-27,435675.2492043809
2022-10-28,435675.2492043809
2022-10-31,436887.09103254025
2022-11-01,438138.9471921466
2022-11-02,429515.54999991023
2022-11-03,439059.6238983428
2022-11-04,442650.1122729751
2022-11-07,448569.5028055551
2022-11-08,449681.88368146267
2022-11-09,442298.3450607717
2022-11-10,449580.1189203714
2022-11-11,439025.5254896461
2022-11-14,435818.1335151875
2022-11-15,446947.9379333568
2022-11-16,444017.41755118925
2022-11-17,446883.20061418554
2022-11-18,447059.86162218463
2022-11-21,444172.54655157693
2022-11-22,449910.54922834923
2022-11-23,449440.0894277075
2022-11-25,450246.84966367536
2022-11-28,444323.4427348453
2022-11-29,442944.35067450796
2022-11-30,452131.5589989247
2022-12-01,454297.60978940735
2022-12-02,456342.93683626637
2022-12-05,448670.2794881047
2022-12-06,446550.56336881436
2022-12-07,443621.22808253154
2022-12-08,448453.8716540591
2022-12-09,439480.6254218516
2022-12-12,444472.4997239505
2022-12-13,444013.7994931641
2022-12-14,445074.33244049596
2022-12-15,440460.37469425576
2022-12-16,440078.1396257157
2022-12-19,433641.08736492746
2022-12-20,431268.15049128863
2022-12-21,432482.03638000623
2022-12-22,432286.39772931335
2022-12-23,433607.3228720705
2022-12-27,433834.4456386275
2022-12-28,432765.23647266376
2022-12-29,432969.0461435063
2022-12-30,433284.7187336996
2023-01-03,432530.20493058045
2023-01-04,432455.33830657543
2023-01-05,432107.78268422466
2023-01-06,432293.4034538718
2023-01-09,430499.8425242222
2023-01-10,431082.0168643766
2023-01-11,430815.2492627891
2023-01-12,434350.0519951011
2023-01-13,437706.2983570927
2023-01-17,432934.6191912299
2023-01-18,428434.847764687
2023-01-19,421265.4301684129
2023-01-20,423763.97968045203
2023-01-23,425022.9121162173
2023-01-24,424219.9640220224
2023-01-25,422349.65030885
2023-01-26,422806.2019007607
2023-01-27,418743.13763393933
2023-01-30,414806.44764143875
2023-01-31,420981.7626873919
2023-02-01,425611.9711096871
2023-02-02,429178.7884118813
2023-02-03,426575.7147421302
2023-02-06,423550.5832106063
2023-02-07,425606.86820939917
2023-02-08,421906.64163923677
2023-02-09,422583.4045716429
2023-02-10,419548.79501454055
2023-02-13,426221.4987242739
2023-02-14,429131.30677963386
2023-02-15,431117.89798070135
2023-02-16,426579.8542754971
2023-02-17,424874.925138126
2023-02-21,415261.2487443362
2023-02-22,413979.54385921214
2023-02-23,414194.59413911775
2023-02-24,411653.04782124225
2023-02-27,410873.47892718465
2023-02-28,412313.84477771405
2023-03-01,412994.70147472864
2023-03-02,414475.63100612053
2023-03-03,418201.9892904983
2023-03-06,414732.2005542893
2023-03-07,410400.8283513791
2023-03-08,410076.7802190863
2023-03-09,400018.04921054747
2023-03-10,393142.604865041
2023-03-13,389111.77938291634
2023-03-14,390733.2771112691
2023-03-15,390733.2771112691
2023-03-16,390733.2771112691
2023-03-17,386079.1707043104
2023-03-20,391992.88267870276
2023-03-21,395292.2857213859
2023-03-22,392596.99546657887
2023-03-23,395596.8790442589
2023-03-24,392707.57038308453
2023-03-27,392944.806266807
2023-03-28,391783.9701309523
2023-03-29,395168.9041181927
2023-03-30,397370.2781439198
2023-03-31,402968.52904780424
2023-04-03,404673.564507695
2023-04-04,398070.5310604959
2023-04-05,392328.15929663734
2023-04-06,388816.959081396
2023-04-10,389155.6213551096
2023-04-11,389332.7527654284
2023-04-12,390233.679978538
2023-04-13,392490.8345565682
2023-04-14,391843.81702821277
2023-04-17,392294.6865865272
2023-04-18,399118.6518489653
2023-04-19,396816.6963316173
2023-04-20,401181.313485643
2023-04-21,401384.02860335086
2023-04-24,399909.95081019495
2023-04-25,394983.6561962142
2023-04-26,390568.7632867217
2023-04-27,394179.5289790029
2023-04-28,395322.21552313084
2023-05-01,393990.6945790888
2023-05-02,392160.6240826262
2023-05-03,394786.26695735275
2023-05-04,387579.7379727296
2023-05-05,391897.5224319884
2023-05-08,391921.1202706726
2023-05-09,386326.6932933595
2023-05-10,388735.6365989666
2023-05-11,384713.8565629253
2023-05-12,380017.88606490265
2023-05-15,384673.5165243296
2023-05-16,386261.2415209467
2023-05-17,390606.1880471738
2023-05-18,398953.5686040773
2023-05-19,396746.05946629064
2023-05-22,398194.095459733
2023-05-23,390534.1473283197
2023-05-24,390184.4651365497
2023-05-25,392714.082863729
2023-05-26,403280.17078892834
2023-05-30,409632.5679074976
2023-05-31,408045.62292686175
2023-06-01,412276.23194184626
2023-06-02,414871.43666715367
2023-06-05,415189.8622896124
2023-06-06,417651.270526994
2023-06-07,408410.7288904375
2023-06-08,416199.34954114666
2023-06-09,418328.93744204036
2023-06-12,423542.56667389005
2023-06-13,425367.383248068
2023-06-14,424443.70952370664
2023-06-15,427090.4604645229
2023-06-16,422605.9868504675
2023-06-20,421299.59250744723
2023-06-21,419918.28332247346
2023-06-22,421235.5537887206
2023-06-23,418901.64150523534
2023-06-26,413964.58646175626
2023-06-27,423394.138246504
2023-06-28,426715.1977048577
2023-06-29,427598.96659164305
2023-06-30,437679.58794356714
2023-07-03,436406.4135284972
2023-07-05,435024.8211711375
2023-07-06,427402.602451973
2023-07-07,428592.3397535602
2023-07-10,435231.49775919685
2023-07-11,438172.91995598446
2023-07-12,440083.0130394283
2023-07-13,439665.2080348954
2023-07-14,432686.7431310778
2023-07-17,436484.4287505107
2023-07-18,436647.83645529
2023-07-19,436036.13294360606
2023-07-20,424483.22564873303
2023-07-21,424801.1899873741
2023-07-24,417363.50943070883
2023-07-25,416467.117847694
2023-07-26,415213.29881667026
2023-07-27,407671.9977538707
2023-07-28,411342.0318552081
2023-07-31,412600.1817283981
2023-08-01,413869.3180257587
2023-08-02,402438.54969705956
2023-08-03,400057.93452775537
2023-08-04,402376.91360571113
2023-08-07,408125.206616441
2023-08-08,408517.8815719986
2023-08-09,393981.7087574156
2023-08-10,391601.9851199788
2023-08-11,390854.9845626528
2023-08-14,394742.087510061
2023-08-15,390030.8660556638
2023-08-16,386194.59682280367
2023-08-17,375614.19977621065
2023-08-18,377906.3478659112
2023-08-21,379171.3121120464
2023-08-22,371090.5018356589
2023-08-23,373401.5246057176
2023-08-24,368799.2202750711
2023-08-25,372831.16862378037
2023-08-28,377894.26648543397
2023-08-29,381070.39788841695
2023-08-30,386221.5444713781
2023-08-31,386515.96714362
2023-09-01,389116.9044988728
2023-09-05,382544.8387795285
2023-09-06,379807.369037006
2023-09-07,380013.2984192182
2023-09-08,379724.5105494053
2023-09-11,378161.49341666285
2023-09-12,369777.50943533797
2023-09-13,364366.0604673459
2023-09-14,365618.51984328125
2023-09-15,360759.22097287205
2023-09-18,359886.8530333141
2023-09-19,352231.8119946034
2023-09-20,350799.59391593456
2023-09-21,348279.91918723943
2023-09-22,349594.88155969116
2023-09-25,351023.2716766428
2023-09-26,347140.7981761538
2023-09-27,347605.83219526685
2023-09-28,347924.68884759827
2023-09-29,344997.0542403268
2023-10-02,344201.8733323442
2023-10-03,342691.43747477606
2023-10-04,343294.05717526417
2023-10-05,343350.5180374875
2023-10-06,343675.7485810489
2023-10-09,343951.30148373597
2023-10-10,343653.16847788217
2023-10-11,343641.6939590862
2023-10-12,343641.6939590862
2023-10-13,343641.6939590862
2023-10-16,343641.6939590862
2023-10-17,343641.6939590862
2023-10-18,343641.6939590862
2023-10-19,343641.6939590862
2023-10-20,343641.6939590862
2023-10-23,343641.6939590862
2023-10-24,343641.6939590862
2023-10-25,343641.6939590862
2023-10-26,343641.6939590862
2023-10-27,343641.6939590862
2023-10-30,343641.6939590862
2023-10-31,343641.6939590862
2023-11-01,343641.6939590862
2023-11-02,343641.6939590862
2023-11-03,343641.6939590862
2023-11-06,343641.6939590862
2023-11-07,343641.6939590862
2023-11-08,343641.6939590862
2023-11-09,343641.6939590862
2023-11-10,343641.6939590862
2023-11-13,344657.42741085455
2023-11-14,353794.3788473755
2023-11-15,351364.8963206212
2023-11-16,352836.1885825844
2023-11-17,354877.58699184324
2023-11-20,359629.600201285
2023-11-21,359929.73385851417
2023-11-22,362308.8776603072
2023-11-24,363248.753463218
2023-11-27,362556.2365812228
2023-11-28,361661.99941270484
2023-11-29,364248.3068030659
2023-11-30,364504.52727618767
2023-12-01,365318.3735338467
2023-12-04,362743.86875880585
2023-12-05,364357.34194671735
2023-12-06,355675.79608727165
2023-12-07,358243.11568062194
2023-12-08,362568.68859094434
2023-12-11,364026.0953352023
2023-12-12,368249.22278064926
2023-12-13,375448.15318524913
2023-12-14,378145.6846930626
2023-12-15,374261.6063078369
2023-12-18,376664.3028748924
2023-12-19,383704.53181414306
2023-12-20,372003.0156438027
2023-12-21,381625.96890659427
2023-12-22,384611.9878733885
2023-12-26,387124.76537665183
2023-12-27,392100.4117749051
2023-12-28,392662.9477514044
2023-12-29,384376.3546967208
2024-01-02,375804.69446836936
2024-01-03,365722.68657251017
2024-01-04,365646.5762662272
2024-01-05,365434.6241978142
2024-01-08,366785.8536685539
2024-01-09,366940.5812690427
2024-01-10,367228.5512423266
2024-01-11,368894.6975880431
2024-01-12,370507.6045497363
2024-01-16,369434.1003544759
2024-01-17,369398.7730770312
2024-01-18,371486.30098335235
2024-01-19,374256.14644122403
2024-01-22,378690.77072344517
2024-01-23,377329.17789030366
2024-01-24,373561.26140191156
2024-01-25,373172.7372040765
2024-01-26,369703.35897321056
2024-01-29,373348.64651963377
2024-01-30,368537.43232742435
2024-01-31,360010.4601719963
2024-02-01,364953.11820627924
2024-02-02,368290.56604500976
2024-02-05,370818.4293326892
2024-02-06,370080.7959663648
2024-02-07,375194.35010544554
2024-02-08,378133.6407765732
2024-02-09,382564.12724748044
2024-02-12,381900.17413792625
2024-02-13,379469.9712725774
2024-02-14,389923.7062159479
2024-02-15,399317.4368230265
2024-02-16,389124.77013440686
2024-02-20,382667.4384004121
2024-02-21,379874.30851033225
2024-02-22,386609.07647212764
2024-02-23,391107.1132766856
2024-02-26,395250.67778989195
2024-02-27,448178.7503698468
2024-02-28,456578.10281126964
2024-02-29,438863.83682781126
2024-03-01,450346.37486362865
2024-03-04,447051.11242086685
2024-03-05,445716.1340723198
2024-03-06,450677.6917979413
2024-03-07,455869.0547738256
2024-03-08,452972.68546278327
2024-03-11,439027.0739206795
2024-03-12,445890.9741279832
2024-03-13,456898.87113130145
2024-03-14,449749.75419142656
2024-03-15,446433.00523547665
2024-03-18,445353.14392540895
2024-03-19,447514.3777719988
2024-03-20,455400.45810858835
2024-03-21,467011.89045235864
2024-03-22,464453.6347285777
2024-03-25,466062.5328369023
2024-03-26,460598.48780011234
2024-03-27,457157.181425696
2024-03-28,460313.8388187199
2024-04-01,458978.26942192734
2024-04-02,447716.23784658907
2024-04-03,454834.93975087284
2024-04-04,446696.6826615513
2024-04-05,456141.0720620109
2024-04-08,455409.7066351666
2024-04-09,452614.2832996373
2024-04-10,450761.96690795233
2024-04-11,453779.2397490985
2024-04-12,446287.55476557504
2024-04-15,445682.7427972021
2024-04-16,449214.92354082584
2024-04-17,444126.5703773204
2024-04-18,442475.0628877281
2024-04-19,440019.50749778777
2024-04-22,442983.95757088123
2024-04-23,444739.713966173
2024-04-24,444323.9350146694
2024-04-25,445173.9687056084
2024-04-26,441737.8373608846
2024-04-29,445114.53857006924
2024-04-30,437847.18586016307
2024-05-01,439655.06425131176
2024-05-02,445229.86811971525
2024-05-03,447909.43632692104
2024-05-06,455052.03962832363
2024-05-07,455147.55602845637
2024-05-08,454583.15659978037
2024-05-09,460217.9402629888
2024-05-10,464257.9003033786
2024-05-13,460528.5849109106
2024-05-14,454863.56859184994
2024-05-15,456380.2335970104
2024-05-16,448479.68920073623
2024-05-17,450598.38451210107
2024-05-20,454755.7496688371
2024-05-21,459421.82878493913
2024-05-22,455189.49175743014
2024-05-23,453850.75772489083
2024-05-24,466044.1067455816
2024-05-28,468971.6460928746
2024-05-29,475027.942387984
2024-05-30,473947.0654625629
2024-05-31,455764.12162450043
2024-06-03,458822.82037316833
2024-06-04,446137.3410898751
2024-06-05,452892.3477323447
2024-06-06,454593.96267545485
2024-06-07,452514.58129048016
2024-06-10,459895.2478264093
2024-06-11,459337.3427611213
2024-06-12,462458.81380558794
2024-06-13,461870.5938931286
2024-06-14,457494.3332721973
2024-06-17,458610.70998404006
2024-06-18,462637.8488312493
2024-06-20,450867.8656846792
2024-06-21,446996.5777213179
2024-06-24,443198.6181493585
2024-06-25,444363.1672077885
2024-06-26,441683.7538119985
2024-06-27,441325.27152942144
2024-06-28,437800.2099069909
2024-07-01,436243.4894772131
2024-07-02,435279.9890301277
2024-07-03,434835.49775231327
2024-07-05,437466.8738291081
2024-07-08,435907.85198187793
2024-07-09,437543.5193361846
2024-07-10,439412.89385721803
2024-07-11,435827.0511016429
2024-07-12,440034.0888327826
2024-07-15,440047.36245910364
2024-07-16,448348.0913401461
2024-07-17,430427.7555573509
2024-07-18,424143.3895069557
2024-07-19,423897.02230856585
2024-07-22,427959.1390901268
2024-07-23,425003.5678310285
2024-07-24,418158.8438039912
2024-07-25,421133.9906739524
2024-07-26,436304.0690215758
2024-07-29,435001.0426230746
2024-07-30,431004.61316005845
2024-07-31,440990.1302538826
2024-08-01,434630.32760780747
2024-08-02,413201.81474626856
2024-08-05,403691.13662087347
2024-08-06,410008.8893679229
2024-08-07,404405.5815591712
2024-08-08,414724.0300488124
2024-08-09,412029.0541385175
2024-08-12,408378.50415400136
2024-08-13,411883.01340047095
2024-08-14,414483.61160462006
2024-08-15,440353.6116960433
2024-08-16,441981.28149713017
2024-08-19,445438.83653197205
2024-08-20,445390.8989750557
2024-08-21,453352.49276915856
2024-08-22,448739.4783973057
2024-08-23,454439.0164285379
2024-08-26,454511.93658371666
2024-08-27,455341.90579105023
2024-08-28,451881.6233382839
2024-08-29,456880.0371087465
2024-08-30,465966.67650308355
2024-09-03,460153.78621208627
2024-09-04,460602.40339692123
2024-09-05,460800.4798505147
2024-09-06,454731.28140464413
2024-09-09,463167.0467206781
2024-09-10,474322.5571709242
2024-09-11,469611.0327864546
2024-09-12,482854.8675772344
2024-09-13,500581.05183353054
2024-09-16,495693.28968032205
2024-09-17,486534.9513219582
2024-09-18,486671.2575997948
2024-09-19,485806.96000245016
2024-09-20,492512.4916045213
2024-09-23,492807.09457226447
2024-09-24,496388.5589964456
2024-09-25,495506.11925424665
2024-09-26,487511.70304961415
2024-09-27,489015.77004356554
2024-09-30,496843.7264845272
2024-10-01,496957.2109657888
2024-10-02,495637.93999343424
2024-10-03,496213.28763604315
2024-10-04,508196.6178063762
2024-10-07,502759.48576981155
2024-10-08,512759.65762251406
2024-10-09,509792.7150488241
2024-10-10,509952.83021666715
2024-10-11,516483.77113587275
2024-10-14,519623.08605426457
2024-10-15,516448.29430517403
2024-10-16,516883.28373090824
2024-10-17,517458.23090680374
2024-10-18,513759.011464985
2024-10-21,511838.1208977368
2024-10-22,509135.96510675654
2024-10-23,504231.0143612307
2024-10-24,501464.50260984304
2024-10-25,499297.6803578179
2024-10-28,509111.6324012451
2024-10-29,514381.5285880031
2024-10-30,510489.37136997643
2024-10-31,507722.93391923304
2024-11-01,496418.87522464927
2024-11-04,497575.5032232384
2024-11-05,507292.47795630404
2024-11-06,522496.7479949443
2024-11-07,526040.1637007723
2024-11-08,537573.763473337
2024-11-11,541383.2188934189
2024-11-12,538253.9320024245
2024-11-13,532784.8010485208
2024-11-14,516851.6289085039
2024-11-15,515301.8376938096
2024-11-18,510882.4601424278
2024-11-19,534130.8417440662
2024-11-20,538622.2702895468
2024-11-21,539966.4504491929
2024-11-22,552014.4416967935
2024-11-25,550905.0186815006
2024-11-26,548571.7497928714
2024-11-27,554693.8332329849
2024-11-29,564004.2534188852
2024-12-02,551505.6830190803
2024-12-03,558567.4376861779
2024-12-04,562739.1501052583
2024-12-05,563154.9959612507
2024-12-06,580255.9474422322
2024-12-09,555754.6548845253
2024-12-10,546289.0191292058
2024-12-11,550080.9809159915
2024-12-12,547039.7137278273
2024-12-13,549087.5809103544
2024-12-16,546862.2250269251
2024-12-17,537241.1299781785
2024-12-18,512256.03841589886
2024-12-19,514698.16840738663
2024-12-20,521614.35738945415
2024-12-23,519186.488583315
2024-12-24,523228.14066219423
2024-12-26,523968.29499446054
2024-12-27,516007.8607826465
2024-12-30,505925.1707292744
2024-12-31,503933.9545087964
2025-01-02,504165.6825375147
2025-01-03,502713.15040613955
2025-01-06,505696.385289566
2025-01-07,499570.8687363149
2025-01-08,498704.7374797604
2025-01-10,495325.4228862738
2025-01-13,492295.9243109855
2025-01-14,502673.6469405842
2025-01-15,508908.7382953855
2025-01-16,516787.15831990266
2025-01-17,513313.63915277214
2025-01-21,519824.55975973746
2025-01-22,518999.9528023147
2025-01-23,525372.7675709733
2025-01-24,527764.0355195495
2025-01-27,491618.3467715976
2025-01-28,497800.64925491816
2025-01-29,497686.30834238
2025-01-30,503092.58680302213
2025-01-31,496610.37194850045
2025-02-03,496800.0809441403
2025-02-04,499792.4604694211
2025-02-05,504774.2737769206
2025-02-06,504697.18285692635
2025-02-07,502186.232228421
2025-02-10,507667.1691147054
2025-02-11,499066.71303680225
2025-02-12,507382.8136509452
2025-02-13,517942.3167370953
2025-02-14,511122.51143459254
2025-02-18,511794.8666040019
2025-02-19,501688.49651954626
2025-02-20,488383.99607123807
2025-02-21,476443.31924477336
2025-02-24,474279.26205129386
2025-02-25,465872.05193999264
2025-02-26,464793.2476402774
2025-02-27,464029.7279286436
2025-02-28,471791.8809073507
2025-03-03,472708.0096051373
2025-03-04,462565.75005961605
2025-03-05,464073.70128689805
2025-03-06,459615.95662270905
2025-03-07,460336.0492777479
2025-03-10,458700.5242222586
2025-03-11,457007.84863643395
2025-03-12,456636.2687666749
2025-03-13,455964.08646775386
2025-03-14,455667.8392003407
2025-03-17,455253.4718943358
2025-03-18,455253.4718943358
2025-03-19,455253.4718943358
2025-03-20,455253.4718943358
2025-03-21,455253.4718943358
2025-03-24,455253.4718943358
2025-03-25,455253.4718943358
2025-03-26,455253.4718943358
2025-03-27,455253.4718943358
2025-03-28,455253.4718943358
2025-03-31,455253.4718943358
2025-04-01,455253.4718943358
2025-04-02,455253.4718943358
2025-04-03,455253.4718943358
2025-04-04,455253.4718943358
2025-04-07,455253.4718943358
2025-04-08,455253.4718943358
2025-04-09,455253.4718943358
2025-04-10,455253.4718943358
2025-04-11,455253.4718943358
2025-04-14,455253.4718943358
2025-04-15,455253.4718943358
2025-04-16,455253.4718943358
2025-04-17,455253.4718943358
2025-04-21,455253.4718943358
2025-04-22,455253.4718943358
2025-04-23,455253.4718943358
2025-04-24,455253.4718943358
2025-04-25,455253.4718943358
2025-04-28,455253.4718943358
2025-04-29,455253.4718943358
2025-04-30,455253.4718943358
2025-05-01,455253.4718943358
2025-05-02,455253.4718943358
2025-05-05,455253.4718943358
2025-05-06,455253.4718943358
2025-05-07,455253.4718943358
2025-05-08,455253.4718943358
2025-05-09,455253.4718943358
2025-05-12,455253.4718943358
2025-05-13,459672.5667078109
2025-05-14,455697.17244017153
2025-05-15,458372.3726131884
2025-05-16,462001.2489046329
2025-05-19,465450.5715206191
2025-05-20,466215.04250994296
2025-05-21,456643.1015967252
2025-05-22,457943.8407651626
2025-05-23,460811.14517944347
2025-05-27,473091.5905125824
2025-05-28,470737.244924439
2025-05-29,467344.35922820197
2025-05-30,471747.56398469897
2025-06-02,482091.1220301466
2025-06-03,484867.72147390933
2025-06-04,482777.819941537
2025-06-05,487361.04217245383
2025-06-06,489228.9142296079
2025-06-09,486786.17809751234
2025-06-10,482850.6901302317
2025-06-11,485362.52433727175
2025-06-12,480622.73909688013
2025-06-13,479823.02972869575
2025-06-16,482850.3426292273
2025-06-17,479813.62971217703
2025-06-18,484710.02147777495
2025-06-20,484259.3146364263
2025-06-23,496001.6976141621
2025-06-24,503986.5749269453
2025-06-25,498956.582974808
2025-06-26,506442.2834029155
2025-06-27,506827.2981758457
2025-06-30,506267.18166947144
2025-07-01,490864.059622244
2025-07-02,498234.49076548015
2025-07-03,500864.4039162494
2025-07-07,500911.21806025325
2025-07-08,496214.3886298644
2025-07-09,501086.46585942776
2025-07-10,503086.68297904514
2025-07-11,499708.20377093623
2025-07-14,510008.582137251
2025-07-15,510021.09401755646
2025-07-16,513949.3507145868
2025-07-17,529096.6920871168
2025-07-18,541343.5996210895
2025-07-21,525042.2767763752
2025-07-22,515020.3692501896
2025-07-23,516934.59556111606
2025-07-24,514348.44716521166
2025-07-25,517793.3757055936
2025-07-28,521430.89433520706
2025-07-29,514687.8605082893
2025-07-30,518764.02878365084
2025-07-31,523653.32295343716
2025-08-01,511687.4314957967
2025-08-04,524862.4234115839
2025-08-05,518792.17213178455
2025-08-06,517395.9978243787
2025-08-07,511422.19429075246
2025-08-08,514989.3507368057
2025-08-11,515161.9684357762
2025-08-12,526037.8857069344
2025-08-13,525906.2564044078
2025-08-14,517784.88479317416
2025-08-15,516091.3479902876
2025-08-18,521246.16235735966
2025-08-19,516522.27874824737
2025-08-20,513078.26649861695
2025-08-21,514958.84079311404
2025-08-22,524274.90207726066
2025-08-25,522119.4588630393
2025-08-26,522199.7455193913
2025-08-27,523694.1217903785
2025-08-28,526370.7543892991
2025-08-29,524508.4449589585
2025-09-02,524362.6062337242
2025-09-03,526913.959717599
2025-09-04,535622.1583378947
2025-09-05,535711.7768060376
2025-09-08,539786.6809748575
2025-09-09,535430.8837048785
2025-09-10,546348.7713188925
2025-09-11,542977.0937886881
2025-09-12,541954.7971511579
2025-09-15,555019.3981356431
2025-09-16,553259.9883357121
2025-09-17,547154.1095237775
2025-09-18,553265.3971646641
2025-09-19,553665.5489737412
2025-09-22,555603.8602686641
2025-09-23,540650.870920439
2025-09-24,532283.15216479
2025-09-25,525116.4731054525
2025-09-26,523277.5648034331
2025-09-29,527873.2247789431
2025-09-30,536383.9892416288
2025-10-01,538937.2731549883
2025-10-02,538705.7197290298
2025-10-03,537503.6483345543
2025-10-06,531655.1032681365
2025-10-07,527928.3459368533
2025-10-08,548168.6873144321
2025-10-09,551246.4046657836
2025-10-10,523810.2699139031
2025-10-13,549018.8931735086
2025-10-14,556211.3395798611
2025-10-15,554863.0611223514
2025-10-16,536667.873717037
2025-10-17,531624.1172267717
2025-10-20,535860.5031536518
2025-10-21,525615.2060053191
2025-10-22,518085.5657199581
2025-10-23,527453.3575016476
2025-10-24,533361.8327506583
2025-10-27,537594.4617625613
2025-10-28,536448.3553251853
2025-10-29,536883.5060748947
2025-10-30,528824.7271721475
2025-10-31,527769.0487930864
2025-11-03,524316.2703800761
2025-11-04,510567.46379409276
2025-11-05,523128.2949553834
2025-11-06,518501.83408749185
2025-11-07,511269.47786588006
2025-11-10,519910.0255727233
2025-11-11,514310.9625195963
2025-11-12,517153.9238776986
2025-11-13,500583.11150858423
2025-11-14,491774.3646109019
2025-11-17,487349.4148955922
2025-11-18,492837.61069335684
2025-11-19,491151.16847711656
2025-11-20,478915.706009418
2025-11-21,484398.8925175526
2025-11-24,486446.8379985942
2025-11-25,497185.32512359746
2025-11-26,500601.32070836576
2025-11-28,502561.4320250266
2025-12-01,495194.6985200966
2025-12-02,493039.4133153855
2025-12-03,496654.5675865078
2025-12-04,494912.2848396847
2025-12-05,504730.3744868715
2025-12-08,508979.62092370016
2025-12-09,512759.5219030878
2025-12-10,521953.37136197765
2025-12-11,527949.2685454459
2025-12-12,500999.9248582191
2025-12-15,505991.7850145148
2025-12-16,501814.13082000543
2025-12-17,500174.07337243675
2025-12-18,503344.3457544534
2025-12-19,508901.45699106704
2025-12-22,514041.16099354706
2025-12-23,512943.6990043147
2025-12-24,514797.12938044063
2025-12-26,512919.1125555732
2025-12-29,504515.5452480879
2025-12-30,503759.53653315565
2025-12-31,499832.03544494713
2026-01-02,509926.95275127667
2026-01-05,517226.01007824123
2026-01-06,533361.2287389915
2026-01-07,526933.8905705793
2026-01-08,530004.4575076711
2026-01-09,547652.2858253211
2026-01-12,547680.0384598611
2026-01-13,544422.521990323
2026-01-14,543606.5864915721
2026-01-15,554338.023000274
2026-01-16,560423.1335197776
2026-01-20,555713.3301838263
2026-01-21,560860.7716522005
2026-01-22,558080.9795295959
2026-01-23,552093.7955054988
2026-01-26,531173.8946388302
2026-01-27,548197.5303143411
2026-01-28,553244.3416562702
2026-01-29,556747.5689481676
2026-01-30,530308.7440125769
2026-02-02,541937.316509676
2026-02-03,544576.386230635
2026-02-04,537717.4094987278
2026-02-05,536329.6564315516
2026-02-06,554738.7561592798
2026-02-09,557992.889171124
2026-02-10,544514.7048038313
2026-02-11,565110.8645576539
2026-02-12,548292.9800385204
2026-02-13,544533.0395151072
2026-02-17,539150.8115176804
2026-02-18,544586.7854819424
2026-02-19,543424.231101762
2026-02-20,553523.167443321
2026-02-23,554117.9600778271
2026-02-24,565982.553935735
2026-02-25,576162.893919344
2026-02-26,565918.6034754899
2026-02-27,567122.9623512812
2026-03-02,584402.9587937967
2026-03-03,560932.5453693761
2026-03-04,564000.7716166014
2026-03-05,547476.4209643847
2026-03-06,528438.8627002545
2026-03-09,529979.9114579405
2026-03-10,527489.2570289988
2026-03-11,529495.2111241809
2026-03-12,526309.2521068088
2026-03-13,530833.8767782765
2026-03-16,530786.321683615
2026-03-17,535123.1941551953
2026-03-18,535671.7499497744
2026-03-19,538790.3846265159
2026-03-20,538022.3749759241
2026-03-23,539244.2210505833
2026-03-24,544873.644872516
2026-03-25,546951.4902330425
2026-03-26,549145.4148441893
2026-03-27,551997.5290062479
2026-03-30,551997.5290062479
2026-03-31,551997.5290062479
2026-04-01,551997.5290062479
2026-04-02,551997.5290062479
2026-04-06,551997.5290062479
2026-04-07,551997.5290062479
2026-04-08,551997.5290062479
2026-04-09,551997.5290062479
2026-04-10,548114.2736459754
2026-04-13,543090.0000463446
2026-04-14,542876.6151529617
2026-04-15,540340.5048860084
2026-04-16,542489.9245612378
2026-04-17,546524.3560532216
2026-04-20,550451.1789682583
2026-04-21,547447.5166067126
2026-04-22,544985.8532833852
2026-04-23,544154.1048678171
2026-04-24,541229.3890332563
2026-04-27,546389.0502064046
2026-04-28,539558.8981892681
2026-04-29,535016.8799065076
2026-04-30,545514.5108511476
2026-05-01,546007.2782691717
2026-05-04,545753.3054060779
2026-05-05,558494.1284549865
2026-05-06,567165.8474313719
2026-05-07,551729.8735329563
2026-05-08,568860.2107923038
2026-05-11,582741.4540302266
2026-05-12,569685.9484446138
2026-05-13,585286.3314520359
2026-05-14,582578.3871407956
2026-05-15,562608.1077473536
2026-05-18,550509.3921731972
2026-05-19,541180.9199001141
2026-05-20,547134.4709933014
2026-05-21,547112.2517812959
2026-05-22,559901.2393674528
2026-05-25,539637.7731500901
2026-05-26,571265.7161482282
2026-05-27,565079.5535330687
2026-05-28,569266.3058432017
2026-05-29,568840.034130136
2026-06-01,563062.5191344667
2026-06-02,595723.9915352637
2026-06-03,600187.4879949221
2026-06-04,606979.580296976
2026-06-05,568878.7597625441
2026-06-08,581131.0840724976
2026-06-09,580963.7747638082
2026-06-10,580963.7747638082
2026-06-11,580963.7747638082
2026-06-12,580963.7747638082
2026-06-15,580963.7747638082
2026-06-16,580963.7747638082
2026-06-17,580963.7747638082
2026-06-18,580963.7747638082
2026-06-22,580963.7747638082
2026-06-23,580963.7747638082
2026-06-24,580963.7747638082
2026-06-25,580963.7747638082
2026-06-26,580963.7747638082
2026-06-29,580963.7747638082
2026-06-30,580963.7747638082
2026-07-01,580963.7747638082
2026-07-02,580963.7747638082
2026-07-06,580963.7747638082
2026-07-07,580963.7747638082
2026-07-08,580963.7747638082
2026-07-09,580963.7747638082
2026-07-10,580963.7747638082
2026-07-13,580963.7747638082
2026-07-14,580963.7747638082
2026-07-15,580963.7747638082
2026-07-16,580963.7747638082
2026-07-17,580963.7747638082
2026-07-20,580963.7747638082
2026-07-21,580963.7747638082
2026-07-22,580963.7747638082
2026-07-23,580963.7747638082
2026-07-24,580963.7747638082
2026-07-27,580963.7747638082
2026-07-28,580963.7747638082
2026-07-29,580963.7747638082
2026-07-30,580963.7747638082
2026-07-31,580963.7747638082
2026-08-03,580963.7747638082
2026-08-04,580963.7747638082
2026-08-05,580963.7747638082
2026-08-06,580963.7747638082
2026-08-07,580963.7747638082
