Date,equity
2005-06-01,100000.0
2005-06-02,100000.0
2005-06-03,100000.0
2005-06-06,100000.0
2005-06-07,100000.0
2005-06-08,100000.0
2005-06-09,100000.0
2005-06-10,100000.0
2005-06-13,100000.0
2005-06-14,100000.0
2005-06-15,100000.0
2005-06-16,100000.0
2005-06-17,100000.0
2005-06-20,100000.0
2005-06-21,100000.0
2005-06-22,100000.0
2005-06-23,100000.0
2005-06-24,100000.0
2005-06-27,100000.0
2005-06-28,100000.0
2005-06-29,100000.0
2005-06-30,100000.0
2005-07-01,100000.0
2005-07-05,100000.0
2005-07-06,100000.0
2005-07-07,100000.0
2005-07-08,100000.0
2005-07-11,100000.0
2005-07-12,100000.0
2005-07-13,100000.0
2005-07-14,100000.0
2005-07-15,100000.0
2005-07-18,100000.0
2005-07-19,100000.0
2005-07-20,100000.0
2005-07-21,100000.0
2005-07-22,100000.0
2005-07-25,100000.0
2005-07-26,100000.0
2005-07-27,100000.0
2005-07-28,100000.0
2005-07-29,100000.0
2005-08-01,100000.0
2005-08-02,100000.0
2005-08-03,100000.0
2005-08-04,100000.0
2005-08-05,100000.0
2005-08-08,100000.0
2005-08-09,100000.0
2005-08-10,100000.0
2005-08-11,100000.0
2005-08-12,100000.0
2005-08-15,100000.0
2005-08-16,100000.0
2005-08-17,100000.0
2005-08-18,100000.0
2005-08-19,100000.0
2005-08-22,100000.0
2005-08-23,100000.0
2005-08-24,100000.0
2005-08-25,100000.0
2005-08-26,100000.0
2005-08-29,100000.0
2005-08-30,100000.0
2005-08-31,100000.0
2005-09-01,100000.0
2005-09-02,100000.0
2005-09-06,100000.0
2005-09-07,100000.0
2005-09-08,100000.0
2005-09-09,100000.0
2005-09-12,100000.0
2005-09-13,100000.0
2005-09-14,100000.0
2005-09-15,100000.0
2005-09-16,100000.0
2005-09-19,100000.0
2005-09-20,100000.0
2005-09-21,100000.0
2005-09-22,100000.0
2005-09-23,100000.0
2005-09-26,100000.0
2005-09-27,100000.0
2005-09-28,100000.0
2005-09-29,100000.0
2005-09-30,100000.0
2005-10-03,100000.0
2005-10-04,100000.0
2005-10-05,100000.0
2005-10-06,100000.0
2005-10-07,100000.0
2005-10-10,100000.0
2005-10-11,100000.0
2005-10-12,100000.0
2005-10-13,100000.0
2005-10-14,100000.0
2005-10-17,100000.0
2005-10-18,100000.0
2005-10-19,100000.0
2005-10-20,100000.0
2005-10-21,100000.0
2005-10-24,100000.0
2005-10-25,100000.0
2005-10-26,100000.0
2005-10-27,100000.0
2005-10-28,100000.0
2005-10-31,100000.0
2005-11-01,100000.0
2005-11-02,100000.0
2005-11-03,100000.0
2005-11-04,100000.0
2005-11-07,100000.0
2005-11-08,100000.0
2005-11-09,100000.0
2005-11-10,100000.0
2005-11-11,100000.0
2005-11-14,100000.0
2005-11-15,100000.0
2005-11-16,100000.0
2005-11-17,100000.0
2005-11-18,100000.0
2005-11-21,100000.0
2005-11-22,100000.0
2005-11-23,100000.0
2005-11-25,100000.0
2005-11-28,100000.0
2005-11-29,100000.0
2005-11-30,100000.0
2005-12-01,100000.0
2005-12-02,100000.0
2005-12-05,100000.0
2005-12-06,100000.0
2005-12-07,100000.0
2005-12-08,100000.0
2005-12-09,100000.0
2005-12-12,100000.0
2005-12-13,100000.0
2005-12-14,100000.0
2005-12-15,100000.0
2005-12-16,100000.0
2005-12-19,100000.0
2005-12-20,100000.0
2005-12-21,100000.0
2005-12-22,100000.0
2005-12-23,100000.0
2005-12-27,100000.0
2005-12-28,100000.0
2005-12-29,100000.0
2005-12-30,100000.0
2006-01-03,100000.0
2006-01-04,101090.80299694235
2006-01-05,100737.10147600228
2006-01-06,103898.00678817125
2006-01-09,104205.56288774418
2006-01-10,104726.27256456249
2006-01-11,105455.25744076505
2006-01-12,103860.76806318031
2006-01-13,105202.8082134197
2006-01-17,104971.70182604092
2006-01-18,102280.53820225116
2006-01-19,104296.81548177937
2006-01-20,101005.79935012801
2006-01-23,101267.97236607058
2006-01-24,102529.57060223827
2006-01-25,103499.63644126379
2006-01-26,105643.6660742562
2006-01-27,107506.49265914486
2006-01-30,109505.99777897363
2006-01-31,109368.74998869955
2006-02-01,108295.83002597405
2006-02-02,106953.43233566932
2006-02-03,105652.44346995524
2006-02-06,108345.53566123449
2006-02-07,103313.9347129501
2006-02-08,103281.30665484407
2006-02-09,102178.9316179537
2006-02-10,101659.9718713066
2006-02-13,99674.65877009457
2006-02-14,102544.37815177026
2006-02-15,103466.17770838062
2006-02-16,105059.28471792997
2006-02-17,104410.4494218716
2006-02-21,103901.32872363269
2006-02-22,105109.8123967487
2006-02-23,106215.07863062895
2006-02-24,107510.98577735001
2006-02-27,107268.72288469819
2006-02-28,105660.98212972024
2006-03-01,108621.03057076447
2006-03-02,109163.52085773365
2006-03-03,109104.70567607424
2006-03-06,108985.50831578548
2006-03-07,105295.56023017605
2006-03-08,105544.6256089893
2006-03-09,104336.16235908508
2006-03-10,106506.92852439103
2006-03-13,106586.66892343896
2006-03-14,108420.33359584569
2006-03-15,110365.42242521193
2006-03-16,109440.55915804394
2006-03-17,110350.48865150264
2006-03-20,110226.39312705374
2006-03-21,109391.57826113945
2006-03-22,110328.4737470531
2006-03-23,110248.99789857805
2006-03-24,111185.42668953228
2006-03-27,112614.46064579085
2006-03-28,112436.82928973684
2006-03-29,113814.52489652966
2006-03-30,113965.39892315582
2006-03-31,113691.98493960736
2006-04-03,114213.68746860645
2006-04-04,113024.95042675069
2006-04-05,114168.99242273018
2006-04-06,114464.38652165042
2006-04-07,113644.49121459303
2006-04-10,113525.6064307212
2006-04-11,113320.49567110755
2006-04-12,114467.46926641504
2006-04-13,114738.86952233201
2006-04-17,114805.36882947007
2006-04-18,116850.98288720206
2006-04-19,117065.96905830747
2006-04-20,116226.84689110283
2006-04-21,116552.31943825407
2006-04-24,117624.05725326158
2006-04-25,116331.53232098781
2006-04-26,116463.1953568204
2006-04-27,115098.98291647877
2006-04-28,115123.36132458245
2006-05-01,115976.11473946011
2006-05-02,117487.42175925194
2006-05-03,118863.71121363566
2006-05-04,119886.39136336095
2006-05-05,121547.84338370759
2006-05-08,122544.50322183523
2006-05-09,123805.36081809628
2006-05-10,123218.91762699473
2006-05-11,120712.34465271917
2006-05-12,116899.73540783857
2006-05-15,114345.06474607668
2006-05-16,115079.6360316776
2006-05-17,111939.46919488002
2006-05-18,111055.02393599402
2006-05-19,111127.97428951046
2006-05-22,110759.0347148159
2006-05-23,110311.09162128408
2006-05-24,110133.79388914854
2006-05-25,110546.87741143981
2006-05-26,110924.4473818176
2006-05-30,110440.55943910195
2006-05-31,110824.69914375502
2006-06-01,111067.01717479623
2006-06-02,111541.01543139247
2006-06-05,109849.04151419931
2006-06-06,110598.63032231215
2006-06-07,110227.80362745619
2006-06-08,109694.62415666273
2006-06-09,109533.88917383441
2006-06-12,108856.32227376915
2006-06-13,108223.95562018277
2006-06-14,108223.66820792892
2006-06-15,108536.75567980565
2006-06-16,108820.52157469711
2006-06-19,108608.8542605063
2006-06-20,108750.25888115008
2006-06-21,109034.88819039884
2006-06-22,108666.71090273254
2006-06-23,108425.98266987281
2006-06-26,108614.62187026905
2006-06-27,108409.65060644773
2006-06-28,108425.43676228312
2006-06-29,108826.93108737163
2006-06-30,108995.01237683505
2006-07-03,108871.65743104916
2006-07-05,108957.50566952152
2006-07-06,109005.09847868588
2006-07-07,108920.1915747364
2006-07-10,108942.26247119045
2006-07-11,108929.42644875363
2006-07-12,108876.326718293
2006-07-13,108536.48915894245
2006-07-14,108551.34007351562
2006-07-17,108516.0650304881
2006-07-18,108495.46047530728
2006-07-19,108495.46047530728
2006-07-20,108495.46047530728
2006-07-21,108495.46047530728
2006-07-24,108495.46047530728
2006-07-25,108495.46047530728
2006-07-26,108495.46047530728
2006-07-27,108495.46047530728
2006-07-28,108495.46047530728
2006-07-31,109005.95464526789
2006-08-01,109099.77198020238
2006-08-02,109271.26302324054
2006-08-03,110344.82430713007
2006-08-04,110241.08191694744
2006-08-07,109706.9262097812
2006-08-08,109176.22986814007
2006-08-09,108343.93477967498
2006-08-10,108990.7546160916
2006-08-11,108492.80151227754
2006-08-14,108381.07697980526
2006-08-15,109884.61812869312
2006-08-16,110280.76347010987
2006-08-17,110507.79568406202
2006-08-18,110717.63645238527
2006-08-21,110248.57977763859
2006-08-22,110820.88415697882
2006-08-23,110266.01359679803
2006-08-24,110385.78111282983
2006-08-25,109410.83023312668
2006-08-28,109621.7308173256
2006-08-29,109723.23360041509
2006-08-30,109861.40698957517
2006-08-31,110206.28835252246
2006-09-01,110619.87652846068
2006-09-05,109688.91288573391
2006-09-06,109521.65962189979
2006-09-07,108662.84311673947
2006-09-08,109260.88846281085
2006-09-11,109394.92549418844
2006-09-12,109918.3032946932
2006-09-13,109811.22958085303
2006-09-14,109825.05116412914
2006-09-15,110672.30038342215
2006-09-18,110072.19828718144
2006-09-19,109665.36044871055
2006-09-20,111323.65998235857
2006-09-21,110415.43762100807
2006-09-22,110102.67297603792
2006-09-25,111601.50431618148
2006-09-26,112344.71092062721
2006-09-27,112325.07128176984
2006-09-28,112899.78481789758
2006-09-29,112135.58491568606
2006-10-02,111636.6278777344
2006-10-03,113279.0315784015
2006-10-04,114130.86938710784
2006-10-05,114454.82795437875
2006-10-06,113644.04889070282
2006-10-09,114196.7389314446
2006-10-10,115249.06813794459
2006-10-11,115745.04392280303
2006-10-12,116689.77376611944
2006-10-13,116858.91571536595
2006-10-16,116670.88840237755
2006-10-17,115774.28258366967
2006-10-18,116750.3302288233
2006-10-19,116414.3816531925
2006-10-20,116540.65688343382
2006-10-23,117142.58919016788
2006-10-24,117142.64652676917
2006-10-25,116938.56683081333
2006-10-26,117104.92570471062
2006-10-27,115762.9341348738
2006-10-30,116187.59377514309
2006-10-31,116298.72973283447
2006-11-01,115580.79376963028
2006-11-02,115018.04585898356
2006-11-03,114178.09740768568
2006-11-06,115218.05102423839
2006-11-07,115314.46914643601
2006-11-08,116369.18720055888
2006-11-09,116237.1785574867
2006-11-10,116491.76710215205
2006-11-13,116373.66758064825
2006-11-14,116801.36467885967
2006-11-15,116786.77296945229
2006-11-16,117263.83677188041
2006-11-17,117441.19236843997
2006-11-20,117548.92934799717
2006-11-21,117594.92353048152
2006-11-22,117409.286004838
2006-11-24,117410.64986787617
2006-11-27,116192.29719797609
2006-11-28,116490.74665533329
2006-11-29,118400.94016806148
2006-11-30,118458.09555063407
2006-12-01,118509.64143474361
2006-12-04,119839.5732849819
2006-12-05,120278.86388443611
2006-12-06,119562.33483168036
2006-12-07,118524.86942978148
2006-12-08,117885.1589391692
2006-12-11,118397.43086646943
2006-12-12,118637.88144544006
2006-12-13,119471.85252460185
2006-12-14,120272.99354540485
2006-12-15,120058.02321085465
2006-12-18,118570.74451036104
2006-12-19,118541.35023566801
2006-12-20,118338.30355538687
2006-12-21,117969.81449969411
2006-12-22,117578.94216282472
2006-12-26,118081.9911994209
2006-12-27,118776.24363556856
2006-12-28,118202.14955030364
2006-12-29,117576.0569251679
2007-01-03,118295.25472226516
2007-01-04,119262.13199988565
2007-01-05,118300.36676655314
2007-01-08,119081.06531739827
2007-01-09,119027.29805081149
2007-01-10,120461.12052360772
2007-01-11,121377.20312317106
2007-01-12,122254.20315152957
2007-01-16,121830.14447251246
2007-01-17,122043.60512413773
2007-01-18,121658.36834104567
2007-01-19,121285.64825565764
2007-01-22,120035.14146221016
2007-01-23,121207.46761456967
2007-01-24,123293.60598838139
2007-01-25,120823.5127245039
2007-01-26,121115.91891119159
2007-01-29,120954.4782925902
2007-01-30,121384.9466154036
2007-01-31,122335.56448401201
2007-02-01,123830.84377383301
2007-02-02,124111.08350170814
2007-02-05,123516.02148100492
2007-02-06,122803.94786499409
2007-02-07,124360.54796540242
2007-02-08,125048.33619110113
2007-02-09,122386.62078933002
2007-02-12,120684.03504922973
2007-02-13,122838.94689705325
2007-02-14,123544.86478036412
2007-02-15,124417.65669066606
2007-02-16,124517.81948611504
2007-02-20,125442.07317086976
2007-02-21,127074.3214092745
2007-02-22,125826.16553781088
2007-02-23,126355.36897603447
2007-02-26,125001.29996033001
2007-02-27,118566.44147239276
2007-02-28,119524.01759584715
2007-03-01,119359.93703425043
2007-03-02,117785.83909469342
2007-03-05,117308.69394384195
2007-03-06,118247.20528963287
2007-03-07,118929.2512472308
2007-03-08,119511.10603110956
2007-03-09,119604.88277512377
2007-03-12,120186.7277418504
2007-03-13,118329.20672017867
2007-03-14,118738.18685248969
2007-03-15,119288.12362201937
2007-03-16,118530.58841121163
2007-03-19,119523.70972138499
2007-03-20,120741.15701099567
2007-03-21,122576.47211529993
2007-03-22,122604.61959212572
2007-03-23,122736.65967687023
2007-03-26,123716.85351144361
2007-03-27,123144.87100454021
2007-03-28,122014.12707006848
2007-03-29,122299.46758005169
2007-03-30,121971.64279641885
2007-04-02,123224.3614109454
2007-04-03,123287.03826736897
2007-04-04,123469.68556943304
2007-04-05,124439.66330359576
2007-04-09,124638.05605298554
2007-04-10,124411.86481113722
2007-04-11,123990.00236610047
2007-04-12,124803.91083018923
2007-04-13,125558.8872431368
2007-04-16,126780.17915949004
2007-04-17,126067.82359473112
2007-04-18,125179.84979590413
2007-04-19,126130.79727631406
2007-04-20,127879.88056086196
2007-04-23,129711.17114597098
2007-04-24,128427.86640980703
2007-04-25,130584.8780364803
2007-04-26,129690.70480940455
2007-04-27,129411.72207586984
2007-04-30,126654.05928319406
2007-05-01,126298.66348218238
2007-05-02,127381.84395458642
2007-05-03,127516.31533826677
2007-05-04,128122.87722576095
2007-05-07,129315.93269352091
2007-05-08,129443.59492671402
2007-05-09,130791.18054163124
2007-05-10,128797.80310484364
2007-05-11,130058.64876904333
2007-05-14,129822.2910339812
2007-05-15,129088.03955275576
2007-05-16,129405.83047430117
2007-05-17,129203.74373212225
2007-05-18,130079.23357157999
2007-05-21,130615.34056730736
2007-05-22,129983.27765176177
2007-05-23,129393.25871544934
2007-05-24,126954.09711001745
2007-05-25,128525.78166708245
2007-05-29,129261.33503967502
2007-05-30,131458.10003428458
2007-05-31,131537.90709716306
2007-06-01,133181.36427896188
2007-06-04,133567.6115584613
2007-06-05,134280.71310497206
2007-06-06,133075.42485706226
2007-06-07,131285.88079145507
2007-06-08,132053.12724994417
2007-06-11,134894.7671175681
2007-06-12,134618.74062188875
2007-06-13,135243.20098464648
2007-06-14,136260.39957341
2007-06-15,137422.72332913041
2007-06-18,136886.97134551415
2007-06-19,137867.24466172277
2007-06-20,135858.03919586382
2007-06-21,136670.74933199183
2007-06-22,137275.62990648035
2007-06-25,136161.0365593524
2007-06-26,134518.2578557114
2007-06-27,134654.0138081321
2007-06-28,134514.76456159464
2007-06-29,135445.20079349435
2007-07-02,137253.16769095228
2007-07-03,136385.13732474035
2007-07-05,136860.72502865255
2007-07-06,137658.12553511764
2007-07-09,141545.35454916462
2007-07-10,139063.36909222827
2007-07-11,139150.15842600644
2007-07-12,140507.31928939713
2007-07-13,142890.8060786653
2007-07-16,141790.58579659567
2007-07-17,141988.0236236857
2007-07-18,141199.6548917893
2007-07-19,143808.26416560938
2007-07-20,141531.05757452198
2007-07-23,141355.23521215245
2007-07-24,136050.0158317362
2007-07-25,136388.09734758755
2007-07-26,134295.40848130983
2007-07-27,131662.6255556664
2007-07-30,133221.93741187503
2007-07-31,132330.50440844306
2007-08-01,132524.928955914
2007-08-02,132889.73406631697
2007-08-03,132401.03625800402
2007-08-06,132215.3057311236
2007-08-07,133148.06519167806
2007-08-08,133872.79392101997
2007-08-09,133282.5114459797
2007-08-10,129620.37519081494
2007-08-13,129078.59865500049
2007-08-14,126894.1336506992
2007-08-15,125416.03929044334
2007-08-16,125113.28487607901
2007-08-17,125464.10601964331
2007-08-20,125543.48481259053
2007-08-21,125254.28954907587
2007-08-22,125524.72993294435
2007-08-23,125391.98396840334
2007-08-24,126212.44361946918
2007-08-27,126162.16338507288
2007-08-28,125849.78406543122
2007-08-29,126399.77537970204
2007-08-30,126905.60362519042
2007-08-31,126858.17186061903
2007-09-04,126945.33202869678
2007-09-05,126622.33136008936
2007-09-06,127639.08722712508
2007-09-07,127143.29309891691
2007-09-10,127060.6116355965
2007-09-11,127266.54121129966
2007-09-12,127156.61042963344
2007-09-13,127330.25088420218
2007-09-14,127035.78702105468
2007-09-17,126712.87099966727
2007-09-18,127263.16310529587
2007-09-19,127144.27065132883
2007-09-20,127041.1892537479
2007-09-21,128347.60027961957
2007-09-24,128642.00736761882
2007-09-25,128675.03632122495
2007-09-26,129373.24936850535
2007-09-27,129969.19462497643
2007-09-28,128669.1697094648
2007-10-01,129857.39288856472
2007-10-02,128724.5133584773
2007-10-03,127232.31776022537
2007-10-04,127022.34032780869
2007-10-05,129561.3671603712
2007-10-08,128986.87880723446
2007-10-09,131334.82859544462
2007-10-10,133103.07875685467
2007-10-11,131910.28368798792
2007-10-12,133503.68085288157
2007-10-15,133681.90632791474
2007-10-16,133750.86537942343
2007-10-17,133006.47795023822
2007-10-18,133931.01120219496
2007-10-19,128348.70576503519
2007-10-22,128193.50063208191
2007-10-23,129586.83903963093
2007-10-24,128229.80928842846
2007-10-25,127426.67611208219
2007-10-26,131084.83267725314
2007-10-29,131907.75299426576
2007-10-30,129751.4354592794
2007-10-31,131357.35142463463
2007-11-01,131755.65661108095
2007-11-02,133202.87566132797
2007-11-05,133476.07073215357
2007-11-06,136948.78131389158
2007-11-07,134060.56150103972
2007-11-08,134000.65952057383
2007-11-09,130839.63875608225
2007-11-12,126250.51752615615
2007-11-13,127742.12506281384
2007-11-14,127914.24162109193
2007-11-15,126603.29344375992
2007-11-16,125984.29625966393
2007-11-19,125275.01316567199
2007-11-20,125898.07129264643
2007-11-21,125804.20994915348
2007-11-23,126059.11231837927
2007-11-26,125881.21492058181
2007-11-27,126298.63411542142
2007-11-28,127645.73333997504
2007-11-29,128220.3741752001
2007-11-30,128056.94777396577
2007-12-03,127463.59792100432
2007-12-04,127446.14645474074
2007-12-05,127655.5619167333
2007-12-06,128146.3884050906
2007-12-07,127012.13902440653
2007-12-10,129179.82821758314
2007-12-11,125816.76559970118
2007-12-12,126353.33970388152
2007-12-13,128131.4154006657
2007-12-14,126434.98638649713
2007-12-17,123779.64982693995
2007-12-18,124482.47506475431
2007-12-19,124858.98953875396
2007-12-20,124788.19051038296
2007-12-21,127292.94023439498
2007-12-24,128149.12364629241
2007-12-26,128488.71450163907
2007-12-27,127201.59509008909
2007-12-28,127093.18335926688
2007-12-31,125519.57249628048
2008-01-02,124772.56273066398
2008-01-03,124730.26181878478
2008-01-04,122145.51763445509
2008-01-07,122286.13805539637
2008-01-08,122527.19519756953
2008-01-09,122852.37012309118
2008-01-10,122907.83904126505
2008-01-11,122565.4537984953
2008-01-14,122666.83278019849
2008-01-15,122534.85052389764
2008-01-16,122345.22359273091
2008-01-17,122345.22359273091
2008-01-18,122345.22359273091
2008-01-22,122345.22359273091
2008-01-23,122345.22359273091
2008-01-24,122345.22359273091
2008-01-25,122345.22359273091
2008-01-28,122345.22359273091
2008-01-29,122345.22359273091
2008-01-30,122345.22359273091
2008-01-31,122345.22359273091
2008-02-01,122345.22359273091
2008-02-04,122345.22359273091
2008-02-05,122345.22359273091
2008-02-06,122345.22359273091
2008-02-07,122345.22359273091
2008-02-08,122345.22359273091
2008-02-11,122345.22359273091
2008-02-12,122345.22359273091
2008-02-13,122345.22359273091
2008-02-14,122345.22359273091
2008-02-15,122345.22359273091
2008-02-19,122345.22359273091
2008-02-20,122345.22359273091
2008-02-21,122345.22359273091
2008-02-22,122345.22359273091
2008-02-25,122345.22359273091
2008-02-26,122345.22359273091
2008-02-27,122345.22359273091
2008-02-28,122345.22359273091
2008-02-29,122345.22359273091
2008-03-03,122345.22359273091
2008-03-04,122345.22359273091
2008-03-05,122345.22359273091
2008-03-06,122345.22359273091
2008-03-07,122345.22359273091
2008-03-10,122345.22359273091
2008-03-11,122345.22359273091
2008-03-12,122345.22359273091
2008-03-13,122345.22359273091
2008-03-14,122345.22359273091
2008-03-17,122345.22359273091
2008-03-18,122345.22359273091
2008-03-19,122345.22359273091
2008-03-20,122345.22359273091
2008-03-24,122345.22359273091
2008-03-25,122345.22359273091
2008-03-26,122345.22359273091
2008-03-27,122345.22359273091
2008-03-28,122345.22359273091
2008-03-31,122345.22359273091
2008-04-01,122345.22359273091
2008-04-02,122345.22359273091
2008-04-03,122345.22359273091
2008-04-04,122345.22359273091
2008-04-07,122345.22359273091
2008-04-08,122345.22359273091
2008-04-09,122345.22359273091
2008-04-10,122345.22359273091
2008-04-11,122345.22359273091
2008-04-14,122345.22359273091
2008-04-15,122345.22359273091
2008-04-16,122345.22359273091
2008-04-17,122345.22359273091
2008-04-18,122345.22359273091
2008-04-21,122600.56262558622
2008-04-22,121863.38471665308
2008-04-23,120621.08474248488
2008-04-24,120241.84142927105
2008-04-25,122894.73751357682
2008-04-28,122387.96569960024
2008-04-29,121251.02952412098
2008-04-30,121164.58376301153
2008-05-01,122044.21730151949
2008-05-02,122169.79521890987
2008-05-05,122636.84635984787
2008-05-06,124471.5838633699
2008-05-07,121346.55291906277
2008-05-08,123214.73380543262
2008-05-09,123205.98679879648
2008-05-12,125134.14743423984
2008-05-13,126387.65154341882
2008-05-14,125845.84048594291
2008-05-15,127606.3191698735
2008-05-16,128090.21834635852
2008-05-19,127346.65395314814
2008-05-20,128034.756346524
2008-05-21,126380.09974391137
2008-05-22,125482.71456724091
2008-05-23,123837.7475668291
2008-05-27,124840.75166755304
2008-05-28,126021.01671341353
2008-05-29,127496.67734218213
2008-05-30,128727.04546049592
2008-06-02,127233.5357061722
2008-06-03,125837.11788655592
2008-06-04,126178.28352970799
2008-06-05,129195.47240432809
2008-06-06,124962.4452043394
2008-06-09,125614.1175156041
2008-06-10,124928.17701603421
2008-06-11,122786.9862873623
2008-06-12,122491.29797670236
2008-06-13,124622.18184934318
2008-06-16,126295.30765806505
2008-06-17,127372.20667263627
2008-06-18,126123.72546180317
2008-06-19,125384.01123847693
2008-06-20,123618.47544922368
2008-06-23,124035.35016064133
2008-06-24,122770.44082189593
2008-06-25,123228.07078034715
2008-06-26,120429.34932930142
2008-06-27,120985.0619184249
2008-06-30,121091.47431538373
2008-07-01,120625.2960675894
2008-07-02,118205.12838918882
2008-07-03,118044.74245690538
2008-07-07,118044.74245690538
2008-07-08,118044.74245690538
2008-07-09,118044.74245690538
2008-07-10,118044.74245690538
2008-07-11,118044.74245690538
2008-07-14,118044.74245690538
2008-07-15,118044.74245690538
2008-07-16,118044.74245690538
2008-07-17,118044.74245690538
2008-07-18,118044.74245690538
2008-07-21,118044.74245690538
2008-07-22,118044.74245690538
2008-07-23,118044.74245690538
2008-07-24,118044.74245690538
2008-07-25,118044.74245690538
2008-07-28,118044.74245690538
2008-07-29,118044.74245690538
2008-07-30,118044.74245690538
2008-07-31,118044.74245690538
2008-08-01,118044.74245690538
2008-08-04,118044.74245690538
2008-08-05,118044.74245690538
2008-08-06,118044.74245690538
2008-08-07,118044.74245690538
2008-08-08,118044.74245690538
2008-08-11,118044.74245690538
2008-08-12,118044.74245690538
2008-08-13,118044.74245690538
2008-08-14,118044.74245690538
2008-08-15,118044.74245690538
2008-08-18,118044.74245690538
2008-08-19,118044.74245690538
2008-08-20,118044.74245690538
2008-08-21,118044.74245690538
2008-08-22,118044.74245690538
2008-08-25,118044.74245690538
2008-08-26,118044.74245690538
2008-08-27,118044.74245690538
2008-08-28,118044.74245690538
2008-08-29,118044.74245690538
2008-09-02,118044.74245690538
2008-09-03,118044.74245690538
2008-09-04,118044.74245690538
2008-09-05,118044.74245690538
2008-09-08,118044.74245690538
2008-09-09,118044.74245690538
2008-09-10,118044.74245690538
2008-09-11,118044.74245690538
2008-09-12,118044.74245690538
2008-09-15,118044.74245690538
2008-09-16,118044.74245690538
2008-09-17,118044.74245690538
2008-09-18,118044.74245690538
2008-09-19,118044.74245690538
2008-09-22,118044.74245690538
2008-09-23,118044.74245690538
2008-09-24,118044.74245690538
2008-09-25,118044.74245690538
2008-09-26,118044.74245690538
2008-09-29,118044.74245690538
2008-09-30,118044.74245690538
2008-10-01,118044.74245690538
2008-10-02,118044.74245690538
2008-10-03,118044.74245690538
2008-10-06,118044.74245690538
2008-10-07,118044.74245690538
2008-10-08,118044.74245690538
2008-10-09,118044.74245690538
2008-10-10,118044.74245690538
2008-10-13,118044.74245690538
2008-10-14,118044.74245690538
2008-10-15,118044.74245690538
2008-10-16,118044.74245690538
2008-10-17,118044.74245690538
2008-10-20,118044.74245690538
2008-10-21,118044.74245690538
2008-10-22,118044.74245690538
2008-10-23,118044.74245690538
2008-10-24,118044.74245690538
2008-10-27,118044.74245690538
2008-10-28,118044.74245690538
2008-10-29,118044.74245690538
2008-10-30,118044.74245690538
2008-10-31,118044.74245690538
2008-11-03,118044.74245690538
2008-11-04,118044.74245690538
2008-11-05,118044.74245690538
2008-11-06,118044.74245690538
2008-11-07,118044.74245690538
2008-11-10,118044.74245690538
2008-11-11,118044.74245690538
2008-11-12,118044.74245690538
2008-11-13,118044.74245690538
2008-11-14,118044.74245690538
2008-11-17,118044.74245690538
2008-11-18,118044.74245690538
2008-11-19,118044.74245690538
2008-11-20,118044.74245690538
2008-11-21,118044.74245690538
2008-11-24,118044.74245690538
2008-11-25,118044.74245690538
2008-11-26,118044.74245690538
2008-11-28,118044.74245690538
2008-12-01,118044.74245690538
2008-12-02,118044.74245690538
2008-12-03,118044.74245690538
2008-12-04,118044.74245690538
2008-12-05,118044.74245690538
2008-12-08,118044.74245690538
2008-12-09,118044.74245690538
2008-12-10,118044.74245690538
2008-12-11,118044.74245690538
2008-12-12,118044.74245690538
2008-12-15,118044.74245690538
2008-12-16,118044.74245690538
2008-12-17,118044.74245690538
2008-12-18,118044.74245690538
2008-12-19,118044.74245690538
2008-12-22,118044.74245690538
2008-12-23,118044.74245690538
2008-12-24,118044.74245690538
2008-12-26,118044.74245690538
2008-12-29,118044.74245690538
2008-12-30,118044.74245690538
2008-12-31,118044.74245690538
2009-01-02,118044.74245690538
2009-01-05,118044.74245690538
2009-01-06,118044.74245690538
2009-01-07,118044.74245690538
2009-01-08,118044.74245690538
2009-01-09,118044.74245690538
2009-01-12,118044.74245690538
2009-01-13,118044.74245690538
2009-01-14,118044.74245690538
2009-01-15,118044.74245690538
2009-01-16,118044.74245690538
2009-01-20,118044.74245690538
2009-01-21,118044.74245690538
2009-01-22,118044.74245690538
2009-01-23,118044.74245690538
2009-01-26,118044.74245690538
2009-01-27,118044.74245690538
2009-01-28,118044.74245690538
2009-01-29,118044.74245690538
2009-01-30,118044.74245690538
2009-02-02,118044.74245690538
2009-02-03,118044.74245690538
2009-02-04,118044.74245690538
2009-02-05,118044.74245690538
2009-02-06,118044.74245690538
2009-02-09,118044.74245690538
2009-02-10,118044.74245690538
2009-02-11,118044.74245690538
2009-02-12,118044.74245690538
2009-02-13,118044.74245690538
2009-02-17,118044.74245690538
2009-02-18,118044.74245690538
2009-02-19,118044.74245690538
2009-02-20,118044.74245690538
2009-02-23,118044.74245690538
2009-02-24,118044.74245690538
2009-02-25,118044.74245690538
2009-02-26,118044.74245690538
2009-02-27,118044.74245690538
2009-03-02,118044.74245690538
2009-03-03,118044.74245690538
2009-03-04,118044.74245690538
2009-03-05,118044.74245690538
2009-03-06,118044.74245690538
2009-03-09,118044.74245690538
2009-03-10,118044.74245690538
2009-03-11,118044.74245690538
2009-03-12,118044.74245690538
2009-03-13,118044.74245690538
2009-03-16,118044.74245690538
2009-03-17,118044.74245690538
2009-03-18,118044.74245690538
2009-03-19,118044.74245690538
2009-03-20,118044.74245690538
2009-03-23,118044.74245690538
2009-03-24,118044.74245690538
2009-03-25,118044.74245690538
2009-03-26,118044.74245690538
2009-03-27,118044.74245690538
2009-03-30,118044.74245690538
2009-03-31,118044.74245690538
2009-04-01,118044.74245690538
2009-04-02,118044.74245690538
2009-04-03,118234.05142479119
2009-04-06,117591.01667238193
2009-04-07,117160.4079266745
2009-04-08,117281.19714032505
2009-04-09,117281.19714032505
2009-04-13,117203.16601603097
2009-04-14,115502.0476681948
2009-04-15,115213.69447745701
2009-04-16,115213.69447745701
2009-04-17,115213.69447745701
2009-04-20,115213.69447745701
2009-04-21,115213.69447745701
2009-04-22,115213.69447745701
2009-04-23,115074.71546777929
2009-04-24,115236.1432102446
2009-04-27,114572.41279440933
2009-04-28,113333.69879195979
2009-04-29,113579.13324099749
2009-04-30,113482.71499796114
2009-05-01,113302.73689311228
2009-05-04,113386.2979809337
2009-05-05,113277.02503470021
2009-05-06,113199.89191148181
2009-05-07,112974.91805441184
2009-05-08,112788.51075895106
2009-05-11,112603.2779131881
2009-05-12,112603.2779131881
2009-05-13,112603.2779131881
2009-05-14,112603.2779131881
2009-05-15,112603.2779131881
2009-05-18,112603.2779131881
2009-05-19,112603.2779131881
2009-05-20,112603.2779131881
2009-05-21,112603.2779131881
2009-05-22,112603.2779131881
2009-05-26,112603.2779131881
2009-05-27,112603.2779131881
2009-05-28,112465.82785311452
2009-05-29,112609.72879690272
2009-06-01,112510.78937701555
2009-06-02,112851.70135280731
2009-06-03,112172.99193652414
2009-06-04,112307.56215685415
2009-06-05,111601.71535191248
2009-06-08,111458.57123841203
2009-06-09,111468.5194239997
2009-06-10,111431.21159324214
2009-06-11,111254.61849023828
2009-06-12,111222.62952877105
2009-06-15,110787.70464246851
2009-06-16,110647.89297018267
2009-06-17,110869.84734372699
2009-06-18,110670.0882865817
2009-06-19,110692.28360298072
2009-06-22,110261.05944897528
2009-06-23,110303.39488861045
2009-06-24,110303.39488861045
2009-06-25,110303.39488861045
2009-06-26,110303.39488861045
2009-06-29,110109.68397447836
2009-06-30,109995.32317633621
2009-07-01,109593.11874639434
2009-07-02,109155.24322785436
2009-07-06,109775.91999376626
2009-07-07,109296.6819945804
2009-07-08,109093.50980222144
2009-07-09,109115.05777412628
2009-07-10,109678.28486443349
2009-07-13,110376.14949446726
2009-07-14,110822.47247883899
2009-07-15,111491.71927421373
2009-07-16,111529.03775444388
2009-07-17,112081.854176797
2009-07-20,112767.768372452
2009-07-21,112299.64347114222
2009-07-22,112689.27258052476
2009-07-23,115465.53892334396
2009-07-24,114604.24158532002
2009-07-27,116058.45940101006
2009-07-28,115866.58632091065
2009-07-29,116074.49345350369
2009-07-30,116172.87827186334
2009-07-31,117444.6997642713
2009-08-03,121353.35019904372
2009-08-04,121046.56706994232
2009-08-05,119752.0126268638
2009-08-06,116463.49544420511
2009-08-07,117349.70811946073
2009-08-10,115729.5851441286
2009-08-11,116048.48002090535
2009-08-12,116155.67081769778
2009-08-13,118147.52232324111
2009-08-14,116384.87009436544
2009-08-17,113624.59219216477
2009-08-18,114690.29399611909
2009-08-19,115248.56796983448
2009-08-20,115718.04390892375
2009-08-21,118288.9701630119
2009-08-24,117072.26677751493
2009-08-25,118563.80988531519
2009-08-26,118533.77818834249
2009-08-27,118817.03861831536
2009-08-28,119002.9828272683
2009-08-31,117861.43580928806
2009-09-01,114068.26285123889
2009-09-02,113315.5705411411
2009-09-03,114278.84442191043
2009-09-04,115153.83851640251
2009-09-08,117188.55104803418
2009-09-09,118215.05495280397
2009-09-10,121210.82086562214
2009-09-11,120587.25530277414
2009-09-14,120407.8148356378
2009-09-15,121358.77427760555
2009-09-16,123039.95199678748
2009-09-17,121722.19478143378
2009-09-18,120739.78036982604
2009-09-21,121695.20526211074
2009-09-22,122212.3173287421
2009-09-23,120902.73075404545
2009-09-24,118589.13454739355
2009-09-25,116858.76309931497
2009-09-28,119425.82836906452
2009-09-29,118891.29042091387
2009-09-30,118100.47848504243
2009-10-01,113062.92053677907
2009-10-02,112614.49434281737
2009-10-05,113841.22476075467
2009-10-06,114520.5584336276
2009-10-07,115050.02225234437
2009-10-08,116055.78921707296
2009-10-09,117557.77491613045
2009-10-12,117443.53054016625
2009-10-13,117291.16523059402
2009-10-14,119544.76779736616
2009-10-15,119535.93000710742
2009-10-16,117976.92973202986
2009-10-19,119235.548541042
2009-10-20,118218.49305386667
2009-10-21,116527.4363620978
2009-10-22,119055.86074641767
2009-10-23,117289.71238153077
2009-10-26,116389.93394190121
2009-10-27,114102.92684570153
2009-10-28,110516.32041473851
2009-10-29,112561.60117844726
2009-10-30,109311.73837608479
2009-11-02,110156.84918681232
2009-11-03,110757.90716377099
2009-11-04,111438.14931145086
2009-11-05,113958.28958833117
2009-11-06,114086.68234491798
2009-11-09,116743.43744795669
2009-11-10,116415.42356636681
2009-11-11,116333.54623775759
2009-11-12,115481.41861770648
2009-11-13,116215.5777126654
2009-11-16,117914.82334432591
2009-11-17,117799.11201323888
2009-11-18,117580.29175697293
2009-11-19,116261.2614656872
2009-11-20,116039.4169767553
2009-11-23,117552.11499680302
2009-11-24,117514.62186395905
2009-11-25,118653.55330098551
2009-11-27,116660.20590019845
2009-11-30,117097.84673038444
2009-12-01,118635.91839331063
2009-12-02,119293.84089264151
2009-12-03,117670.0731450876
2009-12-04,117590.84926056059
2009-12-07,118363.4431528329
2009-12-08,118141.24015594555
2009-12-09,117919.04477128062
2009-12-10,118916.44356777592
2009-12-11,119174.77126870437
2009-12-14,119742.3170565307
2009-12-15,118988.23130183948
2009-12-16,119652.05981045969
2009-12-17,118811.16527098247
2009-12-18,118171.960312059
2009-12-21,119945.597678785
2009-12-22,120150.51278122028
2009-12-23,121327.58466358845
2009-12-24,122522.31845800592
2009-12-28,121439.58107978733
2009-12-29,121113.0865773584
2009-12-30,121606.94651050169
2009-12-31,121135.71793592648
2010-01-04,122415.87014544381
2010-01-05,124400.07683430657
2010-01-06,123797.5619182158
2010-01-07,124289.7229452332
2010-01-08,124047.38605923287
2010-01-11,123340.83185281316
2010-01-12,120846.63167088422
2010-01-13,122942.60973384161
2010-01-14,123587.51551339222
2010-01-15,120264.32829372896
2010-01-19,122805.41389376087
2010-01-20,122114.90372814664
2010-01-21,119719.49956642264
2010-01-22,117206.19066350686
2010-01-25,117620.67487332338
2010-01-26,116476.50113099992
2010-01-27,118210.20062623432
2010-01-28,117833.06072508154
2010-01-29,118023.89781235665
2010-02-01,119554.78121335336
2010-02-02,121447.3356913011
2010-02-03,119200.32612292471
2010-02-04,115180.96115561323
2010-02-05,114800.55755335167
2010-02-08,114303.844831812
2010-02-09,115343.67473608305
2010-02-10,114852.2251175073
2010-02-11,115972.0110110167
2010-02-12,116099.99204107215
2010-02-16,117884.22000408317
2010-02-17,119709.28273893961
2010-02-18,122185.60523840412
2010-02-19,121770.1829562387
2010-02-22,122564.25284792311
2010-02-23,121636.47148309946
2010-02-24,121951.74021695313
2010-02-25,121250.10249315554
2010-02-26,121093.95414119169
2010-03-01,121575.69558666975
2010-03-02,121523.1510024609
2010-03-03,120233.79308474118
2010-03-04,120359.60058921734
2010-03-05,122033.32093827114
2010-03-08,122489.60422415231
2010-03-09,122725.06780195913
2010-03-10,122525.13729566119
2010-03-11,123771.89446832884
2010-03-12,123726.99915546317
2010-03-15,124011.20398530099
2010-03-16,125137.23707940425
2010-03-17,125851.3923472558
2010-03-18,125282.162155475
2010-03-19,123770.64522805357
2010-03-22,126132.74447503417
2010-03-23,128611.15547655143
2010-03-24,128528.66412129272
2010-03-25,127163.71118611227
2010-03-26,128456.64374210837
2010-03-29,129848.62414011729
2010-03-30,129806.30111277416
2010-03-31,129009.94348699969
2010-04-01,130416.00131655383
2010-04-05,131830.08381693816
2010-04-06,131141.2303157889
2010-04-07,129898.18062669788
2010-04-08,130750.07995259536
2010-04-09,133181.90360171424
2010-04-12,133775.25444103102
2010-04-13,132908.9950573226
2010-04-14,135925.89032740783
2010-04-15,136784.38283915908
2010-04-16,133758.86948341122
2010-04-19,132984.62545358247
2010-04-20,134581.90930426543
2010-04-21,136397.5842912477
2010-04-22,139710.85962630095
2010-04-23,143304.3621298623
2010-04-26,141771.65895363395
2010-04-27,135719.25620978602
2010-04-28,136883.99907615065
2010-04-29,140030.39593149448
2010-04-30,136617.86386740883
2010-05-03,140431.44396890624
2010-05-04,134247.38562697818
2010-05-05,133163.19803040673
2010-05-06,126095.20515033088
2010-05-07,124895.36673877116
2010-05-10,128062.51137166533
2010-05-11,128276.90247006512
2010-05-12,129759.89707010501
2010-05-13,128840.79458161727
2010-05-14,126307.65319567287
2010-05-17,126508.86166860085
2010-05-18,124259.86980155477
2010-05-19,122719.11216753097
2010-05-20,120073.70045408756
2010-05-21,119738.31000154947
2010-05-24,119503.33535866158
2010-05-25,118893.03735988688
2010-05-26,119306.9758919522
2010-05-27,119758.35427386758
2010-05-28,119656.08240545364
2010-06-01,119434.97674353805
2010-06-02,119964.40913403263
2010-06-03,119810.31055616729
2010-06-04,119381.31882577506
2010-06-07,119381.31882577506
2010-06-08,119381.31882577506
2010-06-09,119381.31882577506
2010-06-10,119381.31882577506
2010-06-11,119381.31882577506
2010-06-14,119381.31882577506
2010-06-15,119381.31882577506
2010-06-16,119381.31882577506
2010-06-17,119381.31882577506
2010-06-18,119381.31882577506
2010-06-21,119381.31882577506
2010-06-22,119381.31882577506
2010-06-23,119381.31882577506
2010-06-24,119381.31882577506
2010-06-25,119381.31882577506
2010-06-28,119381.31882577506
2010-06-29,119381.31882577506
2010-06-30,119381.31882577506
2010-07-01,119381.31882577506
2010-07-02,119381.31882577506
2010-07-06,119381.31882577506
2010-07-07,119381.31882577506
2010-07-08,119381.31882577506
2010-07-09,119381.31882577506
2010-07-12,119381.31882577506
2010-07-13,119381.31882577506
2010-07-14,119381.31882577506
2010-07-15,119381.31882577506
2010-07-16,119381.31882577506
2010-07-19,119381.31882577506
2010-07-20,119381.31882577506
2010-07-21,119381.31882577506
2010-07-22,119381.31882577506
2010-07-23,119381.31882577506
2010-07-26,119381.31882577506
2010-07-27,119381.31882577506
2010-07-28,119381.31882577506
2010-07-29,119381.31882577506
2010-07-30,119381.31882577506
2010-08-02,119381.31882577506
2010-08-03,118956.65347857674
2010-08-04,120088.01957431856
2010-08-05,119869.30503091932
2010-08-06,119393.02053598112
2010-08-09,120232.70777367339
2010-08-10,119893.26981510688
2010-08-11,117258.55491250457
2010-08-12,116498.327463796
2010-08-13,116137.43993625531
2010-08-16,116525.45111868798
2010-08-17,118232.62534841262
2010-08-18,118418.24831357796
2010-08-19,116788.09033640196
2010-08-20,117100.72745279885
2010-08-23,116891.66430000249
2010-08-24,116097.78159480183
2010-08-25,116346.49932381322
2010-08-26,116060.01019824024
2010-08-27,116459.09065889155
2010-08-30,116059.40332810147
2010-08-31,116238.35820281535
2010-09-01,116481.08174307965
2010-09-02,116430.68923636366
2010-09-03,116750.51669256715
2010-09-07,116492.04515187995
2010-09-08,116479.42674169096
2010-09-09,116499.29941095902
2010-09-10,115718.67443078516
2010-09-13,116386.67963114925
2010-09-14,115812.40835046268
2010-09-15,116087.02421381939
2010-09-16,115933.61218215451
2010-09-17,115806.56573344898
2010-09-20,117532.39870696493
2010-09-21,117660.8546723767
2010-09-22,116893.0331696311
2010-09-23,115731.606778621
2010-09-24,117891.66217486082
2010-09-27,117845.53963013206
2010-09-28,119274.72394405898
2010-09-29,119378.98560794965
2010-09-30,118932.05551284106
2010-10-01,119220.36470223394
2010-10-04,118103.68435644843
2010-10-05,120361.2892639816
2010-10-06,117733.54180832459
2010-10-07,118050.40201277786
2010-10-08,119241.3349980056
2010-10-11,119202.83159764788
2010-10-12,120348.77474619026
2010-10-13,121075.94649668905
2010-10-14,120252.94258909897
2010-10-15,119890.02572786734
2010-10-18,120221.71330897367
2010-10-19,118440.01726841494
2010-10-20,121184.81695107558
2010-10-21,120822.34759034285
2010-10-22,122296.78749696456
2010-10-25,123299.0106003196
2010-10-26,124107.42290551383
2010-10-27,124290.59641200848
2010-10-28,125396.94207112116
2010-10-29,125948.13686693826
2010-11-01,126143.16179156488
2010-11-02,127786.50534033742
2010-11-03,128121.02670253387
2010-11-04,130478.09079222787
2010-11-05,131959.11303437612
2010-11-08,132841.9533748497
2010-11-09,132338.93815504003
2010-11-10,132706.46032974418
2010-11-11,133220.1966705369
2010-11-12,130902.82519653457
2010-11-15,130817.74101002702
2010-11-16,128069.4621958625
2010-11-17,129142.44489615918
2010-11-18,129674.35966184155
2010-11-19,130366.90807038768
2010-11-22,131749.98006731982
2010-11-23,131062.88694263072
2010-11-24,133520.87958177496
2010-11-26,132856.60116047988
2010-11-29,131826.67552867928
2010-11-30,131405.30500767563
2010-12-01,134577.3742589986
2010-12-02,134919.71030492973
2010-12-03,135652.4419220844
2010-12-06,135442.92670148576
2010-12-07,134751.31835521015
2010-12-08,134877.2431612219
2010-12-09,136635.1497080318
2010-12-10,138550.71351112713
2010-12-13,137976.2200025321
2010-12-14,135973.71928465532
2010-12-15,134524.06807620852
2010-12-16,136724.09155575512
2010-12-17,138196.7587362284
2010-12-20,138432.56236115145
2010-12-21,140084.22695717783
2010-12-22,139546.82726953822
2010-12-23,138767.1976304161
2010-12-27,139532.82162264007
2010-12-28,139144.58613040615
2010-12-29,139198.6414962471
2010-12-30,139473.5501266204
2010-12-31,138861.18717237745
2011-01-03,140803.40085657837
2011-01-04,138784.34371702623
2011-01-05,140696.76585312112
2011-01-06,140444.2588087888
2011-01-07,140021.07628230765
2011-01-10,139964.63725194705
2011-01-11,141159.10102078677
2011-01-12,142274.72797613626
2011-01-13,142419.6294655997
2011-01-14,143042.35601161607
2011-01-18,142903.84527123434
2011-01-19,138869.45563935218
2011-01-20,136655.3681763467
2011-01-21,138040.36972484214
2011-01-24,139956.14311326604
2011-01-25,140065.22177975278
2011-01-26,142779.6350993617
2011-01-27,143036.54916714906
2011-01-28,140167.6114557626
2011-01-31,142770.59370407593
2011-02-01,146286.86380345977
2011-02-02,147685.4700770317
2011-02-03,148665.4302661423
2011-02-04,150227.82355000195
2011-02-07,151547.0350440755
2011-02-08,152314.71426817813
2011-02-09,150777.36845045348
2011-02-10,153603.23409548457
2011-02-11,153746.89380416097
2011-02-14,157003.4901857543
2011-02-15,155340.36324530133
2011-02-16,157261.3594919485
2011-02-17,158673.22657975522
2011-02-18,155173.03472226424
2011-02-22,150050.64917052846
2011-02-23,150376.28895722973
2011-02-24,149250.58638024796
2011-02-25,149842.49388927448
2011-02-28,151195.22538546257
2011-03-01,148297.03324612233
2011-03-02,149337.9506112446
2011-03-03,150239.51702611503
2011-03-04,149736.16249583536
2011-03-07,147600.61665293967
2011-03-08,148488.76861916741
2011-03-09,148929.75773607352
2011-03-10,145933.38755398945
2011-03-11,146318.29174219887
2011-03-14,145891.01459831576
2011-03-15,146257.468169885
2011-03-16,144463.9008018451
2011-03-17,144722.0297467446
2011-03-18,145651.62030829146
2011-03-21,146585.63042445862
2011-03-22,146390.4891773244
2011-03-23,146311.40547112064
2011-03-24,147524.16242637413
2011-03-25,148182.49311219604
2011-03-28,148484.69485279333
2011-03-29,151139.47843154237
2011-03-30,152317.46966946422
2011-03-31,152227.3100012896
2011-04-01,153086.49348205407
2011-04-04,154096.4550583717
2011-04-05,156110.6115712993
2011-04-06,154679.34121888288
2011-04-07,154439.656223677
2011-04-08,155762.22227589285
2011-04-11,153312.60111298822
2011-04-12,151032.7501554736
2011-04-13,151625.1737304946
2011-04-14,151865.36563377886
2011-04-15,153097.53137438017
2011-04-18,151528.05067483135
2011-04-19,152717.47725536092
2011-04-20,154315.0935574072
2011-04-21,157041.80187029214
2011-04-25,156998.95063658993
2011-04-26,158149.08964312545
2011-04-27,157941.31737631647
2011-04-28,159152.69032386236
2011-04-29,159235.30221432715
2011-05-02,158550.8235835086
2011-05-03,156903.35655391493
2011-05-04,154671.58339046658
2011-05-05,155052.8596671168
2011-05-06,155816.85200680286
2011-05-09,157398.56862622994
2011-05-10,159664.92909767543
2011-05-11,157795.90528176352
2011-05-12,159136.81529591337
2011-05-13,158142.43147711505
2011-05-16,155931.48663196916
2011-05-17,156163.4069192527
2011-05-18,157602.783582924
2011-05-19,158040.3130106098
2011-05-20,156795.0226074098
2011-05-23,154700.65145873162
2011-05-24,154474.99247532708
2011-05-25,155267.19939387334
2011-05-26,155655.86520120513
2011-05-27,156564.28115623133
2011-05-31,157264.3263708809
2011-06-01,154270.53883822355
2011-06-02,153284.77153055524
2011-06-03,151320.1232313495
2011-06-06,150361.8181727075
2011-06-07,150015.92324424395
2011-06-08,150176.4160474816
2011-06-09,150833.61153945362
2011-06-10,149823.91082242073
2011-06-13,150080.20183522959
2011-06-14,150518.24168759014
2011-06-15,150005.2233623608
2011-06-16,150198.17630910844
2011-06-17,150163.5420601024
2011-06-20,150354.99643518147
2011-06-21,150740.8424829176
2011-06-22,150588.91133728874
2011-06-23,150438.97211223404
2011-06-24,150425.32832264501
2011-06-27,150638.33842517773
2011-06-28,150913.576439685
2011-06-29,150997.78723487543
2011-06-30,151311.80388875626
2011-07-01,153758.53830548254
2011-07-05,153673.5241477265
2011-07-06,154628.53714275916
2011-07-07,154576.72452172413
2011-07-08,153895.60731746675
2011-07-11,150986.1439935107
2011-07-12,150258.0496265514
2011-07-13,150742.44661412816
2011-07-14,149607.55548992116
2011-07-15,150572.9005991097
2011-07-18,150224.2423664297
2011-07-19,153224.66553254562
2011-07-20,154216.8696124297
2011-07-21,156501.53494554356
2011-07-22,155856.67781885673
2011-07-25,154515.415163606
2011-07-26,153456.9062468966
2011-07-27,151089.01001017392
2011-07-28,150453.10123742968
2011-07-29,149640.33324131323
2011-08-01,149703.7847843567
2011-08-02,147682.5934833677
2011-08-03,148156.1622604234
2011-08-04,146862.3413053336
2011-08-05,146823.2419059646
2011-08-08,146780.65687735475
2011-08-09,146622.14882401377
2011-08-10,147353.193980013
2011-08-11,147379.21672092116
2011-08-12,147239.62849156148
2011-08-15,147589.77242094194
2011-08-16,147383.9458650927
2011-08-17,147343.72486735278
2011-08-18,147211.23955491997
2011-08-19,147641.82223248517
2011-08-22,148351.56946202088
2011-08-23,148001.42769750385
2011-08-24,147379.21672092116
2011-08-25,148207.25425335308
2011-08-26,148784.5269947732
2011-08-29,148718.2670196493
2011-08-30,149335.75318178732
2011-08-31,149222.19851765296
2011-09-01,149212.73048742444
2011-09-02,149763.96533389232
2011-09-06,150173.25874444775
2011-09-07,149806.55469222902
2011-09-08,150561.26072312996
2011-09-09,150305.73756229025
2011-09-12,150021.85036073852
2011-09-13,150644.05809002602
2011-09-14,150374.35723855716
2011-09-15,150062.06919361503
2011-09-16,150090.45271809795
2011-09-19,149846.7778548324
2011-09-20,150442.96176078005
2011-09-21,150177.98464132412
2011-09-22,149194.21106467716
2011-09-23,149194.21106467716
2011-09-26,149194.21106467716
2011-09-27,149194.21106467716
2011-09-28,149194.21106467716
2011-09-29,149194.21106467716
2011-09-30,149194.21106467716
2011-10-03,149194.21106467716
2011-10-04,149194.21106467716
2011-10-05,149194.21106467716
2011-10-06,149194.21106467716
2011-10-07,149194.21106467716
2011-10-10,149194.21106467716
2011-10-11,149194.21106467716
2011-10-12,149194.21106467716
2011-10-13,149194.21106467716
2011-10-14,149194.21106467716
2011-10-17,149194.21106467716
2011-10-18,149194.21106467716
2011-10-19,149194.21106467716
2011-10-20,149194.21106467716
2011-10-21,149194.21106467716
2011-10-24,148288.71867668832
2011-10-25,146375.25806324053
2011-10-26,147457.54812267996
2011-10-27,150032.8586568298
2011-10-28,148881.93359128782
2011-10-31,147026.17734382153
2011-11-01,144378.80619407192
2011-11-02,146452.13989889232
2011-11-03,147198.41943350335
2011-11-04,147148.39061117967
2011-11-07,148218.81252770443
2011-11-08,149260.7399290139
2011-11-09,145767.79169915707
2011-11-10,146458.9348340549
2011-11-11,149167.28152576974
2011-11-14,148493.10910891474
2011-11-15,149200.9673690063
2011-11-16,146753.1103465549
2011-11-17,145471.87721645267
2011-11-18,145959.44568614042
2011-11-21,144222.97367627185
2011-11-22,144412.78582874333
2011-11-23,142675.94634035748
2011-11-25,142364.3930502477
2011-11-28,142849.3680544487
2011-11-29,142913.17938695344
2011-11-30,143589.58425975477
2011-12-01,143970.4544989413
2011-12-02,143956.3190783195
2011-12-05,145197.58479697924
2011-12-06,144686.17880673514
2011-12-07,144043.9779876843
2011-12-08,142101.98751702218
2011-12-09,144727.21736628332
2011-12-12,143251.47195522772
2011-12-13,141722.86325006903
2011-12-14,140918.98378597808
2011-12-15,141515.65527005738
2011-12-16,142354.37263548383
2011-12-19,142054.99566390118
2011-12-20,145732.88269435446
2011-12-21,146100.80206099924
2011-12-22,146113.12148504882
2011-12-23,147838.03214483988
2011-12-27,148407.06048417417
2011-12-28,147130.79136330725
2011-12-29,148468.66548198785
2011-12-30,147131.17483211428
2012-01-03,146530.51560772173
2012-01-04,146479.51264266035
2012-01-05,147658.9738953736
2012-01-06,147044.5747818563
2012-01-09,146338.89029869883
2012-01-10,146159.59959066508
2012-01-11,147384.06596006933
2012-01-12,147210.80473478764
2012-01-13,147730.66403237524
2012-01-17,148133.4058701642
2012-01-18,148252.44395453003
2012-01-19,148923.5582415895
2012-01-20,148710.52853959272
2012-01-23,149044.26425549644
2012-01-24,149833.92778198476
2012-01-25,150983.5059116435
2012-01-26,150257.74631753963
2012-01-27,150890.31051223096
2012-01-30,151118.96043918215
2012-01-31,151802.87338394055
2012-02-01,152721.34047330043
2012-02-02,153122.15027129912
2012-02-03,154927.53841092656
2012-02-06,155316.50817719163
2012-02-07,156401.21367323023
2012-02-08,157343.0264577618
2012-02-09,158210.4780945188
2012-02-10,157558.10809704682
2012-02-13,161071.87856660414
2012-02-14,161068.2277720846
2012-02-15,159245.05797497087
2012-02-16,159413.79555323865
2012-02-17,159750.62789887734
2012-02-21,158847.04029102818
2012-02-22,158105.18887180553
2012-02-23,160111.3212343892
2012-02-24,160148.6958985776
2012-02-27,161797.18059860246
2012-02-28,161808.40778407833
2012-02-29,162533.97698643006
2012-03-01,164803.4917291652
2012-03-02,163512.595639531
2012-03-05,163660.80281576607
2012-03-06,160763.30845680408
2012-03-07,162627.9428518063
2012-03-08,162873.72929579925
2012-03-09,163205.99155690335
2012-03-12,163014.24960113002
2012-03-13,165320.0970170375
2012-03-14,165009.80190117995
2012-03-15,165983.78501808556
2012-03-16,165355.0972140699
2012-03-19,165916.8541919628
2012-03-20,166589.61512078496
2012-03-21,167472.9996489204
2012-03-22,167426.05558113154
2012-03-23,167107.52229817954
2012-03-26,169411.1616208982
2012-03-27,170513.99607866362
2012-03-28,170023.12028994178
2012-03-29,169325.66543722924
2012-03-30,169103.68795527358
2012-04-02,169685.92407080514
2012-04-03,170157.16295759103
2012-04-04,169595.35163900038
2012-04-05,169472.6225955638
2012-04-09,167275.34828909475
2012-04-10,162109.30130167134
2012-04-11,164113.5854266975
2012-04-12,165173.96081181266
2012-04-13,165599.31117256265
2012-04-16,164381.20233878086
2012-04-17,165659.49987155778
2012-04-18,166345.80876513672
2012-04-19,164911.15805588634
2012-04-20,165760.64099386823
2012-04-23,164491.6402307188
2012-04-24,163479.70408858007
2012-04-25,165609.75252894146
2012-04-26,166689.5728905501
2012-04-27,167633.38872928073
2012-04-30,166606.7766349168
2012-05-01,166738.59269892302
2012-05-02,167652.56468349937
2012-05-03,165863.42523597274
2012-05-04,164068.47948961207
2012-05-07,164846.26462194146
2012-05-08,165752.65410757557
2012-05-09,163606.8390349107
2012-05-10,163669.72232329467
2012-05-11,165160.0754317827
2012-05-14,164041.60013110374
2012-05-15,163349.7826209108
2012-05-16,161913.12947811725
2012-05-17,158019.39222569772
2012-05-18,157890.5870476615
2012-05-21,158475.29526711622
2012-05-22,158809.53177887955
2012-05-23,159047.44272832328
2012-05-24,159117.74649278237
2012-05-25,159213.0139400616
2012-05-29,157494.26456092304
2012-05-30,157632.3591262519
2012-05-31,157593.6039402116
2012-06-01,157452.48474622704
2012-06-04,157452.48474622704
2012-06-05,157452.48474622704
2012-06-06,157452.48474622704
2012-06-07,157452.48474622704
2012-06-08,157452.48474622704
2012-06-11,157452.48474622704
2012-06-12,157452.48474622704
2012-06-13,157452.48474622704
2012-06-14,157452.48474622704
2012-06-15,157452.48474622704
2012-06-18,157452.48474622704
2012-06-19,157452.48474622704
2012-06-20,156875.53009027633
2012-06-21,154769.32449033135
2012-06-22,155464.4411137077
2012-06-25,153768.2156514579
2012-06-26,154649.8351810013
2012-06-27,155742.6051124208
2012-06-28,155860.46969403973
2012-06-29,157322.8357081322
2012-07-02,158287.98065451471
2012-07-03,159091.70859264184
2012-07-05,160307.84462435573
2012-07-06,159717.04765806074
2012-07-09,159880.43222540707
2012-07-10,156839.9769046956
2012-07-11,156086.82650416455
2012-07-12,157904.02462259386
2012-07-13,159612.3674033016
2012-07-16,159910.71844837675
2012-07-17,161387.3798954971
2012-07-18,158862.53725420762
2012-07-19,156356.50214766507
2012-07-20,157555.86999279243
2012-07-23,156621.95680195195
2012-07-24,153778.22217569005
2012-07-25,152469.54552119639
2012-07-26,153823.81598433337
2012-07-27,155442.46750746568
2012-07-30,154601.61296499494
2012-07-31,152471.34697184293
2012-08-01,151973.87677729636
2012-08-02,153832.5289397425
2012-08-03,156233.30877925633
2012-08-06,155830.87478253615
2012-08-07,156701.9608858583
2012-08-08,156385.46288700483
2012-08-09,155881.23275687936
2012-08-10,156754.7573616675
2012-08-13,157317.5131555668
2012-08-14,157941.20816454376
2012-08-15,158925.20452906672
2012-08-16,159210.5307448606
2012-08-17,161171.20973832157
2012-08-20,160341.6364754593
2012-08-21,159590.2088323264
2012-08-22,160535.2142102985
2012-08-23,160901.42622470311
2012-08-24,162230.51810323112
2012-08-27,162270.15165170055
2012-08-28,162711.31741772703
2012-08-29,163586.29374137573
2012-08-30,162505.75160304035
2012-08-31,163285.55508531563
2012-09-04,163968.5081064323
2012-09-05,163827.50444157855
2012-09-06,167568.85910674723
2012-09-07,166700.9183702438
2012-09-10,164953.11157494446
2012-09-11,163995.54509050873
2012-09-12,164733.62417001388
2012-09-13,166484.85721794283
2012-09-14,169072.88896567153
2012-09-17,168861.19368535094
2012-09-18,168102.34694377653
2012-09-19,170105.46488766363
2012-09-20,169349.1491135754
2012-09-21,169887.1860662694
2012-09-24,168446.68233500575
2012-09-25,165926.0620936393
2012-09-26,162558.36290632345
2012-09-27,163724.78902632138
2012-09-28,162766.595028595
2012-10-01,163486.85788733952
2012-10-02,164923.08253334864
2012-10-03,168067.54143911327
2012-10-04,168816.1719821015
2012-10-05,167889.44574281876
2012-10-08,165810.8743443942
2012-10-09,162508.25155788587
2012-10-10,161387.0346571302
2012-10-11,161620.0463223996
2012-10-12,161414.95435281092
2012-10-15,161898.56639971444
2012-10-16,163249.9160655391
2012-10-17,164135.52774252262
2012-10-18,161993.85170222592
2012-10-19,159920.0662966216
2012-10-22,159465.78500715015
2012-10-23,157988.0350320296
2012-10-24,157608.4662836964
2012-10-25,157158.4201836192
2012-10-26,156932.52705680975
2012-10-31,159403.78228197072
2012-11-01,160183.78869239351
2012-11-02,158933.72626949855
2012-11-05,159773.96588469524
2012-11-06,159976.0673108822
2012-11-07,159451.36037942348
2012-11-08,157177.9214447947
2012-11-09,158273.28794327876
2012-11-12,158482.81920723754
2012-11-13,158581.1829388837
2012-11-14,156194.47862729608
2012-11-15,155522.6175239231
2012-11-16,155735.53620719473
2012-11-19,156780.00887889968
2012-11-20,157488.98127622338
2012-11-21,156686.24683543594
2012-11-23,157492.53222106025
2012-11-26,156660.59354671466
2012-11-27,156012.53965382982
2012-11-28,156960.2450672877
2012-11-29,157492.98926396912
2012-11-30,157870.9230266592
2012-12-03,157241.91682629022
2012-12-04,156205.0163914152
2012-12-05,154514.31871367682
2012-12-06,155190.81462815613
2012-12-07,155615.97399006208
2012-12-10,155373.69303184206
2012-12-11,156766.3128627145
2012-12-12,156594.8972221359
2012-12-13,155874.8534803384
2012-12-14,155699.28802367338
2012-12-17,158266.2708447992
2012-12-18,160000.17079803307
2012-12-19,158747.1120104138
2012-12-20,160381.56513266725
2012-12-21,158246.00159284216
2012-12-24,158136.25636791953
2012-12-26,157722.4471359543
2012-12-27,157502.31803771856
2012-12-28,155976.62788053037
2012-12-31,158069.75992713944
2013-01-02,160953.5548719875
2013-01-03,160839.77362741766
2013-01-04,161158.05585901585
2013-01-07,160613.94133685032
2013-01-08,161258.28683924416
2013-01-09,161433.5924440155
2013-01-10,161923.89009923814
2013-01-11,161693.97641163238
2013-01-14,161366.37423339955
2013-01-15,161851.62542350043
2013-01-16,160362.62203561323
2013-01-17,162869.09330843715
2013-01-18,163192.97240838196
2013-01-22,164179.13854884636
2013-01-23,163735.89660363586
2013-01-24,165210.95076451232
2013-01-25,166295.53361067912
2013-01-28,165959.53176259337
2013-01-29,165882.1561827774
2013-01-30,164769.9887680432
2013-01-31,165287.00190941707
2013-02-01,166831.1351578195
2013-02-04,164552.1732199951
2013-02-05,165941.23992984905
2013-02-06,165643.0518591652
2013-02-07,165909.11175618463
2013-02-08,166383.64934023283
2013-02-11,167254.01369163368
2013-02-12,168232.81186739902
2013-02-13,168558.45296874238
2013-02-14,170124.62871052398
2013-02-15,170094.47958647975
2013-02-19,171293.85044951798
2013-02-20,167295.75448880123
2013-02-21,165597.0585916001
2013-02-22,167742.31537986812
2013-02-25,163741.67279267605
2013-02-26,164414.6002995096
2013-02-27,166282.34949187408
2013-02-28,166618.94916674597
2013-03-01,168038.22976691488
2013-03-04,167992.62247174882
2013-03-05,168741.9440180693
2013-03-06,168362.3283576578
2013-03-07,168980.05200176375
2013-03-08,169570.17555037022
2013-03-11,169466.57764113825
2013-03-12,169101.18087754873
2013-03-13,169361.20707188718
2013-03-14,170496.8569406496
2013-03-15,170570.80452327195
2013-03-18,169927.63744662184
2013-03-19,170046.8160013298
2013-03-20,171560.73664482014
2013-03-21,170683.8940905309
2013-03-22,171805.01501168983
2013-03-25,172367.51896928163
2013-03-26,173938.64334943087
2013-03-27,174794.5659443066
2013-03-28,176595.93113519019
2013-04-01,175312.70539979608
2013-04-02,175907.5089822058
2013-04-03,173244.40432940103
2013-04-04,174547.09611841413
2013-04-05,174601.92527867339
2013-04-08,176140.42627776778
2013-04-09,175386.1742552159
2013-04-10,176834.1788492236
2013-04-11,176482.5140825346
2013-04-12,174341.84216619437
2013-04-15,170295.54515057773
2013-04-16,171810.29714110546
2013-04-17,169764.1838368813
2013-04-18,167948.82845959015
2013-04-19,171096.32713400736
2013-04-22,171187.2188221996
2013-04-23,172125.77564448418
2013-04-24,170598.75127998018
2013-04-25,172150.19282400294
2013-04-26,171886.9294850165
2013-04-29,172501.4318341682
2013-04-30,173167.15981272917
2013-05-01,173800.12832964456
2013-05-02,176365.69530987824
2013-05-03,179521.5303690155
2013-05-06,178418.368069983
2013-05-07,177229.83054768466
2013-05-08,178152.22808685136
2013-05-09,177372.1584095314
2013-05-10,179792.56303726695
2013-05-13,181752.63744881723
2013-05-14,184331.12964829904
2013-05-15,183398.47549092874
2013-05-16,179798.57271649857
2013-05-17,182115.2034461518
2013-05-20,183429.13825574383
2013-05-21,183902.79292945855
2013-05-22,180610.59358459694
2013-05-23,179894.02462092476
2013-05-24,180283.2262316507
2013-05-28,184304.70677947794
2013-05-29,182730.33122216235
2013-05-30,185754.56948920898
2013-05-31,182366.70931919615
2013-06-03,180687.23924707787
2013-06-04,179617.91996211448
2013-06-05,176858.68310516197
2013-06-06,178455.60511794026
2013-06-07,182254.8553882118
2013-06-10,182752.42536209748
2013-06-11,179895.29139579367
2013-06-12,178815.298622577
2013-06-13,181152.5238454368
2013-06-14,180833.3416945864
2013-06-17,183409.83595125627
2013-06-18,185266.63474304933
2013-06-19,184345.9997886761
2013-06-20,179350.0301461114
2013-06-21,180933.7151436877
2013-06-24,178252.88315852688
2013-06-25,178852.23956505413
2013-06-26,179957.0929578534
2013-06-27,182702.14073346046
2013-06-28,183502.48871105548
2013-07-01,183279.64584419946
2013-07-02,182398.70535266353
2013-07-03,182816.08360375694
2013-07-05,186201.6275646377
2013-07-08,185908.2574108494
2013-07-09,185207.0307463368
2013-07-10,184514.24785958484
2013-07-11,184514.019402465
2013-07-12,185680.87796756762
2013-07-15,186562.19397293418
2013-07-16,183550.9639519017
2013-07-17,184418.65147790208
2013-07-18,186653.8709209741
2013-07-19,187508.77020554428
2013-07-22,188619.39907474932
2013-07-23,187912.9643181982
2013-07-24,186994.85526102193
2013-07-25,186156.64010559014
2013-07-26,187118.81543413902
2013-07-29,185554.25903279686
2013-07-30,186658.28806253726
2013-07-31,186695.93162868917
2013-08-01,190592.6425319297
2013-08-02,189726.04709958294
2013-08-05,190058.2790716216
2013-08-06,187795.49247368862
2013-08-07,186892.76345712872
2013-08-08,187490.73118513712
2013-08-09,187093.9780428246
2013-08-12,186628.3856098298
2013-08-13,183752.0636882658
2013-08-14,182038.1855231338
2013-08-15,178009.8492701408
2013-08-16,179267.1443034656
2013-08-19,176729.33884333304
2013-08-20,179473.42309496936
2013-08-21,178049.02782019103
2013-08-22,182411.7295688383
2013-08-23,182572.03067207534
2013-08-26,182007.35942439534
2013-08-27,176815.33593888738
2013-08-28,177899.60081066593
2013-08-29,178462.88780351565
2013-08-30,176648.4302943185
2013-09-03,178698.02258887765
2013-09-04,180222.71402287466
2013-09-05,180208.66244776486
2013-09-06,178677.07457320424
2013-09-09,179696.49158234725
2013-09-10,181666.77764236106
2013-09-11,182321.5671146677
2013-09-12,181551.8627254847
2013-09-13,180799.13568721362
2013-09-16,181157.22110316475
2013-09-17,182570.70925546208
2013-09-18,184792.6159185828
2013-09-19,185246.5836952195
2013-09-20,183516.3628726324
2013-09-23,182125.60861112433
2013-09-24,181572.24694316214
2013-09-25,181426.44734486335
2013-09-26,183022.91002696514
2013-09-27,182210.69610813394
2013-09-30,181104.42660678911
2013-10-01,182860.7057267997
2013-10-02,182627.14668031267
2013-10-03,179760.74105469947
2013-10-04,181394.54966839118
2013-10-07,178701.0529503146
2013-10-08,173306.87162603595
2013-10-09,172853.4121329111
2013-10-10,174710.43292519287
2013-10-11,176290.6967630079
2013-10-14,176924.99296837323
2013-10-15,175906.72597712406
2013-10-16,179308.57299557803
2013-10-17,181026.539992778
2013-10-18,181378.81225048951
2013-10-21,181142.12879152084
2013-10-22,181315.14075954765
2013-10-23,180967.97087187576
2013-10-24,182644.30784485093
2013-10-25,184001.08036095073
2013-10-28,183194.4398903678
2013-10-29,185061.1775059345
2013-10-30,183778.27970064015
2013-10-31,183931.0210671099
2013-11-01,185700.83719787453
2013-11-04,187495.52955194138
2013-11-05,186759.65035375772
2013-11-06,184822.50755549473
2013-11-07,181998.00792255453
2013-11-08,185348.3716234438
2013-11-11,186059.72622228332
2013-11-12,186753.05613541565
2013-11-13,188090.22005768804
2013-11-14,189799.51060035784
2013-11-15,190600.6156637042
2013-11-18,188839.74003108617
2013-11-19,188280.13552286994
2013-11-20,187648.3878205389
2013-11-21,190175.47451770553
2013-11-22,190895.75556375863
2013-11-25,188960.58700202426
2013-11-26,189595.60128527554
2013-11-27,190685.25795818024
2013-11-29,190324.77868305217
2013-12-02,189743.4974196234
2013-12-03,188040.6595138884
2013-12-04,187750.46724000765
2013-12-05,187229.0926930328
2013-12-06,188778.64882233372
2013-12-09,188565.23442211974
2013-12-10,187271.46215349273
2013-12-11,185340.2988997572
2013-12-12,186343.86490272544
2013-12-13,186289.07441352037
2013-12-16,188280.05365512456
2013-12-17,189451.0604162921
2013-12-18,191006.67120272972
2013-12-19,189308.07747750322
2013-12-20,189670.4487104247
2013-12-23,192417.33561883125
2013-12-24,193492.9654997563
2013-12-26,194458.47473184572
2013-12-27,194690.9913854919
2013-12-30,194767.19302132964
2013-12-31,195374.82931006548
2014-01-02,194113.757692794
2014-01-03,193387.9717256343
2014-01-06,192820.69747551242
2014-01-07,195481.09127542772
2014-01-08,195902.81407407872
2014-01-09,196933.92496505257
2014-01-10,198682.53117606096
2014-01-13,195212.3445536803
2014-01-14,197073.55607244023
2014-01-15,196460.8205528042
2014-01-16,198435.59867562083
2014-01-17,200375.1275299129
2014-01-21,202772.98589855924
2014-01-22,203921.01442029484
2014-01-23,203433.83583549474
2014-01-24,195623.53780780156
2014-01-27,192860.0521682016
2014-01-28,197588.1743029417
2014-01-29,196787.875171715
2014-01-30,199645.52791322937
2014-01-31,199108.4215995572
2014-02-03,194218.73908450018
2014-02-04,196266.6391279589
2014-02-05,195366.35536640004
2014-02-06,195536.96943763044
2014-02-07,200228.14798825962
2014-02-10,202279.19945653778
2014-02-11,202608.59184366756
2014-02-12,202794.11419426382
2014-02-13,206009.46759891367
2014-02-14,206782.38675508113
2014-02-18,210570.8553200782
2014-02-19,209433.53820516195
2014-02-20,211710.06579998258
2014-02-21,211557.3882939412
2014-02-24,214020.83695902475
2014-02-25,213411.1942764724
2014-02-26,211377.17346218682
2014-02-27,211728.01277253503
2014-02-28,208161.57006436813
2014-03-03,206901.06276132524
2014-03-04,212598.99696989407
2014-03-05,212377.4876054031
2014-03-06,212068.32343186662
2014-03-07,210713.53620377177
2014-03-10,209414.75852425044
2014-03-11,207529.6997396613
2014-03-12,207426.28395646124
2014-03-13,205236.64718102122
2014-03-14,206324.25477777774
2014-03-17,207857.13616533563
2014-03-18,209822.5246513674
2014-03-19,208711.40298542695
2014-03-20,210264.20496278553
2014-03-21,209278.3698967669
2014-03-24,204960.44140282294
2014-03-25,204317.8141202768
2014-03-26,200202.6998237953
2014-03-27,201278.39225539344
2014-03-28,201426.80233719174
2014-03-31,203019.16932036495
2014-04-01,204250.57865250023
2014-04-02,206014.30408839756
2014-04-03,204039.7812693622
2014-04-04,201064.96788075863
2014-04-07,198208.8077636662
2014-04-08,200917.13665431205
2014-04-09,203535.55312607426
2014-04-10,198707.36244945007
2014-04-11,197426.37469429232
2014-04-14,199825.0262993867
2014-04-15,200549.39963091168
2014-04-16,201910.63732128852
2014-04-17,203064.72136551532
2014-04-21,203344.96159943842
2014-04-22,202215.71724952306
2014-04-23,203659.02788536795
2014-04-24,204420.3368113195
2014-04-25,201053.73162042836
2014-04-28,200261.42186929545
2014-04-29,202577.98314471112
2014-04-30,202860.8734491175
2014-05-01,202286.52497232662
2014-05-02,202988.99026396035
2014-05-05,201936.53018986637
2014-05-06,201357.59186109816
2014-05-07,201818.958248025
2014-05-08,200241.89659666037
2014-05-09,200170.81329326003
2014-05-12,203300.18109780794
2014-05-13,202336.42378675943
2014-05-14,201642.83167912776
2014-05-15,199256.56583319523
2014-05-16,200427.30231125597
2014-05-19,201008.77244819858
2014-05-20,199336.60306893487
2014-05-21,200970.17497955757
2014-05-22,202948.14177202576
2014-05-23,205551.61945479608
2014-05-27,206131.3247725601
2014-05-28,205979.07273441134
2014-05-29,206724.59684075107
2014-05-30,206418.8315803331
2014-06-02,207745.47860027142
2014-06-03,206483.1460169141
2014-06-04,209011.45038717872
2014-06-05,210348.3085386647
2014-06-06,211050.63757964267
2014-06-09,209415.33311580212
2014-06-10,210189.66853325674
2014-06-11,211602.46274052063
2014-06-12,209779.4836939441
2014-06-13,210974.1704650253
2014-06-16,212474.29893422738
2014-06-17,214450.83009926227
2014-06-18,214444.76275119552
2014-06-19,213621.8278809458
2014-06-20,213270.11542266037
2014-06-23,212667.508735296
2014-06-24,211481.24035690285
2014-06-25,212765.3299248926
2014-06-26,212548.27074992433
2014-06-27,212637.75864550594
2014-06-30,214687.75749330167
2014-07-01,215411.76161818404
2014-07-02,215881.12199562252
2014-07-03,217025.15223480255
2014-07-07,213078.8725955186
2014-07-08,211126.8514393206
2014-07-09,213888.14333392397
2014-07-10,212955.92558995637
2014-07-11,214435.00790072905
2014-07-14,215197.06205019474
2014-07-15,213289.5210533015
2014-07-16,214243.42802998796
2014-07-17,211131.92570560722
2014-07-18,213101.5232053857
2014-07-21,213253.26073669997
2014-07-22,216015.34189526478
2014-07-23,216175.51711368962
2014-07-24,215166.8175347892
2014-07-25,215919.82614854962
2014-07-28,216365.92872624175
2014-07-29,212434.6985325304
2014-07-30,210324.7060923658
2014-07-31,204925.63121162937
2014-08-01,206323.6695674581
2014-08-04,208658.71624916486
2014-08-05,206303.20805600242
2014-08-06,206436.6073859205
2014-08-07,205193.5679172651
2014-08-08,206662.47350571697
2014-08-11,206191.87848012018
2014-08-12,206669.80450065754
2014-08-13,208554.66956840095
2014-08-14,209567.34050954093
2014-08-15,210536.21023090067
2014-08-18,212699.7202386863
2014-08-19,212396.11456208397
2014-08-20,212470.39446795484
2014-08-21,212404.14223304042
2014-08-22,212223.28861864738
2014-08-25,212646.62828354983
2014-08-26,212426.44281322052
2014-08-27,212543.0183622327
2014-08-28,212321.06156638614
2014-08-29,214045.14044983304
2014-09-02,214914.48053792262
2014-09-03,213783.34512928862
2014-09-04,213997.94920174568
2014-09-05,214496.5785772493
2014-09-08,215018.52562759194
2014-09-09,213099.53722444858
2014-09-10,213102.5772906119
2014-09-11,213707.9691564163
2014-09-12,212442.1199136175
2014-09-15,209623.7760824493
2014-09-16,211182.90149262288
2014-09-17,212544.25927514082
2014-09-18,213822.48130012953
2014-09-19,212655.69971635475
2014-09-22,212034.05124501933
2014-09-23,209996.88703847927
2014-09-24,211517.65321453055
2014-09-25,208107.39264187688
2014-09-26,209304.43666273708
2014-09-29,209790.12448161
2014-09-30,208681.19022705313
2014-10-01,203769.4265063038
2014-10-02,204570.83016036567
2014-10-03,206087.37261110757
2014-10-06,203191.17738385167
2014-10-07,200000.65769263852
2014-10-08,203113.10396216682
2014-10-09,200521.7473174883
2014-10-10,198281.98609017237
2014-10-13,195759.46313151525
2014-10-14,196638.07343555463
2014-10-15,195367.76067216805
2014-10-16,194890.62488732097
2014-10-17,195306.14821781515
2014-10-20,196548.24537937518
2014-10-21,197145.34757398616
2014-10-22,197188.16053518566
2014-10-23,197301.72786196353
2014-10-24,197496.1234990082
2014-10-27,197618.66952675238
2014-10-28,199227.75512905468
2014-10-29,198289.2724419469
2014-10-30,200265.62758609775
2014-10-31,201602.5510478264
2014-11-03,200906.35896368205
2014-11-04,200397.656635757
2014-11-05,200409.1966443512
2014-11-06,201644.3546354993
2014-11-07,201001.1238189005
2014-11-10,202138.15742914728
2014-11-11,202224.21667108327
2014-11-12,202619.8476966684
2014-11-13,203326.33446297995
2014-11-14,203091.8124703317
2014-11-17,203726.77347316564
2014-11-18,205165.68815923226
2014-11-19,204185.2997140118
2014-11-20,204376.12567544886
2014-11-21,204552.55650258134
2014-11-24,206151.05136004984
2014-11-25,205796.68210645436
2014-11-26,206938.71776955528
2014-11-28,208736.99980326253
2014-12-01,206353.9475051923
2014-12-02,208036.56532417246
2014-12-03,207098.18749301496
2014-12-04,208912.67628985876
2014-12-05,210122.81493465364
2014-12-08,209040.55953947833
2014-12-09,209815.11855970815
2014-12-10,205497.5157834615
2014-12-11,207183.97936409814
2014-12-12,204506.48179025503
2014-12-15,202203.9283301813
2014-12-16,200671.81408105989
2014-12-17,205144.8714063614
2014-12-18,207631.78312779125
2014-12-19,207642.0541361924
2014-12-22,210524.02409780127
2014-12-23,211275.61518254882
2014-12-24,211879.91322840098
2014-12-26,212043.41711143486
2014-12-29,212631.12460848276
2014-12-30,212082.4557185363
2014-12-31,210208.8346994827
2015-01-02,209679.44901374067
2015-01-05,208210.73195945227
2015-01-06,207620.03492160325
2015-01-07,210433.27547678835
2015-01-08,213254.3184370895
2015-01-09,212554.2295988088
2015-01-12,212503.85397307816
2015-01-13,212457.05221364053
2015-01-14,212749.91535707767
2015-01-15,211347.82213148315
2015-01-16,214375.3283422443
2015-01-20,213716.62280640154
2015-01-21,211048.75070448325
2015-01-22,213682.99809336572
2015-01-23,214036.65229805635
2015-01-26,216784.10126725258
2015-01-27,215978.1105820281
2015-01-28,214002.21542231005
2015-01-29,217268.80889784315
2015-01-30,213144.93523484858
2015-02-02,212958.7723467572
2015-02-03,214571.545341631
2015-02-04,215440.71500779246
2015-02-05,217889.87985818007
2015-02-06,216776.87333418507
2015-02-09,215528.4923491087
2015-02-10,220035.37202405665
2015-02-11,221272.56968971892
2015-02-12,223255.4677795017
2015-02-13,223898.60778393818
2015-02-17,224121.40793765927
2015-02-18,224660.23469816873
2015-02-19,224546.86320055256
2015-02-20,227296.9915412506
2015-02-23,227823.13127884892
2015-02-24,227045.18931170902
2015-02-25,229048.85577654396
2015-02-26,229358.78906645073
2015-02-27,227669.42542369172
2015-03-02,230901.22889807017
2015-03-03,228840.02637033592
2015-03-04,228081.30547822005
2015-03-05,228499.83977104566
2015-03-06,225700.60127629392
2015-03-09,226328.35967481753
2015-03-10,224896.96440076595
2015-03-11,225586.85089584938
2015-03-12,228469.69485501727
2015-03-13,228732.2592105116
2015-03-16,231602.88600533706
2015-03-17,232082.26035883997
2015-03-18,233364.54960350844
2015-03-19,234864.2576522449
2015-03-20,235688.55483983524
2015-03-23,232909.46058349134
2015-03-24,231685.650791201
2015-03-25,227329.2012700896
2015-03-26,226447.80968429497
2015-03-27,226447.372869653
2015-03-30,229272.503096129
2015-03-31,228166.21023980388
2015-04-01,226764.80895627337
2015-04-02,226087.46899352607
2015-04-06,227621.71514738566
2015-04-07,227375.0348784385
2015-04-08,228523.040188249
2015-04-09,229852.9543858001
2015-04-10,229707.8190386169
2015-04-13,228526.00201615726
2015-04-14,228526.04014627973
2015-04-15,228016.19703902764
2015-04-16,228853.28583658993
2015-04-17,225994.40341323853
2015-04-20,226695.05527358328
2015-04-21,227894.5925481615
2015-04-22,227016.231769882
2015-04-23,227960.04113425667
2015-04-24,226999.79912867714
2015-04-27,221580.28274924596
2015-04-28,221630.3274432197
2015-04-29,221892.64886817575
2015-04-30,218110.56551322486
2015-05-01,221174.50731858693
2015-05-04,222080.26036284136
2015-05-05,219346.6388130023
2015-05-06,218403.2634934393
2015-05-07,218197.97843796396
2015-05-08,219943.12426492348
2015-05-11,220057.72246638962
2015-05-12,219616.70888564785
2015-05-13,219996.00036888866
2015-05-14,222819.46638111718
2015-05-15,222610.65498565172
2015-05-18,224073.9280508035
2015-05-19,224616.72209850157
2015-05-20,223873.5354631905
2015-05-21,225406.99785107758
2015-05-22,226219.51403197672
2015-05-26,222893.5712862396
2015-05-27,227519.54432403774
2015-05-28,226397.4687174844
2015-05-29,225548.10567533653
2015-06-01,225878.49146904584
2015-06-02,226076.40720356128
2015-06-03,225502.81510150185
2015-06-04,222669.5483979872
2015-06-05,224710.94251776673
2015-06-08,222057.2816104461
2015-06-09,221519.50752348593
2015-06-10,223079.60638621912
2015-06-11,223463.86384708324
2015-06-12,223316.36970256417
2015-06-15,223021.72121974712
2015-06-16,225716.2954869961
2015-06-17,228350.66663849854
2015-06-18,231201.66259413576
2015-06-19,232947.34563931043
2015-06-22,235505.33432777313
2015-06-23,235330.8524350533
2015-06-24,232187.34002833453
2015-06-25,232571.86983665905
2015-06-26,232242.46179020515
2015-06-29,227845.74603605666
2015-06-30,230303.70485777472
2015-07-01,231755.54957825365
2015-07-02,228882.89524701383
2015-07-06,229487.73014264903
2015-07-07,230988.40656563698
2015-07-08,227410.0147641025
2015-07-09,231667.2084303602
2015-07-10,234017.2471650472
2015-07-13,236489.56286469768
2015-07-14,239847.78210688097
2015-07-15,237696.41007722385
2015-07-16,244649.0940231986
2015-07-17,247386.79141368053
2015-07-20,246371.02385202207
2015-07-21,244120.3726045679
2015-07-22,245694.80174390157
2015-07-23,243815.63232905528
2015-07-24,244421.60356928912
2015-07-27,235824.16114216525
2015-07-28,235943.23801504337
2015-07-29,237935.9675895336
2015-07-30,239954.12614777638
2015-07-31,240256.10502583426
2015-08-03,240227.69095856757
2015-08-04,242384.70076457178
2015-08-05,243786.58656759106
2015-08-06,242874.4313088914
2015-08-07,242041.3630737891
2015-08-10,242830.3439011087
2015-08-11,243445.6058462829
2015-08-12,242717.9488858583
2015-08-13,243526.47950872063
2015-08-14,244307.72030763887
2015-08-17,246413.26766970844
2015-08-18,246580.84389998205
2015-08-19,244938.58789696236
2015-08-20,238863.34161873892
2015-08-21,234644.83170412405
2015-08-24,230666.3146548625
2015-08-25,230666.3146548625
2015-08-26,230666.3146548625
2015-08-27,230666.3146548625
2015-08-28,230666.3146548625
2015-08-31,230666.3146548625
2015-09-01,230666.3146548625
2015-09-02,230666.3146548625
2015-09-03,230666.3146548625
2015-09-04,230666.3146548625
2015-09-08,230666.3146548625
2015-09-09,230666.3146548625
2015-09-10,230666.3146548625
2015-09-11,230666.3146548625
2015-09-14,230666.3146548625
2015-09-15,230666.3146548625
2015-09-16,230666.3146548625
2015-09-17,230666.3146548625
2015-09-18,230666.3146548625
2015-09-21,230666.3146548625
2015-09-22,230666.3146548625
2015-09-23,230666.3146548625
2015-09-24,230666.3146548625
2015-09-25,230666.3146548625
2015-09-28,230666.3146548625
2015-09-29,230666.3146548625
2015-09-30,230666.3146548625
2015-10-01,230666.3146548625
2015-10-02,230666.3146548625
2015-10-05,230666.3146548625
2015-10-06,230666.3146548625
2015-10-07,230666.3146548625
2015-10-08,230666.3146548625
2015-10-09,230666.3146548625
2015-10-12,230666.3146548625
2015-10-13,230666.3146548625
2015-10-14,230666.3146548625
2015-10-15,230666.3146548625
2015-10-16,230666.3146548625
2015-10-19,230584.9836273879
2015-10-20,228986.42410808636
2015-10-21,229475.54899975675
2015-10-22,232927.62824156357
2015-10-23,234743.8415413873
2015-10-26,235062.2152129561
2015-10-27,233638.7519864921
2015-10-28,235673.1798043432
2015-10-29,235387.05002463076
2015-10-30,234729.7306235193
2015-11-02,236975.08599998857
2015-11-03,236366.90162607262
2015-11-04,235003.424214118
2015-11-05,235585.76567201945
2015-11-06,235609.0820181601
2015-11-09,231896.30593345032
2015-11-10,233957.8587816126
2015-11-11,234120.0799871047
2015-11-12,230553.7708268371
2015-11-13,228049.0256978366
2015-11-16,229164.7077047124
2015-11-17,229814.9573677723
2015-11-18,231652.99659457404
2015-11-19,231398.89823063012
2015-11-20,230823.3408669633
2015-11-23,230366.2601190224
2015-11-24,229905.12177441668
2015-11-25,230599.28845070305
2015-11-27,231352.40779015672
2015-11-30,229110.76124691506
2015-12-01,231532.6172790568
2015-12-02,230178.94042959434
2015-12-03,227380.26263319756
2015-12-04,231516.77159235333
2015-12-07,229854.73980928407
2015-12-08,230331.95148081242
2015-12-09,227032.25936255546
2015-12-10,226143.05121394966
2015-12-11,224576.92734587003
2015-12-14,225930.32012676154
2015-12-15,225629.33863892299
2015-12-16,227600.2113660344
2015-12-17,225647.06089220874
2015-12-18,222651.97403547989
2015-12-21,224233.79908236762
2015-12-22,225067.08010921426
2015-12-23,225451.73660139303
2015-12-24,225509.48318477615
2015-12-28,226287.6789644969
2015-12-29,228066.38696760937
2015-12-30,227194.56368417433
2015-12-31,224442.80322191468
2016-01-04,222728.6164378485
2016-01-05,225766.09439420464
2016-01-06,225068.41454077372
2016-01-07,220721.11862110015
2016-01-08,219634.72949907603
2016-01-11,221192.91822703934
2016-01-12,221163.38605329627
2016-01-13,217840.93050660775
2016-01-14,217160.57670609624
2016-01-15,216783.45386208565
2016-01-19,217791.70331078276
2016-01-20,215606.0788689074
2016-01-21,215309.47423037147
2016-01-22,216733.50646000114
2016-01-25,216577.54938501972
2016-01-26,216576.8373195008
2016-01-27,215870.56417962056
2016-01-28,216346.75939704487
2016-01-29,216644.72743278416
2016-02-01,216977.07374133184
2016-02-02,216931.24217884938
2016-02-03,217183.36178196874
2016-02-04,216992.8963966033
2016-02-05,216785.1099810318
2016-02-08,216704.30508998386
2016-02-09,217085.2343270659
2016-02-10,217362.2864596752
2016-02-11,216923.6291459166
2016-02-12,217131.40942689264
2016-02-16,216935.1790554687
2016-02-17,217212.22198618486
2016-02-18,217812.4875483905
2016-02-19,217812.4875483905
2016-02-22,217858.66418186607
2016-02-23,217731.6872582891
2016-02-24,217673.9607152614
2016-02-25,217997.17721215542
2016-02-26,217396.92238549184
2016-02-29,217362.2864596752
2016-03-01,217385.369408642
2016-03-02,218043.36151387534
2016-03-03,218355.03883675925
2016-03-04,217669.37085062073
2016-03-07,217990.89645100466
2016-03-08,216461.53000683014
2016-03-09,218877.01181145463
2016-03-10,219558.61828454988
2016-03-11,220337.68821929212
2016-03-14,219451.6445356337
2016-03-15,220089.4494526776
2016-03-16,221941.77028142993
2016-03-17,224260.64702560418
2016-03-18,222284.5295879067
2016-03-21,222898.3186332605
2016-03-22,222222.30475661642
2016-03-23,222201.02084642803
2016-03-24,222308.2027782611
2016-03-28,222023.54516062967
2016-03-29,225757.96290659648
2016-03-30,225983.56393972272
2016-03-31,226135.45996450097
2016-04-01,228046.08728519952
2016-04-04,225960.09943335006
2016-04-05,223504.29125284555
2016-04-06,224297.16316434494
2016-04-07,222049.8359619494
2016-04-08,222795.4924491754
2016-04-11,221878.0797573449
2016-04-12,223235.08281384574
2016-04-13,225198.25190191335
2016-04-14,224254.0291410507
2016-04-15,225217.5672148763
2016-04-18,226655.27726960546
2016-04-19,226024.7274144045
2016-04-20,225626.43680269815
2016-04-21,224262.29370206836
2016-04-22,224325.8754624218
2016-04-25,223418.402476733
2016-04-26,224798.4596415882
2016-04-27,224252.2609386499
2016-04-28,222122.5654773828
2016-04-29,223782.41614453605
2016-05-02,223719.99081995498
2016-05-03,220394.78435696056
2016-05-04,219841.3456688794
2016-05-05,221106.73473920173
2016-05-06,222578.28888036354
2016-05-09,220583.99407470765
2016-05-10,223827.24059528508
2016-05-11,223233.30939789413
2016-05-12,222721.96444561201
2016-05-13,221940.2254256093
2016-05-16,224654.45294451923
2016-05-17,221874.95613860103
2016-05-18,219597.08131465412
2016-05-19,220454.54824658117
2016-05-20,221422.527942052
2016-05-23,220678.69438775646
2016-05-24,221408.12932009043
2016-05-25,221241.8483144438
2016-05-26,222436.15926440517
2016-05-27,222695.74370931997
2016-05-31,222977.1241681111
2016-06-01,225608.66568592621
2016-06-02,226554.33074260835
2016-06-03,226311.82974056088
2016-06-06,227363.27530962063
2016-06-07,227561.47177386493
2016-06-08,229635.01558698385
2016-06-09,231467.7467521138
2016-06-10,229484.21116899996
2016-06-13,227926.22037814866
2016-06-14,228286.91488966864
2016-06-15,228089.65871565454
2016-06-16,228395.01266219903
2016-06-17,228067.98302672745
2016-06-20,228086.65127852745
2016-06-21,228714.9779337361
2016-06-22,226289.80102055313
2016-06-23,228085.01239113446
2016-06-24,225731.22971908178
2016-06-27,223922.03914918282
2016-06-28,225775.19428229748
2016-06-29,228003.8149205978
2016-06-30,231278.9739009089
2016-07-01,232685.43842649614
2016-07-05,233546.5194802187
2016-07-06,236182.09699055302
2016-07-07,233715.7680393012
2016-07-08,237248.50378936596
2016-07-11,237867.13388632037
2016-07-12,235324.42990081472
2016-07-13,236579.41536095188
2016-07-14,235365.2066241864
2016-07-15,235370.096021073
2016-07-18,235746.4979639058
2016-07-19,235755.86225086765
2016-07-20,234127.24004030516
2016-07-21,235292.4607541333
2016-07-22,236879.5853660226
2016-07-25,235561.14519167098
2016-07-26,236115.9088377155
2016-07-27,235320.51652883884
2016-07-28,239588.34991573918
2016-07-29,242968.2701301635
2016-08-01,243895.81118702862
2016-08-02,242471.7750759556
2016-08-03,241483.0206609099
2016-08-04,243860.12353840173
2016-08-05,243172.67220617156
2016-08-08,241915.69027661154
2016-08-09,241081.58838123747
2016-08-10,238496.12442591673
2016-08-11,239170.88116937032
2016-08-12,238463.02783847228
2016-08-15,240092.10813791415
2016-08-16,237543.61974757226
2016-08-17,237281.4025586856
2016-08-18,239363.11353472085
2016-08-19,238701.15996788224
2016-08-22,238970.0974934657
2016-08-23,240698.13076354493
2016-08-24,238500.1978212389
2016-08-25,240035.9967858567
2016-08-26,239201.2927032717
2016-08-29,240906.30782227768
2016-08-30,241385.13086525528
2016-08-31,241112.05815073402
2016-09-01,241841.95183734337
2016-09-02,244203.27738469475
2016-09-06,246077.71262047987
2016-09-07,246141.66169792536
2016-09-08,245357.03880363097
2016-09-09,239664.65262602846
2016-09-12,241950.13088673807
2016-09-13,240060.30473179906
2016-09-14,241768.2060994262
2016-09-15,245058.97097654257
2016-09-16,245067.92471942585
2016-09-19,244254.8804379881
2016-09-20,245198.15023973602
2016-09-21,248561.77757530872
2016-09-22,250059.4024839386
2016-09-23,249070.1625156202
2016-09-26,247680.78691926427
2016-09-27,249454.98031575594
2016-09-28,245138.59696473728
2016-09-29,240289.12691888507
2016-09-30,241620.32196333632
2016-10-03,240700.87795475964
2016-10-04,241108.13271880097
2016-10-05,241822.23500756526
2016-10-06,240692.70741354677
2016-10-07,240663.44403247262
2016-10-10,241842.7075357664
2016-10-11,237776.2046631901
2016-10-12,237293.88439182466
2016-10-13,236037.9187202322
2016-10-14,235293.1795201485
2016-10-17,234432.98386024745
2016-10-18,236051.3414660693
2016-10-19,239062.43615010811
2016-10-20,238671.33441864306
2016-10-21,237647.82668855487
2016-10-24,237864.54685097028
2016-10-25,235214.82460721408
2016-10-26,234329.97896432536
2016-10-27,233581.23556606125
2016-10-28,235442.5449018313
2016-10-31,234260.84296577744
2016-11-01,231936.0635046619
2016-11-02,230494.80359084738
2016-11-03,230114.41569452052
2016-11-04,231823.4841687224
2016-11-07,234150.0140504345
2016-11-08,234638.071142926
2016-11-09,237247.34714396895
2016-11-10,233051.22307226746
2016-11-11,233729.85296665094
2016-11-14,235700.58812651254
2016-11-15,238914.88638239694
2016-11-16,239271.6608464466
2016-11-17,241000.04316728516
2016-11-18,240380.77966852835
2016-11-21,242036.21126254485
2016-11-22,241370.20242942154
2016-11-23,245001.54895545225
2016-11-25,245183.22696748175
2016-11-28,242805.56436432851
2016-11-29,244843.66407788554
2016-11-30,246151.27154716616
2016-12-01,242354.0308339307
2016-12-02,242890.8904060962
2016-12-05,244202.83767856192
2016-12-06,247237.1710618325
2016-12-07,248347.1169336634
2016-12-08,247471.1396840327
2016-12-09,245191.5722428882
2016-12-12,243434.24135987635
2016-12-13,244674.14454896422
2016-12-14,242869.99926503666
2016-12-15,244280.73610748045
2016-12-16,242377.58286466185
2016-12-19,242135.09131280347
2016-12-20,243686.63031291674
2016-12-21,244028.61950669767
2016-12-22,243322.83232643505
2016-12-23,243717.08646895175
2016-12-27,244534.8181677136
2016-12-28,241825.81549405938
2016-12-29,241211.05782041542
2016-12-30,239906.3781743705
2017-01-03,241401.58629955124
2017-01-04,242577.08814725938
2017-01-05,241728.85251769636
2017-01-06,241717.3921734631
2017-01-09,239242.17634573486
2017-01-10,237733.68585468215
2017-01-11,239155.85244502535
2017-01-12,238046.4017496626
2017-01-13,239509.2509381375
2017-01-17,236217.23095388786
2017-01-18,237030.78858541313
2017-01-19,236050.84662853688
2017-01-20,236403.60445281703
2017-01-23,235701.98562773416
2017-01-24,239603.27050464478
2017-01-25,240311.70843504148
2017-01-26,241448.8276897621
2017-01-27,241517.68796299884
2017-01-30,239730.29113487925
2017-01-31,238240.65024365543
2017-02-01,239096.07196990284
2017-02-02,238630.81144768116
2017-02-03,240706.8744951021
2017-02-06,239744.51079799677
2017-02-07,240460.43703765143
2017-02-08,240010.38398108172
2017-02-09,241862.90813307842
2017-02-10,241821.81822031087
2017-02-13,241333.9393979902
2017-02-14,240533.63373540956
2017-02-15,241048.06407868888
2017-02-16,239472.45422466838
2017-02-17,240786.49829802357
2017-02-21,242030.9700633336
2017-02-22,240115.74038065714
2017-02-23,235989.29202202384
2017-02-24,237470.81140050918
2017-02-27,239704.85685420537
2017-02-28,234282.53907261053
2017-03-01,237223.33843401022
2017-03-02,235107.5706464104
2017-03-03,237001.40667416595
2017-03-06,235767.40155038785
2017-03-07,234254.2550452031
2017-03-08,232989.70098431583
2017-03-09,232398.34224762235
2017-03-10,232801.28702076102
2017-03-13,233941.71564784227
2017-03-14,232681.07694322374
2017-03-15,234373.2609892179
2017-03-16,234672.96917362788
2017-03-17,234311.03680420708
2017-03-20,233847.74007410687
2017-03-21,228723.43261796056
2017-03-22,229984.24051474567
2017-03-23,229988.1247049682
2017-03-24,231284.14252042363
2017-03-27,231984.76141531504
2017-03-28,233133.73905182676
2017-03-29,232396.04213399888
2017-03-30,232308.69274324478
2017-03-31,231830.22989549753
2017-04-03,230405.19689862168
2017-04-04,231374.81576013356
2017-04-05,231077.7313477139
2017-04-06,231861.1313446354
2017-04-07,230752.60860366153
2017-04-10,230366.0705486093
2017-04-11,229893.84198886793
2017-04-12,228025.38370175188
2017-04-13,227517.16780072325
2017-04-17,229167.59867437568
2017-04-18,229054.8046090199
2017-04-19,228559.36933899263
2017-04-20,230161.9112194931
2017-04-21,230108.4722084319
2017-04-24,231386.08117743675
2017-04-25,232702.12966503046
2017-04-26,233691.93167482564
2017-04-27,235364.7528291784
2017-04-28,233420.12709149343
2017-05-01,234171.4450428927
2017-05-02,233634.07884791933
2017-05-03,231667.29357588946
2017-05-04,232301.35431931433
2017-05-05,233602.75818076704
2017-05-08,231720.50531466104
2017-05-09,234233.87845386492
2017-05-10,235881.06124897694
2017-05-11,235236.0098280034
2017-05-12,233986.86608311388
2017-05-15,235188.3206105524
2017-05-16,234396.99653134594
2017-05-17,228989.0129791997
2017-05-18,229907.95459282372
2017-05-19,230435.66533642524
2017-05-22,238193.67665701426
2017-05-23,237130.02646636034
2017-05-24,237849.00506800416
2017-05-25,239228.0817346097
2017-05-26,242084.02405768738
2017-05-30,241907.58231120324
2017-05-31,240540.22627360275
2017-06-01,245354.52137110214
2017-06-02,246213.6038407347
2017-06-05,245194.19746601908
2017-06-06,248036.61979876796
2017-06-07,248701.5811439786
2017-06-08,251941.09592660723
2017-06-09,242144.15129629176
2017-06-12,240887.99393440533
2017-06-13,242607.9648936782
2017-06-14,243418.5477027103
2017-06-15,244052.90310562053
2017-06-16,245370.3335690375
2017-06-19,245839.67575425637
2017-06-20,244942.98869204463
2017-06-21,245867.5237743418
2017-06-22,245774.00601684913
2017-06-23,247160.60669334565
2017-06-26,245072.1011601069
2017-06-27,241117.75066765642
2017-06-28,242127.23601913173
2017-06-29,238278.09307835565
2017-06-30,239093.32384203584
2017-07-03,237634.9465923935
2017-07-05,237636.82339744925
2017-07-06,235595.4167191838
2017-07-07,237212.23367169412
2017-07-10,237691.11727377167
2017-07-11,237133.0428965803
2017-07-12,241029.9761172784
2017-07-13,240914.10698600233
2017-07-14,241628.3552503134
2017-07-17,241162.97473464118
2017-07-18,241380.31198802753
2017-07-19,242558.27552507934
2017-07-20,242273.93599807256
2017-07-21,242244.89744315512
2017-07-24,242930.0295542368
2017-07-25,239952.44831888913
2017-07-26,240681.18999691017
2017-07-27,237632.11775237974
2017-07-28,238585.77358009233
2017-07-31,236773.9814247914
2017-08-01,237816.31866511045
2017-08-02,235075.31247522152
2017-08-03,236926.93292723826
2017-08-04,236207.3103285712
2017-08-07,238099.92513907255
2017-08-08,236994.80192847198
2017-08-09,237009.49751922747
2017-08-10,231899.34573896285
2017-08-11,232332.1718112587
2017-08-14,236392.12293480622
2017-08-15,238111.6995130049
2017-08-16,239343.65683082925
2017-08-17,234004.81065239097
2017-08-18,234099.50760653798
2017-08-21,234543.747978545
2017-08-22,237343.69374870363
2017-08-23,237025.07462882216
2017-08-24,237631.9879123312
2017-08-25,237703.015702933
2017-08-28,238174.50704928825
2017-08-29,237393.2961687865
2017-08-30,240240.20066161142
2017-08-31,243257.96305660272
2017-09-01,243151.63098993138
2017-09-05,241714.58344526653
2017-09-06,239941.08622694496
2017-09-07,243004.8877408655
2017-09-08,243261.82874019793
2017-09-11,245560.34423109834
2017-09-12,246657.76426677662
2017-09-13,245139.22910068775
2017-09-14,245598.97766364238
2017-09-15,246511.55539050553
2017-09-18,249760.38354857676
2017-09-19,250343.21496429987
2017-09-20,250347.69001445876
2017-09-21,248172.4063227477
2017-09-22,248203.808880814
2017-09-25,241824.50473164814
2017-09-26,239989.27631929173
2017-09-27,242750.61687724906
2017-09-28,244264.535770132
2017-09-29,245934.9433331245
2017-10-02,248692.5941374098
2017-10-03,249195.73794271937
2017-10-04,249471.68249721237
2017-10-05,252194.86466548903
2017-10-06,252732.36764125223
2017-10-09,251960.09809724838
2017-10-10,250989.95646449018
2017-10-11,252546.01238578657
2017-10-12,253818.2404493568
2017-10-13,253058.1324310294
2017-10-16,253853.0815779787
2017-10-17,252861.49904086447
2017-10-18,253691.7918949079
2017-10-19,252957.70992224923
2017-10-20,253648.24699323878
2017-10-23,253562.07568227267
2017-10-24,255561.1920730688
2017-10-25,253946.3301677576
2017-10-26,256418.98678213978
2017-10-27,261811.92870891548
2017-10-30,263122.5463089071
2017-10-31,263160.90817687346
2017-11-01,262766.18934029737
2017-11-02,262889.70829251426
2017-11-03,265651.9063941503
2017-11-06,268142.7626243373
2017-11-07,266180.4157544585
2017-11-08,266483.99710978015
2017-11-09,264685.48906880314
2017-11-10,266210.0575646836
2017-11-13,267898.0571404923
2017-11-14,267602.9953108512
2017-11-15,266073.85565018747
2017-11-16,269828.7017729905
2017-11-17,271910.28638888255
2017-11-20,274901.08156007394
2017-11-21,279199.37196986575
2017-11-22,279409.79641101416
2017-11-24,280283.74834465433
2017-11-27,274225.96816524095
2017-11-28,278359.365724685
2017-11-29,272209.2528275882
2017-11-30,272942.9874920856
2017-12-01,270910.14589082886
2017-12-04,268761.143630733
2017-12-05,266930.9449904678
2017-12-06,266597.9377975095
2017-12-07,269870.3061861981
2017-12-08,271925.6807327906
2017-12-11,271703.20147631137
2017-12-12,272098.56051615585
2017-12-13,271676.44845697604
2017-12-14,269783.819649685
2017-12-15,272048.37399985734
2017-12-18,276364.33314014104
2017-12-19,274940.6954778826
2017-12-20,274690.8121632316
2017-12-21,275950.75330985256
2017-12-22,276376.9893290613
2017-12-26,278051.6976573616
2017-12-27,277072.5501736323
2017-12-28,278580.55361352034
2017-12-29,276351.3817518988
2018-01-02,278325.28830428445
2018-01-03,276978.8827967216
2018-01-04,276092.3302680743
2018-01-05,276537.5054580966
2018-01-08,278108.2769224788
2018-01-09,279053.90069908934
2018-01-10,277938.6609807265
2018-01-11,284079.83673513826
2018-01-12,286487.39614414587
2018-01-16,279362.4714704586
2018-01-17,283612.30291632976
2018-01-18,283810.91132043063
2018-01-19,286146.54657831136
2018-01-22,289770.91189464426
2018-01-23,290357.4881546312
2018-01-24,287845.2638914701
2018-01-25,286887.2628816431
2018-01-26,294583.97176419717
2018-01-29,292870.70572267985
2018-01-30,286328.1473278936
2018-01-31,284344.8894874194
2018-02-01,284714.44747669355
2018-02-02,277800.0189163998
2018-02-05,267252.1287713883
2018-02-06,266889.75979475374
2018-02-07,266888.2374543553
2018-02-08,256162.91163720438
2018-02-09,260826.24678554552
2018-02-12,262184.70132172306
2018-02-13,265179.34151147516
2018-02-14,269011.11995134427
2018-02-15,271314.5349617773
2018-02-16,265819.82410176046
2018-02-20,264639.7857935062
2018-02-21,265146.36140173423
2018-02-22,265266.87667291216
2018-02-23,268610.2503857466
2018-02-26,270844.7758151065
2018-02-27,267511.3573654382
2018-02-28,267567.7358923645
2018-03-01,265022.29059579637
2018-03-02,269682.0024788849
2018-03-05,270853.1589092985
2018-03-06,273967.04469046474
2018-03-07,276550.3634151254
2018-03-08,279558.06316600903
2018-03-09,282751.37532034883
2018-03-12,282361.6802902334
2018-03-13,281208.2207316212
2018-03-14,284803.6205745024
2018-03-15,283323.1898867567
2018-03-16,283515.13152491936
2018-03-19,281430.1033667273
2018-03-20,285488.4933083141
2018-03-21,284073.66072525823
2018-03-22,277825.93489648437
2018-03-23,272312.11530123383
2018-03-26,278191.0773664804
2018-03-27,273727.4491384452
2018-03-28,272579.12860583095
2018-03-29,273196.591292238
2018-04-02,272229.57948387397
2018-04-03,272507.1078335531
2018-04-04,272688.85887086357
2018-04-05,272847.9171311112
2018-04-06,272648.28993354284
2018-04-09,272661.2807859406
2018-04-10,272980.9964342057
2018-04-11,273000.4717222334
2018-04-12,272849.5382400187
2018-04-13,272414.6002154215
2018-04-16,272740.80029931664
2018-04-17,273112.4546283927
2018-04-18,271578.09477519715
2018-04-19,269749.94576522824
2018-04-20,267905.12876785593
2018-04-23,266678.6287411095
2018-04-24,263049.69725116057
2018-04-25,262959.15016642
2018-04-26,263994.0766098978
2018-04-27,264339.2206400656
2018-04-30,263767.14794578665
2018-05-01,264166.87858128676
2018-05-02,263469.3664065622
2018-05-03,263863.4809893642
2018-05-04,264448.045046874
2018-05-07,265247.34947500896
2018-05-08,265036.75815257005
2018-05-09,264533.1690278107
2018-05-10,265999.2639219061
2018-05-11,268558.52264955454
2018-05-14,267473.87531661097
2018-05-15,266284.59575259767
2018-05-16,267004.18314387667
2018-05-17,269812.52321403363
2018-05-18,270300.2299002339
2018-05-21,271806.0600088772
2018-05-22,269962.82389763306
2018-05-23,269768.65016383916
2018-05-24,271885.8431942475
2018-05-25,271532.08279752126
2018-05-29,270324.5516491506
2018-05-30,273515.49285701854
2018-05-31,272669.46865737345
2018-06-01,278813.1333436183
2018-06-04,281567.39467607066
2018-06-05,282515.17259329325
2018-06-06,281502.35078288964
2018-06-07,276249.94889409724
2018-06-08,278881.1210684878
2018-06-11,278009.8860616818
2018-06-12,278856.38334271865
2018-06-13,277786.68642649485
2018-06-14,278906.8032397654
2018-06-15,279191.06661576004
2018-06-18,283186.20704254764
2018-06-19,291103.31381962006
2018-06-20,296821.0183976352
2018-06-21,288700.9819565239
2018-06-22,284654.50038694334
2018-06-25,276775.5090896457
2018-06-26,278435.93511262245
2018-06-27,275286.06359128683
2018-06-28,279615.92091993766
2018-06-29,277436.33768827305
2018-07-02,279745.35792554443
2018-07-03,279142.4597845494
2018-07-05,280916.6658214025
2018-07-06,283705.08605107665
2018-07-09,281155.398859177
2018-07-10,282060.0845910207
2018-07-11,280545.3812069327
2018-07-12,281285.66310378595
2018-07-13,284525.9547469021
2018-07-16,283187.93426438153
2018-07-17,282858.4036223755
2018-07-18,280643.21222997503
2018-07-19,282615.23624640336
2018-07-20,281891.83520658955
2018-07-23,283369.5895090076
2018-07-24,277713.06468197005
2018-07-25,282151.63015553565
2018-07-26,278930.02837962215
2018-07-27,274373.8128783875
2018-07-30,265798.77035750286
2018-07-31,264977.8010636377
2018-08-01,265702.67590352806
2018-08-02,268664.86937405425
2018-08-03,267582.3348698858
2018-08-06,270830.9399157164
2018-08-07,272509.22499327676
2018-08-08,272785.62121960684
2018-08-09,271213.8818744779
2018-08-10,270759.39712765784
2018-08-13,270618.95062710566
2018-08-14,273316.35506519495
2018-08-15,268984.029894109
2018-08-16,270360.1326534834
2018-08-17,271864.34273527376
2018-08-20,273163.8901017697
2018-08-21,274785.36034171854
2018-08-22,275881.3324857178
2018-08-23,276964.72233051714
2018-08-24,279408.41603493335
2018-08-27,281952.66819020716
2018-08-28,281749.5147416665
2018-08-29,283961.0775975085
2018-08-30,282775.9015796194
2018-08-31,287992.78882175515
2018-09-04,293133.25946185004
2018-09-05,289031.8157652289
2018-09-06,285959.83817593096
2018-09-07,284599.87359829154
2018-09-10,290423.40442306263
2018-09-11,292070.3566659506
2018-09-12,293574.52360684006
2018-09-13,294028.9811647594
2018-09-14,297900.01795626996
2018-09-17,291415.29743024183
2018-09-18,292652.97631247697
2018-09-19,288738.176084858
2018-09-20,289437.70036799234
2018-09-21,290512.69719040924
2018-09-24,293326.32363185193
2018-09-25,293736.21480806975
2018-09-26,292975.65870545205
2018-09-27,295157.272711732
2018-09-28,293959.8268081837
2018-10-01,295523.0200041369
2018-10-02,290758.1284788521
2018-10-03,290040.28993538604
2018-10-04,286422.4845815518
2018-10-05,282879.0734098039
2018-10-08,282524.05392509757
2018-10-09,282447.2775508171
2018-10-10,273030.50020321313
2018-10-11,269268.1896850745
2018-10-12,271268.3296666519
2018-10-15,272733.8226605792
2018-10-16,274780.01237924246
2018-10-17,274962.1265235329
2018-10-18,273975.2518566757
2018-10-19,274398.9269329527
2018-10-22,274634.12834758783
2018-10-23,275353.49888459255
2018-10-24,273397.50166870037
2018-10-25,273208.49406593933
2018-10-26,272173.1160765912
2018-10-29,272948.17432454793
2018-10-30,274770.9500823263
2018-10-31,274042.4925432884
2018-11-01,273765.00270608085
2018-11-02,273686.36906012095
2018-11-05,274725.90434794984
2018-11-06,275085.55478661624
2018-11-07,275642.76239366434
2018-11-08,275287.6199961098
2018-11-09,274625.07775709836
2018-11-12,268134.60375159944
2018-11-13,267503.54440434434
2018-11-14,266227.8631599041
2018-11-15,266627.8567011461
2018-11-16,268747.85624263744
2018-11-19,267399.3178377524
2018-11-20,265195.91610609076
2018-11-21,264917.7658572174
2018-11-23,265390.4490907587
2018-11-26,265193.149256687
2018-11-27,267348.93680507224
2018-11-28,269807.126891471
2018-11-29,270023.9277415325
2018-11-30,271246.7832194449
2018-12-03,271044.5818343967
2018-12-04,268248.5260678852
2018-12-06,267530.9849556895
2018-12-07,265265.8716997773
2018-12-10,265523.38297823275
2018-12-11,265409.3487491776
2018-12-12,265740.43067863566
2018-12-13,266108.3231334983
2018-12-14,265374.8024817505
2018-12-17,264897.792405365
2018-12-18,264897.792405365
2018-12-19,264897.792405365
2018-12-20,264897.792405365
2018-12-21,264897.792405365
2018-12-24,264897.792405365
2018-12-26,264897.792405365
2018-12-27,264897.792405365
2018-12-28,264897.792405365
2018-12-31,264897.792405365
2019-01-02,264897.792405365
2019-01-03,264897.792405365
2019-01-04,264897.792405365
2019-01-07,264897.792405365
2019-01-08,264897.792405365
2019-01-09,264897.792405365
2019-01-10,264897.792405365
2019-01-11,264897.792405365
2019-01-14,264897.792405365
2019-01-15,264897.792405365
2019-01-16,264897.792405365
2019-01-17,264897.792405365
2019-01-18,264897.792405365
2019-01-22,264897.792405365
2019-01-23,264897.792405365
2019-01-24,264897.792405365
2019-01-25,264897.792405365
2019-01-28,264897.792405365
2019-01-29,264897.792405365
2019-01-30,264897.792405365
2019-01-31,264897.792405365
2019-02-01,266874.70595928706
2019-02-04,268963.2644266887
2019-02-05,270538.9581450927
2019-02-06,270510.4562461551
2019-02-07,268755.2170359079
2019-02-08,271601.81569679367
2019-02-11,271808.2770690187
2019-02-12,274143.89495311567
2019-02-13,271384.52749305643
2019-02-14,271752.8073871684
2019-02-15,272609.35996021744
2019-02-19,274394.3175404147
2019-02-20,274363.8988595897
2019-02-21,273993.1087411295
2019-02-22,278082.7150837465
2019-02-25,278282.8549041153
2019-02-26,279227.34367146075
2019-02-27,282924.8586429667
2019-02-28,283429.4618092265
2019-03-01,285422.3154539711
2019-03-04,279125.1346640307
2019-03-05,280183.3264136036
2019-03-06,278097.60965537815
2019-03-07,276563.8932767684
2019-03-08,277269.9276125087
2019-03-11,280575.8182174969
2019-03-12,281798.637245963
2019-03-13,283360.3807711734
2019-03-14,283362.58591298765
2019-03-15,285083.6078220046
2019-03-18,284327.1500519981
2019-03-19,283782.0506774641
2019-03-20,282299.8485045976
2019-03-21,285342.30917918123
2019-03-22,281448.2230310987
2019-03-25,282331.91940993554
2019-03-26,283702.0761639712
2019-03-27,281694.6693279118
2019-03-28,281111.18837072403
2019-03-29,283076.812732636
2019-04-01,282368.50857441314
2019-04-02,284681.27575195534
2019-04-03,286071.5383382042
2019-04-04,284243.8427810969
2019-04-05,286453.89476053795
2019-04-08,286826.85075668624
2019-04-09,285237.76072873786
2019-04-10,287722.8781311421
2019-04-11,288302.21378556144
2019-04-12,289722.9795612698
2019-04-15,289722.66332446004
2019-04-16,287293.42582163244
2019-04-17,283859.26938407694
2019-04-18,284980.4435821451
2019-04-22,284712.6632755226
2019-04-23,288091.6571151736
2019-04-24,290046.53218582016
2019-04-25,289350.48223633383
2019-04-26,289974.48698816105
2019-04-29,291164.861552401
2019-04-30,293100.9191500678
2019-05-01,290381.44262316794
2019-05-02,292730.56901555497
2019-05-03,295778.2205069004
2019-05-06,295891.1004221624
2019-05-07,288949.60371289216
2019-05-08,288305.8911741162
2019-05-09,287205.1608686761
2019-05-10,288519.9683997496
2019-05-13,277689.1973689704
2019-05-14,282402.45363468013
2019-05-15,285848.0295867071
2019-05-16,294005.63652924885
2019-05-17,291055.3424402319
2019-05-20,285899.070145908
2019-05-21,286691.89592500625
2019-05-22,287136.2759068365
2019-05-23,282963.6572554063
2019-05-24,284239.01208529744
2019-05-28,285497.75178167404
2019-05-29,279403.4841781719
2019-05-30,282313.45896690676
2019-05-31,281966.2142823268
2019-06-03,273309.87961674004
2019-06-04,277760.80043971655
2019-06-05,284069.6748135138
2019-06-06,287879.89586292335
2019-06-07,292255.246920607
2019-06-10,294160.59029689076
2019-06-11,292463.55352164654
2019-06-12,295677.1599931817
2019-06-13,295309.37085755996
2019-06-14,294962.8942603705
2019-06-17,295050.44048531976
2019-06-18,295383.106765511
2019-06-19,299232.14593390736
2019-06-20,301382.28817053034
2019-06-21,300302.63479944086
2019-06-24,296914.74088040076
2019-06-25,293248.2059144767
2019-06-26,289951.9978058181
2019-06-27,292462.24762372894
2019-06-28,296515.3913419605
2019-07-01,297803.7583763349
2019-07-02,298653.37817230454
2019-07-03,301964.4905429702
2019-07-05,301921.8429245781
2019-07-08,299885.5940680707
2019-07-09,300198.4293362764
2019-07-10,301099.68130987947
2019-07-11,301976.1762054001
2019-07-12,303910.39418121934
2019-07-15,302955.2825011131
2019-07-16,300945.1889601173
2019-07-17,298783.1976661586
2019-07-18,301694.8404779093
2019-07-19,299454.9432097332
2019-07-22,301743.23733344453
2019-07-23,300682.0373176259
2019-07-24,304554.68395931384
2019-07-25,303927.863431007
2019-07-26,301893.74988230254
2019-07-29,299510.8017693641
2019-07-30,299430.7259595119
2019-07-31,296418.8333641242
2019-08-01,292564.0372387067
2019-08-02,289135.3632619982
2019-08-05,280742.64074435737
2019-08-06,285482.339740015
2019-08-07,286668.49750964576
2019-08-08,290188.97676799976
2019-08-09,291154.82125665044
2019-08-12,290770.3297857674
2019-08-13,293785.94966393546
2019-08-14,284220.6213189282
2019-08-15,286116.72591599193
2019-08-16,288793.042374918
2019-08-19,290582.75700056914
2019-08-20,290290.4352596674
2019-08-21,295061.01310176915
2019-08-22,294095.4464176693
2019-08-23,288064.8348869826
2019-08-26,292502.58793220395
2019-08-27,291609.4800595935
2019-08-28,291334.13270626205
2019-08-29,292891.37766502175
2019-08-30,293014.61757091386
2019-09-03,294371.8184695967
2019-09-04,296984.2742842793
2019-09-05,295817.9698461294
2019-09-06,294558.1017747986
2019-09-09,282831.41271907464
2019-09-10,273471.93680368876
2019-09-11,274090.1348820594
2019-09-12,274853.1517551036
2019-09-13,272992.4560304322
2019-09-16,271085.1018959938
2019-09-17,272885.97101331176
2019-09-18,273007.1606463388
2019-09-19,272136.7183144368
2019-09-20,269815.7356797771
2019-09-23,269227.1383184631
2019-09-24,267385.89759174
2019-09-25,270633.96708560624
2019-09-26,268524.8059460191
2019-09-27,264467.091758666
2019-09-30,264052.16576138843
2019-10-01,260229.02292146196
2019-10-02,256790.72797188268
2019-10-03,257120.88941746336
2019-10-04,258171.0069963694
2019-10-07,257971.6120613992
2019-10-08,253578.91373003222
2019-10-09,255700.64632412526
2019-10-10,256900.70264348597
2019-10-11,255300.966456899
2019-10-14,256319.82406252186
2019-10-15,257045.7086815813
2019-10-16,256657.21881870634
2019-10-17,256393.80777239057
2019-10-18,255890.14783175386
2019-10-21,256172.6019146414
2019-10-22,255076.52698091918
2019-10-23,256326.2946406722
2019-10-24,260672.86633455113
2019-10-25,258518.91870564563
2019-10-28,259330.32438908072
2019-10-29,257607.4773009419
2019-10-30,259638.1117571481
2019-10-31,264006.92353107664
2019-11-01,263217.86444115744
2019-11-04,259169.64465923724
2019-11-05,257810.03419938433
2019-11-06,258302.09685232968
2019-11-07,258035.85652065126
2019-11-08,258664.1323598816
2019-11-11,260963.80035792844
2019-11-12,259470.04935298557
2019-11-13,259388.24685281448
2019-11-14,259905.62844416758
2019-11-15,261790.9328071277
2019-11-18,263254.49541221606
2019-11-19,261442.47333492094
2019-11-20,262388.6741111232
2019-11-21,261335.45710285372
2019-11-22,260000.53336641987
2019-11-25,264342.22307580756
2019-11-26,266720.26290352887
2019-11-27,267880.9045748068
2019-11-29,265953.34437154105
2019-12-02,264015.51779541693
2019-12-03,265895.04020046705
2019-12-04,265609.27998553804
2019-12-05,265810.35353138985
2019-12-06,267792.45097707404
2019-12-09,263984.30545360927
2019-12-10,262759.45277643437
2019-12-11,262814.25176832674
2019-12-12,263697.7997995179
2019-12-13,261599.02324608908
2019-12-16,264428.21618901606
2019-12-17,263794.02129542804
2019-12-18,263660.78653039975
2019-12-19,266856.2011532239
2019-12-20,268097.6691624281
2019-12-23,267723.252471459
2019-12-24,268165.855691516
2019-12-26,269903.10345142736
2019-12-27,269741.6670496196
2019-12-30,267699.9809293738
2019-12-31,267324.7213713304
2020-01-02,271907.5618081241
2020-01-03,270035.25441161956
2020-01-06,268623.1694121432
2020-01-07,270253.73848546186
2020-01-08,271295.6794945729
2020-01-09,272451.05680065573
2020-01-10,270343.3848679059
2020-01-13,272669.8754059007
2020-01-14,272206.3464275852
2020-01-15,269469.29676900967
2020-01-16,273356.93175130594
2020-01-17,273413.8889098741
2020-01-21,273036.7986596008
2020-01-22,274018.4176789664
2020-01-23,274814.7993169977
2020-01-24,271013.17379447405
2020-01-27,266062.4200678305
2020-01-28,269705.2464401525
2020-01-29,268742.4414585464
2020-01-30,270539.1159395786
2020-01-31,267198.3888203526
2020-02-03,274557.8807955193
2020-02-04,282435.14566001523
2020-02-05,277913.8997939076
2020-02-06,279844.38350424444
2020-02-07,283835.2001919286
2020-02-10,288309.1190413629
2020-02-11,289989.16079402546
2020-02-12,289104.882853015
2020-02-13,291842.36963571986
2020-02-14,296480.60835970927
2020-02-18,299718.43108178617
2020-02-19,303120.6748922456
2020-02-20,304374.58625005727
2020-02-21,300531.35808880476
2020-02-24,291862.68875675136
2020-02-25,282954.4854843124
2020-02-26,281323.9300943813
2020-02-27,278921.2485390026
2020-02-28,277804.0551385215
2020-03-02,278942.9136746182
2020-03-03,277438.87229579064
2020-03-04,278725.206320246
2020-03-05,279088.04952956
2020-03-06,279040.0602548223
2020-03-09,276678.8605491507
2020-03-10,276678.8605491507
2020-03-11,276678.8605491507
2020-03-12,276678.8605491507
2020-03-13,276678.8605491507
2020-03-16,276678.8605491507
2020-03-17,276678.8605491507
2020-03-18,276678.8605491507
2020-03-19,276678.8605491507
2020-03-20,276678.8605491507
2020-03-23,276678.8605491507
2020-03-24,276678.8605491507
2020-03-25,276678.8605491507
2020-03-26,276678.8605491507
2020-03-27,276678.8605491507
2020-03-30,276678.8605491507
2020-03-31,276678.8605491507
2020-04-01,276678.8605491507
2020-04-02,276678.8605491507
2020-04-03,276678.8605491507
2020-04-06,276678.8605491507
2020-04-07,276678.8605491507
2020-04-08,276678.8605491507
2020-04-09,276678.8605491507
2020-04-13,276678.8605491507
2020-04-14,276678.8605491507
2020-04-15,276678.8605491507
2020-04-16,276678.8605491507
2020-04-17,276678.8605491507
2020-04-20,276678.8605491507
2020-04-21,276678.8605491507
2020-04-22,276678.8605491507
2020-04-23,276678.8605491507
2020-04-24,276678.8605491507
2020-04-27,276678.8605491507
2020-04-28,276678.8605491507
2020-04-29,276678.8605491507
2020-04-30,276678.8605491507
2020-05-01,276678.8605491507
2020-05-04,276678.8605491507
2020-05-05,276678.8605491507
2020-05-06,276678.8605491507
2020-05-07,276678.8605491507
2020-05-08,276678.8605491507
2020-05-11,276678.8605491507
2020-05-12,276678.8605491507
2020-05-13,276678.8605491507
2020-05-14,276678.8605491507
2020-05-15,276678.8605491507
2020-05-18,276678.8605491507
2020-05-19,276678.8605491507
2020-05-20,276678.8605491507
2020-05-21,275939.1181380678
2020-05-22,280601.64610479446
2020-05-26,275832.3848985308
2020-05-27,273899.9084648323
2020-05-28,272100.4221656363
2020-05-29,274597.1411256457
2020-06-01,279537.58508340246
2020-06-02,283961.2672156451
2020-06-03,287222.2476841863
2020-06-04,279899.5422372814
2020-06-05,278973.5525733227
2020-06-08,277840.0168905216
2020-06-09,275936.3075546181
2020-06-10,279554.0626413672
2020-06-11,265456.8185312976
2020-06-12,270240.1542140102
2020-06-15,274259.9633148089
2020-06-16,274638.35985711374
2020-06-17,271843.26247256354
2020-06-18,273656.3174337889
2020-06-19,270991.38801155315
2020-06-22,273891.48136365466
2020-06-23,273792.823929246
2020-06-24,268715.9632368046
2020-06-25,272165.66605714214
2020-06-26,267980.88537353824
2020-06-29,264447.35640156525
2020-06-30,268670.1470940103
2020-07-01,274690.3813491881
2020-07-02,278430.4487684197
2020-07-06,280467.4905896742
2020-07-07,283279.1280731632
2020-07-08,291176.1989454362
2020-07-09,292692.7306363063
2020-07-10,291342.2198495087
2020-07-13,277349.66296824557
2020-07-14,282829.99308693974
2020-07-15,282356.76076874137
2020-07-16,281985.97065083345
2020-07-17,288568.4065318994
2020-07-20,292582.18687259307
2020-07-21,287755.65150745574
2020-07-22,289971.68798327993
2020-07-23,281038.27973820234
2020-07-24,280873.36369561555
2020-07-27,286235.3091911033
2020-07-28,282162.59150313796
2020-07-29,285862.585162622
2020-07-30,281524.72761441686
2020-07-31,281141.6963213798
2020-08-03,287446.86713724665
2020-08-04,287406.20163656364
2020-08-05,293588.955370472
2020-08-06,293550.41989193857
2020-08-07,289983.2865586957
2020-08-10,285729.7466824446
2020-08-11,281832.68950862985
2020-08-12,288468.81600720866
2020-08-13,293457.9227558898
2020-08-14,291782.27385183447
2020-08-17,299119.24434833083
2020-08-18,300268.99275744724
2020-08-19,299721.758417548
2020-08-20,298945.9488343846
2020-08-21,300299.0305259863
2020-08-24,300021.89786409785
2020-08-25,302542.7613152224
2020-08-26,303139.96064836043
2020-08-27,301476.60975103604
2020-08-28,301831.9493513604
2020-08-31,305594.85633766744
2020-09-01,328558.1752101984
2020-09-02,322294.2356367987
2020-09-03,299590.7597063646
2020-09-04,295535.9223851824
2020-09-08,288374.98884341784
2020-09-09,295727.7189904653
2020-09-10,292868.7283969889
2020-09-11,289457.26837020065
2020-09-14,293313.49283788627
2020-09-15,291918.153484817
2020-09-16,294275.13001596526
2020-09-17,293730.3017282606
2020-09-18,293838.7134633175
2020-09-21,289966.4355926322
2020-09-22,293748.4696631484
2020-09-23,283880.3345076508
2020-09-24,279844.3897527226
2020-09-25,284170.00585731724
2020-09-28,283675.9076293688
2020-09-29,281643.1012146535
2020-09-30,282766.9555179598
2020-10-01,287848.35105826013
2020-10-02,288303.2505330049
2020-10-05,289117.34855080757
2020-10-06,286170.66136537434
2020-10-07,288875.6602427328
2020-10-08,288660.3086279081
2020-10-09,291898.45582304895
2020-10-12,292704.4185368676
2020-10-13,295966.535357191
2020-10-14,294122.4487701633
2020-10-15,297956.42368367873
2020-10-16,298018.3150063647
2020-10-19,298509.3698294621
2020-10-20,293484.8986465956
2020-10-21,289503.065297359
2020-10-22,289100.5225213672
2020-10-23,291881.8343972369
2020-10-26,286412.89411082026
2020-10-27,289518.12036646804
2020-10-28,279325.71120999934
2020-10-29,285262.29135462164
2020-10-30,280588.5417409941
2020-11-02,282710.3576797957
2020-11-03,285097.21994767385
2020-11-04,287277.8680001692
2020-11-05,293260.7599956108
2020-11-06,295336.7477821982
2020-11-09,286558.3340594105
2020-11-10,282255.77866498753
2020-11-11,287608.6822272666
2020-11-12,285043.3982335182
2020-11-13,288904.28487983876
2020-11-16,292322.76064768847
2020-11-17,290182.9906405065
2020-11-18,288126.408106762
2020-11-19,293617.8743964337
2020-11-20,295567.6468466958
2020-11-23,297354.08412722626
2020-11-24,296366.049761181
2020-11-25,297472.9814364215
2020-11-27,302775.75682426436
2020-11-30,300399.7322759553
2020-12-01,299425.5418132812
2020-12-02,299725.82447795745
2020-12-03,303883.55003448634
2020-12-04,306905.9249096684
2020-12-07,309992.9580370121
2020-12-08,314354.77834601817
2020-12-09,306690.74953251483
2020-12-10,315519.22776149225
2020-12-11,316440.4499965299
2020-12-14,314605.00301421323
2020-12-15,319760.405728803
2020-12-16,320020.99914575677
2020-12-17,323212.2591087164
2020-12-18,324579.3320294748
2020-12-21,327798.3752651189
2020-12-22,333120.2955521211
2020-12-23,333392.20729037444
2020-12-24,334033.2694259425
2020-12-28,325002.7743659144
2020-12-29,324152.10520484095
2020-12-30,331579.4302494251
2020-12-31,333329.05089104717
2021-01-04,331700.91103011183
2021-01-05,336414.67548390233
2021-01-06,352687.47564448445
2021-01-07,366613.86386095226
2021-01-08,364294.0954708923
2021-01-11,359390.23140523885
2021-01-12,365939.1992443403
2021-01-13,362832.7936044124
2021-01-14,380951.7104456629
2021-01-15,368011.3384760613
2021-01-19,378330.10526316206
2021-01-20,372402.7627281187
2021-01-21,369663.91706336197
2021-01-22,374297.66369070776
2021-01-25,367276.49067623925
2021-01-26,363744.66184066184
2021-01-27,348121.62797322613
2021-01-28,340899.3458058229
2021-01-29,340801.50120763277
2021-02-01,349822.3339153771
2021-02-02,353912.11442711286
2021-02-03,361840.02646944573
2021-02-04,367558.7893671942
2021-02-05,379492.9146234025
2021-02-08,404743.7002743921
2021-02-09,426307.64201904216
2021-02-10,402746.2953982189
2021-02-11,409490.09675778775
2021-02-12,413609.1699226643
2021-02-16,405872.5461847993
2021-02-17,404062.23908598104
2021-02-18,401002.3249819346
2021-02-19,408432.96152127197
2021-02-22,399199.3231185478
2021-02-23,379053.59251642844
2021-02-24,385201.383198778
2021-02-25,370276.41317138344
2021-02-26,375106.17412191385
2021-03-01,381913.78703496745
2021-03-02,379943.772050526
2021-03-03,387107.1993084482
2021-03-04,382641.4158112789
2021-03-05,391371.84743677865
2021-03-08,401013.95687096164
2021-03-09,399045.65059558186
2021-03-10,412233.605565222
2021-03-11,418615.26291872753
2021-03-12,427615.0394387582
2021-03-15,434127.4464764584
2021-03-16,427928.2585687871
2021-03-17,433424.1735154479
2021-03-18,423197.716264573
2021-03-19,429457.72970046854
2021-03-22,422455.1762783971
2021-03-23,397273.72428784077
2021-03-24,385246.917674543
2021-03-25,389069.7601127302
2021-03-26,397460.83311535884
2021-03-29,391139.4599246385
2021-03-30,395646.96763473673
2021-03-31,395046.76024640567
2021-04-01,397778.67677126784
2021-04-05,401280.9274595019
2021-04-06,401362.68300860515
2021-04-07,400757.5374461657
2021-04-08,401258.68192015047
2021-04-09,405615.3250485606
2021-04-12,406305.03478755476
2021-04-13,403010.83127908997
2021-04-14,404131.4493005505
2021-04-15,408451.7128628979
2021-04-16,413074.8632525472
2021-04-19,412373.85257785587
2021-04-20,409306.1321589729
2021-04-21,411000.37252620666
2021-04-22,411657.748435303
2021-04-23,416411.19893225166
2021-04-26,413677.9611782356
2021-04-27,416733.3796346686
2021-04-28,415417.6918968322
2021-04-29,419688.65868140536
2021-04-30,414478.9000163952
2021-05-03,419495.40190222894
2021-05-04,423541.1537627918
2021-05-05,422253.08580586506
2021-05-06,422809.12565743545
2021-05-07,426776.463769722
2021-05-10,428101.55405506375
2021-05-11,421800.37480916776
2021-05-12,408347.0833503399
2021-05-13,411318.30616404186
2021-05-14,415387.07453273673
2021-05-17,418451.6826333105
2021-05-18,412179.5473216423
2021-05-19,404292.2086767221
2021-05-20,404390.0907040985
2021-05-21,405555.63101026695
2021-05-24,406339.29014193366
2021-05-25,401339.499676986
2021-05-26,402436.7691459776
2021-05-27,405780.32922332786
2021-05-28,404955.00587275275
2021-06-01,407441.2241532687
2021-06-02,413553.50047100533
2021-06-03,414070.6753720167
2021-06-04,415037.3136487733
2021-06-07,416516.64724458376
2021-06-08,418180.6771926612
2021-06-09,417773.54421590216
2021-06-10,414657.6845755971
2021-06-11,415645.49697498267
2021-06-14,407608.5646775317
2021-06-15,410609.2903846884
2021-06-16,408528.5667732307
2021-06-17,395496.4999573377
2021-06-18,391748.01004939055
2021-06-21,399698.4250029914
2021-06-22,403067.750532419
2021-06-23,404553.91152144887
2021-06-24,406350.11933709827
2021-06-25,409432.1712747916
2021-06-28,410344.0916071754
2021-06-29,409936.8099961528
2021-06-30,409469.695316933
2021-07-01,411063.02816371433
2021-07-02,411792.02815343847
2021-07-06,413478.647618727
2021-07-07,414048.069348992
2021-07-08,410862.3149209464
2021-07-09,418017.23555621936
2021-07-12,421114.2198825614
2021-07-13,415926.1031518314
2021-07-14,413808.38383263396
2021-07-15,411116.07954654965
2021-07-16,409664.5611681957
2021-07-19,402613.59739771835
2021-07-20,409568.47801412444
2021-07-21,410483.1281339657
2021-07-22,414121.04358312953
2021-07-23,421308.7788603867
2021-07-26,418228.1172071993
2021-07-27,417319.872184601
2021-07-28,418887.9432381273
2021-07-29,420516.5870943197
2021-07-30,420239.91563803534
2021-08-02,420989.78080392396
2021-08-03,430986.502574535
2021-08-04,437281.6869593318
2021-08-05,437314.04209894483
2021-08-06,435821.03753134544
2021-08-09,445040.90028648806
2021-08-10,441790.5923513823
2021-08-11,430228.8733797291
2021-08-12,431723.23515309556
2021-08-13,432032.1681170126
2021-08-16,429739.74658104253
2021-08-17,424735.52463629784
2021-08-18,422131.1440542119
2021-08-19,425512.8262516511
2021-08-20,428563.27932213567
2021-08-23,429878.54721515
2021-08-24,429364.6559234019
2021-08-25,431213.5423327756
2021-08-26,430958.49245977885
2021-08-27,433353.2226989717
2021-08-30,437218.7599212084
2021-08-31,435953.5640743582
2021-09-01,436496.19898849935
2021-09-02,446270.9204292597
2021-09-03,447698.6888444378
2021-09-07,441144.9343808671
2021-09-08,440558.74179645174
2021-09-09,434939.88231105934
2021-09-10,429849.0055034284
2021-09-13,427503.18110166636
2021-09-14,425411.0634633909
2021-09-15,431544.6641191163
2021-09-16,432116.98608887277
2021-09-17,424085.95144784334
2021-09-20,417273.7189170682
2021-09-21,419586.3097016238
2021-09-22,427073.35619574046
2021-09-23,435091.8960362632
2021-09-24,432340.75544715027
2021-09-27,424197.8491811623
2021-09-28,409237.2445632492
2021-09-29,411763.1851125711
2021-09-30,408383.80230225204
2021-10-01,413532.9034120609
2021-10-04,417689.6326408846
2021-10-05,422501.4308653951
2021-10-06,414007.2966685958
2021-10-07,422545.20397177374
2021-10-08,427716.39360381174
2021-10-11,425487.1768847314
2021-10-12,424757.520496388
2021-10-13,423594.24260507606
2021-10-14,428679.5939767334
2021-10-15,429644.6354539591
2021-10-18,437222.21833296097
2021-10-19,437835.96373965574
2021-10-20,443546.9775277496
2021-10-21,433694.82575310837
2021-10-22,437369.4087636673
2021-10-25,441170.05733564345
2021-10-26,440966.4106864345
2021-10-27,426554.73425758444
2021-10-28,431937.18184562144
2021-10-29,437831.04464751564
2021-11-01,446317.87872755894
2021-11-02,443532.98450119904
2021-11-03,442399.70112043584
2021-11-04,441436.58720152226
2021-11-05,447653.8274662315
2021-11-08,449283.50781778933
2021-11-09,443595.1071322481
2021-11-10,435199.6512130214
2021-11-11,443998.75977632886
2021-11-12,450200.02784036164
2021-11-15,448547.83831963927
2021-11-16,450967.16283927875
2021-11-17,446800.39462541096
2021-11-18,452805.05814905604
2021-11-19,443782.4106026448
2021-11-22,428824.9761736397
2021-11-23,429421.28449116857
2021-11-24,427040.82300766266
2021-11-26,414364.98385924974
2021-11-29,414977.24015993986
2021-11-30,403092.34580685524
2021-12-01,392110.9759607747
2021-12-02,395720.3217160365
2021-12-03,395436.79178821377
2021-12-06,395162.7655450944
2021-12-07,404052.41624120035
2021-12-08,405061.60451444756
2021-12-09,398428.87386952783
2021-12-10,405133.8909955204
2021-12-13,401080.9937554592
2021-12-14,398549.3036199147
2021-12-15,409894.20625876036
2021-12-16,404420.2179140428
2021-12-17,400702.9576252857
2021-12-20,399248.9213164314
2021-12-21,403998.10140467045
2021-12-22,407950.93137527996
2021-12-23,408570.74445468665
2021-12-27,415896.5674434359
2021-12-28,413001.6412184952
2021-12-29,415552.1127519005
2021-12-30,413927.7387480605
2021-12-31,415003.0972924438
2022-01-03,412465.30086468405
2022-01-04,417082.113444663
2022-01-05,407976.6014489585
2022-01-06,411439.41301319667
2022-01-07,409471.8608488296
2022-01-10,406464.0961628758
2022-01-11,410201.0506193662
2022-01-12,412569.0309209764
2022-01-13,413343.9578019988
2022-01-14,415850.8071746301
2022-01-18,409411.57971047494
2022-01-19,401560.0057796235
2022-01-20,395532.6859649902
2022-01-21,388290.2364272163
2022-01-24,386779.1837320257
2022-01-25,389478.51001593156
2022-01-26,388340.495889262
2022-01-27,389491.09656815603
2022-01-28,391819.73526456417
2022-01-31,390464.4561907191
2022-02-01,393193.0639290776
2022-02-02,396902.8980544802
2022-02-03,396401.5692236514
2022-02-04,398167.29908379185
2022-02-07,400784.79750646424
2022-02-08,400758.60811326257
2022-02-09,401268.1418576308
2022-02-10,400303.28571432474
2022-02-11,401354.6397841396
2022-02-14,395584.0323915958
2022-02-15,398474.1255769347
2022-02-16,402506.18329706596
2022-02-17,399403.3343287152
2022-02-18,397591.22683134064
2022-02-22,393842.36049235193
2022-02-23,393750.0967574449
2022-02-24,392042.68990697153
2022-02-25,405835.30903151457
2022-02-28,411173.1973658749
2022-03-01,408373.69430078776
2022-03-02,412248.46096825146
2022-03-03,416575.4980655343
2022-03-04,422883.4249975239
2022-03-07,423726.2808735933
2022-03-08,418344.4406069026
2022-03-09,417287.10687136336
2022-03-10,424319.3990159051
2022-03-11,422851.78333984874
2022-03-14,414252.6064632412
2022-03-15,415986.25892022107
2022-03-16,414230.2719808443
2022-03-17,419466.9000823952
2022-03-18,420465.4619705683
2022-03-21,427480.889911378
2022-03-22,426254.05216327606
2022-03-23,428713.06718286686
2022-03-24,431292.02829976135
2022-03-25,436743.097729108
2022-03-28,434203.8380639553
2022-03-29,430311.0376542084
2022-03-30,432173.1520077414
2022-03-31,431740.5723748371
2022-04-01,436950.2193047276
2022-04-04,435469.03241828206
2022-04-05,434024.0355750712
2022-04-06,442093.1429010952
2022-04-07,446532.16478004673
2022-04-08,453039.51588180516
2022-04-11,447231.231787446
2022-04-12,449396.440308871
2022-04-13,450631.5636532622
2022-04-14,453729.1613886475
2022-04-18,458160.5558605201
2022-04-19,457977.3892837566
2022-04-20,459438.55111486337
2022-04-21,446394.0729598695
2022-04-22,440726.54728274903
2022-04-25,440229.7238470562
2022-04-26,438422.95106416085
2022-04-27,438422.95106416085
2022-04-28,438422.95106416085
2022-04-29,438422.95106416085
2022-05-02,438422.95106416085
2022-05-03,438422.95106416085
2022-05-04,438422.95106416085
2022-05-05,438422.95106416085
2022-05-06,438422.95106416085
2022-05-09,438422.95106416085
2022-05-10,438422.95106416085
2022-05-11,438422.95106416085
2022-05-12,438422.95106416085
2022-05-13,438422.95106416085
2022-05-16,438422.95106416085
2022-05-17,438422.95106416085
2022-05-18,438422.95106416085
2022-05-19,438422.95106416085
2022-05-20,438422.95106416085
2022-05-23,438422.95106416085
2022-05-24,438422.95106416085
2022-05-25,438422.95106416085
2022-05-26,438422.95106416085
2022-05-27,438422.95106416085
2022-05-31,438422.95106416085
2022-06-01,438422.95106416085
2022-06-02,438422.95106416085
2022-06-03,438422.95106416085
2022-06-06,438422.95106416085
2022-06-07,438422.95106416085
2022-06-08,438422.95106416085
2022-06-09,438422.95106416085
2022-06-10,438422.95106416085
2022-06-13,438422.95106416085
2022-06-14,438422.95106416085
2022-06-15,438422.95106416085
2022-06-16,438422.95106416085
2022-06-17,438422.95106416085
2022-06-21,438422.95106416085
2022-06-22,438422.95106416085
2022-06-23,438422.95106416085
2022-06-24,438422.95106416085
2022-06-27,438422.95106416085
2022-06-28,438422.95106416085
2022-06-29,438422.95106416085
2022-06-30,438422.95106416085
2022-07-01,438422.95106416085
2022-07-05,438422.95106416085
2022-07-06,438422.95106416085
2022-07-07,438422.95106416085
2022-07-08,438422.95106416085
2022-07-11,438422.95106416085
2022-07-12,438422.95106416085
2022-07-13,438422.95106416085
2022-07-14,438422.95106416085
2022-07-15,438422.95106416085
2022-07-18,438422.95106416085
2022-07-19,438422.95106416085
2022-07-20,438422.95106416085
2022-07-21,438422.95106416085
2022-07-22,438422.95106416085
2022-07-25,438422.95106416085
2022-07-26,438422.95106416085
2022-07-27,438422.95106416085
2022-07-28,438422.95106416085
2022-07-29,438422.95106416085
2022-08-01,437590.7887786235
2022-08-02,434335.1985148026
2022-08-03,435064.09371628275
2022-08-04,431127.5918067941
2022-08-05,432849.1129881329
2022-08-08,438533.2649441155
2022-08-09,435743.8169658249
2022-08-10,442334.4925399463
2022-08-11,440969.50390496186
2022-08-12,446237.9722123115
2022-08-15,448028.41944981704
2022-08-16,447790.5416442581
2022-08-17,446546.96355063387
2022-08-18,449876.0017252241
2022-08-19,447265.1505346255
2022-08-22,441867.44981393486
2022-08-23,444615.4899818434
2022-08-24,448696.6282975557
2022-08-25,449377.8026022338
2022-08-26,439209.8517000907
2022-08-29,437149.0134988555
2022-08-30,432153.56381459633
2022-08-31,431747.7037929485
2022-09-01,429308.3902965168
2022-09-02,430476.9437390633
2022-09-06,430476.9437390633
2022-09-07,430476.9437390633
2022-09-08,430476.9437390633
2022-09-09,430476.9437390633
2022-09-12,430680.17878609645
2022-09-13,421925.9802892436
2022-09-14,426051.078732591
2022-09-15,421765.8145648795
2022-09-16,417312.37229907565
2022-09-19,422987.9158693041
2022-09-20,418250.86626926914
2022-09-21,414689.84114719054
2022-09-22,413400.78071489534
2022-09-23,407055.0196950616
2022-09-26,406702.90890177427
2022-09-27,405037.1477404265
2022-09-28,407007.2994762447
2022-09-29,405552.42630177503
2022-09-30,406464.7982890811
2022-10-03,409288.534728265
2022-10-04,414614.5009224339
2022-10-05,416772.91804453905
2022-10-06,415873.9867444987
2022-10-07,415744.0917373323
2022-10-10,413269.72542471497
2022-10-11,413311.2865178803
2022-10-12,412146.827445148
2022-10-13,412947.80124148197
2022-10-14,411345.853648814
2022-10-17,412447.18735651625
2022-10-18,412413.81979002996
2022-10-19,411779.7129709353
2022-10-20,412046.69560088136
2022-10-21,413581.9015839527
2022-10-24,414349.49809886445
2022-10-25,415684.4533466504
2022-10-26,415817.9495190914
2022-10-27,416518.8011860946
2022-10-28,416084.94186397333
2022-10-31,416412.04868394195
2022-11-01,418589.84669092734
2022-11-02,409728.4120541111
2022-11-03,420192.4356212336
2022-11-04,424131.49432842655
2022-11-07,428764.5653286111
2022-11-08,428779.5390262871
2022-11-09,420986.8271239799
2022-11-10,427549.6864836287
2022-11-11,418420.3193732143
2022-11-14,416666.54232570203
2022-11-15,424471.6040764817
2022-11-16,422850.53978094377
2022-11-17,425321.1395649948
2022-11-18,426215.21278212767
2022-11-21,425353.859045197
2022-11-22,430056.5298298403
2022-11-23,429620.891103042
2022-11-25,433418.6853770878
2022-11-28,429427.198508896
2022-11-29,427634.2533018775
2022-11-30,436402.297487974
2022-12-01,437646.588062869
2022-12-02,439376.24121044355
2022-12-05,428944.86733261746
2022-12-06,429040.3879189566
2022-12-07,426712.71203428914
2022-12-08,431484.35119347955
2022-12-09,422803.43540930125
2022-12-12,425388.238308455
2022-12-13,425215.5477991004
2022-12-14,425292.65313608083
2022-12-15,419226.24058231484
2022-12-16,419703.0867736867
2022-12-19,415729.1841412252
2022-12-20,415416.9269996156
2022-12-21,417748.640397127
2022-12-22,417534.67533319327
2022-12-23,418189.5905408425
2022-12-27,416767.76928245067
2022-12-28,415170.22107403504
2022-12-29,416062.1257463152
2022-12-30,415305.19003665645
2023-01-03,414975.9344369772
2023-01-04,414861.69332678046
2023-01-05,415014.13389695087
2023-01-06,416334.15606280166
2023-01-09,413376.1080019371
2023-01-10,415223.91413801664
2023-01-11,414329.327017712
2023-01-12,417403.78749054705
2023-01-13,420306.7451516541
2023-01-17,415566.82975368475
2023-01-18,412101.4751226673
2023-01-19,405930.6708050886
2023-01-20,408768.91018776636
2023-01-23,411295.7270167909
2023-01-24,411385.3291923696
2023-01-25,410548.8130413891
2023-01-26,413853.6629114484
2023-01-27,412518.3643388497
2023-01-30,409360.48385222413
2023-01-31,413036.04421160737
2023-02-01,415835.22828029474
2023-02-02,413136.62098729407
2023-02-03,412800.49501037743
2023-02-06,412933.7298063506
2023-02-07,418467.65700500016
2023-02-08,415167.36220248777
2023-02-09,409158.21874193003
2023-02-10,409212.2805669093
2023-02-13,417502.00394746906
2023-02-14,419386.48297638283
2023-02-15,424358.02322217013
2023-02-16,418705.2126992102
2023-02-17,415587.79830180394
2023-02-21,406076.69458296685
2023-02-22,404515.90207969997
2023-02-23,405170.52665457205
2023-02-24,402821.85660262615
2023-02-27,404967.2665602869
2023-02-28,404481.84307500493
2023-03-01,409352.84318350785
2023-03-02,412952.00325375964
2023-03-03,417087.6293371818
2023-03-06,414291.2571131403
2023-03-07,411967.2147590552
2023-03-08,412712.92264402425
2023-03-09,403430.4623754511
2023-03-10,400644.1534109082
2023-03-13,396589.5574099899
2023-03-14,398675.6370242209
2023-03-15,397309.35804487945
2023-03-16,399419.89762496605
2023-03-17,393873.9127357113
2023-03-20,399253.3316596685
2023-03-21,403373.76176975254
2023-03-22,399985.7196139036
2023-03-23,405062.63329299644
2023-03-24,401808.4311452354
2023-03-27,402412.8588751027
2023-03-28,400803.27693672245
2023-03-29,404895.0697449539
2023-03-30,410321.33308423794
2023-03-31,414505.4323154211
2023-04-03,419487.02161388466
2023-04-04,410625.58879369625
2023-04-05,405925.44626360934
2023-04-06,404238.37910424365
2023-04-10,408345.1213784077
2023-04-11,411253.7615337592
2023-04-12,408539.48176425387
2023-04-13,412729.64944141684
2023-04-14,413657.9871835988
2023-04-17,415288.9549642401
2023-04-18,421242.77563192305
2023-04-19,423028.7750388361
2023-04-20,421949.65047653444
2023-04-21,425561.75336197135
2023-04-24,423112.0741798197
2023-04-25,413026.96785110433
2023-04-26,409124.590986247
2023-04-27,413278.0134431154
2023-04-28,421206.5852731568
2023-05-01,423776.8851873077
2023-05-02,419545.2311892267
2023-05-03,426694.85348781064
2023-05-04,422997.30810725834
2023-05-05,431030.3467734236
2023-05-08,433091.42950479884
2023-05-09,430721.00780865044
2023-05-10,434878.97750517254
2023-05-11,434482.5955830422
2023-05-12,428752.95426650747
2023-05-15,431806.85525099724
2023-05-16,442032.70546153863
2023-05-17,447335.1380387731
2023-05-18,453926.5365562432
2023-05-19,449203.57462139335
2023-05-22,451339.314558076
2023-05-23,438196.6638853275
2023-05-24,438048.490730538
2023-05-25,461150.5115972666
2023-05-26,468865.0590499166
2023-05-30,479909.07621796615
2023-05-31,475044.1540509506
2023-06-01,484299.76351482957
2023-06-02,482827.5326116041
2023-06-05,483787.82708534336
2023-06-06,490015.94813207124
2023-06-07,481613.37871709204
2023-06-08,492078.66348404693
2023-06-09,496953.77376139513
2023-06-12,500266.8561825653
2023-06-13,499915.4813920287
2023-06-14,501893.76385070494
2023-06-15,504815.43508248363
2023-06-16,499019.18735551805
2023-06-20,501938.2474186702
2023-06-21,501560.0391570096
2023-06-22,501650.910392437
2023-06-23,497382.7251948213
2023-06-26,490517.98264619935
2023-06-27,500075.97035986447
2023-06-28,501366.000712986
2023-06-29,501309.3925680025
2023-06-30,508908.74896407145
2023-07-03,507291.2866142551
2023-07-05,506265.4620501604
2023-07-06,497968.80272701586
2023-07-07,498868.6611704028
2023-07-10,508152.9454811932
2023-07-11,511007.44356676366
2023-07-12,518313.9608126463
2023-07-13,523354.7650800846
2023-07-14,519283.6870960832
2023-07-17,526401.1499482045
2023-07-18,535095.7245958447
2023-07-19,531960.2687380055
2023-07-20,523231.2222102952
2023-07-21,520057.5573794464
2023-07-24,519953.90048182325
2023-07-25,523860.5584822144
2023-07-26,520240.35233264486
2023-07-27,510507.3000941368
2023-07-28,518948.5558680636
2023-07-31,518306.7743956402
2023-08-01,512729.7432381538
2023-08-02,506050.18400162127
2023-08-03,504458.71461626346
2023-08-04,509219.91653307644
2023-08-07,515307.4714887403
2023-08-08,506045.50960194104
2023-08-09,488613.7592824965
2023-08-10,485398.97149308276
2023-08-11,484901.5145791153
2023-08-14,492145.3014077137
2023-08-15,489941.1966244376
2023-08-16,484164.9144286425
2023-08-17,467967.0644753434
2023-08-18,475139.71678028465
2023-08-21,480232.3832233267
2023-08-22,471513.5381048603
2023-08-23,475073.5286709705
2023-08-24,466041.88037049957
2023-08-25,474376.96345342346
2023-08-28,479240.6917262445
2023-08-29,485028.3896274731
2023-08-30,490736.0842209731
2023-08-31,496345.24670621566
2023-09-01,499044.85629733745
2023-09-05,495960.1395203208
2023-09-06,494313.5699243692
2023-09-07,496088.2543192386
2023-09-08,496503.51800415537
2023-09-11,496493.5300965277
2023-09-12,493563.6079988241
2023-09-13,489575.412386659
2023-09-14,489373.31060181704
2023-09-15,478165.80763943837
2023-09-18,478486.6469169859
2023-09-19,472804.67776429345
2023-09-20,468045.02244401583
2023-09-21,462303.3200160674
2023-09-22,464538.20373818406
2023-09-25,466908.5020996398
2023-09-26,457613.29162244627
2023-09-27,460161.48778813524
2023-09-28,461628.716441852
2023-09-29,457387.254568153
2023-10-02,455758.44737448957
2023-10-03,451911.50909679895
2023-10-04,456334.80345549976
2023-10-05,457639.82226889004
2023-10-06,459605.9969319061
2023-10-09,460246.3656510301
2023-10-10,461328.835795446
2023-10-11,461967.2035758282
2023-10-12,461318.25687929435
2023-10-13,461374.6308223653
2023-10-16,461658.96555904916
2023-10-17,461849.088833939
2023-10-18,460962.3756666702
2023-10-19,459184.4797079541
2023-10-20,458351.6943209054
2023-10-23,457385.03596083395
2023-10-24,457700.42029461404
2023-10-25,457745.9016656881
2023-10-26,458191.68364845705
2023-10-27,457369.67792507005
2023-10-30,457369.67792507005
2023-10-31,457369.67792507005
2023-11-01,457369.67792507005
2023-11-02,457369.67792507005
2023-11-03,457369.67792507005
2023-11-06,457369.67792507005
2023-11-07,457369.67792507005
2023-11-08,457369.67792507005
2023-11-09,457369.67792507005
2023-11-10,457369.67792507005
2023-11-13,458721.567669125
2023-11-14,470882.3869445537
2023-11-15,467648.8688345001
2023-11-16,467039.98281982617
2023-11-17,471202.6705776559
2023-11-20,477448.5078590512
2023-11-21,477380.5962999575
2023-11-22,481014.4903636388
2023-11-24,482161.4245998839
2023-11-27,481310.50543516054
2023-11-28,479168.0807203878
2023-11-29,480784.94717803365
2023-11-30,480029.13361875765
2023-12-01,483175.5153946151
2023-12-04,478224.98163195455
2023-12-05,475567.69589605357
2023-12-06,469806.46618251305
2023-12-07,470750.3862117599
2023-12-08,474075.6064159105
2023-12-11,476436.1143122954
2023-12-12,483577.361547107
2023-12-13,497895.52799603844
2023-12-14,496716.0147950254
2023-12-15,493390.5887693677
2023-12-18,498511.8605836517
2023-12-19,508872.5620577445
2023-12-20,493970.16442400194
2023-12-21,504849.3231303259
2023-12-22,507753.54163179797
2023-12-26,512187.1324729239
2023-12-27,514685.3363324291
2023-12-28,514225.0136415299
2023-12-29,506271.58225776465
2024-01-02,488250.81507774524
2024-01-03,473998.2407956905
2024-01-04,472937.091026707
2024-01-05,473255.8911296242
2024-01-08,474916.66543853405
2024-01-09,474373.35045935714
2024-01-10,472872.7944338907
2024-01-11,473169.1842767242
2024-01-12,473719.0519186326
2024-01-16,471912.210580621
2024-01-17,469904.72960089706
2024-01-18,471847.9936913068
2024-01-19,474419.18488545186
2024-01-22,478044.9440803844
2024-01-23,477351.39368958067
2024-01-24,477027.0851630569
2024-01-25,476695.79475686076
2024-01-26,476606.43617366167
2024-01-29,479949.9837481852
2024-01-30,480876.5403529475
2024-01-31,473954.80523955775
2024-02-01,483276.254137953
2024-02-02,486828.00447755674
2024-02-05,485656.78328576835
2024-02-06,484773.26388628397
2024-02-07,485218.20540808555
2024-02-08,487865.59076970234
2024-02-09,492766.03399154963
2024-02-12,490477.1036841476
2024-02-13,484214.3324442628
2024-02-14,494843.98576436844
2024-02-15,508169.25558116497
2024-02-16,508479.2166110252
2024-02-20,501800.6408768115
2024-02-21,475793.60406415846
2024-02-22,487980.1049769956
2024-02-23,489294.50461265794
2024-02-26,495664.36911789654
2024-02-27,494258.4459472556
2024-02-28,494837.44920228847
2024-02-29,506887.6660398655
2024-03-01,512891.35252707574
2024-03-04,515009.5903670608
2024-03-05,510544.4939955541
2024-03-06,516071.73067230644
2024-03-07,518894.5645244996
2024-03-08,513169.8679119604
2024-03-11,502975.56154546596
2024-03-12,509524.0363540212
2024-03-13,512011.66837969166
2024-03-14,507779.27421742125
2024-03-15,509598.51327017625
2024-03-18,516966.212527919
2024-03-19,520823.3532810857
2024-03-20,529535.50127628
2024-03-21,533927.6829619211
2024-03-22,532402.5498807649
2024-03-25,534433.8187974236
2024-03-26,528259.1377019265
2024-03-27,525705.2591286575
2024-03-28,529862.4628579561
2024-04-01,530516.4872902513
2024-04-02,526446.649028982
2024-04-03,532824.4231541952
2024-04-04,525220.3675888015
2024-04-05,538602.7667277205
2024-04-08,538706.3583403785
2024-04-09,530477.4491032617
2024-04-10,524187.77571440133
2024-04-11,528383.9944708084
2024-04-12,517266.34209839645
2024-04-15,503777.006475422
2024-04-16,504807.5921387595
2024-04-17,500792.6440447958
2024-04-18,499274.7281107357
2024-04-19,496704.9403772847
2024-04-22,500356.2482101772
2024-04-23,504612.5592825786
2024-04-24,503113.5722635537
2024-04-25,507585.8354901557
2024-04-26,505685.9915542795
2024-04-29,508298.3730003772
2024-04-30,502472.8818656273
2024-05-01,504408.6636295436
2024-05-02,507912.0192602352
2024-05-03,510243.9655873575
2024-05-06,517249.6132768998
2024-05-07,518084.59907109593
2024-05-08,519277.8081316884
2024-05-09,523979.7567011761
2024-05-10,526316.7209422839
2024-05-13,522648.5333951527
2024-05-14,526546.8404405932
2024-05-15,530408.5900145391
2024-05-16,525601.3929939353
2024-05-17,527986.0854487133
2024-05-20,528938.883482758
2024-05-21,529257.4514879243
2024-05-22,517914.41038361454
2024-05-23,511074.0986845626
2024-05-24,517003.4135695505
2024-05-28,519517.5065655944
2024-05-29,529164.8772329489
2024-05-30,531593.8188319417
2024-05-31,514306.3510700778
2024-06-03,517393.8805896703
2024-06-04,510785.2719520654
2024-06-05,521076.2354975253
2024-06-06,520268.1354164634
2024-06-07,517058.78905580717
2024-06-10,527297.8285843462
2024-06-11,525128.6834507629
2024-06-12,531175.2724675251
2024-06-13,530197.3728131648
2024-06-14,527867.8231795263
2024-06-17,529617.66916816
2024-06-18,534454.8032193271
2024-06-20,527261.537002649
2024-06-21,529735.4522993942
2024-06-24,520843.4859502975
2024-06-25,521535.5545830785
2024-06-26,516046.65964079153
2024-06-27,509950.8730706667
2024-06-28,503608.41313594434
2024-07-01,501778.6948566033
2024-07-02,501550.0471352006
2024-07-03,500579.17239024525
2024-07-05,501908.32243992493
2024-07-08,502365.3601563134
2024-07-09,505792.43195080606
2024-07-10,509517.89367175224
2024-07-11,512389.53805952927
2024-07-12,514370.5383164826
2024-07-15,513548.7742377867
2024-07-16,519051.81453934533
2024-07-17,501235.9402066074
2024-07-18,496688.48462901206
2024-07-19,497489.5907364399
2024-07-22,503024.0282472145
2024-07-23,489059.26745793043
2024-07-24,476906.7916378025
2024-07-25,482970.65302000655
2024-07-26,494735.20314361557
2024-07-29,492479.8470544387
2024-07-30,497334.2219793987
2024-07-31,498429.493722882
2024-08-01,494952.42356635886
2024-08-02,476677.2630713214
2024-08-05,468637.2118038666
2024-08-06,474147.5353611461
2024-08-07,470060.6524534741
2024-08-08,478756.02557410754
2024-08-09,478077.8494598407
2024-08-12,477413.22971736017
2024-08-13,481997.54439276224
2024-08-14,486723.63206208724
2024-08-15,489358.2903412344
2024-08-16,494118.8216337914
2024-08-19,494972.52643322333
2024-08-20,489733.15363937744
2024-08-21,496604.5134043196
2024-08-22,492983.1975349166
2024-08-23,500632.74342144665
2024-08-26,501076.5624790241
2024-08-27,503042.498989579
2024-08-28,496164.6566970547
2024-08-29,499005.0879035895
2024-08-30,506054.73686039436
2024-09-03,492139.6422195063
2024-09-04,495600.2119542928
2024-09-05,493200.6016247978
2024-09-06,486477.5598319777
2024-09-09,494270.8998712313
2024-09-10,495612.51260406134
2024-09-11,493560.83890342904
2024-09-12,498636.43481680163
2024-09-13,513922.1273045811
2024-09-16,512295.86917670566
2024-09-17,506306.30749081145
2024-09-18,506639.9460660378
2024-09-19,508601.2044538057
2024-09-20,511801.16339652444
2024-09-23,512413.83221243846
2024-09-24,514431.3158236039
2024-09-25,515098.81012342277
2024-09-26,506661.98491386446
2024-09-27,506169.16486101085
2024-09-30,509412.2236200476
2024-10-01,505479.40418599657
2024-10-02,504003.4170489394
2024-10-03,511173.4361361752
2024-10-04,524174.73414474295
2024-10-07,508257.9305677371
2024-10-08,511872.49330248573
2024-10-09,506632.8690620465
2024-10-10,505178.14668736246
2024-10-11,508252.87752790196
2024-10-14,512775.3941325406
2024-10-15,505522.94845388003
2024-10-16,512317.0364458393
2024-10-17,507459.3026733544
2024-10-18,504425.65143188054
2024-10-21,504933.8156321734
2024-10-22,498988.16600008646
2024-10-23,497961.21642342035
2024-10-24,490484.47209314856
2024-10-25,486279.86694448616
2024-10-28,491876.34342919383
2024-10-29,497261.6240678241
2024-10-30,494342.76056539797
2024-10-31,488896.2398083701
2024-11-01,480652.3607240397
2024-11-04,479332.5311922284
2024-11-05,489932.48492722696
2024-11-06,506382.54124430934
2024-11-07,530478.9969241226
2024-11-08,546285.3657099124
2024-11-11,551266.851111307
2024-11-12,548522.7443967756
2024-11-13,538300.612660831
2024-11-14,528327.7430927684
2024-11-15,525990.2862916775
2024-11-18,527512.2757475711
2024-11-19,536600.1662869789
2024-11-20,538205.5770423309
2024-11-21,541728.0512611237
2024-11-22,551848.4431597774
2024-11-25,549044.3407351616
2024-11-26,553503.4858171297
2024-11-27,550960.9835886621
2024-11-29,557215.5928276795
2024-12-02,556155.9748530969
2024-12-03,561452.794831951
2024-12-04,567190.661884033
2024-12-05,566317.5218413742
2024-12-06,571609.9643458439
2024-12-09,540284.5311322991
2024-12-10,529645.390740104
2024-12-11,535600.0185312408
2024-12-12,531870.430089607
2024-12-13,535763.8425862177
2024-12-16,532992.22033804
2024-12-17,525862.6626340983
2024-12-18,500289.79564183974
2024-12-19,503535.2235877523
2024-12-20,509942.49019949127
2024-12-23,511612.31232741865
2024-12-24,517241.49032732035
2024-12-26,517118.22615379177
2024-12-27,508675.0746842756
2024-12-30,500288.49620301346
2024-12-31,498517.57353208377
2025-01-02,498181.35561001475
2025-01-03,498256.45883073
2025-01-06,502066.6838919434
2025-01-07,499353.15394174214
2025-01-08,500879.12852486374
2025-01-10,493563.61450833996
2025-01-13,492912.9411913897
2025-01-14,502171.7551466554
2025-01-15,505692.00018782204
2025-01-16,511639.6904719048
2025-01-17,505855.05861459824
2025-01-21,518141.5399030682
2025-01-22,519630.4901052687
2025-01-23,526080.7223536482
2025-01-24,528962.2066509073
2025-01-27,480154.6029722071
2025-01-28,488287.17859171843
2025-01-29,491147.3431782528
2025-01-30,497115.38992624026
2025-01-31,491879.9585239439
2025-02-03,492791.3952552131
2025-02-04,495812.31861569866
2025-02-05,500256.5292229444
2025-02-06,499853.2846517967
2025-02-07,497011.82378597383
2025-02-10,499991.7636009157
2025-02-11,489213.3409248559
2025-02-12,497443.31336354703
2025-02-13,521678.91040348203
2025-02-14,518201.7795857995
2025-02-18,523840.16141202324
2025-02-19,514546.8768587716
2025-02-20,505293.96855611075
2025-02-21,486899.4367487594
2025-02-24,481009.76224382076
2025-02-25,475801.30337387265
2025-02-26,476681.4014148747
2025-02-27,476137.1067108354
2025-02-28,484858.1536296379
2025-03-03,482466.3033025399
2025-03-04,470059.9846004721
2025-03-05,471650.0103006269
2025-03-06,468491.18636535294
2025-03-07,470328.1201571278
2025-03-10,468478.76936629927
2025-03-11,464449.2174629706
2025-03-12,463526.04428537143
2025-03-13,463463.2332499401
2025-03-14,464633.7262113689
2025-03-17,465542.23409565684
2025-03-18,464272.1623129139
2025-03-19,464448.40981162817
2025-03-20,464536.5249161473
2025-03-21,464369.0986101035
2025-03-24,464325.0410578439
2025-03-25,463893.2556065019
2025-03-26,464166.42902860016
2025-03-27,464280.97658971394
2025-03-28,464792.0663267103
2025-03-31,464774.4446889805
2025-04-01,465276.7201491767
2025-04-02,465391.2746261609
2025-04-03,465770.1917063785
2025-04-04,464642.2685742666
2025-04-07,464115.53775093943
2025-04-08,464115.53775093943
2025-04-09,464115.53775093943
2025-04-10,464115.53775093943
2025-04-11,464115.53775093943
2025-04-14,464115.53775093943
2025-04-15,464115.53775093943
2025-04-16,464115.53775093943
2025-04-17,464115.53775093943
2025-04-21,464115.53775093943
2025-04-22,464115.53775093943
2025-04-23,464115.53775093943
2025-04-24,464115.53775093943
2025-04-25,464115.53775093943
2025-04-28,464115.53775093943
2025-04-29,464115.53775093943
2025-04-30,464115.53775093943
2025-05-01,464115.53775093943
2025-05-02,464115.53775093943
2025-05-05,464115.53775093943
2025-05-06,464115.53775093943
2025-05-07,464115.53775093943
2025-05-08,464115.53775093943
2025-05-09,464115.53775093943
2025-05-12,464115.53775093943
2025-05-13,468620.65565195004
2025-05-14,464567.8754707905
2025-05-15,466599.5129779442
2025-05-16,471612.1458090531
2025-05-19,472811.3984284536
2025-05-20,469902.8326851581
2025-05-21,458959.085587826
2025-05-22,460436.00301110937
2025-05-23,461982.3279237724
2025-05-27,472113.4778661356
2025-05-28,468989.917539388
2025-05-29,465540.14794929884
2025-05-30,467354.20201125764
2025-06-02,474503.0075003828
2025-06-03,474192.00162667746
2025-06-04,475325.33466045576
2025-06-05,475668.61221469974
2025-06-06,479425.4268630675
2025-06-09,471857.12955879996
2025-06-10,463765.40440721344
2025-06-11,468713.7994113478
2025-06-12,465791.6710122414
2025-06-13,465298.19360866887
2025-06-16,468392.96258974646
2025-06-17,466473.59993299015
2025-06-18,467589.7000415861
2025-06-20,469819.7096391217
2025-06-23,479084.5247362296
2025-06-24,482732.1641855219
2025-06-25,474373.001827763
2025-06-26,481322.5751524008
2025-06-27,480264.4284909026
2025-06-30,484787.91289148276
2025-07-01,473732.4648937437
2025-07-02,483951.6847951765
2025-07-03,486713.92455040704
2025-07-07,488159.66994513304
2025-07-08,484412.6745975587
2025-07-09,486380.02295253717
2025-07-10,488985.18940422375
2025-07-11,486891.73097559856
2025-07-14,494597.8256598245
2025-07-15,492076.9128029391
2025-07-16,499353.2795469806
2025-07-17,506664.1421048902
2025-07-18,512284.9642716659
2025-07-21,509059.9169689733
2025-07-22,506376.34385629813
2025-07-23,516138.3198079942
2025-07-24,514038.11843710695
2025-07-25,518734.00321741065
2025-07-28,523487.5005460168
2025-07-29,517000.3504769837
2025-07-30,521911.878559252
2025-07-31,525383.2990186095
2025-08-01,513614.3298339868
2025-08-04,525564.0976728748
2025-08-05,518579.0960708795
2025-08-06,516673.74273454276
2025-08-07,509253.96732829267
2025-08-08,510549.9573214281
2025-08-11,511222.7615939209
2025-08-12,520813.06760376215
2025-08-13,524469.6163243266
2025-08-14,515928.1163459974
2025-08-15,512504.79291901924
2025-08-18,520402.3715631177
2025-08-19,512662.5066341232
2025-08-20,510167.37765199767
2025-08-21,514729.84455549263
2025-08-22,518522.4035516239
2025-08-25,517111.1654420321
2025-08-26,517693.63638414675
2025-08-27,518147.03492656
2025-08-28,522776.5348554399
2025-08-29,518997.5198667743
2025-09-02,511411.1138041611
2025-09-03,513563.10594730126
2025-09-04,516523.2082389256
2025-09-05,520521.6591563852
2025-09-08,524274.4751368047
2025-09-09,529482.1601341609
2025-09-10,532172.6093176905
2025-09-11,532230.1806323932
2025-09-12,529107.9767575135
2025-09-15,540551.5904550363
2025-09-16,536627.2733556211
2025-09-17,532097.4354138096
2025-09-18,537760.464479929
2025-09-19,544116.8878502736
2025-09-22,542737.8339702061
2025-09-23,534209.6735169212
2025-09-24,528014.2933043424
2025-09-25,521338.2411837452
2025-09-26,520411.7079913019
2025-09-29,525027.5502302751
2025-09-30,528655.3106193002
2025-10-01,540529.3823402413
2025-10-02,543305.6685866786
2025-10-03,541483.0005450348
2025-10-06,529712.5255714539
2025-10-07,521473.97953633824
2025-10-08,534519.2132979006
2025-10-09,531932.8439779178
2025-10-10,511054.5978259014
2025-10-13,532932.1215505593
2025-10-14,530573.8149128768
2025-10-15,534008.7788153808
2025-10-16,534265.254188046
2025-10-17,527965.0423873249
2025-10-20,532808.4851889357
2025-10-21,521739.28532124474
2025-10-22,514642.6445615204
2025-10-23,527678.4612168608
2025-10-24,529972.9713662202
2025-10-27,538348.4687843014
2025-10-28,537742.3708052072
2025-10-29,542642.1974808367
2025-10-30,540937.460960369
2025-10-31,544603.7069192526
2025-11-03,544401.66713779
2025-11-04,533354.4196185902
2025-11-05,545943.4524077184
2025-11-06,540695.9054078488
2025-11-07,543786.5443406473
2025-11-10,553799.1257181326
2025-11-11,548172.2851753208
2025-11-12,545099.570115303
2025-11-13,518846.0616480665
2025-11-14,512229.384322289
2025-11-17,505935.0010441951
2025-11-18,515458.7742007731
2025-11-19,509810.13576119713
2025-11-20,502656.7940808127
2025-11-21,510302.94977581303
2025-11-24,514877.7167533353
2025-11-25,519229.5648689583
2025-11-26,523365.0324927519
2025-11-28,525014.920256587
2025-12-01,518399.22401334805
2025-12-02,518092.0440030248
2025-12-03,522031.15065770457
2025-12-04,523118.54084153764
2025-12-05,528119.8453056907
2025-12-08,528970.8020688968
2025-12-09,527497.2201743044
2025-12-10,534978.772028219
2025-12-11,542186.445499346
2025-12-12,534879.8015255377
2025-12-15,531660.9315340851
2025-12-16,523987.9090520448
2025-12-17,517645.3473536737
2025-12-18,517319.932433301
2025-12-19,531047.334560563
2025-12-22,533247.0930763043
2025-12-23,531935.7074824133
2025-12-24,532909.6520004624
2025-12-26,531841.715583047
2025-12-29,526919.1747972458
2025-12-30,522694.6077025258
2025-12-31,518541.06708731817
2026-01-02,526099.86276815
2026-01-05,527466.810992049
2026-01-06,541786.4941294118
2026-01-07,545163.7943195426
2026-01-08,529223.6614523296
2026-01-09,530313.4635145748
2026-01-12,528887.1582729262
2026-01-13,528974.8662287904
2026-01-14,524326.061352691
2026-01-15,531336.796392668
2026-01-16,531121.5737771643
2026-01-20,529742.3859685571
2026-01-21,539990.2217173581
2026-01-22,537633.9822090833
2026-01-23,534100.3828034736
2026-01-26,524097.8916506389
2026-01-27,536924.8308521619
2026-01-28,554280.1939234921
2026-01-29,555421.5103490864
2026-01-30,525846.7182698791
2026-02-02,534174.6640595944
2026-02-03,545960.3672201104
2026-02-04,523028.58408125327
2026-02-05,526071.5902906237
2026-02-06,544777.0741191586
2026-02-09,547898.0483222659
2026-02-10,534980.2509490368
2026-02-11,551901.506062418
2026-02-12,541591.1433711813
2026-02-13,544897.6907453906
2026-02-17,537783.1070355583
2026-02-18,541155.0329576707
2026-02-19,541615.6406723085
2026-02-20,543922.0743332568
2026-02-23,541725.6298913041
2026-02-24,547448.852244792
2026-02-25,548531.2639240224
2026-02-26,545283.793656064
2026-02-27,549125.905905343
2026-03-02,554838.6512332354
2026-03-03,527588.0942041598
2026-03-04,525209.0414130907
2026-03-05,510880.89090456336
2026-03-06,483644.1449303059
2026-03-09,486598.24850323575
2026-03-10,483960.3920366233
2026-03-11,487161.70493067836
2026-03-12,483822.1436578691
2026-03-13,483949.2008697799
2026-03-16,486672.2405441988
2026-03-17,490997.41771713004
2026-03-18,491796.545326264
2026-03-19,497692.13605549635
2026-03-20,497694.1511982269
2026-03-23,500221.4857140931
2026-03-24,508111.1443463546
2026-03-25,510305.358897969
2026-03-26,509609.0434809174
2026-03-27,513144.7806743184
2026-03-30,509818.4846250443
2026-03-31,510057.1038847377
2026-04-01,509607.5069650683
2026-04-02,512612.17180469126
2026-04-06,513807.5568602163
2026-04-07,514924.86160117853
2026-04-08,507164.00543516804
2026-04-09,506652.66686182993
2026-04-10,503655.7807806724
2026-04-13,499681.1767437721
2026-04-14,500300.1022933314
2026-04-15,497616.6670756817
2026-04-16,497750.5542231859
2026-04-17,501946.9900768134
2026-04-20,503761.77994221024
2026-04-21,501953.3665483034
2026-04-22,497579.95072850294
2026-04-23,495419.34119051223
2026-04-24,491778.0832568095
2026-04-27,495866.45406274043
2026-04-28,495138.1808057803
2026-04-29,488595.9473495328
2026-04-30,498864.554209411
2026-05-01,498286.36955003656
2026-05-04,501469.77417138795
2026-05-05,508530.2712175688
2026-05-06,521450.71743062965
2026-05-07,516292.1122053069
2026-05-08,525086.6894731271
2026-05-11,531818.5100727143
2026-05-12,523522.5354357336
2026-05-13,538496.6000433145
2026-05-14,538876.9602561395
2026-05-15,528541.3736426093
2026-05-18,512740.41039432207
2026-05-19,510740.6746167368
2026-05-20,520384.9478509946
2026-05-21,521798.80590333906
2026-05-22,526199.0542219878
2026-05-25,478027.928270469
2026-05-26,534077.6664367421
2026-05-27,529212.7478123774
2026-05-28,529662.9073867857
2026-05-29,528516.7975288343
2026-06-01,530651.239945987
2026-06-02,531818.3087824332
2026-06-03,531296.9088752436
2026-06-04,531703.12543321
2026-06-05,529630.0672629679
2026-06-08,530014.618441973
2026-06-09,529857.8721380086
2026-06-10,529857.8721380086
2026-06-11,529857.8721380086
2026-06-12,529857.8721380086
2026-06-15,529857.8721380086
2026-06-16,529857.8721380086
2026-06-17,529857.8721380086
2026-06-18,529857.8721380086
2026-06-22,529857.8721380086
2026-06-23,529857.8721380086
2026-06-24,529857.8721380086
2026-06-25,529857.8721380086
2026-06-26,529857.8721380086
2026-06-29,529857.8721380086
2026-06-30,529857.8721380086
2026-07-01,529857.8721380086
2026-07-02,529857.8721380086
2026-07-06,529857.8721380086
2026-07-07,529857.8721380086
2026-07-08,529857.8721380086
2026-07-09,529857.8721380086
2026-07-10,529857.8721380086
2026-07-13,529857.8721380086
2026-07-14,529857.8721380086
2026-07-15,529857.8721380086
2026-07-16,529857.8721380086
2026-07-17,529857.8721380086
2026-07-20,529857.8721380086
2026-07-21,529857.8721380086
2026-07-22,529857.8721380086
2026-07-23,529857.8721380086
2026-07-24,529857.8721380086
2026-07-27,529857.8721380086
2026-07-28,529857.8721380086
2026-07-29,529857.8721380086
2026-07-30,529857.8721380086
2026-07-31,529857.8721380086
2026-08-03,529857.8721380086
2026-08-04,529857.8721380086
2026-08-05,529857.8721380086
2026-08-06,529857.8721380086
2026-08-07,529857.8721380086
