Date,equity
2005-06-01,100000.0
2005-06-02,100000.0
2005-06-03,100000.0
2005-06-06,100000.0
2005-06-07,100000.0
2005-06-08,100000.0
2005-06-09,100000.0
2005-06-10,100000.0
2005-06-13,100000.0
2005-06-14,100000.0
2005-06-15,100000.0
2005-06-16,100000.0
2005-06-17,100000.0
2005-06-20,100000.0
2005-06-21,100000.0
2005-06-22,100000.0
2005-06-23,100000.0
2005-06-24,100000.0
2005-06-27,100000.0
2005-06-28,100000.0
2005-06-29,100000.0
2005-06-30,100000.0
2005-07-01,100000.0
2005-07-05,100000.0
2005-07-06,100000.0
2005-07-07,100000.0
2005-07-08,100000.0
2005-07-11,100000.0
2005-07-12,100000.0
2005-07-13,100000.0
2005-07-14,100000.0
2005-07-15,100000.0
2005-07-18,100000.0
2005-07-19,100000.0
2005-07-20,100000.0
2005-07-21,100000.0
2005-07-22,100000.0
2005-07-25,100000.0
2005-07-26,100000.0
2005-07-27,100000.0
2005-07-28,100000.0
2005-07-29,100000.0
2005-08-01,100000.0
2005-08-02,100000.0
2005-08-03,100000.0
2005-08-04,100000.0
2005-08-05,100000.0
2005-08-08,100000.0
2005-08-09,100000.0
2005-08-10,100000.0
2005-08-11,100000.0
2005-08-12,100000.0
2005-08-15,100000.0
2005-08-16,100000.0
2005-08-17,100000.0
2005-08-18,100000.0
2005-08-19,100000.0
2005-08-22,100000.0
2005-08-23,100000.0
2005-08-24,100000.0
2005-08-25,100000.0
2005-08-26,100000.0
2005-08-29,100000.0
2005-08-30,100000.0
2005-08-31,100000.0
2005-09-01,100000.0
2005-09-02,100000.0
2005-09-06,100000.0
2005-09-07,100000.0
2005-09-08,100000.0
2005-09-09,100000.0
2005-09-12,100000.0
2005-09-13,100000.0
2005-09-14,100000.0
2005-09-15,100000.0
2005-09-16,100000.0
2005-09-19,100000.0
2005-09-20,100000.0
2005-09-21,100000.0
2005-09-22,100000.0
2005-09-23,100000.0
2005-09-26,100000.0
2005-09-27,100000.0
2005-09-28,100000.0
2005-09-29,100000.0
2005-09-30,100000.0
2005-10-03,100000.0
2005-10-04,100000.0
2005-10-05,100000.0
2005-10-06,100000.0
2005-10-07,100000.0
2005-10-10,100000.0
2005-10-11,100000.0
2005-10-12,100000.0
2005-10-13,100000.0
2005-10-14,100000.0
2005-10-17,100000.0
2005-10-18,100000.0
2005-10-19,100000.0
2005-10-20,100000.0
2005-10-21,100000.0
2005-10-24,100000.0
2005-10-25,100000.0
2005-10-26,100000.0
2005-10-27,100000.0
2005-10-28,100000.0
2005-10-31,100000.0
2005-11-01,100000.0
2005-11-02,100000.0
2005-11-03,100000.0
2005-11-04,100000.0
2005-11-07,100000.0
2005-11-08,100000.0
2005-11-09,100000.0
2005-11-10,100000.0
2005-11-11,100000.0
2005-11-14,100000.0
2005-11-15,100000.0
2005-11-16,100000.0
2005-11-17,100000.0
2005-11-18,100000.0
2005-11-21,100000.0
2005-11-22,100000.0
2005-11-23,100000.0
2005-11-25,100000.0
2005-11-28,100000.0
2005-11-29,100000.0
2005-11-30,100000.0
2005-12-01,100000.0
2005-12-02,100000.0
2005-12-05,100000.0
2005-12-06,100000.0
2005-12-07,100000.0
2005-12-08,100000.0
2005-12-09,100000.0
2005-12-12,100000.0
2005-12-13,100000.0
2005-12-14,100000.0
2005-12-15,100000.0
2005-12-16,100000.0
2005-12-19,100000.0
2005-12-20,100000.0
2005-12-21,100000.0
2005-12-22,100000.0
2005-12-23,100000.0
2005-12-27,100000.0
2005-12-28,100000.0
2005-12-29,100000.0
2005-12-30,100000.0
2006-01-03,100000.0
2006-01-04,101090.80299694235
2006-01-05,100737.10147600228
2006-01-06,103898.00678817125
2006-01-09,104205.56288774418
2006-01-10,104726.27256456249
2006-01-11,105455.25744076505
2006-01-12,103860.76806318031
2006-01-13,105202.8082134197
2006-01-17,104942.98409213782
2006-01-18,101831.09603699014
2006-01-19,103352.96377295259
2006-01-20,101623.89601165065
2006-01-23,101118.93303901426
2006-01-24,102277.09536498737
2006-01-25,102876.32558519549
2006-01-26,104179.89051144425
2006-01-27,106193.1359298217
2006-01-30,108124.77172430581
2006-01-31,107360.21490577728
2006-02-01,106182.19992320871
2006-02-02,105300.56101004471
2006-02-03,103697.89212677216
2006-02-06,105739.57020101805
2006-02-07,101746.88259414567
2006-02-08,101879.86907080605
2006-02-09,101368.28764951318
2006-02-10,101105.67096204865
2006-02-13,99426.97373644283
2006-02-14,101151.7626886463
2006-02-15,103119.96743272626
2006-02-16,103586.69248324756
2006-02-17,103064.90519624623
2006-02-21,101837.4106120204
2006-02-22,102984.53180982213
2006-02-23,103101.61757445523
2006-02-24,103516.83497195455
2006-02-27,104475.73243645218
2006-02-28,103138.47383108815
2006-03-01,104562.91773530007
2006-03-02,103837.02753904795
2006-03-03,104311.49040036989
2006-03-06,103457.58504545398
2006-03-07,102040.68215022517
2006-03-08,100989.279708827
2006-03-09,100062.16997533747
2006-03-10,101363.77046768357
2006-03-13,101521.12871647449
2006-03-14,102982.97300749055
2006-03-15,103879.0598603039
2006-03-16,103779.01106369005
2006-03-17,104743.23580177799
2006-03-20,104587.14469013258
2006-03-21,104241.34107269082
2006-03-22,105587.00307995416
2006-03-23,105522.87973344461
2006-03-24,106053.85768444187
2006-03-27,107069.11139078069
2006-03-28,106555.33890764107
2006-03-29,107928.68693662912
2006-03-30,108315.66790347341
2006-03-31,107861.2023663859
2006-04-03,108523.22086028403
2006-04-04,108369.21288893741
2006-04-05,109356.21999178894
2006-04-06,109349.14707094125
2006-04-07,108756.07764257683
2006-04-10,108474.33826037124
2006-04-11,107987.97382473643
2006-04-12,108842.30743567807
2006-04-13,109133.95725250775
2006-04-17,108868.42080917269
2006-04-18,111001.42618028574
2006-04-19,111601.03761656118
2006-04-20,110435.13854589355
2006-04-21,110008.76132404433
2006-04-24,111326.28952274026
2006-04-25,110628.50074209274
2006-04-26,111262.98044162538
2006-04-27,110029.3199140206
2006-04-28,108352.45646413602
2006-05-01,107921.34595784756
2006-05-02,108255.69114636033
2006-05-03,109162.69508070598
2006-05-04,111286.2759640641
2006-05-05,111837.98139226082
2006-05-08,112255.3959976872
2006-05-09,112951.88804954334
2006-05-10,111216.6500572632
2006-05-11,108179.69177788377
2006-05-12,103843.28741246527
2006-05-15,102028.02394880986
2006-05-16,102151.73771683648
2006-05-17,100520.7295057006
2006-05-18,100293.55615339254
2006-05-19,100290.24934464807
2006-05-22,100350.50289109262
2006-05-23,99951.32507158737
2006-05-24,99700.35529994893
2006-05-25,99876.88553185627
2006-05-26,100181.39149393026
2006-05-30,99902.85448331213
2006-05-31,100357.73444716405
2006-06-01,100517.19643686978
2006-06-02,100898.3034008538
2006-06-05,99178.92816899111
2006-06-06,99555.37015031802
2006-06-07,99577.30504166638
2006-06-08,98996.80598523992
2006-06-09,98827.60174133166
2006-06-12,97793.24555362033
2006-06-13,97211.16119259193
2006-06-14,97162.30700290884
2006-06-15,97160.62755622611
2006-06-16,97128.70158099805
2006-06-19,97133.74149135634
2006-06-20,97209.35584983203
2006-06-21,97382.4307212949
2006-06-22,97214.3965453454
2006-06-23,97128.70158099805
2006-06-26,97150.4225284896
2006-06-27,97150.4225284896
2006-06-28,97150.4225284896
2006-06-29,97150.4225284896
2006-06-30,97150.4225284896
2006-07-03,97150.4225284896
2006-07-05,97150.4225284896
2006-07-06,97150.4225284896
2006-07-07,97150.4225284896
2006-07-10,97150.4225284896
2006-07-11,97150.4225284896
2006-07-12,97150.4225284896
2006-07-13,97150.4225284896
2006-07-14,97150.4225284896
2006-07-17,97150.4225284896
2006-07-18,97150.4225284896
2006-07-19,97150.4225284896
2006-07-20,97150.4225284896
2006-07-21,97150.4225284896
2006-07-24,97150.4225284896
2006-07-25,97150.4225284896
2006-07-26,97150.4225284896
2006-07-27,97150.4225284896
2006-07-28,97150.4225284896
2006-07-31,97607.5358868987
2006-08-01,97691.54303051051
2006-08-02,97845.10178050818
2006-08-03,98806.40404959099
2006-08-04,98713.50968335476
2006-08-07,98068.06588686844
2006-08-08,97266.51737660836
2006-08-09,96614.23121191184
2006-08-10,96766.94339999178
2006-08-11,96201.55949441191
2006-08-14,96249.63520579094
2006-08-15,96675.23999793446
2006-08-16,97470.84531151317
2006-08-17,97800.9903691994
2006-08-18,97618.84921473825
2006-08-21,97117.89616118271
2006-08-22,97585.79099920254
2006-08-23,97328.89356950983
2006-08-24,96868.69372085322
2006-08-25,96174.42721968259
2006-08-28,96703.29340852518
2006-08-29,97095.79653446026
2006-08-30,97361.03586776732
2006-08-31,97412.12229831616
2006-09-01,97753.48825108532
2006-09-05,97085.69462799614
2006-09-06,95997.60939629201
2006-09-07,95661.65522607841
2006-09-08,95591.45586433727
2006-09-11,96771.75346764218
2006-09-12,97672.56714731816
2006-09-13,97500.56282386857
2006-09-14,97515.89335309972
2006-09-15,97893.53638248936
2006-09-18,97397.50134943747
2006-09-19,97133.56835246968
2006-09-20,98522.33836240343
2006-09-21,97852.5387909383
2006-09-22,97180.95210994633
2006-09-25,98492.36130914639
2006-09-26,99517.71369198822
2006-09-27,99343.45745101647
2006-09-28,99780.75370319077
2006-09-29,98981.93843857157
2006-10-02,98691.28790698941
2006-10-03,99916.29010550136
2006-10-04,101576.40853858594
2006-10-05,101623.78186479394
2006-10-06,101100.20946106174
2006-10-09,101426.21053676565
2006-10-10,101618.88108884954
2006-10-11,101906.90213350032
2006-10-12,103089.36535882641
2006-10-13,103212.955341246
2006-10-16,102897.11893334577
2006-10-17,102107.74338265852
2006-10-18,102918.49131966458
2006-10-19,102104.13345198672
2006-10-20,102627.1640815994
2006-10-23,103252.64072046147
2006-10-24,103736.62601065743
2006-10-25,103332.86263960326
2006-10-26,103452.69830040749
2006-10-27,102176.115276269
2006-10-30,102314.49164030862
2006-10-31,102604.96249034547
2006-11-01,102436.96547593125
2006-11-02,102066.87424365798
2006-11-03,101652.0898337552
2006-11-06,103237.1675333967
2006-11-07,102618.0924068392
2006-11-08,103479.31694390443
2006-11-09,103388.62468328347
2006-11-10,103678.3750355358
2006-11-13,103811.43146754787
2006-11-14,104481.27756609126
2006-11-15,104182.44425196196
2006-11-16,104302.98086401234
2006-11-17,104197.82877189555
2006-11-20,103998.51738551064
2006-11-21,104493.69494983261
2006-11-22,104231.25571131827
2006-11-24,104172.18102679086
2006-11-27,102711.82125056433
2006-11-28,102949.81767402704
2006-11-29,104659.35214719528
2006-11-30,104759.50557605735
2006-12-01,104813.15601765481
2006-12-04,106064.7640462222
2006-12-05,106452.85481067198
2006-12-06,105740.16477967521
2006-12-07,104859.35810767027
2006-12-08,104984.75813323971
2006-12-11,104656.86817855471
2006-12-12,104775.1314050979
2006-12-13,104995.512089222
2006-12-14,106152.12378155574
2006-12-15,105921.46730884851
2006-12-18,104503.29126032435
2006-12-19,103565.75728609349
2006-12-20,103399.5172860975
2006-12-21,102311.62103914609
2006-12-22,101648.27039596564
2006-12-26,101904.01704332071
2006-12-27,102530.26187883696
2006-12-28,102148.24375747301
2006-12-29,101759.80487455869
2007-01-03,101523.37166835995
2007-01-04,102033.23651586281
2007-01-05,101185.70242390974
2007-01-08,102397.10643480103
2007-01-09,102234.26839692186
2007-01-10,103926.58802919791
2007-01-11,105434.63698247058
2007-01-12,106164.19339439718
2007-01-16,105578.76627940137
2007-01-17,105497.9122950065
2007-01-18,104174.98216322181
2007-01-19,103471.5873799739
2007-01-22,102838.86270158367
2007-01-23,103606.75838053241
2007-01-24,105131.80687508854
2007-01-25,103087.12969885484
2007-01-26,103990.8252884423
2007-01-29,104295.41873603866
2007-01-30,104878.2674728678
2007-01-31,105420.74601560144
2007-02-01,106304.55177323209
2007-02-02,106100.79891309419
2007-02-05,106342.73448073628
2007-02-06,106365.62116839529
2007-02-07,107756.75186580102
2007-02-08,108335.0393559871
2007-02-09,106749.81805551403
2007-02-12,105719.73722676
2007-02-13,107535.97641740454
2007-02-14,108027.50995603166
2007-02-15,108766.81198301549
2007-02-16,108773.53748540102
2007-02-20,109803.88297471296
2007-02-21,111006.00548101327
2007-02-22,110730.01882316955
2007-02-23,111394.17811972517
2007-02-26,110641.21110323704
2007-02-27,106975.1596521283
2007-02-28,107167.51258728348
2007-03-01,106877.13004245883
2007-03-02,105697.62184415595
2007-03-05,105558.49593795685
2007-03-06,105701.31142272374
2007-03-07,105665.48171062517
2007-03-08,105806.80624624883
2007-03-09,106003.86163614514
2007-03-12,106001.87720232325
2007-03-13,104582.40316432738
2007-03-14,105039.00790384597
2007-03-15,105669.4864506374
2007-03-16,104990.47581477402
2007-03-19,106028.72102880562
2007-03-20,106987.0404023112
2007-03-21,108734.25721271464
2007-03-22,108764.51435182021
2007-03-23,109105.71613757723
2007-03-26,109343.49644656632
2007-03-27,108866.54255692697
2007-03-28,107921.97933646757
2007-03-29,108190.06457754778
2007-03-30,107853.12557020488
2007-04-02,108989.78489632365
2007-04-03,109247.18822025177
2007-04-04,109696.99966257885
2007-04-05,109906.34505838336
2007-04-09,110002.1234547624
2007-04-10,110186.77710895055
2007-04-11,110065.24774609758
2007-04-12,110854.15665057265
2007-04-13,111643.43370154445
2007-04-16,112902.42603477564
2007-04-17,112005.45664448613
2007-04-18,111358.67998233667
2007-04-19,112592.21173142213
2007-04-20,113518.78091701619
2007-04-23,115387.20434491734
2007-04-24,114450.44096213554
2007-04-25,116500.27933299443
2007-04-26,115656.31146622737
2007-04-27,115160.59024868062
2007-04-30,113637.3278002881
2007-05-01,113284.99677635833
2007-05-02,113905.68782684782
2007-05-03,114040.49558876677
2007-05-04,113991.93327981616
2007-05-07,115009.84315153869
2007-05-08,115036.69497400221
2007-05-09,115278.35787824301
2007-05-10,113216.6623692914
2007-05-11,114314.66834501493
2007-05-14,114065.17827244397
2007-05-15,113573.16072443879
2007-05-16,114010.40300518303
2007-05-17,114142.14880659341
2007-05-18,115287.12967235831
2007-05-21,116373.76321213502
2007-05-22,115400.70779288304
2007-05-23,114744.20257326582
2007-05-24,112643.30624598217
2007-05-25,114005.88819222606
2007-05-29,114770.0397731182
2007-05-30,116607.60822798387
2007-05-31,116283.47311666634
2007-06-01,116898.15781322379
2007-06-04,117627.11809748567
2007-06-05,117587.29415656079
2007-06-06,115904.10129087023
2007-06-07,114411.51875671212
2007-06-08,114719.33050813558
2007-06-11,115688.21888939849
2007-06-12,114869.05859508566
2007-06-13,116306.11649586451
2007-06-14,116547.9698492486
2007-06-15,117230.76788633647
2007-06-18,116749.26548388784
2007-06-19,116788.3906192357
2007-06-20,115222.22745671342
2007-06-21,115690.1879630761
2007-06-22,115081.98672039613
2007-06-25,113574.12091268633
2007-06-26,112728.58008638698
2007-06-27,112871.3372236737
2007-06-28,112384.3097649356
2007-06-29,112648.79616469186
2007-07-02,113764.94173337531
2007-07-03,113041.18430876719
2007-07-05,115208.10076801191
2007-07-06,116518.36863079773
2007-07-09,117183.34710907866
2007-07-10,115488.6815482062
2007-07-11,115933.78494152208
2007-07-12,116656.55725557575
2007-07-13,117475.60197167734
2007-07-16,116788.81587325224
2007-07-17,116133.62303665148
2007-07-18,115962.30384144167
2007-07-19,117294.93647162682
2007-07-20,115837.07595452182
2007-07-23,116230.07590112793
2007-07-24,113244.38451495659
2007-07-25,114276.18844328227
2007-07-26,112137.59179276205
2007-07-27,110488.35269882616
2007-07-30,111221.50187434733
2007-07-31,110588.81623451339
2007-08-01,111610.39673493644
2007-08-02,112429.20133273958
2007-08-03,112548.85653993426
2007-08-06,112262.93900236099
2007-08-07,112808.34523444463
2007-08-08,113367.74417898648
2007-08-09,113134.63001711798
2007-08-10,109543.68908523914
2007-08-13,108941.40200108997
2007-08-14,106740.8402154046
2007-08-15,105654.09139735682
2007-08-16,105507.28703490391
2007-08-17,105507.28703490391
2007-08-20,105507.28703490391
2007-08-21,105507.28703490391
2007-08-22,105507.28703490391
2007-08-23,105507.28703490391
2007-08-24,105507.28703490391
2007-08-27,105507.28703490391
2007-08-28,105507.28703490391
2007-08-29,105507.28703490391
2007-08-30,105507.28703490391
2007-08-31,105507.28703490391
2007-09-04,105507.28703490391
2007-09-05,105507.28703490391
2007-09-06,105507.28703490391
2007-09-07,105507.28703490391
2007-09-10,105507.28703490391
2007-09-11,105507.28703490391
2007-09-12,105507.28703490391
2007-09-13,105507.28703490391
2007-09-14,105507.28703490391
2007-09-17,105507.28703490391
2007-09-18,105507.28703490391
2007-09-19,105155.6929196034
2007-09-20,105043.71370622232
2007-09-21,106395.00484741128
2007-09-24,106246.81742422421
2007-09-25,106521.14207626757
2007-09-26,107117.34721570123
2007-09-27,108189.35881222077
2007-09-28,107337.1128701254
2007-10-01,108152.65234885318
2007-10-02,107633.38042242217
2007-10-03,105910.25188892779
2007-10-04,105609.59741485419
2007-10-05,106870.07046291626
2007-10-08,106939.0270598211
2007-10-09,108637.10559476519
2007-10-10,109225.21698720464
2007-10-11,108584.49893159368
2007-10-12,110285.72794531133
2007-10-15,110237.35793734719
2007-10-16,110062.73578136865
2007-10-17,109061.25709861041
2007-10-18,110353.9274860299
2007-10-19,106276.50404768714
2007-10-22,105502.33065918562
2007-10-23,106315.45114966256
2007-10-24,105876.54394492765
2007-10-25,105451.6193693536
2007-10-26,108239.85044329608
2007-10-29,108307.9690819836
2007-10-30,106917.45263490335
2007-10-31,108449.27904179321
2007-11-01,106627.02515624135
2007-11-02,107015.97813043538
2007-11-05,107279.26907171725
2007-11-06,109974.95267749243
2007-11-07,108713.49984590594
2007-11-08,107949.5406373415
2007-11-09,105039.23937549288
2007-11-12,100215.89210064834
2007-11-13,101312.09902677832
2007-11-14,101129.88072305723
2007-11-15,100650.95451508983
2007-11-16,100398.20804485797
2007-11-19,100333.40328598852
2007-11-20,100333.40328598852
2007-11-21,100333.40328598852
2007-11-23,100333.40328598852
2007-11-26,100333.40328598852
2007-11-27,100333.40328598852
2007-11-28,100333.40328598852
2007-11-29,100333.40328598852
2007-11-30,100333.40328598852
2007-12-03,100333.40328598852
2007-12-04,100333.40328598852
2007-12-05,100333.40328598852
2007-12-06,100333.40328598852
2007-12-07,99539.04266383311
2007-12-10,100947.320643761
2007-12-11,98470.55046845962
2007-12-12,99075.62146759407
2007-12-13,100248.9774746114
2007-12-14,98947.87066508441
2007-12-17,97260.17450326974
2007-12-18,97632.6447826878
2007-12-19,97654.10367765995
2007-12-20,97784.96128670602
2007-12-21,98594.32954531483
2007-12-24,99622.1458809411
2007-12-26,99544.49467628135
2007-12-27,98354.79777671979
2007-12-28,98733.1508476848
2007-12-31,98043.24528955395
2008-01-02,97478.94639581357
2008-01-03,97516.27266880186
2008-01-04,95010.29130250547
2008-01-07,94762.43258348876
2008-01-08,94816.89504413558
2008-01-09,94816.89504413558
2008-01-10,94816.89504413558
2008-01-11,94816.89504413558
2008-01-14,94816.89504413558
2008-01-15,94816.89504413558
2008-01-16,94816.89504413558
2008-01-17,94816.89504413558
2008-01-18,94816.89504413558
2008-01-22,94816.89504413558
2008-01-23,94816.89504413558
2008-01-24,94816.89504413558
2008-01-25,94816.89504413558
2008-01-28,94816.89504413558
2008-01-29,94816.89504413558
2008-01-30,94816.89504413558
2008-01-31,94816.89504413558
2008-02-01,94816.89504413558
2008-02-04,94816.89504413558
2008-02-05,94816.89504413558
2008-02-06,94816.89504413558
2008-02-07,94816.89504413558
2008-02-08,94816.89504413558
2008-02-11,94816.89504413558
2008-02-12,94816.89504413558
2008-02-13,94816.89504413558
2008-02-14,94816.89504413558
2008-02-15,94816.89504413558
2008-02-19,94816.89504413558
2008-02-20,94816.89504413558
2008-02-21,94816.89504413558
2008-02-22,94816.89504413558
2008-02-25,94816.89504413558
2008-02-26,94816.89504413558
2008-02-27,94816.89504413558
2008-02-28,94816.89504413558
2008-02-29,94816.89504413558
2008-03-03,94816.89504413558
2008-03-04,94816.89504413558
2008-03-05,94816.89504413558
2008-03-06,94816.89504413558
2008-03-07,94816.89504413558
2008-03-10,94816.89504413558
2008-03-11,94816.89504413558
2008-03-12,94816.89504413558
2008-03-13,94816.89504413558
2008-03-14,94816.89504413558
2008-03-17,94816.89504413558
2008-03-18,94816.89504413558
2008-03-19,94816.89504413558
2008-03-20,94816.89504413558
2008-03-24,94816.89504413558
2008-03-25,94816.89504413558
2008-03-26,94816.89504413558
2008-03-27,94816.89504413558
2008-03-28,94816.89504413558
2008-03-31,94816.89504413558
2008-04-01,94816.89504413558
2008-04-02,94816.89504413558
2008-04-03,94816.89504413558
2008-04-04,94816.89504413558
2008-04-07,94816.89504413558
2008-04-08,94816.89504413558
2008-04-09,94816.89504413558
2008-04-10,94816.89504413558
2008-04-11,94816.89504413558
2008-04-14,94816.89504413558
2008-04-15,94816.89504413558
2008-04-16,94816.89504413558
2008-04-17,94816.89504413558
2008-04-18,94816.89504413558
2008-04-21,95014.78143126177
2008-04-22,94443.47248786694
2008-04-23,93480.69664092295
2008-04-24,93186.78509808346
2008-04-25,95242.7653987608
2008-04-28,94737.93421756028
2008-04-29,93907.95353397261
2008-04-30,93672.47463348118
2008-05-01,94375.32344278255
2008-05-02,94034.53349962272
2008-05-05,93787.91921030082
2008-05-06,94936.01552236799
2008-05-07,92981.20021520327
2008-05-08,94289.906363616
2008-05-09,94518.26766981794
2008-05-12,96398.05620058444
2008-05-13,97447.87148922609
2008-05-14,97512.73397254554
2008-05-15,98858.54096121764
2008-05-16,98703.11864528383
2008-05-19,97909.37735142639
2008-05-20,97741.34522784811
2008-05-21,96457.13415898856
2008-05-22,95880.86879787067
2008-05-23,95288.50180769048
2008-05-27,96591.12515541946
2008-05-28,97489.04446266186
2008-05-29,98539.24441936023
2008-05-30,99648.32001238702
2008-06-02,98400.22104644873
2008-06-03,97438.88090923097
2008-06-04,97070.85899747131
2008-06-05,99273.97761927525
2008-06-06,96188.83611640276
2008-06-09,96903.02762360661
2008-06-10,96295.58725824393
2008-06-11,95935.91756755646
2008-06-12,95480.38818872266
2008-06-13,96662.38118971435
2008-06-16,97853.81938875193
2008-06-17,98036.91646387942
2008-06-18,97146.79233113673
2008-06-19,97372.19416030413
2008-06-20,96474.00677153122
2008-06-23,97303.67197386257
2008-06-24,96526.61298513367
2008-06-25,96368.4535611129
2008-06-26,94207.26115561719
2008-06-27,94145.05313352487
2008-06-30,94261.56785501826
2008-07-01,94629.5710424995
2008-07-02,94262.6807880839
2008-07-03,93639.36875133829
2008-07-07,93575.34894198515
2008-07-08,93575.34894198515
2008-07-09,93575.34894198515
2008-07-10,93575.34894198515
2008-07-11,93575.34894198515
2008-07-14,93575.34894198515
2008-07-15,93575.34894198515
2008-07-16,93575.34894198515
2008-07-17,93575.34894198515
2008-07-18,93575.34894198515
2008-07-21,93575.34894198515
2008-07-22,93575.34894198515
2008-07-23,93575.34894198515
2008-07-24,93575.34894198515
2008-07-25,93575.34894198515
2008-07-28,93575.34894198515
2008-07-29,93575.34894198515
2008-07-30,93575.34894198515
2008-07-31,93575.34894198515
2008-08-01,93575.34894198515
2008-08-04,93575.34894198515
2008-08-05,93575.34894198515
2008-08-06,93575.34894198515
2008-08-07,93575.34894198515
2008-08-08,93575.34894198515
2008-08-11,93575.34894198515
2008-08-12,93575.34894198515
2008-08-13,93575.34894198515
2008-08-14,93575.34894198515
2008-08-15,93575.34894198515
2008-08-18,93575.34894198515
2008-08-19,93575.34894198515
2008-08-20,93575.34894198515
2008-08-21,93575.34894198515
2008-08-22,93575.34894198515
2008-08-25,93575.34894198515
2008-08-26,93575.34894198515
2008-08-27,93575.34894198515
2008-08-28,93575.34894198515
2008-08-29,93575.34894198515
2008-09-02,93575.34894198515
2008-09-03,93575.34894198515
2008-09-04,93575.34894198515
2008-09-05,93575.34894198515
2008-09-08,93575.34894198515
2008-09-09,93575.34894198515
2008-09-10,93575.34894198515
2008-09-11,93575.34894198515
2008-09-12,93575.34894198515
2008-09-15,93575.34894198515
2008-09-16,93575.34894198515
2008-09-17,93575.34894198515
2008-09-18,93575.34894198515
2008-09-19,93575.34894198515
2008-09-22,93575.34894198515
2008-09-23,93575.34894198515
2008-09-24,93575.34894198515
2008-09-25,93575.34894198515
2008-09-26,93575.34894198515
2008-09-29,93575.34894198515
2008-09-30,93575.34894198515
2008-10-01,93575.34894198515
2008-10-02,93575.34894198515
2008-10-03,93575.34894198515
2008-10-06,93575.34894198515
2008-10-07,93575.34894198515
2008-10-08,93575.34894198515
2008-10-09,93575.34894198515
2008-10-10,93575.34894198515
2008-10-13,93575.34894198515
2008-10-14,93575.34894198515
2008-10-15,93575.34894198515
2008-10-16,93575.34894198515
2008-10-17,93575.34894198515
2008-10-20,93575.34894198515
2008-10-21,93575.34894198515
2008-10-22,93575.34894198515
2008-10-23,93575.34894198515
2008-10-24,93575.34894198515
2008-10-27,93575.34894198515
2008-10-28,93575.34894198515
2008-10-29,93575.34894198515
2008-10-30,93575.34894198515
2008-10-31,93575.34894198515
2008-11-03,93575.34894198515
2008-11-04,93575.34894198515
2008-11-05,93575.34894198515
2008-11-06,93575.34894198515
2008-11-07,93575.34894198515
2008-11-10,93575.34894198515
2008-11-11,93575.34894198515
2008-11-12,93575.34894198515
2008-11-13,93575.34894198515
2008-11-14,93575.34894198515
2008-11-17,93575.34894198515
2008-11-18,93575.34894198515
2008-11-19,93575.34894198515
2008-11-20,93575.34894198515
2008-11-21,93575.34894198515
2008-11-24,93575.34894198515
2008-11-25,93575.34894198515
2008-11-26,93575.34894198515
2008-11-28,93575.34894198515
2008-12-01,93575.34894198515
2008-12-02,93575.34894198515
2008-12-03,93575.34894198515
2008-12-04,93575.34894198515
2008-12-05,93575.34894198515
2008-12-08,93575.34894198515
2008-12-09,93575.34894198515
2008-12-10,93575.34894198515
2008-12-11,93575.34894198515
2008-12-12,93575.34894198515
2008-12-15,93575.34894198515
2008-12-16,93575.34894198515
2008-12-17,93575.34894198515
2008-12-18,93575.34894198515
2008-12-19,93575.34894198515
2008-12-22,93575.34894198515
2008-12-23,93575.34894198515
2008-12-24,93575.34894198515
2008-12-26,93575.34894198515
2008-12-29,93575.34894198515
2008-12-30,93575.34894198515
2008-12-31,93575.34894198515
2009-01-02,93575.34894198515
2009-01-05,93575.34894198515
2009-01-06,93575.34894198515
2009-01-07,93575.34894198515
2009-01-08,93575.34894198515
2009-01-09,93575.34894198515
2009-01-12,93575.34894198515
2009-01-13,93575.34894198515
2009-01-14,93575.34894198515
2009-01-15,93575.34894198515
2009-01-16,93575.34894198515
2009-01-20,93575.34894198515
2009-01-21,93575.34894198515
2009-01-22,93575.34894198515
2009-01-23,93575.34894198515
2009-01-26,93575.34894198515
2009-01-27,93575.34894198515
2009-01-28,93575.34894198515
2009-01-29,93575.34894198515
2009-01-30,93575.34894198515
2009-02-02,93575.34894198515
2009-02-03,93575.34894198515
2009-02-04,93575.34894198515
2009-02-05,93575.34894198515
2009-02-06,93575.34894198515
2009-02-09,93575.34894198515
2009-02-10,93575.34894198515
2009-02-11,93575.34894198515
2009-02-12,93575.34894198515
2009-02-13,93575.34894198515
2009-02-17,93575.34894198515
2009-02-18,93575.34894198515
2009-02-19,93575.34894198515
2009-02-20,93575.34894198515
2009-02-23,93575.34894198515
2009-02-24,93575.34894198515
2009-02-25,93575.34894198515
2009-02-26,93575.34894198515
2009-02-27,93575.34894198515
2009-03-02,93575.34894198515
2009-03-03,93575.34894198515
2009-03-04,93575.34894198515
2009-03-05,93575.34894198515
2009-03-06,93575.34894198515
2009-03-09,93575.34894198515
2009-03-10,93575.34894198515
2009-03-11,93575.34894198515
2009-03-12,93575.34894198515
2009-03-13,93575.34894198515
2009-03-16,93575.34894198515
2009-03-17,93575.34894198515
2009-03-18,93575.34894198515
2009-03-19,93575.34894198515
2009-03-20,93575.34894198515
2009-03-23,93575.34894198515
2009-03-24,93575.34894198515
2009-03-25,93575.34894198515
2009-03-26,93575.34894198515
2009-03-27,93575.34894198515
2009-03-30,93575.34894198515
2009-03-31,93575.34894198515
2009-04-01,93575.34894198515
2009-04-02,93575.34894198515
2009-04-03,93725.41621613104
2009-04-06,93215.67558655166
2009-04-07,92874.3273587663
2009-04-08,92970.07827981986
2009-04-09,92970.07827981986
2009-04-13,92908.2221604182
2009-04-14,91559.7271772681
2009-04-15,91331.14647235721
2009-04-16,91331.14647235721
2009-04-17,91331.14647235721
2009-04-20,91331.14647235721
2009-04-21,91331.14647235721
2009-04-22,91331.14647235721
2009-04-23,91220.97630250867
2009-04-24,91348.94182656091
2009-04-27,90822.79551989361
2009-04-28,89840.85348159523
2009-04-29,90035.41203399724
2009-04-30,89958.98024594203
2009-05-01,89816.3096482295
2009-05-04,89882.54942975738
2009-05-05,89795.92757891596
2009-05-06,89734.78331471645
2009-05-07,89556.44409570521
2009-05-08,89408.67700879372
2009-05-11,89261.84092090855
2009-05-12,89261.84092090855
2009-05-13,89261.84092090855
2009-05-14,89261.84092090855
2009-05-15,89261.84092090855
2009-05-18,89261.84092090855
2009-05-19,89261.84092090855
2009-05-20,89261.84092090855
2009-05-21,89261.84092090855
2009-05-22,89261.84092090855
2009-05-26,89261.84092090855
2009-05-27,89261.84092090855
2009-05-28,89152.8827660108
2009-05-29,89266.95460646553
2009-06-01,89188.52425414858
2009-06-02,89458.76887859564
2009-06-03,88920.74855564821
2009-06-04,89027.42383031518
2009-06-05,88467.89140475108
2009-06-08,88354.41951188225
2009-06-09,88362.30554660376
2009-06-10,88332.731224116
2009-06-11,88355.96640779726
2009-06-12,88364.1414166077
2009-06-15,88200.46170404291
2009-06-16,88089.66212444707
2009-06-17,88265.9333969486
2009-06-18,88107.28915563712
2009-06-19,88124.91618682715
2009-06-22,87782.44746613418
2009-06-23,87816.06933939236
2009-06-24,87816.06933939236
2009-06-25,87816.06933939236
2009-06-26,87816.06933939236
2009-06-29,87661.84986967976
2009-06-30,87570.80357151732
2009-07-01,87250.59572892048
2009-07-02,86901.98898896511
2009-07-06,87396.1296631276
2009-07-07,87014.59292612076
2009-07-08,86852.84102945386
2009-07-09,86869.99606078204
2009-07-10,87318.39920618106
2009-07-13,87873.99161385302
2009-07-14,88229.32365220899
2009-07-15,88762.13248413245
2009-07-16,88791.84292278977
2009-07-17,89231.95780163226
2009-07-20,89778.03608532736
2009-07-21,89405.34684186001
2009-07-22,89715.5430685558
2009-07-23,91925.81771977422
2009-07-24,91240.11129311238
2009-07-27,92397.86072291162
2009-07-28,92245.1044117991
2009-07-29,92410.62594620322
2009-07-30,92488.9532546214
2009-07-31,93619.3481605038
2009-08-03,96899.6619195932
2009-08-04,97233.61592980732
2009-08-05,96441.8235891104
2009-08-06,93942.85331074646
2009-08-07,94426.10636336831
2009-08-10,93399.58618324001
2009-08-11,93297.62815054912
2009-08-12,93758.9291691546
2009-08-13,94688.63273350938
2009-08-14,93256.91151566108
2009-08-17,91276.79622656392
2009-08-18,91970.97888639926
2009-08-19,92273.34664621695
2009-08-20,92392.41801716291
2009-08-21,93925.1362758532
2009-08-24,92969.01605028969
2009-08-25,93909.38942439758
2009-08-26,93266.59801021924
2009-08-27,93146.45280880462
2009-08-28,93321.55295303768
2009-08-31,92594.11625253825
2009-09-01,89972.33997799346
2009-09-02,89349.64057934808
2009-09-03,90356.18701135443
2009-09-04,90442.8306081288
2009-09-08,91313.9511720812
2009-09-09,91688.82395545357
2009-09-10,94040.18365686788
2009-09-11,93600.07442873102
2009-09-14,93798.44765058407
2009-09-15,94491.2398323116
2009-09-16,95456.68417846633
2009-09-17,94623.51355669623
2009-09-18,94445.71135841747
2009-09-21,94624.48750429644
2009-09-22,95240.07570951623
2009-09-23,93697.06049766544
2009-09-24,92308.0964079869
2009-09-25,90845.93135683308
2009-09-28,92442.21915724038
2009-09-29,91584.95472073846
2009-09-30,91352.4137323619
2009-10-01,88149.1148644032
2009-10-02,87788.5022524608
2009-10-05,87969.16671645817
2009-10-06,88409.50388805548
2009-10-07,88482.0899258298
2009-10-08,88827.49448118341
2009-10-09,89977.65592450746
2009-10-12,89984.84148520954
2009-10-13,89819.6629651043
2009-10-14,91458.33368124846
2009-10-15,91173.91025697805
2009-10-16,89980.92601711245
2009-10-19,90981.16713087012
2009-10-20,90877.75021719112
2009-10-21,90496.13794816074
2009-10-22,91147.23468840655
2009-10-23,90281.04091962927
2009-10-26,90272.89540965437
2009-10-27,87869.64776003567
2009-10-28,84936.25426961777
2009-10-29,86665.24243420397
2009-10-30,84225.19574564382
2009-11-02,84908.01656205005
2009-11-03,85292.26597856166
2009-11-04,85784.46495351185
2009-11-05,87906.42338711268
2009-11-06,87974.48615273132
2009-11-09,90030.13080231036
2009-11-10,90052.3586046287
2009-11-11,90257.4758800827
2009-11-12,89528.80677197264
2009-11-13,90054.57165379313
2009-11-16,91124.72586306962
2009-11-17,90988.47551447425
2009-11-18,91022.63198886371
2009-11-19,90011.85931654456
2009-11-20,89660.23216123835
2009-11-23,90821.44349595788
2009-11-24,90763.70941066756
2009-11-25,91551.8556820126
2009-11-27,90150.17605144499
2009-11-30,90512.77025901312
2009-12-01,91812.51962442213
2009-12-02,92395.86612307059
2009-12-03,91233.88819256722
2009-12-04,91361.41790697156
2009-12-07,91924.95467654767
2009-12-08,91905.00118985753
2009-12-09,91789.82757030339
2009-12-10,92233.17480227674
2009-12-11,92782.14759570367
2009-12-14,93416.77984017073
2009-12-15,92970.68675259511
2009-12-16,93710.63178883454
2009-12-17,92491.56510838999
2009-12-18,92394.42840282989
2009-12-21,93756.29521380825
2009-12-22,93910.23926344789
2009-12-23,94750.70844297468
2009-12-24,95456.47018886775
2009-12-28,94739.40521904817
2009-12-29,94713.32778725028
2009-12-30,95159.82535062381
2009-12-31,94521.60689734455
2010-01-04,95271.89962853577
2010-01-05,96743.21795496141
2010-01-06,96138.31857566813
2010-01-07,96598.2745279467
2010-01-08,96339.04603774598
2010-01-11,95946.41625433134
2010-01-12,93811.78939509811
2010-01-13,94829.57996371953
2010-01-14,95336.34998390236
2010-01-15,93950.47831449324
2010-01-19,95605.08162822516
2010-01-20,95103.4299546999
2010-01-21,94040.45744298951
2010-01-22,93402.06489833153
2010-01-25,93485.13677780553
2010-01-26,92380.17653550893
2010-01-27,92749.33000897008
2010-01-28,93062.34963322387
2010-01-29,93073.9912292079
2010-02-01,94217.56637989331
2010-02-02,95931.35826543006
2010-02-03,94355.27248072982
2010-02-04,91204.89510870165
2010-02-05,91537.77025652077
2010-02-08,91398.44494278533
2010-02-09,91713.58122589643
2010-02-10,91573.29051333961
2010-02-11,92035.63112806584
2010-02-12,92106.81253504797
2010-02-16,93152.78226416449
2010-02-17,94073.01191333907
2010-02-18,95864.84747322157
2010-02-19,95590.56317910821
2010-02-22,96038.35370914063
2010-02-23,95247.95394178282
2010-02-24,95253.48589426809
2010-02-25,95197.77222089052
2010-02-26,94850.58573283975
2010-03-01,97003.74298988271
2010-03-02,96660.536743432
2010-03-03,96094.95112092486
2010-03-04,96262.42156305644
2010-03-05,97274.97901386765
2010-03-08,96760.10446146925
2010-03-09,96745.92868905081
2010-03-10,97260.27040490648
2010-03-11,97509.49141251227
2010-03-12,98232.2502609217
2010-03-15,98540.28876371589
2010-03-16,98984.7558800802
2010-03-17,99372.77130559232
2010-03-18,99003.21127091281
2010-03-19,97194.64711393171
2010-03-22,97756.92779657962
2010-03-23,98173.03092820781
2010-03-24,97767.42250448893
2010-03-25,96942.12478638375
2010-03-26,97357.31366534391
2010-03-29,98504.3240470856
2010-03-30,98940.18994673008
2010-03-31,98067.95506267625
2010-04-01,99027.08159862016
2010-04-05,99873.17267038151
2010-04-06,99527.24611525421
2010-04-07,98965.14376722969
2010-04-08,99451.13501288186
2010-04-09,100882.63320412542
2010-04-12,100896.74554745542
2010-04-13,100453.21743349251
2010-04-14,102111.76262372767
2010-04-15,102790.38255153105
2010-04-16,101095.06967737016
2010-04-19,100492.93202651103
2010-04-20,101473.03309120328
2010-04-21,102046.14705060718
2010-04-22,103819.79827735195
2010-04-23,105659.11544522886
2010-04-26,105414.46526874024
2010-04-27,101771.48158953697
2010-04-28,101694.30136993692
2010-04-29,103136.8599303199
2010-04-30,101389.32345155263
2010-05-03,103517.70441007343
2010-05-04,100748.357327723
2010-05-05,99258.70549674476
2010-05-06,96757.9861132561
2010-05-07,96224.15107781047
2010-05-10,96907.29608952792
2010-05-11,97136.97461645391
2010-05-12,97888.79109272304
2010-05-13,96911.97720704591
2010-05-14,95191.47320720195
2010-05-17,95513.28382998196
2010-05-18,93929.87223607185
2010-05-19,93033.8954171982
2010-05-20,91883.52074355038
2010-05-21,91613.84897641669
2010-05-24,91703.20101694492
2010-05-25,91566.28855466445
2010-05-26,91625.01663371678
2010-05-27,91625.01663371678
2010-05-28,91625.01663371678
2010-06-01,91625.01663371678
2010-06-02,91625.01663371678
2010-06-03,91625.01663371678
2010-06-04,91625.01663371678
2010-06-07,91625.01663371678
2010-06-08,91625.01663371678
2010-06-09,91625.01663371678
2010-06-10,91625.01663371678
2010-06-11,91625.01663371678
2010-06-14,91625.01663371678
2010-06-15,91625.01663371678
2010-06-16,91625.01663371678
2010-06-17,91625.01663371678
2010-06-18,91625.01663371678
2010-06-21,91625.01663371678
2010-06-22,91625.01663371678
2010-06-23,91625.01663371678
2010-06-24,91625.01663371678
2010-06-25,91625.01663371678
2010-06-28,91625.01663371678
2010-06-29,91625.01663371678
2010-06-30,91625.01663371678
2010-07-01,91625.01663371678
2010-07-02,91625.01663371678
2010-07-06,91625.01663371678
2010-07-07,91625.01663371678
2010-07-08,91625.01663371678
2010-07-09,91625.01663371678
2010-07-12,91625.01663371678
2010-07-13,91625.01663371678
2010-07-14,91625.01663371678
2010-07-15,91625.01663371678
2010-07-16,91625.01663371678
2010-07-19,91625.01663371678
2010-07-20,91625.01663371678
2010-07-21,91625.01663371678
2010-07-22,91625.01663371678
2010-07-23,91625.01663371678
2010-07-26,91625.01663371678
2010-07-27,91625.01663371678
2010-07-28,91625.01663371678
2010-07-29,91625.01663371678
2010-07-30,91625.01663371678
2010-08-02,91625.01663371678
2010-08-03,91299.08649754876
2010-08-04,92167.40859652346
2010-08-05,91999.54545114945
2010-08-06,91633.99768203174
2010-08-09,92278.45661310582
2010-08-10,92017.93839379246
2010-08-11,89995.79791862861
2010-08-12,89263.70334806952
2010-08-13,89111.81577354835
2010-08-16,89229.5689960188
2010-08-17,89798.50816785241
2010-08-18,89749.3525722516
2010-08-19,89128.71677025984
2010-08-20,89402.95008938634
2010-08-23,89264.87702460252
2010-08-24,88950.78779488665
2010-08-25,89017.6019003503
2010-08-26,88975.0814794442
2010-08-27,89133.01062461108
2010-08-30,88958.88258273258
2010-08-31,88956.85992143996
2010-09-01,89163.38057839738
2010-09-02,89147.18271735463
2010-09-03,89143.13635910054
2010-09-07,88856.61047959515
2010-09-08,88822.1119160065
2010-09-09,88938.49216126947
2010-09-10,88271.12205246394
2010-09-13,88755.78326090217
2010-09-14,88387.14914016474
2010-09-15,88540.94508989491
2010-09-16,88530.32075246502
2010-09-17,88289.62288108419
2010-09-20,89854.19278430426
2010-09-21,89823.71552500369
2010-09-22,89139.54797834397
2010-09-23,88254.63132424263
2010-09-24,90228.07315342469
2010-09-27,90512.53200632472
2010-09-28,91314.94069883946
2010-09-29,90951.49503122561
2010-09-30,90638.98889316824
2010-10-01,90809.49018879594
2010-10-04,90836.78105205775
2010-10-05,93087.45996098343
2010-10-06,91121.91340354519
2010-10-07,91282.64790922606
2010-10-08,92388.64448704134
2010-10-11,92235.73701238217
2010-10-12,93370.3454427763
2010-10-13,94034.71041103828
2010-10-14,93522.62829758674
2010-10-15,93253.78032707016
2010-10-18,93249.68812620974
2010-10-19,91424.20345048796
2010-10-20,94187.90165474909
2010-10-21,94311.26098778273
2010-10-22,95209.73933277653
2010-10-25,96039.75766707878
2010-10-26,96127.29453595431
2010-10-27,97027.62880534814
2010-10-28,96830.34360272426
2010-10-29,97729.9125492224
2010-11-01,97707.20333553525
2010-11-02,98748.18424418545
2010-11-03,98892.05332647196
2010-11-04,100574.75680297277
2010-11-05,101147.25019205519
2010-11-08,101418.60318699539
2010-11-09,101295.55953129177
2010-11-10,101941.54119048719
2010-11-11,101843.88142675845
2010-11-12,100019.49489783487
2010-11-15,100117.80905333598
2010-11-16,97776.24351821118
2010-11-17,98416.7510626305
2010-11-18,97895.76044195572
2010-11-19,98565.24586234477
2010-11-22,98666.94954864884
2010-11-23,98160.81169241096
2010-11-24,99900.01049423865
2010-11-26,99153.69482773994
2010-11-29,97987.93484225291
2010-11-30,98220.01659753964
2010-12-01,100209.65107678654
2010-12-02,100749.04753046423
2010-12-03,101283.95746360424
2010-12-06,101123.70703459429
2010-12-07,100549.58669295952
2010-12-08,100327.42603532494
2010-12-09,102370.3590694441
2010-12-10,103602.24235317516
2010-12-13,103495.58351065934
2010-12-14,102693.36541369135
2010-12-15,102500.22266709841
2010-12-16,104119.22855150884
2010-12-17,105687.97957140903
2010-12-20,106685.97246317711
2010-12-21,107101.66083997006
2010-12-22,106526.8247570194
2010-12-23,105480.60476654339
2010-12-27,106344.31936324362
2010-12-28,105187.69089625149
2010-12-29,105764.26466255929
2010-12-30,105943.4485350524
2010-12-31,105611.62426855386
2011-01-03,106180.68431330737
2011-01-04,105665.4789646711
2011-01-05,107340.62163255722
2011-01-06,106161.05057893056
2011-01-07,105666.9869279624
2011-01-10,105918.54680356293
2011-01-11,106552.1441579639
2011-01-12,107714.47380506991
2011-01-13,107775.02300606186
2011-01-14,108482.72471859091
2011-01-18,108822.98853095007
2011-01-19,104939.26465534355
2011-01-20,103978.74279606686
2011-01-21,104269.00407127969
2011-01-24,104765.86114670966
2011-01-25,104581.00011381655
2011-01-26,105781.08504684211
2011-01-27,106130.89519992204
2011-01-28,103141.55979456783
2011-01-31,104187.43972402574
2011-02-01,105944.58221267545
2011-02-02,105479.59971502476
2011-02-03,106101.2913949451
2011-02-04,107008.93806595763
2011-02-07,107856.20342297132
2011-02-08,108159.9598269789
2011-02-09,107944.89096213185
2011-02-10,109408.8820461573
2011-02-11,110074.22619843368
2011-02-14,111101.77959546112
2011-02-15,109701.03280071227
2011-02-16,110982.71876946474
2011-02-17,111419.61520458813
2011-02-18,111374.71372667569
2011-02-22,108007.38375380394
2011-02-23,107610.73087311148
2011-02-24,107450.90985284759
2011-02-25,107913.26841478661
2011-02-28,109113.8066258354
2011-03-01,106782.29234264574
2011-03-02,107646.76959921904
2011-03-03,108823.96114422298
2011-03-04,108465.78674434815
2011-03-07,107181.51958124235
2011-03-08,107207.93283278124
2011-03-09,107359.95966330345
2011-03-10,105006.82539333407
2011-03-11,105144.75061787476
2011-03-14,104854.62488096024
2011-03-15,104919.191316757
2011-03-16,103525.19956993632
2011-03-17,103854.02743488413
2011-03-18,104473.60756620055
2011-03-21,105188.73500308234
2011-03-22,105286.44406968364
2011-03-23,105742.39723171084
2011-03-24,107000.15621594214
2011-03-25,107293.51716830599
2011-03-28,107628.19758603841
2011-03-29,109708.28210537194
2011-03-30,110518.93486390244
2011-03-31,109924.53587323197
2011-04-01,110639.40512025311
2011-04-04,111873.93664376879
2011-04-05,113350.53798189966
2011-04-06,112762.64410137241
2011-04-07,112612.41429700283
2011-04-08,113967.9431797535
2011-04-11,111923.20374939119
2011-04-12,110628.32951255464
2011-04-13,111525.88987818728
2011-04-14,112280.73942768635
2011-04-15,113260.10768616726
2011-04-18,112095.65237519704
2011-04-19,112858.82548224546
2011-04-20,114558.48675151686
2011-04-21,116688.67462547828
2011-04-25,116403.52183812902
2011-04-26,117669.79823412125
2011-04-27,120757.50555359907
2011-04-28,120846.53993731091
2011-04-29,117901.0471976872
2011-05-02,117028.09664617649
2011-05-03,115831.0921902878
2011-05-04,114249.35185832735
2011-05-05,113972.30551890192
2011-05-06,114362.91951783236
2011-05-09,115649.72794398313
2011-05-10,117522.43616966427
2011-05-11,116326.59608533069
2011-05-12,117325.45419271685
2011-05-13,116571.88994255387
2011-05-16,115649.80877704875
2011-05-17,115360.44842526832
2011-05-18,116635.15320050738
2011-05-19,116652.45947625574
2011-05-20,115301.37140153565
2011-05-23,113273.45977300854
2011-05-24,112315.79639426398
2011-05-25,112988.93518914329
2011-05-26,114176.14477418578
2011-05-27,114171.99336603345
2011-05-31,115090.99658092592
2011-06-01,112633.92714277317
2011-06-02,112504.8756851134
2011-06-03,111431.81993658858
2011-06-06,110159.35542997364
2011-06-07,110212.78427170447
2011-06-08,109149.9179443345
2011-06-09,109029.87982851558
2011-06-10,108451.52847607978
2011-06-13,108411.9390655251
2011-06-14,108482.23135548989
2011-06-15,108277.21272938854
2011-06-16,108277.65396594748
2011-06-17,108277.65396594748
2011-06-20,108277.65396594748
2011-06-21,108277.65396594748
2011-06-22,108277.65396594748
2011-06-23,108277.65396594748
2011-06-24,108277.65396594748
2011-06-27,108277.65396594748
2011-06-28,108277.65396594748
2011-06-29,108277.65396594748
2011-06-30,108277.65396594748
2011-07-01,110266.39732660582
2011-07-05,110247.22828305209
2011-07-06,110957.22109876336
2011-07-07,111335.08553185337
2011-07-08,110859.44221893318
2011-07-11,108555.70080599004
2011-07-12,108267.90368077834
2011-07-13,108008.915829539
2011-07-14,107531.04990290117
2011-07-15,108118.4938763144
2011-07-18,107751.46770598323
2011-07-19,109957.17455313366
2011-07-20,109569.67457489876
2011-07-21,110915.8894567704
2011-07-22,111256.0405013627
2011-07-25,110470.84477758984
2011-07-26,110451.51528575852
2011-07-27,108232.99811571749
2011-07-28,108343.24084649798
2011-07-29,108674.49336436027
2011-08-01,109224.48338109694
2011-08-02,108785.4214906997
2011-08-03,108960.44021546998
2011-08-04,107550.33564819243
2011-08-05,107704.8148396546
2011-08-08,107704.8148396546
2011-08-09,107704.8148396546
2011-08-10,107704.8148396546
2011-08-11,107704.8148396546
2011-08-12,107704.8148396546
2011-08-15,107704.8148396546
2011-08-16,107704.8148396546
2011-08-17,107704.8148396546
2011-08-18,107704.8148396546
2011-08-19,107704.8148396546
2011-08-22,107704.8148396546
2011-08-23,107704.8148396546
2011-08-24,107704.8148396546
2011-08-25,107704.8148396546
2011-08-26,107704.8148396546
2011-08-29,107704.8148396546
2011-08-30,107704.8148396546
2011-08-31,107704.8148396546
2011-09-01,107704.8148396546
2011-09-02,107704.8148396546
2011-09-06,107704.8148396546
2011-09-07,107704.8148396546
2011-09-08,107704.8148396546
2011-09-09,107704.8148396546
2011-09-12,107704.8148396546
2011-09-13,107704.8148396546
2011-09-14,107704.8148396546
2011-09-15,107704.8148396546
2011-09-16,107704.8148396546
2011-09-19,107704.8148396546
2011-09-20,107704.8148396546
2011-09-21,107704.8148396546
2011-09-22,107704.8148396546
2011-09-23,107704.8148396546
2011-09-26,107704.8148396546
2011-09-27,107704.8148396546
2011-09-28,107704.8148396546
2011-09-29,107704.8148396546
2011-09-30,107704.8148396546
2011-10-03,107704.8148396546
2011-10-04,107704.8148396546
2011-10-05,107704.8148396546
2011-10-06,107704.8148396546
2011-10-07,107704.8148396546
2011-10-10,107704.8148396546
2011-10-11,107704.8148396546
2011-10-12,107704.8148396546
2011-10-13,107704.8148396546
2011-10-14,107704.8148396546
2011-10-17,107704.8148396546
2011-10-18,107704.8148396546
2011-10-19,107704.8148396546
2011-10-20,107704.8148396546
2011-10-21,107704.8148396546
2011-10-24,107051.1306967439
2011-10-25,105669.78406403157
2011-10-26,106451.10023992657
2011-10-27,108310.24304617778
2011-10-28,107479.37856293867
2011-10-31,106139.68929755401
2011-11-01,104228.52520170301
2011-11-02,105628.99032242208
2011-11-03,106004.76833587547
2011-11-04,106084.5251072998
2011-11-07,106718.92871818949
2011-11-08,107086.37613113393
2011-11-09,104246.42453381061
2011-11-10,104736.20780219005
2011-11-11,106362.84299672782
2011-11-14,105951.43116528128
2011-11-15,106855.52160617324
2011-11-16,105128.23420077105
2011-11-17,103875.29770104238
2011-11-18,104529.26198456292
2011-11-21,103161.9620479893
2011-11-22,103083.46003219667
2011-11-23,102382.7006750406
2011-11-25,102236.44488273907
2011-11-28,102236.44488273907
2011-11-29,102236.44488273907
2011-11-30,102236.44488273907
2011-12-01,102617.91018915366
2011-12-02,102080.15587067288
2011-12-05,102900.27531827085
2011-12-06,102477.18246564647
2011-12-07,102007.14776677835
2011-12-08,100940.18387876185
2011-12-09,102649.41500973448
2011-12-12,102215.99876151947
2011-12-13,101559.63060669928
2011-12-14,100314.29223796276
2011-12-15,100900.00374771103
2011-12-16,101356.52384808028
2011-12-19,100845.32043952112
2011-12-20,102961.22683005521
2011-12-21,103654.14769996249
2011-12-22,103573.62994893469
2011-12-23,104312.29854926132
2011-12-27,104661.58112113804
2011-12-28,103878.21134735915
2011-12-29,104853.6756210782
2011-12-30,103988.8392409891
2012-01-03,103492.43363617262
2012-01-04,102874.13068631377
2012-01-05,103151.31819386924
2012-01-06,102634.83441166049
2012-01-09,102416.61076480783
2012-01-10,102495.08230434066
2012-01-11,103146.83434640784
2012-01-12,103181.05033511008
2012-01-13,103610.69437627724
2012-01-17,103684.51099627945
2012-01-18,104070.32331759615
2012-01-19,104876.18754370633
2012-01-20,105044.55835525371
2012-01-23,104827.43049466982
2012-01-24,104851.29084745061
2012-01-25,106198.8270044405
2012-01-26,105089.7491827836
2012-01-27,105603.06174535985
2012-01-30,105523.18111694671
2012-01-31,105681.20736269065
2012-02-01,106323.53951880136
2012-02-02,106471.37543212836
2012-02-03,107951.23802180025
2012-02-06,108204.53249097579
2012-02-07,108443.01714960327
2012-02-08,109098.25889483413
2012-02-09,109709.5339719785
2012-02-10,109422.9436206057
2012-02-13,112272.80519048398
2012-02-14,112131.22620366591
2012-02-15,110999.41943338398
2012-02-16,110566.0017829791
2012-02-17,110540.3631773963
2012-02-21,110066.7478556461
2012-02-22,109602.17897543969
2012-02-23,110418.91241775785
2012-02-24,110419.57514681104
2012-02-27,110894.79141668657
2012-02-28,110630.27426985743
2012-02-29,110136.420835451
2012-03-01,111885.17159901554
2012-03-02,111117.09465051026
2012-03-05,110597.17133314753
2012-03-06,108779.58304536594
2012-03-07,110572.03543124213
2012-03-08,110963.7529518679
2012-03-09,111240.69264171227
2012-03-12,111276.34296621334
2012-03-13,112328.20568770138
2012-03-14,111961.9136250755
2012-03-15,112199.064013359
2012-03-16,111259.47235622603
2012-03-19,111849.90239191276
2012-03-20,112413.2632466681
2012-03-21,112897.23054135239
2012-03-22,112662.156009939
2012-03-23,112472.77170108058
2012-03-26,114421.04135236233
2012-03-27,114343.24995714246
2012-03-28,114043.71941892964
2012-03-29,113706.99004704486
2012-03-30,113348.35308436795
2012-04-02,114361.48078460939
2012-04-03,114387.62455270698
2012-04-04,113930.66397052202
2012-04-05,114155.90080600478
2012-04-09,112615.889223819
2012-04-10,109443.62133265787
2012-04-11,110716.74349448389
2012-04-12,112032.21964181404
2012-04-13,112255.72226824844
2012-04-16,111605.32313674879
2012-04-17,111783.39318784258
2012-04-18,112264.401714378
2012-04-19,111475.04702372635
2012-04-20,112172.93504801641
2012-04-23,111458.23101520563
2012-04-24,111202.38648975176
2012-04-25,113053.53582946685
2012-04-26,113223.73578645717
2012-04-27,113525.11359788556
2012-04-30,113387.28203806147
2012-05-01,114323.90505558459
2012-05-02,114947.96686626892
2012-05-03,113944.48671122904
2012-05-04,112320.50223614718
2012-05-07,113055.92989981962
2012-05-08,113090.3047105417
2012-05-09,111932.18071790233
2012-05-10,113353.09979289751
2012-05-11,113731.23511550535
2012-05-14,113018.03202857827
2012-05-15,112420.5687861563
2012-05-16,111348.27275175496
2012-05-17,109744.06828497208
2012-05-18,109647.37293657931
2012-05-21,109949.92598586327
2012-05-22,110208.5881928998
2012-05-23,110390.2974088807
2012-05-24,110904.53925786573
2012-05-25,110827.83262055827
2012-05-29,109684.55387300992
2012-05-30,109762.12053203887
2012-05-31,109590.62948042626
2012-06-01,109250.94317721033
2012-06-04,109674.72663445582
2012-06-05,109628.5552409107
2012-06-06,109813.23892800268
2012-06-07,109903.93239977193
2012-06-08,110167.76623847475
2012-06-11,109951.75216509379
2012-06-12,110050.68938283523
2012-06-13,109948.45447799606
2012-06-14,110202.39431186147
2012-06-15,110586.60269330154
2012-06-18,110599.79438523669
2012-06-19,110176.01092799118
2012-06-20,109632.13030140547
2012-06-21,108229.76930406611
2012-06-22,108716.11218002519
2012-06-25,107529.3537161554
2012-06-26,107941.15616075337
2012-06-27,108307.91716595896
2012-06-28,108158.62138683477
2012-06-29,108697.9530625511
2012-07-02,109058.67861652667
2012-07-03,109508.00507548868
2012-07-05,110143.77555046979
2012-07-06,109667.73755740433
2012-07-09,109424.65594774426
2012-07-10,107310.6851330925
2012-07-11,106422.43179684803
2012-07-12,106836.85194231059
2012-07-13,107267.37023297197
2012-07-16,107282.37557654714
2012-07-17,108018.34678680316
2012-07-18,106868.11477971723
2012-07-19,105748.67066169064
2012-07-20,106036.79376282728
2012-07-23,105556.40181972242
2012-07-24,104300.9434806909
2012-07-25,102873.31783356777
2012-07-26,103432.0459632895
2012-07-27,104595.08205501377
2012-07-30,104264.48059045101
2012-07-31,103279.72303180791
2012-08-01,102691.35759133461
2012-08-02,104042.16765887647
2012-08-03,105416.71327609222
2012-08-06,105067.10725186528
2012-08-07,105487.59865190498
2012-08-08,105574.51775049759
2012-08-09,105559.4742693261
2012-08-10,105857.54415164648
2012-08-13,106186.41336993704
2012-08-14,106369.27000048508
2012-08-15,106714.14476990384
2012-08-16,106757.94924209143
2012-08-17,107907.97493984005
2012-08-20,107084.3832476402
2012-08-21,106820.64830089822
2012-08-22,107019.54911604659
2012-08-23,107214.25368293736
2012-08-24,108430.59635462912
2012-08-27,108479.98671576238
2012-08-28,108504.972823069
2012-08-29,108106.99129356725
2012-08-30,107496.79611995778
2012-08-31,108133.4255465002
2012-09-04,108811.98046458361
2012-09-05,108305.2594658238
2012-09-06,110718.44641143644
2012-09-07,111051.04659288129
2012-09-10,109699.79392748985
2012-09-11,109039.10914407443
2012-09-12,109357.71021462379
2012-09-13,110944.10282097275
2012-09-14,112407.94925993517
2012-09-17,110569.40128333234
2012-09-18,109266.84530469049
2012-09-19,109669.93862020536
2012-09-20,110022.2972804562
2012-09-21,110615.20423084495
2012-09-24,109084.13487847777
2012-09-25,106532.4194114725
2012-09-26,104265.05375726907
2012-09-27,104813.42989216885
2012-09-28,104905.88742496978
2012-10-01,105330.11222925344
2012-10-02,105845.29311050322
2012-10-03,106217.45397892901
2012-10-04,106978.84502018847
2012-10-05,106788.14678465146
2012-10-08,106169.9001603195
2012-10-09,104338.1642804551
2012-10-10,103520.54436269193
2012-10-11,102626.4518304246
2012-10-12,102925.2053579876
2012-10-15,104035.42551573888
2012-10-16,105063.2119026625
2012-10-17,105681.49045283448
2012-10-18,106822.54532239935
2012-10-19,105662.37611274036
2012-10-22,105727.87451161606
2012-10-23,104781.26164746546
2012-10-24,105218.92910397991
2012-10-25,104421.79246560167
2012-10-26,104282.60679765519
2012-10-31,104914.97530710808
2012-11-01,105631.05260508918
2012-11-02,104465.87396505324
2012-11-05,104891.93900100978
2012-11-06,105163.9977630866
2012-11-07,104310.80209735916
2012-11-08,103830.88733917552
2012-11-09,104214.51715020913
2012-11-12,104437.19918536613
2012-11-13,104573.2214234937
2012-11-14,103506.91580026675
2012-11-15,102993.09192353775
2012-11-16,103480.35769156778
2012-11-19,104047.85792254927
2012-11-20,104338.16884429332
2012-11-21,103792.09248346511
2012-11-23,104041.0476901809
2012-11-26,103545.8892800666
2012-11-27,102960.98750271488
2012-11-28,103346.76759766592
2012-11-29,103529.48187256849
2012-11-30,103682.81192246477
2012-12-03,103303.0507058353
2012-12-04,102688.09712987725
2012-12-05,101842.52541354334
2012-12-06,102216.23920626793
2012-12-07,102309.78701642338
2012-12-10,101855.291749118
2012-12-11,102838.70199588918
2012-12-12,102717.29159261004
2012-12-13,102395.18123989618
2012-12-14,102342.86749543516
2012-12-17,103677.19553880734
2012-12-18,104908.8090898527
2012-12-19,104265.44357569236
2012-12-20,105126.3962551256
2012-12-21,103858.92999469183
2012-12-24,103989.81297425406
2012-12-26,103564.7249325675
2012-12-27,103318.48881630044
2012-12-28,102838.54881337404
2012-12-31,103890.41338788587
2013-01-02,105618.62355485416
2013-01-03,106128.53821015681
2013-01-04,107102.30323776885
2013-01-07,106357.92359760898
2013-01-08,106517.45925548628
2013-01-09,106841.74712546659
2013-01-10,107459.18347751348
2013-01-11,107406.66868844657
2013-01-14,106594.96569431633
2013-01-15,107209.0040006772
2013-01-16,106620.93758005317
2013-01-17,108124.940582128
2013-01-18,108192.07519606625
2013-01-22,109341.520443204
2013-01-23,108983.73794998262
2013-01-24,110334.02977030314
2013-01-25,113115.15195006497
2013-01-28,112533.16469630806
2013-01-29,112273.08493024824
2013-01-30,111502.59056734062
2013-01-31,111682.60286292597
2013-02-01,112485.95793089464
2013-02-04,110349.34517313779
2013-02-05,111525.29599509222
2013-02-06,111917.51460750672
2013-02-07,111698.18853341228
2013-02-08,112558.55725976221
2013-02-11,112933.49622082499
2013-02-12,113799.96409534272
2013-02-13,114676.49593761498
2013-02-14,115680.64156905092
2013-02-15,115450.49991161824
2013-02-19,116380.2091051
2013-02-20,113104.72913871818
2013-02-21,112478.5691288138
2013-02-22,113521.37144897711
2013-02-25,111673.09736685937
2013-02-26,112615.06028879379
2013-02-27,113815.48091212999
2013-02-28,113545.41068169526
2013-03-01,114291.38544353654
2013-03-04,114888.3888588553
2013-03-05,115676.82548228835
2013-03-06,115561.63446686052
2013-03-07,116011.234869137
2013-03-08,116385.65555257203
2013-03-11,116659.69031928477
2013-03-12,116462.3383724294
2013-03-13,116259.5338886673
2013-03-14,117245.2799060353
2013-03-15,116931.5021397754
2013-03-18,116429.47306195118
2013-03-19,115447.1456607634
2013-03-20,116046.50861321915
2013-03-21,115196.29681682344
2013-03-22,116214.47922018592
2013-03-25,116745.289379104
2013-03-26,117754.7875240567
2013-03-27,118069.34508675875
2013-03-28,118945.2679760045
2013-04-01,118552.21130865748
2013-04-02,118730.23880300474
2013-04-03,115953.76087778257
2013-04-04,116523.79215072904
2013-04-05,116716.94719723213
2013-04-08,118137.68110220508
2013-04-09,118161.20193003083
2013-04-10,119314.0711926087
2013-04-11,118240.42080210411
2013-04-12,117332.74508327451
2013-04-15,113964.9191105928
2013-04-16,115031.12725666078
2013-04-17,114785.84585152728
2013-04-18,113840.9584348976
2013-04-19,115554.88882537467
2013-04-22,115832.10155464463
2013-04-23,115986.47003659369
2013-04-24,115590.6220304849
2013-04-25,116698.50892368935
2013-04-26,116599.14795460911
2013-04-29,117251.9089052763
2013-04-30,117638.2107624606
2013-05-01,117879.78419600347
2013-05-02,119745.45003795726
2013-05-03,122362.58288922015
2013-05-06,122472.29555229838
2013-05-07,123403.71653790728
2013-05-08,123727.98559188056
2013-05-09,122627.22576952854
2013-05-10,124962.08697150185
2013-05-13,125606.29969119723
2013-05-14,126855.67532772128
2013-05-15,127319.32355127606
2013-05-16,125101.56818356493
2013-05-17,125973.4582072831
2013-05-20,124810.15448095967
2013-05-21,123585.89755145242
2013-05-22,122590.20448113087
2013-05-23,121698.25694676772
2013-05-24,122465.05033784274
2013-05-28,125942.1496438834
2013-05-29,124483.90531638378
2013-05-30,125497.58784847114
2013-05-31,122980.34076083185
2013-06-03,122475.04944487852
2013-06-04,121911.25142471405
2013-06-05,119421.34138398839
2013-06-06,119604.65361378319
2013-06-07,121629.64964214373
2013-06-10,122253.52068409103
2013-06-11,121257.39307623479
2013-06-12,120473.55526641713
2013-06-13,121803.45587411863
2013-06-14,120508.04319385067
2013-06-17,121409.99940257831
2013-06-18,122798.0230777227
2013-06-19,122042.25506882943
2013-06-20,118691.09950639575
2013-06-21,119737.59014406442
2013-06-24,117695.96949794113
2013-06-25,117824.34246758299
2013-06-26,119353.78582124169
2013-06-27,121319.50186399154
2013-06-28,121713.29672711495
2013-07-01,121650.0267303476
2013-07-02,120754.14250872935
2013-07-03,120924.42359652999
2013-07-05,122758.13150600182
2013-07-08,122556.11922926585
2013-07-09,121931.44143376726
2013-07-10,121055.95105057709
2013-07-11,121487.71299403242
2013-07-12,121790.45906715063
2013-07-15,121885.62320484521
2013-07-16,120866.7327182077
2013-07-17,120895.95641678403
2013-07-18,122231.80268910325
2013-07-19,122305.16322945405
2013-07-22,122987.57049717265
2013-07-23,122444.30078028982
2013-07-24,121522.26826944217
2013-07-25,121372.61548615617
2013-07-26,121434.29539735556
2013-07-29,120499.3434229484
2013-07-30,121088.70628111661
2013-07-31,121631.27646156393
2013-08-01,125187.08447543354
2013-08-02,124781.28053423256
2013-08-05,123985.86244543747
2013-08-06,120973.33475312461
2013-08-07,120947.80823630723
2013-08-08,121649.25773577784
2013-08-09,121282.87200311455
2013-08-12,120987.58506201455
2013-08-13,121180.32812510611
2013-08-14,120954.75839979967
2013-08-15,118189.06643539638
2013-08-16,118895.58480768627
2013-08-19,117138.50971185205
2013-08-20,116948.94719368717
2013-08-21,116396.1022113032
2013-08-22,117971.55121071088
2013-08-23,118213.00996953993
2013-08-26,118048.74831108714
2013-08-27,114325.33743576404
2013-08-28,115292.24028075981
2013-08-29,115649.50137981692
2013-08-30,114419.31058455573
2013-09-03,115746.65674578119
2013-09-04,116373.98399029215
2013-09-05,116527.74298199745
2013-09-06,115176.28443209465
2013-09-09,116036.88075707789
2013-09-10,117413.13321827922
2013-09-11,117438.46943405204
2013-09-12,116923.81586316886
2013-09-13,116294.07205080618
2013-09-16,116593.7360215628
2013-09-17,117402.68820203826
2013-09-18,119246.42627994523
2013-09-19,118733.84649067842
2013-09-20,117211.9533035643
2013-09-23,116585.84212434592
2013-09-24,116579.89108913728
2013-09-25,116351.42061298282
2013-09-26,117335.34868904745
2013-09-27,117065.18261960044
2013-09-30,116343.37001051178
2013-10-01,117377.37549228301
2013-10-02,117412.78806502308
2013-10-03,115861.85275491446
2013-10-04,117489.45597251253
2013-10-07,115484.62750542177
2013-10-08,112292.84776340678
2013-10-09,112078.36220107903
2013-10-10,113320.91845023568
2013-10-11,114625.52231946285
2013-10-14,115116.14627182744
2013-10-15,114420.1020410581
2013-10-16,116600.81960380993
2013-10-17,117621.72305265076
2013-10-18,117736.91180786522
2013-10-21,117619.1845412714
2013-10-22,117795.41265130663
2013-10-23,117549.16055873345
2013-10-24,118468.06195053874
2013-10-25,118223.50448119041
2013-10-28,117500.44056046063
2013-10-29,118860.11506286458
2013-10-30,118335.42310171758
2013-10-31,117374.58736779039
2013-11-01,117554.04473192361
2013-11-04,118430.36509158168
2013-11-05,118246.40083325634
2013-11-06,116460.77618460801
2013-11-07,114317.6061816339
2013-11-08,116439.49740965047
2013-11-11,116643.75925026034
2013-11-12,116983.79405755486
2013-11-13,117518.26231148881
2013-11-14,118382.96975694063
2013-11-15,118696.25130195275
2013-11-18,117675.63595706083
2013-11-19,117093.05817722243
2013-11-20,117081.33924070743
2013-11-21,118832.67793152679
2013-11-22,119815.80501285294
2013-11-25,118328.64346157986
2013-11-26,118068.60426902518
2013-11-27,119190.6241034186
2013-11-29,118792.36277689565
2013-12-02,118847.56784331107
2013-12-03,117582.44423811429
2013-12-04,117609.40439683534
2013-12-05,117097.0331521501
2013-12-06,117683.40320808682
2013-12-09,117317.70143355962
2013-12-10,116668.89491219625
2013-12-11,115307.7449623254
2013-12-12,115190.80436291074
2013-12-13,115430.98560945978
2013-12-16,116318.4969186431
2013-12-17,117025.57324879957
2013-12-18,118304.1409372238
2013-12-19,117540.1662088255
2013-12-20,117953.57293558212
2013-12-23,119006.8382757881
2013-12-24,119480.7104057784
2013-12-26,119769.57483345049
2013-12-27,119096.81182365821
2013-12-30,119430.50407102535
2013-12-31,119815.80478160668
2014-01-02,119335.25977310656
2014-01-03,118963.79969891145
2014-01-06,118255.87201143542
2014-01-07,119619.94628658393
2014-01-08,119262.40057496885
2014-01-09,120318.56539550686
2014-01-10,121136.31929998274
2014-01-13,119315.73074630054
2014-01-14,120534.17283115126
2014-01-15,120179.87639265718
2014-01-16,120868.47465245659
2014-01-17,122840.94815819591
2014-01-21,124216.07323243034
2014-01-22,124865.24441347668
2014-01-23,123835.39895927296
2014-01-24,119374.08004057955
2014-01-27,118729.68949539482
2014-01-28,120486.97040497778
2014-01-29,120434.5371841359
2014-01-30,122163.49710504046
2014-01-31,121786.3358979334
2014-02-03,119009.34585656175
2014-02-04,119361.53987629859
2014-02-05,118989.30009437242
2014-02-06,119439.81281849585
2014-02-07,121461.1972702831
2014-02-10,122899.10968292794
2014-02-11,123282.3123086023
2014-02-12,123033.07082748793
2014-02-13,125201.01397777509
2014-02-14,125699.6006589379
2014-02-18,127062.90466136
2014-02-19,126428.64691311949
2014-02-20,128175.37126784654
2014-02-21,127733.31108762683
2014-02-24,128963.19974511508
2014-02-25,128964.50685221708
2014-02-26,128371.25250773784
2014-02-27,128502.23420202611
2014-02-28,126764.06064469786
2014-03-03,126083.64393665621
2014-03-04,129755.23000882888
2014-03-05,129867.76208986752
2014-03-06,129577.99112782748
2014-03-07,128866.49706094497
2014-03-10,128064.42394527285
2014-03-11,126611.29337908729
2014-03-12,127127.71956556001
2014-03-13,125239.28492909702
2014-03-14,125701.41525622332
2014-03-17,126633.47646084317
2014-03-18,127745.9226295435
2014-03-19,126907.57642645104
2014-03-20,127895.09938747107
2014-03-21,126825.37667234842
2014-03-24,125028.95807075857
2014-03-25,125383.6739650245
2014-03-26,123412.04381421256
2014-03-27,123581.70172209402
2014-03-28,123988.65421746069
2014-03-31,124552.81599211306
2014-04-01,124949.0918879635
2014-04-02,125751.59817245463
2014-04-03,125353.42301823839
2014-04-04,123720.12435601835
2014-04-07,121821.00192984904
2014-04-08,122354.74709808415
2014-04-09,122748.67283350631
2014-04-10,120687.3520218805
2014-04-11,120078.71781091027
2014-04-14,120776.00102706664
2014-04-15,121536.15368959785
2014-04-16,123472.23395560062
2014-04-17,123767.25559772016
2014-04-21,123451.00518718356
2014-04-22,123082.63654063732
2014-04-23,123414.19602964603
2014-04-24,124023.18064117944
2014-04-25,123218.75681546677
2014-04-28,123204.37850453463
2014-04-29,123954.66329150507
2014-04-30,124325.81260167534
2014-05-01,124129.30452266027
2014-05-02,123866.00640049035
2014-05-05,123609.04807481659
2014-05-06,122992.2971786088
2014-05-07,124201.56325081605
2014-05-08,123345.2877149313
2014-05-09,123006.4513661995
2014-05-12,125072.2846757084
2014-05-13,124615.61381690271
2014-05-14,124034.0742564376
2014-05-15,122819.20316822713
2014-05-16,123452.27712263372
2014-05-19,124190.4974199483
2014-05-20,122650.73260495644
2014-05-21,123889.64226894143
2014-05-22,124765.91992061745
2014-05-23,125786.65537443988
2014-05-27,126456.14089235353
2014-05-28,126215.39818621961
2014-05-29,126654.74741825346
2014-05-30,126778.35628776073
2014-06-02,127531.10431492323
2014-06-03,127385.53686919236
2014-06-04,128652.96967947132
2014-06-05,129874.75974430026
2014-06-06,130456.27136314128
2014-06-09,129581.90893718168
2014-06-10,130162.84090201021
2014-06-11,130349.38296546081
2014-06-12,129663.32398563644
2014-06-13,129992.08567780563
2014-06-16,130145.59660833675
2014-06-17,131947.14556827577
2014-06-18,132462.16949269245
2014-06-19,134807.63291280842
2014-06-20,132960.90952677684
2014-06-23,132247.08653314022
2014-06-24,130223.52319587991
2014-06-25,130357.92483946442
2014-06-26,130456.9982328523
2014-06-27,130709.73206294846
2014-06-30,131104.34520494164
2014-07-01,132747.34300513007
2014-07-02,132090.50405752432
2014-07-03,133076.556316586
2014-07-07,131456.13057407734
2014-07-08,131277.8040638353
2014-07-09,132748.1426064613
2014-07-10,132575.15248799603
2014-07-11,132826.10114760962
2014-07-14,133773.22722126104
2014-07-15,132724.73126381607
2014-07-16,133821.16094526934
2014-07-17,132160.5634919756
2014-07-18,133853.56036784974
2014-07-21,133692.95601730506
2014-07-22,135098.0274938828
2014-07-23,135515.75203871133
2014-07-24,134793.7974225971
2014-07-25,135958.1679331733
2014-07-28,136153.28288118663
2014-07-29,134311.8698591579
2014-07-30,134214.46074317946
2014-07-31,131051.41977951108
2014-08-01,130865.5415071021
2014-08-04,131669.8057476126
2014-08-05,131104.418464571
2014-08-06,131391.05938718523
2014-08-07,130738.5514073758
2014-08-08,131646.25186555766
2014-08-11,132139.2888048815
2014-08-12,131785.81505904146
2014-08-13,132780.32331536498
2014-08-14,133473.77644559628
2014-08-15,133653.30623702463
2014-08-18,134898.63199646035
2014-08-19,134827.99698268258
2014-08-20,134781.1768289764
2014-08-21,135635.77432418164
2014-08-22,135412.34046596393
2014-08-25,135557.8229658218
2014-08-26,135479.56017084353
2014-08-27,135321.14134751525
2014-08-28,135090.3772985189
2014-08-29,135361.22808439884
2014-09-02,136111.92776426993
2014-09-03,135941.91266354403
2014-09-04,135913.3332129066
2014-09-05,136283.59944459063
2014-09-08,136094.0938694448
2014-09-09,134885.81664301694
2014-09-10,134570.32955742453
2014-09-11,135036.34782723835
2014-09-12,134407.55892430048
2014-09-15,134400.8703627398
2014-09-16,135326.4648020603
2014-09-17,136429.92746190156
2014-09-18,138087.406991993
2014-09-19,137536.7988808104
2014-09-22,136589.40106101922
2014-09-23,135086.8118765379
2014-09-24,136397.8927147418
2014-09-25,134975.28316101327
2014-09-26,136161.7143246626
2014-09-29,136085.07035496432
2014-09-30,134856.2946117266
2014-10-01,131804.90874104662
2014-10-02,131612.49580347637
2014-10-03,133052.41626817733
2014-10-06,132122.04839107624
2014-10-07,130039.06221385518
2014-10-08,131553.16854778273
2014-10-09,129895.43884349446
2014-10-10,128165.98629499273
2014-10-13,126468.55963368477
2014-10-14,126855.19911387724
2014-10-15,125969.66740524181
2014-10-16,125293.57437254136
2014-10-17,125293.57437254136
2014-10-20,125293.57437254136
2014-10-21,125293.57437254136
2014-10-22,125293.57437254136
2014-10-23,125293.57437254136
2014-10-24,125293.57437254136
2014-10-27,125396.15506455938
2014-10-28,126281.39015461144
2014-10-29,125771.84000327635
2014-10-30,127156.72371527435
2014-10-31,127926.1146813882
2014-11-03,127179.48356664393
2014-11-04,126586.74470872125
2014-11-05,126652.06071983764
2014-11-06,127077.93328111072
2014-11-07,127047.28063162405
2014-11-10,127854.90569866273
2014-11-11,128005.26948303987
2014-11-12,128012.37777821335
2014-11-13,128954.58315969362
2014-11-14,128937.98572543346
2014-11-17,128844.85552658932
2014-11-18,129326.15443055546
2014-11-19,128221.15282613825
2014-11-20,128783.15937017542
2014-11-21,128811.7301709966
2014-11-24,129842.35839610398
2014-11-25,129398.9408682447
2014-11-26,129930.38604778337
2014-11-28,130991.08313962871
2014-12-01,129149.82730856471
2014-12-02,130233.3955090954
2014-12-03,130747.15721182233
2014-12-04,131444.68631991404
2014-12-05,131975.9399801369
2014-12-08,130597.58310583927
2014-12-09,131154.55687519346
2014-12-10,128428.98123358794
2014-12-11,129689.34379062805
2014-12-12,128821.75624363823
2014-12-15,127264.1659478563
2014-12-16,125945.796020227
2014-12-17,128696.7954767154
2014-12-18,129920.85186391081
2014-12-19,129483.98027314634
2014-12-22,131514.41484206004
2014-12-23,132353.8196319536
2014-12-24,132574.64687557743
2014-12-26,132714.8165817718
2014-12-29,133488.4221538976
2014-12-30,132850.35070004698
2014-12-31,131965.99713448298
2015-01-02,131664.10472373888
2015-01-05,129501.60963878335
2015-01-06,128928.7099382778
2015-01-07,131584.84930381
2015-01-08,133220.2378450921
2015-01-09,132670.56384000267
2015-01-12,133295.98963225007
2015-01-13,132528.04696180008
2015-01-14,132779.0997757378
2015-01-15,130837.89138416703
2015-01-16,132996.51456791977
2015-01-20,132134.67833742907
2015-01-21,131051.89865763724
2015-01-22,132422.7665170043
2015-01-23,132602.844365334
2015-01-26,134429.71167823044
2015-01-27,133654.14426568
2015-01-28,132284.28319502992
2015-01-29,133998.58147169265
2015-01-30,131097.93884874354
2015-02-02,131027.70637357161
2015-02-03,131797.27705219595
2015-02-04,132294.02420935186
2015-02-05,133198.7299069789
2015-02-06,132602.40898408135
2015-02-09,132326.837952666
2015-02-10,134039.20109146927
2015-02-11,134756.32999771973
2015-02-12,136116.94084489113
2015-02-13,136854.06823769142
2015-02-17,137016.77657572215
2015-02-18,137321.509775587
2015-02-19,136775.49858526926
2015-02-20,138053.98705614413
2015-02-23,138071.31941212178
2015-02-24,137614.23935353366
2015-02-25,138003.56515563285
2015-02-26,139009.41522492786
2015-02-27,137508.27297870858
2015-03-02,140343.63263315256
2015-03-03,138749.08724071243
2015-03-04,138874.09059829786
2015-03-05,139295.51489184253
2015-03-06,137660.3040712018
2015-03-09,137729.8187824835
2015-03-10,136592.03477129893
2015-03-11,136891.75047228666
2015-03-12,137994.19865289543
2015-03-13,137671.874722416
2015-03-16,140706.14017636745
2015-03-17,141199.59059217302
2015-03-18,141154.07793665148
2015-03-19,142850.5623599455
2015-03-20,142169.67192807968
2015-03-23,140583.79988466096
2015-03-24,140033.91943085735
2015-03-25,136298.11867120396
2015-03-26,134625.02208853874
2015-03-27,134723.70824242564
2015-03-30,136445.30559750227
2015-03-31,135648.1927730596
2015-04-01,135178.7917549859
2015-04-02,134785.74304481657
2015-04-06,135828.8251766904
2015-04-07,135349.60195759137
2015-04-08,135870.99533290687
2015-04-09,136297.57199756833
2015-04-10,135779.08364830833
2015-04-13,134931.14163412448
2015-04-14,134837.14008364032
2015-04-15,135062.47004110244
2015-04-16,135253.15864012792
2015-04-17,133225.08153737496
2015-04-20,134292.83681404562
2015-04-21,134002.08739880956
2015-04-22,133438.8314772032
2015-04-23,133930.78112866415
2015-04-24,133942.55707757425
2015-04-27,130371.64187724826
2015-04-28,130267.41948741201
2015-04-29,130183.81478021778
2015-04-30,128750.25939834435
2015-05-01,130315.80896083206
2015-05-04,130041.65989862884
2015-05-05,129210.91739812875
2015-05-06,129148.14458455407
2015-05-07,129472.36588393335
2015-05-08,129185.14197973462
2015-05-11,129234.97171454885
2015-05-12,128122.52322976859
2015-05-13,128723.08181252051
2015-05-14,130492.69265831483
2015-05-15,130834.6207065429
2015-05-18,132381.56695058293
2015-05-19,132788.50356721404
2015-05-20,132464.92060344375
2015-05-21,133460.51065153067
2015-05-22,133685.27736107257
2015-05-26,131884.29027870533
2015-05-27,134334.3469708488
2015-05-28,134298.55253341666
2015-05-29,133745.6382002483
2015-06-01,133984.21613373773
2015-06-02,134601.53130079823
2015-06-03,134778.38697038096
2015-06-04,132953.7977009549
2015-06-05,135240.2239653107
2015-06-08,133772.06607148686
2015-06-09,133384.3591505235
2015-06-10,133684.8438890095
2015-06-11,133308.92069033522
2015-06-12,132553.0930118863
2015-06-15,132201.76489213947
2015-06-16,134772.68164058306
2015-06-17,135207.3699677484
2015-06-18,136749.9071627583
2015-06-19,137778.62689895314
2015-06-22,138705.05676521623
2015-06-23,139465.26138166717
2015-06-24,137634.65239741546
2015-06-25,138749.52013605574
2015-06-26,137195.26764367023
2015-06-29,134016.48995447723
2015-06-30,135333.07048649125
2015-07-01,135696.89943168347
2015-07-02,135560.05008338002
2015-07-06,135211.77352161333
2015-07-07,135639.9527046525
2015-07-08,133113.3610609289
2015-07-09,135993.29905978616
2015-07-10,137316.54514652665
2015-07-13,137850.16607877682
2015-07-14,139970.8788727105
2015-07-15,138718.7187437943
2015-07-16,142971.09617562234
2015-07-17,144420.81032066082
2015-07-20,143691.34467546782
2015-07-21,142601.09425011443
2015-07-22,143683.28711578896
2015-07-23,142849.30741837047
2015-07-24,143399.96033767462
2015-07-27,139187.5651558363
2015-07-28,139273.17531205996
2015-07-29,140623.57320070994
2015-07-30,141465.50804373762
2015-07-31,141890.92643319775
2015-08-03,142050.61037500107
2015-08-04,142045.33844233118
2015-08-05,143082.42761563495
2015-08-06,141457.38937029245
2015-08-07,141100.0979462297
2015-08-10,141762.0209215944
2015-08-11,142877.7672991521
2015-08-12,142695.26481040203
2015-08-13,142870.71525559525
2015-08-14,142979.31346678082
2015-08-17,144130.40680590787
2015-08-18,144391.36455030256
2015-08-19,143312.73253961082
2015-08-20,140709.14979313
2015-08-21,138200.2555461052
2015-08-24,137205.8339621641
2015-08-25,137501.02530399655
2015-08-26,137501.02530399655
2015-08-27,137501.02530399655
2015-08-28,137501.02530399655
2015-08-31,137501.02530399655
2015-09-01,137501.02530399655
2015-09-02,137501.02530399655
2015-09-03,137501.02530399655
2015-09-04,137501.02530399655
2015-09-08,137501.02530399655
2015-09-09,137501.02530399655
2015-09-10,137501.02530399655
2015-09-11,137501.02530399655
2015-09-14,137501.02530399655
2015-09-15,137501.02530399655
2015-09-16,137501.02530399655
2015-09-17,137501.02530399655
2015-09-18,137501.02530399655
2015-09-21,137501.02530399655
2015-09-22,137501.02530399655
2015-09-23,137501.02530399655
2015-09-24,137501.02530399655
2015-09-25,137501.02530399655
2015-09-28,137501.02530399655
2015-09-29,137501.02530399655
2015-09-30,137501.02530399655
2015-10-01,137501.02530399655
2015-10-02,137501.02530399655
2015-10-05,137501.02530399655
2015-10-06,137501.02530399655
2015-10-07,137501.02530399655
2015-10-08,137501.02530399655
2015-10-09,137501.02530399655
2015-10-12,137501.02530399655
2015-10-13,137501.02530399655
2015-10-14,137501.02530399655
2015-10-15,137501.02530399655
2015-10-16,137501.02530399655
2015-10-19,137452.5435840561
2015-10-20,136499.63646694057
2015-10-21,136791.20558576495
2015-10-22,138849.00252022114
2015-10-23,139931.65384393168
2015-10-26,140121.43754224066
2015-10-27,139272.90595922997
2015-10-28,140485.63574719251
2015-10-29,140315.07274955965
2015-10-30,140117.95905369983
2015-11-02,141340.34990744977
2015-11-03,141028.84360948822
2015-11-04,140368.11477023712
2015-11-05,140712.32499121758
2015-11-06,140666.03361920457
2015-11-09,138247.35216000478
2015-11-10,139514.94561763352
2015-11-11,139953.01499412625
2015-11-12,137931.1240272975
2015-11-13,135817.11582392966
2015-11-16,136291.5009793372
2015-11-17,136845.57962839067
2015-11-18,137953.88822353128
2015-11-19,137914.91658598557
2015-11-20,139599.23358226081
2015-11-23,139983.5148314771
2015-11-24,139386.51301901124
2015-11-25,140002.14324503436
2015-11-27,140341.7904738961
2015-11-30,138616.92950384
2015-12-01,139511.26507567102
2015-12-02,138853.90567867405
2015-12-03,137942.19533152328
2015-12-04,140912.83425932156
2015-12-07,139753.11845477353
2015-12-08,140502.58563152072
2015-12-09,137490.22381169663
2015-12-10,137105.593696611
2015-12-11,136041.51361438172
2015-12-14,136263.2855777784
2015-12-15,136559.82340106438
2015-12-16,138119.81400904045
2015-12-17,136733.75495189417
2015-12-18,134913.2955584089
2015-12-21,136009.1607903657
2015-12-22,136449.22074306963
2015-12-23,136629.9759485541
2015-12-24,137062.61539104054
2015-12-28,137120.60160888796
2015-12-29,138149.66579546998
2015-12-30,137543.63598877986
2015-12-31,135969.69905929093
2016-01-04,135144.36494466627
2016-01-05,136225.4049832422
2016-01-06,136266.77445308515
2016-01-07,134671.90849858802
2016-01-08,134707.7374037747
2016-01-11,134565.9828915787
2016-01-12,134575.75637848847
2016-01-13,134065.79540698483
2016-01-14,134206.63298648383
2016-01-15,133801.2319762613
2016-01-19,134008.6889316104
2016-01-20,133607.6170211447
2016-01-21,133656.01960318495
2016-01-22,134174.65042416877
2016-01-25,134243.79287177997
2016-01-26,134195.39399130412
2016-01-27,134077.83785695935
2016-01-28,134499.65425995152
2016-01-29,134679.44572265793
2016-02-01,134879.98075249966
2016-02-02,134852.3263645503
2016-02-03,135004.4532600051
2016-02-04,134889.52801258778
2016-02-05,134764.15139796727
2016-02-08,134715.39439113165
2016-02-09,134945.24396057517
2016-02-10,135112.41493931512
2016-02-11,134847.73272307724
2016-02-12,134973.10563613332
2016-02-16,134854.70184353122
2016-02-17,135021.8672699245
2016-02-18,135384.06257444253
2016-02-19,135384.06257444253
2016-02-22,135411.92517539178
2016-02-23,135335.30834378023
2016-02-24,135300.476622377
2016-02-25,135495.50279893732
2016-02-26,135133.31397215705
2016-02-29,135112.41493931512
2016-03-01,135126.34300092087
2016-03-02,135523.3700268421
2016-03-03,135711.43356068622
2016-03-04,135284.0237924524
2016-03-07,135484.69526934123
2016-03-08,134531.66103600652
2016-03-09,136029.9876475546
2016-03-10,136450.47802721203
2016-03-11,136932.26682634818
2016-03-14,136382.82343936007
2016-03-15,136783.61794168278
2016-03-16,137930.36492602763
2016-03-17,139372.52138113484
2016-03-18,138150.9099846221
2016-03-21,138531.55753503458
2016-03-22,138111.7887173239
2016-03-23,138098.27997957452
2016-03-24,138165.97993896206
2016-03-28,137990.97722457422
2016-03-29,140314.6262777341
2016-03-30,140450.57290730553
2016-03-31,140543.91789396814
2016-04-01,141728.69470873644
2016-04-04,140436.30062577664
2016-04-05,138902.9343044439
2016-04-06,139394.84866512517
2016-04-07,137774.99558083722
2016-04-08,138414.45964322583
2016-04-11,137991.88736525818
2016-04-12,138788.4535369502
2016-04-13,140390.99227690403
2016-04-14,139928.26756570075
2016-04-15,140456.51038058108
2016-04-18,141383.2765243145
2016-04-19,141136.73985134138
2016-04-20,140761.85961601723
2016-04-21,140408.40193786717
2016-04-22,140284.58265032156
2016-04-25,139434.17067822278
2016-04-26,140633.1210523239
2016-04-27,139983.9264611859
2016-04-28,138902.14789075532
2016-04-29,139821.79335544744
2016-05-02,140074.5226735131
2016-05-03,137560.74750699612
2016-05-04,136924.62467525474
2016-05-05,138116.90710904228
2016-05-06,138949.42613291525
2016-05-09,138879.7063519583
2016-05-10,139933.62687730914
2016-05-11,138713.49466286087
2016-05-12,138979.67865263516
2016-05-13,138059.85148918474
2016-05-16,138695.78825422112
2016-05-17,136795.6448868763
2016-05-18,135520.03501686774
2016-05-19,135838.05924960325
2016-05-20,136579.64545071175
2016-05-23,135879.31708947296
2016-05-24,136218.30664962495
2016-05-25,136417.11103591538
2016-05-26,136420.60359408698
2016-05-27,136949.49550674966
2016-05-31,136744.71586260005
2016-06-01,137663.98599536892
2016-06-02,138349.2351912938
2016-06-03,138142.61814867737
2016-06-06,138688.7346683362
2016-06-07,138435.5143996384
2016-06-08,139077.23332664274
2016-06-09,139761.8486325659
2016-06-10,138528.54335526106
2016-06-13,137538.11835537365
2016-06-14,138186.54489552046
2016-06-15,138437.3080291498
2016-06-16,138725.5259383438
2016-06-17,138518.6569010348
2016-06-20,138800.19032412075
2016-06-21,139184.67561970573
2016-06-22,137966.23445195472
2016-06-23,139478.29049816643
2016-06-24,137064.0109051193
2016-06-27,135534.89427637207
2016-06-28,136668.39576229136
2016-06-29,138607.64641056713
2016-06-30,139830.6441526063
2016-07-01,141289.6045933064
2016-07-05,141385.84062853392
2016-07-06,142737.42907726357
2016-07-07,141260.06613956016
2016-07-08,143235.6597709871
2016-07-11,143931.70221249553
2016-07-12,143010.24665802706
2016-07-13,143254.21724837643
2016-07-14,143309.07925395266
2016-07-15,143597.71744310172
2016-07-18,144749.01868798418
2016-07-19,143893.0112841233
2016-07-20,142403.19630410947
2016-07-21,142767.50044659723
2016-07-22,144021.18779290785
2016-07-25,144031.45590731397
2016-07-26,143940.65559245402
2016-07-27,143297.80038550353
2016-07-28,143154.76576552488
2016-07-29,144037.2541219982
2016-08-01,145123.6221246762
2016-08-02,143544.34438091473
2016-08-03,144292.06871111135
2016-08-04,147603.04768514205
2016-08-05,147209.37673949354
2016-08-08,146655.06257278417
2016-08-09,147408.34152500465
2016-08-10,144861.95373008822
2016-08-11,144686.23968853705
2016-08-12,144386.2819567547
2016-08-15,145260.14881428954
2016-08-16,144300.18955886742
2016-08-17,143950.98828611182
2016-08-18,145018.17177631383
2016-08-19,144868.65625018338
2016-08-22,144572.78916775732
2016-08-23,145289.70863459507
2016-08-24,144268.0479665488
2016-08-25,144899.62380789433
2016-08-26,144554.8734052839
2016-08-29,145616.9660202732
2016-08-30,145803.29467937074
2016-08-31,144904.08382973398
2016-09-01,145328.06485088958
2016-09-02,146707.73650891523
2016-09-06,145878.86642040368
2016-09-07,146288.082490184
2016-09-08,146355.54811505426
2016-09-09,143904.25205486824
2016-09-12,144470.57468484444
2016-09-13,140938.29143653266
2016-09-14,139953.8869365705
2016-09-15,142409.66465193022
2016-09-16,142347.2931964451
2016-09-19,141213.7330511216
2016-09-20,141643.75068495848
2016-09-21,143743.9282233687
2016-09-22,143960.84437241737
2016-09-23,142107.01811841698
2016-09-26,140883.007598388
2016-09-27,141002.77726490574
2016-09-28,140267.9116844791
2016-09-29,138847.940937607
2016-09-30,139613.33366582208
2016-10-03,139465.05226458702
2016-10-04,138774.93166575
2016-10-05,139799.6218761239
2016-10-06,139729.69111078433
2016-10-07,138203.59794280594
2016-10-10,138606.09500475286
2016-10-11,136831.69216921178
2016-10-12,135851.38091504158
2016-10-13,135174.56491892782
2016-10-14,135095.04762086517
2016-10-17,134821.10808244126
2016-10-18,135339.79930840593
2016-10-19,136486.74498993115
2016-10-20,135970.21706578825
2016-10-21,135528.50089111755
2016-10-24,135947.35919691698
2016-10-25,135378.9687245881
2016-10-26,134867.4260198257
2016-10-27,134063.14550228612
2016-10-28,134412.58719814074
2016-10-31,134358.54386180753
2016-11-01,133755.7018320454
2016-11-02,133442.45453616782
2016-11-03,133076.37728997756
2016-11-04,132910.83974337747
2016-11-07,133713.7997360308
2016-11-08,133974.43083943892
2016-11-09,135487.73135844152
2016-11-10,132818.27056116937
2016-11-11,132703.60101015825
2016-11-14,133371.04749374173
2016-11-15,134870.07148403407
2016-11-16,135427.72006159968
2016-11-17,136111.54514089983
2016-11-18,133526.93798581263
2016-11-21,133784.425603219
2016-11-22,133266.68148886462
2016-11-23,135384.09242235863
2016-11-25,135847.19647995933
2016-11-28,134022.99395588692
2016-11-29,135245.81255802818
2016-11-30,135020.68231479882
2016-12-01,132748.01449467163
2016-12-02,132718.24808172762
2016-12-05,133474.76751448732
2016-12-06,135000.10399132187
2016-12-07,135633.82463812744
2016-12-08,136285.93552165132
2016-12-09,134905.47537807983
2016-12-12,133328.8440792607
2016-12-13,133143.14394930517
2016-12-14,132032.0318946078
2016-12-15,132604.12361616796
2016-12-16,129962.08931787188
2016-12-19,130595.84192104313
2016-12-20,132447.52254224732
2016-12-21,132533.08327994807
2016-12-22,132398.35763935102
2016-12-23,132628.40701832896
2016-12-27,133840.48400794115
2016-12-28,131541.20349975795
2016-12-29,130890.36016271179
2016-12-30,130469.82513520063
2017-01-03,131138.36126120007
2017-01-04,132172.33176942245
2017-01-05,131214.6948659819
2017-01-06,131308.34862033976
2017-01-09,129991.80079657696
2017-01-10,129253.40827764198
2017-01-11,130174.00898262647
2017-01-12,129835.70778670126
2017-01-13,130760.25726289173
2017-01-17,127068.16920498392
2017-01-18,127065.60283681759
2017-01-19,126913.77026073492
2017-01-20,127396.69428242907
2017-01-23,126863.49521017118
2017-01-24,128931.81630541412
2017-01-25,130399.05062196197
2017-01-26,133488.41785004782
2017-01-27,132642.04200617067
2017-01-30,131884.38411222573
2017-01-31,131023.35856024866
2017-02-01,132648.09493597975
2017-02-02,132127.0253401435
2017-02-03,132820.68228728196
2017-02-06,133898.49133676558
2017-02-07,133321.594704826
2017-02-08,134221.80790572969
2017-02-09,135408.93470880244
2017-02-10,135949.77385155112
2017-02-13,136159.4851631563
2017-02-14,136171.92580052497
2017-02-15,136544.63076790146
2017-02-16,135746.1628575968
2017-02-17,136755.36239298462
2017-02-21,138398.8061689159
2017-02-22,138623.36205160557
2017-02-23,135307.52686487423
2017-02-24,135803.18826077247
2017-02-27,137691.97348556382
2017-02-28,135939.40056089108
2017-03-01,138516.4282301863
2017-03-02,135888.02976620547
2017-03-03,135731.40119451203
2017-03-06,134010.18756374717
2017-03-07,133586.8770549639
2017-03-08,133323.45489984783
2017-03-09,132605.55338106226
2017-03-10,134331.29603637525
2017-03-13,134184.87884455337
2017-03-14,133652.38591870115
2017-03-15,134911.89510089584
2017-03-16,134798.4276811045
2017-03-17,134433.9501236792
2017-03-20,134326.96169476592
2017-03-21,131368.83155510537
2017-03-22,131726.63322397502
2017-03-23,131660.83550807025
2017-03-24,131015.0461655432
2017-03-27,131252.90830175253
2017-03-28,131999.7947694773
2017-03-29,131867.61912001463
2017-03-30,132459.1607345695
2017-03-31,131977.79439522704
2017-04-03,131286.55660136757
2017-04-04,131590.3370432917
2017-04-05,130250.90373238195
2017-04-06,131422.20706662256
2017-04-07,131405.64457336892
2017-04-10,131418.82811822966
2017-04-11,130773.46801299721
2017-04-12,128656.41204257614
2017-04-13,128252.85243167229
2017-04-17,129152.03556625066
2017-04-18,128743.8682976354
2017-04-19,128592.8247436464
2017-04-20,129418.80517124981
2017-04-21,129238.19415410266
2017-04-24,129988.39230815801
2017-04-25,130575.79915102702
2017-04-26,130882.56964670887
2017-04-27,131871.28626653217
2017-04-28,130974.3075471161
2017-05-01,131530.22197032897
2017-05-02,130871.18710243632
2017-05-03,129959.54324273962
2017-05-04,130167.7396675197
2017-05-05,130394.53402903581
2017-05-08,130099.20363838872
2017-05-09,131709.9547672104
2017-05-10,132403.57399986836
2017-05-11,132196.6944834394
2017-05-12,131382.6476081073
2017-05-15,132608.2809017427
2017-05-16,132465.45646739774
2017-05-17,128139.87328493313
2017-05-18,128430.04590275373
2017-05-19,128509.07079726258
2017-05-22,131596.50877690237
2017-05-23,131357.99769545224
2017-05-24,132053.5831686773
2017-05-25,132869.7108717422
2017-05-26,134861.6239819339
2017-05-30,134644.6736784135
2017-05-31,133834.83298770993
2017-06-01,135977.1217635218
2017-06-02,137337.6829630918
2017-06-05,137240.0894931281
2017-06-06,139481.31508471837
2017-06-07,139486.87893740245
2017-06-08,141021.17231924145
2017-06-09,136719.95607676596
2017-06-12,135607.7867817152
2017-06-13,136326.33291584672
2017-06-14,137353.8311761505
2017-06-15,138221.24821524136
2017-06-16,139250.99789309746
2017-06-19,138930.60434317766
2017-06-20,138290.29736667208
2017-06-21,138351.5725279412
2017-06-22,138506.17677960015
2017-06-23,139488.5355123675
2017-06-26,138493.30723898968
2017-06-27,135318.0791078806
2017-06-28,135817.86040262983
2017-06-29,134458.84484199397
2017-06-30,135055.90290324888
2017-07-03,134888.4738634987
2017-07-05,134955.5860752992
2017-07-06,133424.83949809527
2017-07-07,134012.51240722983
2017-07-10,133800.9732600044
2017-07-11,133576.56606851146
2017-07-12,135244.2326768545
2017-07-13,135232.39349334402
2017-07-14,135441.60867308086
2017-07-17,135745.56514277353
2017-07-18,137030.28804450366
2017-07-19,136660.72979320557
2017-07-20,136111.39538843185
2017-07-21,135570.36534184997
2017-07-24,136207.21410548905
2017-07-25,134717.9832816551
2017-07-26,135236.76323424463
2017-07-27,134767.84430625994
2017-07-28,134440.10489553085
2017-07-31,132549.64337967298
2017-08-01,133834.11324087664
2017-08-02,132264.14211210364
2017-08-03,133546.24561298636
2017-08-04,133061.2869544639
2017-08-07,133632.6702540327
2017-08-08,133151.60363860865
2017-08-09,133108.4754059465
2017-08-10,130100.2314026048
2017-08-11,129815.8725819099
2017-08-14,131080.6292168944
2017-08-15,131490.18853540946
2017-08-16,132131.76867393905
2017-08-17,130523.6726078448
2017-08-18,129700.80005672446
2017-08-21,130487.03851114892
2017-08-22,131539.37756494954
2017-08-23,131300.17112863768
2017-08-24,131457.65272384736
2017-08-25,131645.13586139958
2017-08-28,131881.82505417152
2017-08-29,131788.8280229377
2017-08-30,132485.14513023954
2017-08-31,133669.9274580525
2017-09-01,133543.85919227113
2017-09-05,132769.39398709955
2017-09-06,133957.0820143911
2017-09-07,135876.92266655614
2017-09-08,135922.41343215833
2017-09-11,137741.0086718826
2017-09-12,137141.3958883533
2017-09-13,135414.87438809607
2017-09-14,135624.0500124203
2017-09-15,135659.68071516362
2017-09-18,136740.60441437303
2017-09-19,137352.4632240785
2017-09-20,138329.52667704158
2017-09-21,137110.90717927954
2017-09-22,136296.53437246283
2017-09-25,131852.64488507004
2017-09-26,130437.95788878282
2017-09-27,131779.96772127962
2017-09-28,132224.60455476446
2017-09-29,132648.46198883362
2017-10-02,134220.67325401038
2017-10-03,134453.71328275514
2017-10-04,134677.20095760244
2017-10-05,136045.35623180048
2017-10-06,136277.32733513473
2017-10-09,135617.19866313526
2017-10-10,134959.85679830943
2017-10-11,135929.79241835716
2017-10-12,136163.86388124322
2017-10-13,135336.00946929262
2017-10-16,135433.99173501902
2017-10-17,135300.82049888207
2017-10-18,135458.3412201111
2017-10-19,135509.89136376983
2017-10-20,139494.7903579709
2017-10-23,138560.63441197347
2017-10-24,139004.6061407883
2017-10-25,137841.03455863494
2017-10-26,138092.70287124912
2017-10-27,140031.14794219032
2017-10-30,140727.04020190105
2017-10-31,141140.77656732206
2017-11-01,139919.42880045756
2017-11-02,138577.9675871747
2017-11-03,139673.3232414188
2017-11-06,140163.14357833605
2017-11-07,139186.62294466663
2017-11-08,140855.69468565471
2017-11-09,140226.2274883062
2017-11-10,140307.23743878904
2017-11-13,140148.6623715969
2017-11-14,140312.9440892234
2017-11-15,139738.4927293892
2017-11-16,142461.5044992457
2017-11-17,143871.3968686597
2017-11-20,145061.3806845147
2017-11-21,147435.97312765702
2017-11-22,147390.03404778335
2017-11-24,147580.73120428505
2017-11-27,144877.58555070753
2017-11-28,146389.77640282077
2017-11-29,144470.04400618852
2017-11-30,144759.49584919136
2017-12-01,143612.21992864288
2017-12-04,143633.0822474877
2017-12-05,143316.73896607297
2017-12-06,142795.27031729423
2017-12-07,144834.49560837
2017-12-08,146492.7893199322
2017-12-11,146961.23869169207
2017-12-12,147516.8021135051
2017-12-13,147604.12579174858
2017-12-14,145682.57118102675
2017-12-15,146910.2175539774
2017-12-18,149067.42290347256
2017-12-19,148739.99567856255
2017-12-20,148520.58418565386
2017-12-21,148731.26113627586
2017-12-22,148492.7403830334
2017-12-26,150163.73454729692
2017-12-27,150721.14033630939
2017-12-28,150959.65116245046
2017-12-29,149856.00410282076
2018-01-02,151630.12844976055
2018-01-03,150974.3515241063
2018-01-04,151189.60817106217
2018-01-05,151599.35687377077
2018-01-08,152084.0006592258
2018-01-09,151567.47614663813
2018-01-10,151161.17087812515
2018-01-11,153617.15148797425
2018-01-12,155194.0106018873
2018-01-16,152198.20054601418
2018-01-17,155195.38767504776
2018-01-18,154182.17755809956
2018-01-19,155542.80926354925
2018-01-22,158069.42875618915
2018-01-23,158826.63254096158
2018-01-24,156598.0799746473
2018-01-25,156821.61425308435
2018-01-26,160229.19033033637
2018-01-29,158739.60896676386
2018-01-30,155044.96657804993
2018-01-31,154977.0443396844
2018-02-01,154381.73363246646
2018-02-02,150764.86378558155
2018-02-05,145586.0384075545
2018-02-06,145157.90783860165
2018-02-07,144789.28815449646
2018-02-08,137324.0250175352
2018-02-09,139761.78808674187
2018-02-12,140313.4544846131
2018-02-13,141993.13495879574
2018-02-14,143976.36283742983
2018-02-15,145319.58844302758
2018-02-16,142138.84463808272
2018-02-20,141607.60179663706
2018-02-21,141103.57327720022
2018-02-22,140282.11259289985
2018-02-23,142443.8720911373
2018-02-26,143542.83397927205
2018-02-27,141755.10748780044
2018-02-28,141225.10462321166
2018-03-01,139961.34482894847
2018-03-02,142788.2886743559
2018-03-05,142966.09054014692
2018-03-06,144175.4269812635
2018-03-07,145714.18537702603
2018-03-08,147296.91633859838
2018-03-09,149348.59333577423
2018-03-12,149244.40901450827
2018-03-13,147969.39720200794
2018-03-14,149990.32874536328
2018-03-15,149432.46417860477
2018-03-16,149395.22116254625
2018-03-19,148574.39037895662
2018-03-20,151051.5647160109
2018-03-21,150903.8108089855
2018-03-22,148331.8545099412
2018-03-23,144263.7125807045
2018-03-26,147135.74099572672
2018-03-27,146031.91475298922
2018-03-28,145299.67714170943
2018-03-29,145764.31337233333
2018-04-02,145753.5229227207
2018-04-03,145887.78591513896
2018-04-04,146172.20194607065
2018-04-05,147229.8234113569
2018-04-06,146840.94504992585
2018-04-09,146844.5728172834
2018-04-10,147085.618040149
2018-04-11,147036.59538785188
2018-04-12,147327.25154127192
2018-04-13,147215.15847778547
2018-04-16,148101.29681386845
2018-04-17,148503.88491984812
2018-04-18,147598.14608078677
2018-04-19,147273.99102872176
2018-04-20,146847.39435422333
2018-04-23,145878.40770854198
2018-04-24,143239.41552259424
2018-04-25,143103.6966435238
2018-04-26,144252.85052313056
2018-04-27,144113.95586195448
2018-04-30,142654.66830384708
2018-05-01,142821.58760241346
2018-05-02,142817.82241172664
2018-05-03,143081.55701434615
2018-05-04,143363.95734996645
2018-05-07,143979.33819664395
2018-05-08,144112.50293167052
2018-05-09,143850.62945718016
2018-05-10,144647.89929838153
2018-05-11,146039.5954171017
2018-05-14,145449.7917630876
2018-05-15,144803.11368275154
2018-05-16,145194.42902334765
2018-05-17,146721.57150017502
2018-05-18,147237.5466547898
2018-05-21,149714.42248821608
2018-05-22,148507.85241131153
2018-05-23,148025.10956537112
2018-05-24,149525.49827685714
2018-05-25,149279.45158212932
2018-05-29,149181.56749849135
2018-05-30,150580.41873641976
2018-05-31,150212.14511154895
2018-06-01,153957.55730944098
2018-06-04,155711.50674815243
2018-06-05,156272.87732883292
2018-06-06,155963.4021090034
2018-06-07,153195.96285342702
2018-06-08,154302.92812634062
2018-06-11,154162.08181290596
2018-06-12,155063.3634554299
2018-06-13,154913.28448360725
2018-06-14,156613.74147804387
2018-06-15,158367.45588640016
2018-06-18,159492.8873690046
2018-06-19,165235.47841369538
2018-06-20,168286.39396458562
2018-06-21,164240.00971482167
2018-06-22,162412.914541335
2018-06-25,158245.9680464795
2018-06-26,158699.079881066
2018-06-27,158835.1551010585
2018-06-28,160539.06282901697
2018-06-29,159838.4834130218
2018-07-02,161426.28247065138
2018-07-03,160980.00344433862
2018-07-05,161837.7515346135
2018-07-06,161991.12185424333
2018-07-09,160328.03821683346
2018-07-10,160952.8090805105
2018-07-11,162409.38128727474
2018-07-12,164293.4355221392
2018-07-13,165506.54627099144
2018-07-16,165676.23134666018
2018-07-17,166745.61764204863
2018-07-18,165810.82833093515
2018-07-19,166534.32543107375
2018-07-20,167398.67178345224
2018-07-23,167477.40953289726
2018-07-24,166093.61045558698
2018-07-25,167409.86460171783
2018-07-26,166963.52753544625
2018-07-27,164903.09405745572
2018-07-30,160625.7094005309
2018-07-31,159266.8678581012
2018-08-01,159661.48954646662
2018-08-02,161051.72284600732
2018-08-03,161187.96456541363
2018-08-06,162514.77120701992
2018-08-07,163695.04345457995
2018-08-08,163336.49984487303
2018-08-09,162589.70820011987
2018-08-10,162057.7933282544
2018-08-13,161905.99470531844
2018-08-14,164470.11736239548
2018-08-15,160759.50945004594
2018-08-16,161887.36516022575
2018-08-17,162939.52590490345
2018-08-20,163751.52811641208
2018-08-21,165756.63464395018
2018-08-22,166317.00043769003
2018-08-23,169117.56409132216
2018-08-24,170184.09309720257
2018-08-27,172265.94951448857
2018-08-28,172248.10626087798
2018-08-29,172571.76170944617
2018-08-30,172894.5483727252
2018-08-31,174338.44974460406
2018-09-04,178327.49322632918
2018-09-05,175911.7654029658
2018-09-06,174977.33091030107
2018-09-07,174595.00701762585
2018-09-10,178117.31996530827
2018-09-11,180214.20316542915
2018-09-12,182707.53975827835
2018-09-13,181858.8317047222
2018-09-14,184704.29007733552
2018-09-17,180436.53639734117
2018-09-18,181568.28429353476
2018-09-19,179536.8813231511
2018-09-20,180207.5455105166
2018-09-21,181066.9216005857
2018-09-24,183404.78177971757
2018-09-25,183953.0700545058
2018-09-26,183394.7161942228
2018-09-27,184341.67469253883
2018-09-28,182858.61763786865
2018-10-01,182097.5112833849
2018-10-02,177586.90445410588
2018-10-03,177893.9689142441
2018-10-04,174097.54351958274
2018-10-05,173857.32226187465
2018-10-08,173468.8835783721
2018-10-09,174242.98356656134
2018-10-10,169407.37393629085
2018-10-11,167157.58897225978
2018-10-12,167780.19965228756
2018-10-15,167832.31983594058
2018-10-16,168327.49723622005
2018-10-17,168526.51115712116
2018-10-18,168417.5270480101
2018-10-19,168635.499400212
2018-10-22,168772.91908928438
2018-10-23,169012.20417427548
2018-10-24,169223.08055017388
2018-10-25,168986.15183366108
2018-10-26,168739.74803547762
2018-10-29,168784.75674040295
2018-10-30,168687.62061735996
2018-10-31,169012.20417427548
2018-11-01,168836.69399545045
2018-11-02,168777.31557678728
2018-11-05,169169.19825763686
2018-11-06,169556.33512969155
2018-11-07,169686.96062298486
2018-11-08,168435.9480322666
2018-11-09,168545.32069916898
2018-11-12,164455.24322308018
2018-11-13,164622.95739427148
2018-11-14,163354.1584519577
2018-11-15,163519.884982456
2018-11-16,164397.8113752717
2018-11-19,163639.60704009657
2018-11-20,162443.957406
2018-11-21,162657.41960773966
2018-11-23,163099.94560054853
2018-11-26,162739.86366126387
2018-11-27,163287.88688043455
2018-11-28,164233.1005488453
2018-11-29,164546.82595580062
2018-11-30,165047.62913738505
2018-12-03,165338.92094004483
2018-12-04,164117.47991791586
2018-12-06,163829.5523481484
2018-12-07,163042.85706727754
2018-12-10,163199.4061558597
2018-12-11,163199.4061558597
2018-12-12,163199.4061558597
2018-12-13,163199.4061558597
2018-12-14,163199.4061558597
2018-12-17,163199.4061558597
2018-12-18,163199.4061558597
2018-12-19,163199.4061558597
2018-12-20,163199.4061558597
2018-12-21,163199.4061558597
2018-12-24,163199.4061558597
2018-12-26,163199.4061558597
2018-12-27,163199.4061558597
2018-12-28,163199.4061558597
2018-12-31,163199.4061558597
2019-01-02,163199.4061558597
2019-01-03,163199.4061558597
2019-01-04,163199.4061558597
2019-01-07,163199.4061558597
2019-01-08,163199.4061558597
2019-01-09,163199.4061558597
2019-01-10,163199.4061558597
2019-01-11,163199.4061558597
2019-01-14,163199.4061558597
2019-01-15,163199.4061558597
2019-01-16,163199.4061558597
2019-01-17,163199.4061558597
2019-01-18,163199.4061558597
2019-01-22,163199.4061558597
2019-01-23,163199.4061558597
2019-01-24,163199.4061558597
2019-01-25,163199.4061558597
2019-01-28,163199.4061558597
2019-01-29,163199.4061558597
2019-01-30,163199.4061558597
2019-01-31,163199.4061558597
2019-02-01,164417.3518212122
2019-02-04,165704.08017974888
2019-02-05,166674.84055035078
2019-02-06,166657.28097411306
2019-02-07,165575.90542102628
2019-02-08,167329.65054212458
2019-02-11,167456.84817950497
2019-02-12,168895.785998618
2019-02-13,167195.7826623941
2019-02-14,167231.2907155237
2019-02-15,167941.3367613763
2019-02-19,168323.56887213522
2019-02-20,167905.35716780677
2019-02-21,168055.81131911275
2019-02-22,170113.7035672573
2019-02-25,170085.9805971491
2019-02-26,170775.65867216562
2019-02-27,172767.06514323963
2019-02-28,172792.87432085778
2019-03-01,173777.35278134415
2019-03-04,170918.50144883242
2019-03-05,171659.726016654
2019-03-06,170334.39217357288
2019-03-07,169459.9426240002
2019-03-08,168981.30409701125
2019-03-11,170499.36521678747
2019-03-12,171012.3046953683
2019-03-13,171941.92551770702
2019-03-14,171862.3340778187
2019-03-15,172960.99084165384
2019-03-18,172558.26972369972
2019-03-19,172230.49351143523
2019-03-20,172480.96656102265
2019-03-21,174828.7278800509
2019-03-22,172203.2313390356
2019-03-25,172895.1796842457
2019-03-26,173864.44222275625
2019-03-27,172346.47749616214
2019-03-28,172210.5930666672
2019-03-29,173162.70976224242
2019-04-01,172779.9777813896
2019-04-02,173432.0309238754
2019-04-03,173922.29257426306
2019-04-04,171073.0525182331
2019-04-05,172391.51015962492
2019-04-08,172331.0997345877
2019-04-09,171042.52606302517
2019-04-10,172679.61835152336
2019-04-11,172975.5009052229
2019-04-12,173637.5295670976
2019-04-15,173591.44870628003
2019-04-16,172040.76466936688
2019-04-17,169758.67779174005
2019-04-18,169323.85416281872
2019-04-22,168804.89853606408
2019-04-23,170774.74853707963
2019-04-24,172263.73076091893
2019-04-25,171656.59803675115
2019-04-26,173256.0864055874
2019-04-29,173393.0976169262
2019-04-30,174314.90085017798
2019-05-01,173050.89347454355
2019-05-02,174645.36114882331
2019-05-03,175489.42763063117
2019-05-06,175268.76667339465
2019-05-07,172271.41860269947
2019-05-08,171018.96078690822
2019-05-09,171922.1509230926
2019-05-10,174139.5709642788
2019-05-13,168455.05311659677
2019-05-14,169149.99994719186
2019-05-15,170783.99078560245
2019-05-16,173226.3127317913
2019-05-17,172506.37321222376
2019-05-20,171204.21367994862
2019-05-21,171070.18703229513
2019-05-22,171756.49420711413
2019-05-23,171041.04222175464
2019-05-24,172083.57965724426
2019-05-28,172144.78626684862
2019-05-29,170140.95074290058
2019-05-30,170997.78527617065
2019-05-31,172339.04653141132
2019-06-03,170983.90550243785
2019-06-04,173682.7242519384
2019-06-05,177320.91222845725
2019-06-06,178285.9949678005
2019-06-07,181103.44835702807
2019-06-10,182106.7477064057
2019-06-11,182652.23373507278
2019-06-12,185593.14259595022
2019-06-13,186167.40120701288
2019-06-14,185462.98711489618
2019-06-17,186496.26245321022
2019-06-18,187826.45264532688
2019-06-19,189659.89981765943
2019-06-20,190453.3043913072
2019-06-21,188579.026488645
2019-06-24,186244.04446901625
2019-06-25,185520.23802037473
2019-06-26,183707.78435707738
2019-06-27,185712.538147976
2019-06-28,188085.179735246
2019-07-01,188656.65288517618
2019-07-02,188858.46593865234
2019-07-03,190920.16225852558
2019-07-05,190696.28613169814
2019-07-08,189603.28392423256
2019-07-09,189305.73188867373
2019-07-10,189548.6181522669
2019-07-11,190033.11170854262
2019-07-12,192496.4031481485
2019-07-15,192613.62029683107
2019-07-16,191280.99690821575
2019-07-17,191599.86941563064
2019-07-18,192839.08042341148
2019-07-19,191366.76235941256
2019-07-22,191480.60382083783
2019-07-23,191836.2658601553
2019-07-24,193556.02368724812
2019-07-25,193075.07803517923
2019-07-26,190108.2213275954
2019-07-29,188385.82651006174
2019-07-30,187984.6695639731
2019-07-31,191231.92290030024
2019-08-01,191101.37148188046
2019-08-02,187602.1271343695
2019-08-05,180065.43817284334
2019-08-06,183165.18133252556
2019-08-07,183996.1231228849
2019-08-08,186357.46238605492
2019-08-09,187473.04800928343
2019-08-12,186670.63290416685
2019-08-13,189061.60714384587
2019-08-14,182198.3243425629
2019-08-15,183303.84065683236
2019-08-16,187693.67578360028
2019-08-19,190054.12196101737
2019-08-20,190099.51231806917
2019-08-21,193702.49521555565
2019-08-22,192237.22343978717
2019-08-23,188605.4895912225
2019-08-26,191492.24787377534
2019-08-27,190572.4413574804
2019-08-28,190639.86097234115
2019-08-29,191874.50516863997
2019-08-30,191790.83715106244
2019-09-03,191409.34171952994
2019-09-04,193541.56557431287
2019-09-05,192445.3175774451
2019-09-06,191651.2504313778
2019-09-09,184878.73294398267
2019-09-10,178857.34303902273
2019-09-11,179230.20081810927
2019-09-12,179416.84790418955
2019-09-13,178667.22553322423
2019-09-16,178728.85316343844
2019-09-17,179117.420687242
2019-09-18,179097.48381258454
2019-09-19,178133.65624778834
2019-09-20,176800.59658005246
2019-09-23,176666.74538085144
2019-09-24,175469.1151977829
2019-09-25,177495.3652305116
2019-09-26,176797.8907295014
2019-09-27,174582.7399537356
2019-09-30,175606.87375272968
2019-10-01,173012.0312191462
2019-10-02,170629.61174116432
2019-10-03,170585.86252902565
2019-10-04,171242.2089191443
2019-10-07,171560.30485665397
2019-10-08,168979.42143232073
2019-10-09,169601.81359618573
2019-10-10,170376.63485783286
2019-10-11,169793.40090107959
2019-10-14,170127.6197311386
2019-10-15,171477.93595008046
2019-10-16,172299.89705026385
2019-10-17,172839.21902271573
2019-10-18,172723.1602355892
2019-10-21,173327.02918324174
2019-10-22,173169.1928779574
2019-10-23,173976.0962860791
2019-10-24,175645.0659439189
2019-10-25,176018.87853581435
2019-10-28,177048.2400395975
2019-10-29,176749.5710086397
2019-10-30,177403.72541202506
2019-10-31,177485.83017260666
2019-11-01,177820.4873052014
2019-11-04,177770.3245345853
2019-11-05,177882.8133523891
2019-11-06,177753.89481571264
2019-11-07,177371.626157301
2019-11-08,178208.83869732366
2019-11-11,180521.32671915754
2019-11-12,180214.89351759732
2019-11-13,179461.06350813896
2019-11-14,179780.74833991734
2019-11-15,180871.851597994
2019-11-18,182169.29215173493
2019-11-19,181541.64304637612
2019-11-20,182841.15147051172
2019-11-21,182309.23616778976
2019-11-22,181826.68576720633
2019-11-25,184549.6191059061
2019-11-26,185811.08564401983
2019-11-27,187050.68163721546
2019-11-29,185483.45947458074
2019-12-02,184158.43395674054
2019-12-03,185165.1284922943
2019-12-04,185237.82355685683
2019-12-05,185400.58938367476
2019-12-06,187259.3599383955
2019-12-09,185049.47861144983
2019-12-10,184359.34039899052
2019-12-11,184179.70076165337
2019-12-12,184828.8905160962
2019-12-13,184045.56335207282
2019-12-16,185525.9058168357
2019-12-17,185063.63163106996
2019-12-18,185064.85161023308
2019-12-19,186747.97597745023
2019-12-20,187301.11774759524
2019-12-23,186716.31162460858
2019-12-24,186971.6638460643
2019-12-26,188276.18414520036
2019-12-27,188350.4373602174
2019-12-30,188003.70379370934
2019-12-31,187805.58103284932
2020-01-02,190169.41292081843
2020-01-03,189259.97180471086
2020-01-06,187794.63308620531
2020-01-07,189976.85706222526
2020-01-08,192006.76215139596
2020-01-09,193590.52292467662
2020-01-10,191399.11997023158
2020-01-13,192356.38689993887
2020-01-14,191702.5859159944
2020-01-15,189978.34100789903
2020-01-16,192063.1691018882
2020-01-17,191845.81981839266
2020-01-21,191750.385469641
2020-01-22,192827.3713061089
2020-01-23,195064.4706242729
2020-01-24,191053.2568942741
2020-01-27,186696.01334141492
2020-01-28,189671.30210155685
2020-01-29,191392.48089962892
2020-01-30,192433.3241483718
2020-01-31,189614.92955380704
2020-02-03,194792.52862764313
2020-02-04,200302.69469440755
2020-02-05,195025.78724991402
2020-02-06,193655.9392987422
2020-02-07,195768.44492086445
2020-02-10,198042.17189512015
2020-02-11,200247.0440677224
2020-02-12,202263.42500223767
2020-02-13,204306.50426875002
2020-02-14,206440.9085975634
2020-02-18,210147.378774144
2020-02-19,212810.71850472453
2020-02-20,213005.35169639977
2020-02-21,207891.08761542317
2020-02-24,201481.51370516856
2020-02-25,196910.25113848495
2020-02-26,196572.03310722142
2020-02-27,193792.1181763057
2020-02-28,192778.48847463413
2020-03-02,192778.48847463413
2020-03-03,192778.48847463413
2020-03-04,192778.48847463413
2020-03-05,192778.48847463413
2020-03-06,192778.48847463413
2020-03-09,192778.48847463413
2020-03-10,192778.48847463413
2020-03-11,192778.48847463413
2020-03-12,192778.48847463413
2020-03-13,192778.48847463413
2020-03-16,192778.48847463413
2020-03-17,192778.48847463413
2020-03-18,192778.48847463413
2020-03-19,192778.48847463413
2020-03-20,192778.48847463413
2020-03-23,192778.48847463413
2020-03-24,192778.48847463413
2020-03-25,192778.48847463413
2020-03-26,192778.48847463413
2020-03-27,192778.48847463413
2020-03-30,192778.48847463413
2020-03-31,192778.48847463413
2020-04-01,192778.48847463413
2020-04-02,192778.48847463413
2020-04-03,192778.48847463413
2020-04-06,192778.48847463413
2020-04-07,192778.48847463413
2020-04-08,192778.48847463413
2020-04-09,192778.48847463413
2020-04-13,192778.48847463413
2020-04-14,192778.48847463413
2020-04-15,192778.48847463413
2020-04-16,192778.48847463413
2020-04-17,192778.48847463413
2020-04-20,192778.48847463413
2020-04-21,192778.48847463413
2020-04-22,192778.48847463413
2020-04-23,192778.48847463413
2020-04-24,192778.48847463413
2020-04-27,192778.48847463413
2020-04-28,192778.48847463413
2020-04-29,192778.48847463413
2020-04-30,192778.48847463413
2020-05-01,192778.48847463413
2020-05-04,192778.48847463413
2020-05-05,192778.48847463413
2020-05-06,192778.48847463413
2020-05-07,192778.48847463413
2020-05-08,192778.48847463413
2020-05-11,192778.48847463413
2020-05-12,192778.48847463413
2020-05-13,192778.48847463413
2020-05-14,192778.48847463413
2020-05-15,192778.48847463413
2020-05-18,192778.48847463413
2020-05-19,192778.48847463413
2020-05-20,192778.48847463413
2020-05-21,192263.0662859418
2020-05-22,195511.7246478863
2020-05-26,192188.69893981676
2020-05-27,190842.22857644374
2020-05-28,189588.42028729117
2020-05-29,191328.03171369818
2020-06-01,194770.33054592423
2020-06-02,197852.5709211136
2020-06-03,200124.6884382342
2020-06-04,195022.5274534829
2020-06-05,193253.3287499621
2020-06-08,191226.49127057687
2020-06-09,190354.69776994584
2020-06-10,191476.5141235329
2020-06-11,183402.14550774114
2020-06-12,186129.39113503136
2020-06-15,188891.89707603678
2020-06-16,188337.99701931578
2020-06-17,186681.8264655742
2020-06-18,189476.51582877865
2020-06-19,189330.5118156077
2020-06-22,192677.63539367262
2020-06-23,192780.55981681356
2020-06-24,189952.41886388097
2020-06-25,192685.12988664416
2020-06-26,191159.58476808883
2020-06-29,190468.8469508422
2020-06-30,192906.8099796417
2020-07-01,196251.2192833351
2020-07-02,201401.76160988162
2020-07-06,206891.89553888323
2020-07-07,208167.198273538
2020-07-08,211497.12970107648
2020-07-09,214799.5991934621
2020-07-10,217750.46891498542
2020-07-13,206908.82330756434
2020-07-14,208639.05255824464
2020-07-15,209097.17430465523
2020-07-16,208201.15192396415
2020-07-17,212358.66980311443
2020-07-20,213628.18482823423
2020-07-21,211625.60430687823
2020-07-22,217166.5827883308
2020-07-23,215173.8119739346
2020-07-24,218989.12544181693
2020-07-27,219735.47534345102
2020-07-28,218280.78130670893
2020-07-29,222597.13268180777
2020-07-30,218116.80348101124
2020-07-31,220343.827833183
2020-08-03,223617.14263387735
2020-08-04,224881.2498284438
2020-08-05,228504.25102528158
2020-08-06,226007.26643125745
2020-08-07,226199.07300030618
2020-08-10,223029.52315011632
2020-08-11,217023.15647540183
2020-08-12,220344.4740549787
2020-08-13,219658.28040192113
2020-08-14,219591.68318249204
2020-08-17,222661.6294485235
2020-08-18,224175.15297507314
2020-08-19,221785.9210436592
2020-08-20,220268.76154417312
2020-08-21,220944.19386358015
2020-08-24,221087.13734973577
2020-08-25,221047.67169858536
2020-08-26,221899.4569342139
2020-08-27,220505.04445133303
2020-08-28,221220.5437247826
2020-08-31,223811.0966180706
2020-09-01,240752.7925483657
2020-09-02,240455.49295685455
2020-09-03,224529.79553103572
2020-09-04,223126.1290224766
2020-09-08,218406.1575938621
2020-09-09,220800.71374897027
2020-09-10,219717.40154959945
2020-09-11,219480.01086934647
2020-09-14,220642.89385806015
2020-09-15,219172.81291895598
2020-09-16,221805.53751388425
2020-09-17,222943.7645965137
2020-09-18,222258.89885787645
2020-09-21,214843.84491906682
2020-09-22,217306.2978471279
2020-09-23,210235.13478514037
2020-09-24,207060.08313930896
2020-09-25,211298.26821365525
2020-09-28,213850.06748294094
2020-09-29,213111.85578685204
2020-09-30,215105.4319683992
2020-10-01,220605.294234495
2020-10-02,221184.85622693592
2020-10-05,222381.89805392703
2020-10-06,218791.20879027585
2020-10-07,220939.3128407387
2020-10-08,223090.18242607088
2020-10-09,225253.81720918085
2020-10-12,225968.44678186876
2020-10-13,229189.79045556247
2020-10-14,226380.9203325438
2020-10-15,228502.29933094906
2020-10-16,228756.2777233964
2020-10-19,227845.53518938372
2020-10-20,225342.55656688742
2020-10-21,219984.16104564868
2020-10-22,219779.76207896747
2020-10-23,223495.45069995837
2020-10-26,217450.84598437505
2020-10-27,217494.46093916288
2020-10-28,213284.37075375204
2020-10-29,217618.01870813055
2020-10-30,214605.81273857123
2020-11-02,215251.43700331834
2020-11-03,217755.73498876428
2020-11-04,218815.72574987696
2020-11-05,223842.48696587855
2020-11-06,226752.40066121728
2020-11-09,221009.09884384208
2020-11-10,220585.17985308726
2020-11-11,221440.0668454303
2020-11-12,215099.60243770294
2020-11-13,217691.65499730583
2020-11-16,222920.3961844847
2020-11-17,220566.40165014696
2020-11-18,216911.477772102
2020-11-19,219955.38649091314
2020-11-20,220185.65600902683
2020-11-23,222843.6915205936
2020-11-24,226209.03794167106
2020-11-25,224869.93190082707
2020-11-27,228676.439032792
2020-11-30,225241.933123873
2020-12-01,225649.16844589217
2020-12-02,226111.9258655593
2020-12-03,229579.83438673883
2020-12-04,234932.39176043082
2020-12-07,235746.5946807962
2020-12-08,239957.3025927524
2020-12-09,233845.09337618807
2020-12-10,238316.49315211875
2020-12-11,241490.36327021793
2020-12-14,241527.99218794302
2020-12-15,246232.7757503933
2020-12-16,249544.69456592767
2020-12-17,252951.22275477793
2020-12-18,253735.43892407411
2020-12-21,256293.66110555863
2020-12-22,261519.429594953
2020-12-23,263771.27277246583
2020-12-24,264329.22279319854
2020-12-28,257925.45099972864
2020-12-29,251379.60541319332
2020-12-30,257206.63571892335
2020-12-31,258804.3464816617
2021-01-04,259520.79073044402
2021-01-05,267501.0305187938
2021-01-06,282382.02993272163
2021-01-07,292983.5109545772
2021-01-08,293340.54421590955
2021-01-11,289671.0689036991
2021-01-12,295069.30296347034
2021-01-13,291407.76570592733
2021-01-14,305989.41165978234
2021-01-15,294952.31279309123
2021-01-19,304006.6116075412
2021-01-20,297993.8741338734
2021-01-21,292530.84115745226
2021-01-22,292018.6295717342
2021-01-25,287162.87844660494
2021-01-26,285932.46484688116
2021-01-27,274967.90986275225
2021-01-28,267404.79118263605
2021-01-29,263575.56173172884
2021-02-01,269180.73883865005
2021-02-02,268436.2024612009
2021-02-03,270408.0062861853
2021-02-04,274334.80510000733
2021-02-05,279891.12290610734
2021-02-08,285270.5945634766
2021-02-09,282197.88548743865
2021-02-10,283789.3695084989
2021-02-11,286841.87246752327
2021-02-12,287752.7405599131
2021-02-16,286976.29326653155
2021-02-17,284080.5275284308
2021-02-18,279414.24928689486
2021-02-19,282881.35082250513
2021-02-22,276552.447223624
2021-02-23,275465.39124604146
2021-02-24,284320.7220005641
2021-02-25,271780.679963469
2021-02-26,272437.743402009
2021-03-01,278059.80305631424
2021-03-02,275022.6309800793
2021-03-03,279233.2936257369
2021-03-04,274439.7717073657
2021-03-05,281989.8349256527
2021-03-08,283224.1739850562
2021-03-09,281955.52388843126
2021-03-10,286521.99115824484
2021-03-11,289126.53070443356
2021-03-12,291440.74523360905
2021-03-15,294377.09550346783
2021-03-16,288805.8639050467
2021-03-17,294270.72426212585
2021-03-18,287083.82200666104
2021-03-19,287565.18191440223
2021-03-22,284078.78587935545
2021-03-23,271770.918585516
2021-03-24,272409.22996978863
2021-03-25,275187.31002250337
2021-03-26,281390.36517713644
2021-03-29,278886.6751734317
2021-03-30,280494.64430009015
2021-03-31,278710.2827961027
2021-04-01,281000.13872719655
2021-04-05,282621.0411400279
2021-04-06,282666.4004984292
2021-04-07,282268.4320807715
2021-04-08,281925.19989274914
2021-04-09,284462.6091486803
2021-04-12,284565.7542967264
2021-04-13,282261.9464350058
2021-04-14,282953.13211111375
2021-04-15,285859.0101381069
2021-04-16,290621.7226679202
2021-04-19,290171.7127894265
2021-04-20,284734.67132190947
2021-04-21,287467.28860114765
2021-04-22,286361.1799716434
2021-04-23,290819.33779694035
2021-04-26,291343.8585709453
2021-04-27,292984.75025755086
2021-04-28,293346.1280098443
2021-04-29,296214.7185757113
2021-04-30,291893.7698360654
2021-05-03,297319.57040936424
2021-05-04,301961.3999729923
2021-05-05,305990.85058138124
2021-05-06,307768.8362935478
2021-05-07,312822.87502963335
2021-05-10,312433.3189657685
2021-05-11,312804.04494944384
2021-05-12,300594.96923636517
2021-05-13,301549.06320476136
2021-05-14,309147.12216371694
2021-05-17,314610.1981498921
2021-05-18,308655.8422125237
2021-05-19,302918.1906057133
2021-05-20,303797.6958401293
2021-05-21,305678.6350618139
2021-05-24,307041.6903842417
2021-05-25,302554.8964374562
2021-05-26,304107.9253812096
2021-05-27,307212.41509064555
2021-05-28,306396.44793079875
2021-06-01,311371.61876860855
2021-06-02,314269.7251162974
2021-06-03,312447.4875087356
2021-06-04,313028.21810983145
2021-06-07,313651.0937235015
2021-06-08,317175.0119852567
2021-06-09,316174.11078674597
2021-06-10,316179.7634827944
2021-06-11,316995.0178313331
2021-06-14,310929.8352752582
2021-06-15,312103.0769010207
2021-06-16,309269.38874569564
2021-06-17,299149.8855097004
2021-06-18,295046.73777394637
2021-06-21,298148.1402154988
2021-06-22,303021.1584676417
2021-06-23,304521.1027167415
2021-06-24,303902.72915750835
2021-06-25,305038.90642592264
2021-06-28,308352.3633195317
2021-06-29,308148.7312081312
2021-06-30,306313.12131358974
2021-07-01,307194.70613875124
2021-07-02,308595.0348177734
2021-07-06,312685.3665640148
2021-07-07,312925.3414214912
2021-07-08,308155.28317665507
2021-07-09,312651.8618986688
2021-07-12,314255.90248127235
2021-07-13,310045.07427486405
2021-07-14,308521.2180068948
2021-07-15,308863.29439952166
2021-07-16,310526.715531559
2021-07-19,308997.53288980096
2021-07-20,311861.2076324348
2021-07-21,315073.7526591987
2021-07-22,317383.86107540067
2021-07-23,322926.655031421
2021-07-26,320854.94393347687
2021-07-27,319833.4476546981
2021-07-28,321089.5286223697
2021-07-29,322983.60680746275
2021-07-30,323233.2784661741
2021-08-02,321701.9318836585
2021-08-03,328506.108474716
2021-08-04,329774.69029468216
2021-08-05,330877.3942739606
2021-08-06,328836.25358798617
2021-08-09,337347.33252226765
2021-08-10,335130.77483934065
2021-08-11,325999.2845454881
2021-08-12,327021.6821308427
2021-08-13,325797.4362042146
2021-08-16,328721.85695469
2021-08-17,324637.2602000972
2021-08-18,322110.5355900639
2021-08-19,324472.716779026
2021-08-20,329092.9224730724
2021-08-23,329375.49753001233
2021-08-24,330505.55650561064
2021-08-25,329497.69304749457
2021-08-26,326134.5594434585
2021-08-27,328067.2717707449
2021-08-30,329522.8409433654
2021-08-31,327052.3313463414
2021-09-01,328551.00242730364
2021-09-02,336810.2995350755
2021-09-03,337391.04481800477
2021-09-07,332604.1410280618
2021-09-08,329292.74417882814
2021-09-09,324341.83485524164
2021-09-10,319009.25095128664
2021-09-13,316472.28921177826
2021-09-14,316267.1450186029
2021-09-15,321745.4763235913
2021-09-16,323519.24357811856
2021-09-17,317816.9103894966
2021-09-20,311651.0967356503
2021-09-21,313221.75175213633
2021-09-22,318192.2235780898
2021-09-23,321343.1249476848
2021-09-24,321717.6186344141
2021-09-27,312496.75828602014
2021-09-28,301129.4398443191
2021-09-29,304055.6624966628
2021-09-30,297273.6267821011
2021-10-01,299774.0510945654
2021-10-04,305038.0943583662
2021-10-05,308579.293240722
2021-10-06,302709.76438080485
2021-10-07,308714.3170083742
2021-10-08,313970.5975872214
2021-10-11,313150.2237705862
2021-10-12,312401.20968563535
2021-10-13,311488.76528935414
2021-10-14,316020.82588128303
2021-10-15,316763.55864743015
2021-10-18,321331.304342178
2021-10-19,320391.4570753645
2021-10-20,324195.31771565514
2021-10-21,317798.01053367177
2021-10-22,321877.4096166494
2021-10-25,326460.5860176558
2021-10-26,325407.3656101958
2021-10-27,317037.6616534879
2021-10-28,319216.4663867131
2021-10-29,319490.84820223076
2021-11-01,324506.30145824025
2021-11-02,323436.15099751804
2021-11-03,323577.1589517539
2021-11-04,323974.2178586843
2021-11-05,328983.9558477852
2021-11-08,332024.29387595016
2021-11-09,327195.784072352
2021-11-10,318007.09339261864
2021-11-11,323518.0768825734
2021-11-12,329826.85658598493
2021-11-15,329834.96427669737
2021-11-16,332066.97644223593
2021-11-17,328480.9838407076
2021-11-18,332726.3807337229
2021-11-19,326114.061299122
2021-11-22,313064.51841756835
2021-11-23,311900.2171285764
2021-11-24,308951.92265791283
2021-11-26,300465.9195216024
2021-11-29,302306.2990624684
2021-11-30,294434.59440010786
2021-12-01,289618.12157277
2021-12-02,291689.6515260106
2021-12-03,291718.7256986175
2021-12-06,291078.43680695194
2021-12-07,295690.2879094787
2021-12-08,293392.8366575089
2021-12-09,289239.5209638368
2021-12-10,293929.3312054562
2021-12-13,291397.9869948585
2021-12-14,288692.6551164919
2021-12-15,297102.3018455455
2021-12-16,292465.67431175546
2021-12-17,289018.99729634327
2021-12-20,287311.8823327052
2021-12-21,288645.12832259014
2021-12-22,291232.09611930535
2021-12-23,292223.94979924365
2021-12-27,297415.913533666
2021-12-28,296049.00335259474
2021-12-29,296935.5607201066
2021-12-30,295641.2405919427
2021-12-31,296432.3453988396
2022-01-03,292427.3084865362
2022-01-04,295723.43716645986
2022-01-05,288040.86047069274
2022-01-06,288365.45950126153
2022-01-07,288318.7970524967
2022-01-10,285847.9814711515
2022-01-11,287240.6926024199
2022-01-12,287152.69001888996
2022-01-13,287267.1070133563
2022-01-14,291583.5975992349
2022-01-18,286931.9665534698
2022-01-19,281001.14833686367
2022-01-20,276904.8923456171
2022-01-21,272334.1745204057
2022-01-24,268275.6951626256
2022-01-25,268203.1046933512
2022-01-26,267635.36720996833
2022-01-27,268027.75544106157
2022-01-28,268338.89541520335
2022-01-31,268174.5462675083
2022-02-01,268192.10172839643
2022-02-02,268450.5867613148
2022-02-03,267933.3315022732
2022-02-04,269243.6359259629
2022-02-07,270861.94175935164
2022-02-08,272275.78654807294
2022-02-09,272198.0253403906
2022-02-10,271479.5501015252
2022-02-11,270406.57532940025
2022-02-14,267216.94342164963
2022-02-15,269884.2185695395
2022-02-16,270755.39478488424
2022-02-17,268901.9488509211
2022-02-18,267547.4963735064
2022-02-22,266785.17675813346
2022-02-23,266687.8422028257
2022-02-24,265277.06494413805
2022-02-25,269632.1484064967
2022-02-28,270987.91422551085
2022-03-01,270464.7249227632
2022-03-02,272821.8509500411
2022-03-03,274721.9043478674
2022-03-04,277645.44445340114
2022-03-07,278697.4430657453
2022-03-08,276199.5068023031
2022-03-09,275698.07079861424
2022-03-10,279425.8052555133
2022-03-11,278988.5402678997
2022-03-14,276734.6736247753
2022-03-15,277628.0036031612
2022-03-16,276638.15872038825
2022-03-17,280063.5211998876
2022-03-18,280840.723000215
2022-03-21,285285.95308319153
2022-03-22,284477.1306780253
2022-03-23,286164.3406726163
2022-03-24,287334.27892587683
2022-03-25,290308.7575209517
2022-03-28,288155.3385106548
2022-03-29,285165.3741567816
2022-03-30,285896.16835245135
2022-03-31,283177.69075449114
2022-04-01,287532.3846022688
2022-04-04,285033.5842259258
2022-04-05,282271.683655134
2022-04-06,285968.3480884849
2022-04-07,286131.48392594425
2022-04-08,288804.1304811524
2022-04-11,285608.49403568555
2022-04-12,286766.15180714976
2022-04-13,288316.14977740886
2022-04-14,289356.801766366
2022-04-18,291163.9903197194
2022-04-19,291248.28128015855
2022-04-20,293292.2346774212
2022-04-21,289326.02360866
2022-04-22,286266.00448251684
2022-04-25,284688.4286249664
2022-04-26,283723.2711465639
2022-04-27,283723.2711465639
2022-04-28,283723.2711465639
2022-04-29,283723.2711465639
2022-05-02,283723.2711465639
2022-05-03,283723.2711465639
2022-05-04,283723.2711465639
2022-05-05,283723.2711465639
2022-05-06,283723.2711465639
2022-05-09,283723.2711465639
2022-05-10,283723.2711465639
2022-05-11,283723.2711465639
2022-05-12,283723.2711465639
2022-05-13,283723.2711465639
2022-05-16,283723.2711465639
2022-05-17,283723.2711465639
2022-05-18,283723.2711465639
2022-05-19,283723.2711465639
2022-05-20,283723.2711465639
2022-05-23,283723.2711465639
2022-05-24,283723.2711465639
2022-05-25,283723.2711465639
2022-05-26,283723.2711465639
2022-05-27,283723.2711465639
2022-05-31,283723.2711465639
2022-06-01,283723.2711465639
2022-06-02,283723.2711465639
2022-06-03,283723.2711465639
2022-06-06,283723.2711465639
2022-06-07,283723.2711465639
2022-06-08,283723.2711465639
2022-06-09,283723.2711465639
2022-06-10,283723.2711465639
2022-06-13,283723.2711465639
2022-06-14,283723.2711465639
2022-06-15,283723.2711465639
2022-06-16,283723.2711465639
2022-06-17,283723.2711465639
2022-06-21,283723.2711465639
2022-06-22,283723.2711465639
2022-06-23,283723.2711465639
2022-06-24,283723.2711465639
2022-06-27,283723.2711465639
2022-06-28,283723.2711465639
2022-06-29,283723.2711465639
2022-06-30,283723.2711465639
2022-07-01,283723.2711465639
2022-07-05,283723.2711465639
2022-07-06,283723.2711465639
2022-07-07,283723.2711465639
2022-07-08,283723.2711465639
2022-07-11,283723.2711465639
2022-07-12,283723.2711465639
2022-07-13,283723.2711465639
2022-07-14,283723.2711465639
2022-07-15,283723.2711465639
2022-07-18,283723.2711465639
2022-07-19,283723.2711465639
2022-07-20,283723.2711465639
2022-07-21,283723.2711465639
2022-07-22,283723.2711465639
2022-07-25,283723.2711465639
2022-07-26,283723.2711465639
2022-07-27,283723.2711465639
2022-07-28,283723.2711465639
2022-07-29,283723.2711465639
2022-08-01,283184.74138847436
2022-08-02,281077.9020523444
2022-08-03,281549.6030214315
2022-08-04,279002.1150399655
2022-08-05,280116.1890630794
2022-08-08,283794.6602351087
2022-08-09,281989.48260202
2022-08-10,286254.60610528704
2022-08-11,285371.26037793496
2022-08-12,288780.72390730766
2022-08-15,289939.40309097583
2022-08-16,289785.4616311081
2022-08-17,288980.68614252354
2022-08-18,293003.6484677607
2022-08-19,290695.541767924
2022-08-22,286827.0483095275
2022-08-23,288186.0766993958
2022-08-24,291846.5048671133
2022-08-25,293578.2781649097
2022-08-26,286313.20973928325
2022-08-29,284316.10534265655
2022-08-30,279683.44969837926
2022-08-31,279309.75998837984
2022-09-01,278366.5469627558
2022-09-02,279155.47594293277
2022-09-06,279155.47594293277
2022-09-07,279155.47594293277
2022-09-08,279155.47594293277
2022-09-09,279155.47594293277
2022-09-12,279287.26970589266
2022-09-13,273610.35138673364
2022-09-14,276683.09958707367
2022-09-15,274224.9967279365
2022-09-16,271544.6416260463
2022-09-19,274436.1150669108
2022-09-20,272016.39039622695
2022-09-21,270123.7444927515
2022-09-22,269600.03279865
2022-09-23,267509.35489983973
2022-09-26,268466.3838797173
2022-09-27,268122.00872622145
2022-09-28,268250.1676200846
2022-09-29,268250.1676200846
2022-09-30,268250.1676200846
2022-10-03,268250.1676200846
2022-10-04,268250.1676200846
2022-10-05,268250.1676200846
2022-10-06,268250.1676200846
2022-10-07,268250.1676200846
2022-10-10,268250.1676200846
2022-10-11,268250.1676200846
2022-10-12,268250.1676200846
2022-10-13,268250.1676200846
2022-10-14,268250.1676200846
2022-10-17,268250.1676200846
2022-10-18,268250.1676200846
2022-10-19,268250.1676200846
2022-10-20,268250.1676200846
2022-10-21,268250.1676200846
2022-10-24,268250.1676200846
2022-10-25,268250.1676200846
2022-10-26,268250.1676200846
2022-10-27,268250.1676200846
2022-10-28,268250.1676200846
2022-10-31,268996.31230956706
2022-11-01,269767.09427449136
2022-11-02,264457.5713064175
2022-11-03,270333.96531252266
2022-11-04,272544.66952418484
2022-11-07,276189.305076636
2022-11-08,276874.21053537965
2022-11-09,272328.08248186565
2022-11-10,276811.5528235395
2022-11-11,270312.97053748055
2022-11-14,268338.14310272713
2022-11-15,275190.88928512984
2022-11-16,273386.5348143031
2022-11-17,275151.02978714206
2022-11-18,275259.8019634231
2022-11-21,273540.6376732291
2022-11-22,276337.3767581378
2022-11-23,276291.81322175165
2022-11-25,278151.08921759884
2022-11-28,274581.8028591689
2022-11-29,272585.52626066486
2022-11-30,279203.26125776395
2022-12-01,280419.1568084045
2022-12-02,280583.39925050456
2022-12-05,275460.781408695
2022-12-06,274956.84038289177
2022-12-07,274325.88347525767
2022-12-08,277275.9731256679
2022-12-09,271645.19980682136
2022-12-12,273662.31854534463
2022-12-13,273317.0939574835
2022-12-14,273406.71719011315
2022-12-15,268851.8126518532
2022-12-16,267943.8667601893
2022-12-19,264700.2621725853
2022-12-20,263354.62426922296
2022-12-21,263152.68154578604
2022-12-22,263478.2618331315
2022-12-23,263630.9461235866
2022-12-27,263137.88442956813
2022-12-28,263099.9552371719
2022-12-29,263355.7250181349
2022-12-30,263559.95205384406
2023-01-03,263096.0673465585
2023-01-04,263035.1460401403
2023-01-05,263035.1460401403
2023-01-06,263035.1460401403
2023-01-09,261645.19167425655
2023-01-10,262706.71145575854
2023-01-11,262563.3100618493
2023-01-12,264410.8809912044
2023-01-13,265743.0019355778
2023-01-17,263353.629856654
2023-01-18,260905.41182015318
2023-01-19,256990.85164701394
2023-01-20,258512.25100181837
2023-01-23,259491.60717536867
2023-01-24,259168.0774311604
2023-01-25,258438.4575764336
2023-01-26,259007.66065101593
2023-01-27,257413.71198445518
2023-01-30,254606.4124334576
2023-01-31,259026.27720707929
2023-02-01,261787.17236392313
2023-02-02,263221.3199914436
2023-02-03,262398.6028101196
2023-02-06,260978.83467380126
2023-02-07,262277.2730676628
2023-02-08,259592.01255629168
2023-02-09,259222.09860981515
2023-02-10,258021.61383827473
2023-02-13,262306.78030856245
2023-02-14,264633.0212317684
2023-02-15,265478.0190030657
2023-02-16,263097.57831172855
2023-02-17,261943.5896964313
2023-02-21,253756.71669443022
2023-02-22,253549.68284997484
2023-02-23,254010.21868575737
2023-02-24,253633.39261047088
2023-02-27,254830.6214794698
2023-02-28,253974.81714495426
2023-03-01,254262.64312696777
2023-03-02,256439.8174715461
2023-03-03,258146.03893285594
2023-03-06,255618.11951345945
2023-03-07,254372.31928564914
2023-03-08,253393.97577195446
2023-03-09,245897.60315292823
2023-03-10,243128.03885400732
2023-03-13,241737.7163490786
2023-03-14,242118.60854512337
2023-03-15,242118.60854512337
2023-03-16,242118.60854512337
2023-03-17,239234.68277457036
2023-03-20,242899.12549918826
2023-03-21,244943.60678737026
2023-03-22,243273.4651220795
2023-03-23,245132.348611592
2023-03-24,243341.98307663482
2023-03-27,243488.98673726112
2023-03-28,242769.67244685828
2023-03-29,244867.1531453716
2023-03-30,246231.23869226154
2023-03-31,249700.20537243751
2023-04-03,250756.73379540903
2023-04-04,246665.15172635103
2023-04-05,243106.88028478576
2023-04-06,240931.15848109743
2023-04-10,241191.46835585346
2023-04-11,242345.7664942507
2023-04-12,241755.48549728314
2023-04-13,242524.10365558244
2023-04-14,242708.5982222108
2023-04-17,242622.33787037118
2023-04-18,246453.88045899634
2023-04-19,245832.2070700303
2023-04-20,247151.31981483503
2023-04-21,248051.5221505758
2023-04-24,245861.94209035893
2023-04-25,241234.15585884242
2023-04-26,239800.0616774534
2023-04-27,243152.49059998276
2023-04-28,244428.4257079878
2023-05-01,244759.52413562912
2023-05-02,243215.43693994032
2023-05-03,243907.09040945646
2023-05-04,241254.9949064671
2023-05-05,242844.14647102004
2023-05-08,243854.57810132962
2023-05-09,242739.3888997239
2023-05-10,243851.20267411825
2023-05-11,242235.14530262773
2023-05-12,239591.8493284789
2023-05-15,241997.95469052752
2023-05-16,242815.87542062084
2023-05-17,244656.24601386712
2023-05-18,250277.90671668702
2023-05-19,248405.873729802
2023-05-22,248412.35115131334
2023-05-23,244671.23646337225
2023-05-24,242599.36355557814
2023-05-25,244856.6752450061
2023-05-26,252921.62303243313
2023-05-30,257436.51392794214
2023-05-31,257296.72027451056
2023-06-01,260473.1826433915
2023-06-02,262012.56261685176
2023-06-05,264304.00681420416
2023-06-06,265681.5431739756
2023-06-07,258639.20298695413
2023-06-08,262527.4415529924
2023-06-09,264280.8181134091
2023-06-12,268814.9174435834
2023-06-13,270160.62264431885
2023-06-14,271395.968314058
2023-06-15,274985.13613324444
2023-06-16,272109.7787159655
2023-06-20,272882.7074481123
2023-06-21,270903.58710948494
2023-06-22,271650.5157616317
2023-06-23,269691.4398069386
2023-06-26,267458.2158758355
2023-06-27,274185.37192665495
2023-06-28,276070.4556812888
2023-06-29,276617.2058377682
2023-06-30,281107.441278965
2023-07-03,279959.1735415493
2023-07-05,280524.6141064747
2023-07-06,276429.61763616896
2023-07-07,276789.9779165
2023-07-10,283014.1962648079
2023-07-11,283617.9937322966
2023-07-12,287266.7754729247
2023-07-13,291918.7147642882
2023-07-14,288671.6065312968
2023-07-17,291026.739733315
2023-07-18,290725.2922581676
2023-07-19,289367.0879010326
2023-07-20,281068.6146251214
2023-07-21,281030.91734264744
2023-07-24,275628.55837169546
2023-07-25,278799.4722720282
2023-07-26,277963.2159894029
2023-07-27,273372.76116505574
2023-07-28,276600.3387755529
2023-07-31,274955.9898025184
2023-08-01,276572.46158636536
2023-08-02,272596.54821487097
2023-08-03,273092.11251869245
2023-08-04,275286.61716323136
2023-08-07,278171.0584872063
2023-08-08,273637.5969908097
2023-08-09,265583.2525574071
2023-08-10,264041.3376870111
2023-08-11,264426.97046194534
2023-08-14,267424.9491736559
2023-08-15,265277.9080046201
2023-08-16,262891.53058481234
2023-08-17,253339.88507229762
2023-08-18,255642.33506907453
2023-08-21,257128.65896803516
2023-08-22,252038.2432774997
2023-08-23,253143.1287086747
2023-08-24,249419.1807432914
2023-08-25,251976.9211871931
2023-08-28,254025.91254681905
2023-08-29,255847.02348284516
2023-08-30,259038.40243015822
2023-08-31,260245.25761662045
2023-09-01,262972.5269074104
2023-09-05,259553.46184455638
2023-09-06,257496.61918863468
2023-09-07,256163.802688522
2023-09-08,257321.4779609287
2023-09-11,256296.01380960326
2023-09-12,254476.05702781142
2023-09-13,253049.70443420386
2023-09-14,254321.43538635917
2023-09-15,248004.1394151629
2023-09-18,247724.06387122785
2023-09-19,243723.36921091814
2023-09-20,242718.51681823103
2023-09-21,240914.3662792598
2023-09-22,241713.12852457727
2023-09-25,242898.1145171235
2023-09-26,239638.2037157531
2023-09-27,239894.58076315644
2023-09-28,240872.9948420165
2023-09-29,239960.85614672917
2023-10-02,238877.00750151853
2023-10-03,237633.9266523021
2023-10-04,238776.0365388092
2023-10-05,238608.30494523386
2023-10-06,238863.8159377793
2023-10-09,239115.35904212773
2023-10-10,239766.66506370512
2023-10-11,239521.96510543005
2023-10-12,239468.67914786423
2023-10-13,239429.81275357396
2023-10-16,238856.12254231243
2023-10-17,238913.95981897536
2023-10-18,238934.28518992054
2023-10-19,238782.6498003497
2023-10-20,238663.8461967784
2023-10-23,238548.17164345257
2023-10-24,238710.7452532324
2023-10-25,238734.18988849575
2023-10-26,238963.98058622927
2023-10-27,238540.2549175856
2023-10-30,238540.2549175856
2023-10-31,238540.2549175856
2023-11-01,238540.2549175856
2023-11-02,238540.2549175856
2023-11-03,238540.2549175856
2023-11-06,238540.2549175856
2023-11-07,238540.2549175856
2023-11-08,238540.2549175856
2023-11-09,238540.2549175856
2023-11-10,238540.2549175856
2023-11-13,239245.33035159847
2023-11-14,245587.7816988928
2023-11-15,243901.34669569792
2023-11-16,244922.65009803989
2023-11-17,246339.69496044514
2023-11-20,249638.32391693877
2023-11-21,249846.66289431942
2023-11-22,251498.15507044896
2023-11-24,252150.57361441024
2023-11-27,251669.86025375055
2023-11-28,251049.1219502068
2023-11-29,252844.41755908428
2023-11-30,253022.27402425712
2023-12-01,253587.20865581796
2023-12-04,251800.10587952362
2023-12-05,252947.6494310222
2023-12-06,246715.06489165645
2023-12-07,248978.21994354375
2023-12-08,251129.43737125964
2023-12-11,253223.6359021688
2023-12-12,257286.36155749607
2023-12-13,259758.1655958346
2023-12-14,258456.95627799083
2023-12-15,258089.59421549854
2023-12-18,258766.53537508412
2023-12-19,263248.3323303155
2023-12-20,256669.4847362739
2023-12-21,261500.6247929149
2023-12-22,262224.2640724557
2023-12-26,264337.5970077143
2023-12-27,265150.5346956856
2023-12-28,265657.7888909873
2023-12-29,261919.81732453985
2024-01-02,253342.16951029474
2024-01-03,249827.94642912253
2024-01-04,250051.79321230194
2024-01-05,249956.8933403876
2024-01-08,250412.09467425747
2024-01-09,249420.66680683187
2024-01-10,248903.36205714045
2024-01-11,249738.0288526937
2024-01-12,251119.39385219128
2024-01-16,249213.70762005393
2024-01-17,250147.2807980855
2024-01-18,251722.89818861542
2024-01-19,253881.44938247447
2024-01-22,257229.3362599485
2024-01-23,256477.032586704
2024-01-24,255938.30690963453
2024-01-25,254801.49522239354
2024-01-26,254662.93899855248
2024-01-29,258156.63894890517
2024-01-30,256595.46217705286
2024-01-31,251769.89178980628
2024-02-01,256157.01536290234
2024-02-02,258323.7458455324
2024-02-05,257146.76335637228
2024-02-06,256169.90184614382
2024-02-07,257453.26778638913
2024-02-08,259372.34911472537
2024-02-09,261838.83394777073
2024-02-12,259910.1089686315
2024-02-13,256490.44441972376
2024-02-14,262653.59170376445
2024-02-15,270677.78809353994
2024-02-16,271333.3985486991
2024-02-20,268290.8404185914
2024-02-21,256106.20854449275
2024-02-22,262678.3903583756
2024-02-23,263909.82287550747
2024-02-26,266788.86627368204
2024-02-27,291932.27808696544
2024-02-28,296087.78809597663
2024-02-29,288690.5887534479
2024-03-01,293063.64309050527
2024-03-04,292066.1221793509
2024-03-05,292186.518812371
2024-03-06,295957.9344661155
2024-03-07,298133.3291649639
2024-03-08,295691.37654733175
2024-03-11,286900.4873280577
2024-03-12,293654.11348059715
2024-03-13,299083.58127124194
2024-03-14,293593.43427563395
2024-03-15,294167.3643229407
2024-03-18,289467.81261637225
2024-03-19,285227.724556361
2024-03-20,290416.11405063
2024-03-21,294885.9006266875
2024-03-22,293588.7087677025
2024-03-25,293905.49245751795
2024-03-26,292142.5420655808
2024-03-27,289998.7317071004
2024-03-28,291734.2444849252
2024-04-01,290312.68217504804
2024-04-02,282552.6626118621
2024-04-03,285054.72721941385
2024-04-04,281386.315807935
2024-04-05,285762.7706128346
2024-04-08,286467.11229970027
2024-04-09,284029.44997435313
2024-04-10,281574.7042381141
2024-04-11,284971.7233500244
2024-04-12,279293.36193985934
2024-04-15,275665.94435592863
2024-04-16,277634.53784929914
2024-04-17,275660.00033656595
2024-04-18,274601.76232303807
2024-04-19,273165.00684809044
2024-04-22,275010.91464799386
2024-04-23,276517.2918946551
2024-04-24,275762.177851443
2024-04-25,276542.0602683136
2024-04-26,275342.5608142683
2024-04-29,277047.1416143006
2024-04-30,273378.56228707783
2024-05-01,272953.2305246472
2024-05-02,275374.0031079355
2024-05-03,276230.87921087054
2024-05-06,281177.3298785751
2024-05-07,282345.18579555117
2024-05-08,279012.44372312655
2024-05-09,282075.98004630656
2024-05-10,284553.31891691906
2024-05-13,283060.43516847776
2024-05-14,286166.7772203449
2024-05-15,291140.0577678512
2024-05-16,287266.58254869794
2024-05-17,288385.2042989338
2024-05-20,289729.7861740012
2024-05-21,291667.0047757152
2024-05-22,286687.47028201504
2024-05-23,284831.25323315104
2024-05-24,291648.53406701074
2024-05-28,292896.0665430775
2024-05-29,292590.52834313613
2024-05-30,293022.76398330566
2024-05-31,283770.1991061114
2024-06-03,282015.7361237133
2024-06-04,276237.7268016205
2024-06-05,279447.2298473656
2024-06-06,280181.49634096323
2024-06-07,279122.637435767
2024-06-10,284034.61521500465
2024-06-11,282969.7434870435
2024-06-12,287162.663350097
2024-06-13,285233.6630991255
2024-06-14,280627.43929956836
2024-06-17,282298.9214824975
2024-06-18,284830.055039542
2024-06-20,278967.8942533052
2024-06-21,280090.56021035084
2024-06-24,278706.71022011054
2024-06-25,278985.0011076586
2024-06-26,276790.62682216923
2024-06-27,275839.3260625628
2024-06-28,273944.33137799636
2024-07-01,274077.86675887264
2024-07-02,273674.04809188953
2024-07-03,274303.47564817325
2024-07-05,275446.305171997
2024-07-08,275117.0692270293
2024-07-09,274366.3282098382
2024-07-10,275913.39598624053
2024-07-11,273177.73104831635
2024-07-12,276574.31051710784
2024-07-15,276752.68741930515
2024-07-16,280610.55493515905
2024-07-17,270175.4341561544
2024-07-18,266990.1940116551
2024-07-19,266622.5925825659
2024-07-22,269764.8033690897
2024-07-23,267564.333534252
2024-07-24,263792.298395504
2024-07-25,265863.87068037834
2024-07-26,276154.08444914623
2024-07-29,275267.12686103914
2024-07-30,272640.5770539181
2024-07-31,279066.86325252557
2024-08-01,274602.71270325227
2024-08-02,259951.30356890714
2024-08-05,253444.56989573827
2024-08-06,258795.67910234633
2024-08-07,255314.78838526836
2024-08-08,262036.3632682925
2024-08-09,260893.58700377613
2024-08-12,259092.3033953415
2024-08-13,261071.00839106913
2024-08-14,262776.8937949745
2024-08-15,278490.28559052217
2024-08-16,279524.9568528855
2024-08-19,292452.73248947604
2024-08-20,285479.4263767809
2024-08-21,292137.0701580484
2024-08-22,285856.3908960256
2024-08-23,286575.8286488587
2024-08-26,288461.50818628044
2024-08-27,284473.17188675853
2024-08-28,280129.41437288973
2024-08-29,282603.2978668204
2024-08-30,286245.00112306257
2024-09-03,283074.63867607777
2024-09-04,285148.75465761457
2024-09-05,284039.50067100447
2024-09-06,280824.85906763474
2024-09-09,285104.1968943944
2024-09-10,285017.0331163367
2024-09-11,284597.5042261506
2024-09-12,287941.91062548896
2024-09-13,292098.72298712854
2024-09-16,294312.40066243766
2024-09-17,294238.1684556044
2024-09-18,295730.9556909095
2024-09-19,297452.43005546596
2024-09-20,300437.16369523626
2024-09-23,301715.64894590125
2024-09-24,304011.2720543706
2024-09-25,303250.2722675386
2024-09-26,297055.3183923133
2024-09-27,298196.9438427314
2024-09-30,300805.9624587208
2024-10-01,299106.8731623056
2024-10-02,298831.5235367736
2024-10-03,299478.1677884259
2024-10-04,305217.1507652437
2024-10-07,298437.422891803
2024-10-08,301087.5519014137
2024-10-09,300958.4467012587
2024-10-10,298688.7262119123
2024-10-11,300491.56688325247
2024-10-14,301309.26788953465
2024-10-15,300516.63083506864
2024-10-16,301705.69410429476
2024-10-17,302001.9797028217
2024-10-18,302093.35530876997
2024-10-21,301983.6198788222
2024-10-22,300759.4655144867
2024-10-23,297975.312369744
2024-10-24,295590.1835491879
2024-10-25,292984.65653667925
2024-10-28,299001.0463783184
2024-10-29,303852.77138160606
2024-10-30,299803.89421347866
2024-10-31,300740.2348306634
2024-11-01,296037.8173125761
2024-11-04,295874.33346556395
2024-11-05,302925.01368530793
2024-11-06,314724.9348909166
2024-11-07,314986.82646117243
2024-11-08,327408.1141046904
2024-11-11,332965.484569557
2024-11-12,331539.56537127116
2024-11-13,325309.3147825889
2024-11-14,316172.60602639074
2024-11-15,316077.046134785
2024-11-18,314518.3889115196
2024-11-19,326927.3681801188
2024-11-20,329322.46093048586
2024-11-21,332194.0164968021
2024-11-22,340681.7897094483
2024-11-25,339845.01589822536
2024-11-26,342475.5372112247
2024-11-27,346528.1214594093
2024-11-29,352734.34547611367
2024-12-02,343954.76967898104
2024-12-03,347411.177291307
2024-12-04,346376.85842695093
2024-12-05,345700.87616107974
2024-12-06,351563.8850186821
2024-12-09,334852.76466138416
2024-12-10,331690.9570947865
2024-12-11,335664.2501096678
2024-12-12,335322.4910095381
2024-12-13,341416.86910202657
2024-12-16,341488.4623626291
2024-12-17,334246.2692432012
2024-12-18,320107.99536182656
2024-12-19,322009.1753302415
2024-12-20,329089.04747150664
2024-12-23,328120.5555984104
2024-12-24,331144.602399214
2024-12-26,331511.1635419758
2024-12-27,326136.4667618999
2024-12-30,319817.7726695066
2024-12-31,318748.2188616035
2025-01-02,318430.101938111
2025-01-03,318150.1226222904
2025-01-06,320064.6536886023
2025-01-07,316745.6524756708
2025-01-08,316065.4010372873
2025-01-10,313785.0904351217
2025-01-13,312522.9549256693
2025-01-14,318506.00639420317
2025-01-15,322002.63146580884
2025-01-16,327124.080586206
2025-01-17,324697.57333731547
2025-01-21,330199.93619284354
2025-01-22,329505.8978369356
2025-01-23,334044.91682480223
2025-01-24,336355.34849991393
2025-01-27,313744.366558696
2025-01-28,318044.9467834395
2025-01-29,317353.95961602853
2025-01-30,323658.233592967
2025-01-31,318976.4832163768
2025-02-03,317319.1753144036
2025-02-04,318916.2084949821
2025-02-05,323402.25346689415
2025-02-06,323416.6937548664
2025-02-07,321959.67951856443
2025-02-10,322461.5096724359
2025-02-11,315398.57394017256
2025-02-12,318528.57005054614
2025-02-13,323063.0858889087
2025-02-14,323502.1891634808
2025-02-18,325871.02228959545
2025-02-19,319867.7732357657
2025-02-20,313571.3633050623
2025-02-21,304788.9720264375
2025-02-24,303985.9690409131
2025-02-25,300499.7147853117
2025-02-26,299214.21130119805
2025-02-27,299231.7221173778
2025-02-28,304098.75668836926
2025-03-03,305462.41424456786
2025-03-04,299343.55814054934
2025-03-05,300582.9243523583
2025-03-06,297447.3339346375
2025-03-07,297638.5997938202
2025-03-10,297130.0418262627
2025-03-11,295967.7564200448
2025-03-12,295579.4418013542
2025-03-13,295313.0751131367
2025-03-14,295430.39289691416
2025-03-17,295299.60651786183
2025-03-18,295448.4817282237
2025-03-19,295689.518853218
2025-03-20,295767.5005712033
2025-03-21,295569.0021634357
2025-03-24,295594.99357247766
2025-03-25,295606.8122757318
2025-03-26,295743.87065555435
2025-03-27,295689.518853218
2025-03-28,295717.8773737975
2025-03-31,295933.14219738427
2025-04-01,296078.24201466097
2025-04-02,296116.3011980287
2025-04-03,295840.37726857845
2025-04-04,294459.2070050258
2025-04-07,294459.2070050258
2025-04-08,294459.2070050258
2025-04-09,294459.2070050258
2025-04-10,294459.2070050258
2025-04-11,294459.2070050258
2025-04-14,294459.2070050258
2025-04-15,294459.2070050258
2025-04-16,294459.2070050258
2025-04-17,294459.2070050258
2025-04-21,294459.2070050258
2025-04-22,294459.2070050258
2025-04-23,294459.2070050258
2025-04-24,294459.2070050258
2025-04-25,294459.2070050258
2025-04-28,294459.2070050258
2025-04-29,294459.2070050258
2025-04-30,294459.2070050258
2025-05-01,294459.2070050258
2025-05-02,294459.2070050258
2025-05-05,294459.2070050258
2025-05-06,294459.2070050258
2025-05-07,294459.2070050258
2025-05-08,294459.2070050258
2025-05-09,294459.2070050258
2025-05-12,294459.2070050258
2025-05-13,297317.48977449344
2025-05-14,294746.1937474461
2025-05-15,296476.52063160675
2025-05-16,298823.687871544
2025-05-19,301054.7192967004
2025-05-20,301549.1812507365
2025-05-21,295358.0233468178
2025-05-22,296199.34504495823
2025-05-23,298053.92548463715
2025-05-27,305996.9515518914
2025-05-28,304474.1543022278
2025-05-29,302279.6264331365
2025-05-30,305127.63146972365
2025-06-02,311817.8734727103
2025-06-03,313613.7856861393
2025-06-04,312277.46905264596
2025-06-05,314903.94282821
2025-06-06,316804.4063460699
2025-06-09,311460.6190247705
2025-06-10,307201.1079524253
2025-06-11,307460.9126484252
2025-06-12,304454.42195005156
2025-06-13,304970.1456868523
2025-06-16,307249.1712340497
2025-06-17,306344.0605319113
2025-06-18,308619.90196201776
2025-06-20,310401.757434766
2025-06-23,317758.64206217165
2025-06-24,323242.2023887274
2025-06-25,319947.5735932872
2025-06-26,324994.16192425723
2025-06-27,325443.8723677021
2025-06-30,325251.29315760254
2025-07-01,313591.0398800814
2025-07-02,319613.3361642156
2025-07-03,320727.9637869856
2025-07-07,320193.6784462577
2025-07-08,317837.6255018598
2025-07-09,321289.5969104354
2025-07-10,322806.96061510494
2025-07-11,320181.2112985581
2025-07-14,325772.02340786
2025-07-15,324839.5767266554
2025-07-16,326197.05768448353
2025-07-17,337112.52979827503
2025-07-18,343919.91140186694
2025-07-21,333464.3710916586
2025-07-22,329245.0173339781
2025-07-23,337056.59126830945
2025-07-24,335647.4632912782
2025-07-25,337790.42159425735
2025-07-28,338357.25631861633
2025-07-29,336118.1921538419
2025-07-30,332160.62046890944
2025-07-31,325919.20873253775
2025-08-01,317253.3552624472
2025-08-04,323414.8058290464
2025-08-05,320634.36957204645
2025-08-06,321292.1434947563
2025-08-07,319573.5275937025
2025-08-08,323459.63641647674
2025-08-11,324170.8244260092
2025-08-12,331802.3286342374
2025-08-13,329342.6848829353
2025-08-14,327437.0790161029
2025-08-15,325195.1667778726
2025-08-18,330333.2893517233
2025-08-19,323342.8153084272
2025-08-20,323539.2491323678
2025-08-21,323913.74155436154
2025-08-22,327659.5270234113
2025-08-25,329736.14346435637
2025-08-26,330221.0218288108
2025-08-27,329582.7619738553
2025-08-28,335519.6915050744
2025-08-29,333973.5000377342
2025-09-02,331824.70811799413
2025-09-03,334357.12473361986
2025-09-04,340941.7407323072
2025-09-05,340600.78477615706
2025-09-08,342046.45935979666
2025-09-09,344507.8773564581
2025-09-10,349047.3131998726
2025-09-11,350204.6331808084
2025-09-12,351828.3998986607
2025-09-15,362309.8644878951
2025-09-16,359305.54556234734
2025-09-17,355146.0378247118
2025-09-18,361108.13846594596
2025-09-19,364614.148511473
2025-09-22,367556.311129972
2025-09-23,361652.2243761225
2025-09-24,354859.38334307657
2025-09-25,349637.7242388875
2025-09-26,348340.6762123574
2025-09-29,352733.27705037134
2025-09-30,357170.7952140713
2025-10-01,358836.71970745025
2025-10-02,359352.7710914335
2025-10-03,358753.0430050846
2025-10-06,358286.9784510088
2025-10-07,354394.06788658997
2025-10-08,370840.85947659204
2025-10-09,369773.5396114943
2025-10-10,353371.57262976706
2025-10-13,373808.89522071934
2025-10-14,379446.22687087127
2025-10-15,378925.98042909853
2025-10-16,374830.374475155
2025-10-17,367947.2911533667
2025-10-20,371413.58419728617
2025-10-21,362975.6855220642
2025-10-22,356033.1426117219
2025-10-23,364813.36657196155
2025-10-24,369561.17064387427
2025-10-27,372579.1620299678
2025-10-28,372823.9798945505
2025-10-29,375422.7154203764
2025-10-30,370748.58150086267
2025-10-31,370192.3646900215
2025-11-03,368582.65748700366
2025-11-04,357810.524832431
2025-11-05,368542.8244177739
2025-11-06,366270.31156108936
2025-11-07,369500.5937820954
2025-11-10,378189.20724680816
2025-11-11,374692.4353526884
2025-11-12,373888.2421037915
2025-11-13,359074.69125165517
2025-11-14,352197.3453223626
2025-11-17,347559.27701697
2025-11-18,356802.5089967685
2025-11-19,353244.86264390615
2025-11-20,347456.948809634
2025-11-21,352970.5728456332
2025-11-24,354575.289663711
2025-11-25,360197.4499723158
2025-11-26,362601.30865033873
2025-11-28,362466.1726485376
2025-12-01,357492.69191394356
2025-12-02,356576.50175244076
2025-12-03,360663.83110893925
2025-12-04,361655.1316831299
2025-12-05,366294.6621992824
2025-12-08,370223.02619769966
2025-12-09,371434.28398046346
2025-12-10,377324.72866722697
2025-12-11,377761.3283142599
2025-12-12,368771.31161636306
2025-12-15,370995.0350527359
2025-12-16,366486.4520021437
2025-12-17,362470.0507090933
2025-12-18,364198.1835184548
2025-12-19,370575.8367868233
2025-12-22,371048.7895882231
2025-12-23,368380.0709259371
2025-12-24,369376.64202370605
2025-12-26,367487.4814151704
2025-12-29,363659.31026012223
2025-12-30,361803.51412007207
2025-12-31,358015.3769874528
2026-01-02,365637.07724008115
2026-01-05,371180.0762808749
2026-01-06,384699.33738882525
2026-01-07,379071.7782842658
2026-01-08,382683.5873612758
2026-01-09,394903.4106002027
2026-01-12,393176.13078253216
2026-01-13,393382.9357609903
2026-01-14,392143.3216802992
2026-01-15,399221.4094769283
2026-01-16,401295.2395158352
2026-01-20,395565.7379094026
2026-01-21,400700.80493704
2026-01-22,397731.69230181986
2026-01-23,391617.3609031001
2026-01-26,378315.96218572144
2026-01-27,387938.3915363386
2026-01-28,396287.10749409354
2026-01-29,398662.2408392102
2026-01-30,378977.25870351266
2026-02-02,385632.5578665434
2026-02-03,385210.001498115
2026-02-04,376970.8017154506
2026-02-05,375043.95686633186
2026-02-06,385358.6256868625
2026-02-09,389512.2624780851
2026-02-10,381952.077937207
2026-02-11,394720.4763279096
2026-02-12,384510.0726414831
2026-02-13,381909.33860678057
2026-02-17,379549.7268115977
2026-02-18,386621.77694071375
2026-02-19,387119.69659786025
2026-02-20,392848.5790296599
2026-02-23,392885.9861664355
2026-02-24,400462.5710567304
2026-02-25,404308.1777752576
2026-02-26,399160.6437896242
2026-02-27,398048.37892417796
2026-03-02,404313.3267601009
2026-03-03,381651.53057550726
2026-03-04,382631.98457006447
2026-03-05,374497.0377198982
2026-03-06,364994.35025880765
2026-03-09,363403.1768827506
2026-03-10,362866.488384881
2026-03-11,365339.320029981
2026-03-12,365985.4435931383
2026-03-13,367690.93128439185
2026-03-16,368527.9484467514
2026-03-17,369920.1680430818
2026-03-18,368913.9206321246
2026-03-19,369910.6697291933
2026-03-20,368242.6980898413
2026-03-23,368816.9578335043
2026-03-24,372362.50509637897
2026-03-25,372268.20228364365
2026-03-26,374451.4505074637
2026-03-27,377103.6499112552
2026-03-30,375627.0510260147
2026-03-31,373654.53782760585
2026-04-01,371014.3173894526
2026-04-02,374465.5125489715
2026-04-06,374465.5125489715
2026-04-07,374465.5125489715
2026-04-08,374465.5125489715
2026-04-09,374465.5125489715
2026-04-10,371831.17972603143
2026-04-13,368422.7999963991
2026-04-14,368278.0434000885
2026-04-15,366557.59035258106
2026-04-16,368015.719235543
2026-04-17,370752.6073140262
2026-04-20,373416.49560753995
2026-04-21,371378.86335986457
2026-04-22,369708.9138226767
2026-04-23,369144.67017957894
2026-04-24,367160.5938812293
2026-04-27,370660.8181834292
2026-04-28,366027.3619784913
2026-04-29,362946.13585901447
2026-04-30,370067.5459119027
2026-05-01,370439.9265108261
2026-05-04,371570.1079796151
2026-05-05,376758.1107311788
2026-05-06,384552.10238204733
2026-05-07,379084.16992555826
2026-05-08,385518.2982824536
2026-05-11,390544.3924514936
2026-05-12,386470.71061348123
2026-05-13,393944.41805811273
2026-05-14,394190.43211342226
2026-05-15,385037.53397327254
2026-05-18,376485.44675258955
2026-05-19,372509.0875093236
2026-05-20,374638.21313610586
2026-05-21,372810.1243180725
2026-05-22,376743.7519132054
2026-05-25,361400.293934482
2026-05-26,380991.47843642323
2026-05-27,376830.18128694035
2026-05-28,375195.96808505437
2026-05-29,374863.3907918395
2026-06-01,377794.99756292213
2026-06-02,392587.596672547
2026-06-03,394898.4661109566
2026-06-04,396887.09641109454
2026-06-05,382289.97638418636
2026-06-08,388158.3568898984
2026-06-09,388043.7025582789
2026-06-10,388043.7025582789
2026-06-11,388043.7025582789
2026-06-12,388043.7025582789
2026-06-15,388043.7025582789
2026-06-16,388043.7025582789
2026-06-17,388043.7025582789
2026-06-18,388043.7025582789
2026-06-22,388043.7025582789
2026-06-23,388043.7025582789
2026-06-24,388043.7025582789
2026-06-25,388043.7025582789
2026-06-26,388043.7025582789
2026-06-29,388043.7025582789
2026-06-30,388043.7025582789
2026-07-01,388043.7025582789
2026-07-02,388043.7025582789
2026-07-06,388043.7025582789
2026-07-07,388043.7025582789
2026-07-08,388043.7025582789
2026-07-09,388043.7025582789
2026-07-10,388043.7025582789
2026-07-13,388043.7025582789
2026-07-14,388043.7025582789
2026-07-15,388043.7025582789
2026-07-16,388043.7025582789
2026-07-17,388043.7025582789
2026-07-20,388043.7025582789
2026-07-21,388043.7025582789
2026-07-22,388043.7025582789
2026-07-23,388043.7025582789
2026-07-24,388043.7025582789
2026-07-27,388043.7025582789
2026-07-28,388043.7025582789
2026-07-29,388043.7025582789
2026-07-30,388043.7025582789
2026-07-31,388043.7025582789
2026-08-03,388043.7025582789
2026-08-04,388043.7025582789
2026-08-05,388043.7025582789
2026-08-06,388043.7025582789
2026-08-07,388043.7025582789
