ticker,entry_date,exit_date,entry_px,exit_px,ret,hold_days,reason
NUE,2006-01-04,2006-01-17,19.47757433421117,19.48608261940129,0.00043682468073957814,7,open_exit
AMD,2006-01-04,2006-01-18,32.51625,32.58369847488404,0.002074300538470464,8,open_exit
NEM,2006-01-04,2006-01-19,38.57871414035527,39.49007270469128,0.023623352531148445,9,open_exit
GOOG,2006-01-04,2006-01-19,10.96491122750594,11.133351475489988,0.015361752091663794,9,open_exit
GOOGL,2006-01-04,2006-01-19,11.016478508098867,11.185710525607512,0.015361716303829098,9,open_exit
FCX,2006-01-04,2006-01-23,18.23918229521889,18.114899176903812,-0.006814072928458814,11,open_exit
AON,2006-01-04,2006-01-23,29.438742790090256,28.61661751153153,-0.027926643621325797,11,open_exit
GLW,2006-01-19,2006-01-23,16.575059884741975,15.869920060122459,-0.042542218822909206,1,open_exit
SRPT,2006-01-23,2006-01-27,46.52325,45.75710877990723,-0.016467921310157174,3,open_exit
MSTR,2006-01-04,2006-02-01,8.70034809923172,9.145424618721009,0.05115617380051618,19,close_exit
CRM,2006-01-19,2006-02-02,10.093017125199568,9.849583985720388,-0.024118966257512087,9,open_exit
EXP,2006-01-27,2006-02-02,45.389305674799914,43.519106356441135,-0.04120352339729905,3,open_exit
RGLD,2006-01-04,2006-02-02,29.368121996035125,29.482346560478213,0.0038894064951959795,20,close_exit
NRG,2006-01-17,2006-02-03,18.110028193352417,17.50628376116514,-0.03333757549913097,12,open_exit
CCI,2006-01-19,2006-02-06,17.83667302014828,18.869146458931894,0.0578848666238001,11,open_exit
FTI,2006-01-23,2006-02-06,7.769654417427642,8.033554800265708,0.03396552390362784,9,open_exit
ON,2006-02-02,2006-02-06,7.513755228996277,6.846574904680253,-0.08879452470601035,1,open_exit
AU,2006-01-04,2006-02-07,39.77180876176287,43.834238756179815,0.10214345590242857,23,close_exit
ATI,2006-01-18,2006-02-08,34.02920074872091,41.356673459573145,0.21532896893347275,14,open_exit
RL,2006-02-06,2006-02-08,43.57792689779596,41.32434969855339,-0.0517137312320507,1,open_exit
RS,2006-02-03,2006-02-09,28.965106143443233,27.86745296927077,-0.037895706949478525,3,open_exit
SCCO,2006-02-03,2006-02-13,5.542989109990953,5.015185445906836,-0.09522004348389901,5,open_exit
SMG,2006-02-02,2006-02-14,24.23172255137775,23.520305551274564,-0.0293589115918107,7,open_exit
HXL,2006-02-06,2006-02-14,21.035731832536843,19.775845090606413,-0.059892698383885556,5,open_exit
VRTX,2006-02-08,2006-02-14,35.97797908401489,34.61268606758118,-0.037948018515590154,3,open_exit
MU,2006-02-13,2006-02-22,15.951466284640588,15.672368270888247,-0.0174966995994017,5,open_exit
BLK,2006-02-14,2006-02-24,87.40481184443061,88.69856594495076,0.014801863572715623,6,open_exit
WDC,2006-02-14,2006-02-24,14.141500841321283,13.463258324382283,-0.047961141080385516,6,open_exit
RS,2006-02-22,2006-03-01,30.120146485685527,29.433193887381076,-0.022807080258753776,4,open_exit
ACN,2006-01-23,2006-03-06,21.435926979766908,22.42599338436127,0.04618724469106805,29,close_exit
CMI,2006-02-06,2006-03-07,16.0810411531821,17.045711750816928,0.05998806846184457,19,open_exit
WCC,2006-02-02,2006-03-07,49.4474243997651,54.743561029434204,0.10710642048515395,22,close_exit
BEN,2006-02-24,2006-03-08,17.1634849843491,16.911513284466988,-0.014680684028440472,7,open_exit
CIEN,2006-03-07,2006-03-08,32.70634362602234,30.434775762557987,-0.0694534335429966,0,open_exit
SBUX,2006-02-09,2006-03-08,12.956890978118238,13.032419053077698,0.005829181945500084,18,close_exit
LVS,2006-03-07,2006-03-10,35.201555885780095,33.40242001082636,-0.05110955552054186,2,open_exit
WRB,2006-02-14,2006-03-21,7.22090690962572,7.965522463798523,0.10311939531864134,24,close_exit
APD,2006-03-08,2006-03-29,35.8334620002269,36.91547244629658,0.03019553193221558,14,open_exit
CIEN,2006-03-29,2006-04-05,37.88893393135071,34.352813932418826,-0.09332856937434086,4,open_exit
PENN,2006-03-08,2006-04-06,8.695279648303986,9.14306354856491,0.05149735469960004,20,open_exit
TXT,2006-02-24,2006-04-06,39.36948197117422,41.858584468841556,0.0632241617883067,29,close_exit
CSCO,2006-03-01,2006-04-06,13.073481074576398,13.573096493244172,0.03821594384982596,26,close_exit
ROK,2006-04-07,2006-04-12,48.440482669242755,46.59492669518283,-0.03809945467846798,2,open_exit
GME,2006-03-22,2006-04-17,3.705002071188012,3.9368368720891413,0.06257346053973767,16,open_exit
CHRW,2006-02-09,2006-04-17,27.196302474034812,31.75774332714081,0.16772283134668586,45,close_exit
NUE,2006-03-10,2006-04-21,25.904736530950363,31.775671828708013,0.22663559194061667,28,open_exit
CAT,2006-04-12,2006-04-26,46.42011877215045,46.04875983348512,-0.00799995666723985,8,open_exit
QCOM,2006-03-09,2006-04-26,31.116093821451763,32.03837038421631,0.029639856726769498,33,close_exit
LVS,2006-04-05,2006-04-27,36.816994061237985,39.063318324327724,0.06101324457269408,14,open_exit
AA,2006-04-07,2006-04-28,62.60584471956792,64.32910819079304,0.02752560050813435,13,open_exit
CRS,2006-04-18,2006-04-28,38.794196212593796,41.65456062748642,0.07373176129794534,7,open_exit
INTU,2006-04-21,2006-05-01,24.981432943831237,23.75474130204981,-0.04910413444014794,5,open_exit
OSK,2006-04-26,2006-05-01,50.42856499723345,47.84754757914295,-0.05118165504475691,2,open_exit
RSG,2006-02-08,2006-05-01,16.689023824113587,18.70538719558716,0.12081973114330258,56,close_exit
NTAP,2006-04-17,2006-05-03,27.459012811578127,26.13680492849069,-0.04815205456074978,11,open_exit
ILMN,2006-04-28,2006-05-04,15.328672049045561,14.589005787849427,-0.0482537729836936,3,open_exit
EQIX,2006-05-01,2006-05-04,48.24894087983428,45.15739087751499,-0.06407498166682879,2,open_exit
AMKR,2006-04-27,2006-05-11,11.50775236463117,11.152666205188421,-0.03085625656440949,9,open_exit
WCC,2006-04-06,2006-05-11,66.57614970691992,72.53305126953126,0.08947500852534551,24,close_exit
NEU,2006-04-27,2006-05-12,38.029395392017385,37.09536456162981,-0.024560759400966914,10,open_exit
JLL,2006-05-01,2006-05-12,78.48827235904007,78.94314142729395,0.005795376233701743,8,open_exit
LRCX,2006-05-04,2006-05-12,4.4002775307484985,4.121135698121871,-0.06343732427694049,5,open_exit
WM,2006-03-09,2006-05-12,20.00327112279678,21.74650465488434,0.08714742310825763,45,close_exit
STLD,2006-05-02,2006-05-15,10.470812203009437,10.028594887390796,-0.04223333463010093,8,open_exit
CRS,2006-05-03,2006-05-15,45.32198498030525,43.99694134065017,-0.02923622255801206,7,open_exit
LAZ,2006-05-11,2006-05-15,21.72693133383893,20.34751992452561,-0.06348855197811276,1,open_exit
AKAM,2006-04-28,2006-05-16,34.36717347335815,32.67365362739563,-0.04927725136532857,11,open_exit
ADM,2006-05-12,2006-05-16,27.54652559088884,26.025075157661966,-0.05523202656563342,1,open_exit
HXL,2006-05-12,2006-05-16,22.39524147825809,20.546694184585395,-0.0825419674740866,1,open_exit
GRMN,2006-05-04,2006-05-18,25.72395846697952,23.491967611285027,-0.08676700588517827,9,open_exit
PFG,2006-05-12,2006-05-18,29.17595919719429,27.736474079112455,-0.049338056320707535,3,open_exit
LIN,2006-05-12,2006-05-19,38.68442890008331,36.91982360544198,-0.045615389571837084,4,open_exit
BWA,2006-05-16,2006-05-24,11.841519925123382,11.480288785071355,-0.030505470778765975,5,open_exit
DGX,2006-05-16,2006-05-25,42.002941159461194,40.711160060741946,-0.030754539159891014,6,open_exit
DINO,2006-06-02,2006-06-08,10.388230302148253,9.569093588421035,-0.07885238292780472,3,open_exit
DIS,2006-05-17,2006-06-08,24.10217547214721,23.752058840751648,-0.014526349781170622,15,close_exit
LECO,2006-06-02,2006-06-13,20.817588432227513,19.054922746431334,-0.08467194418482271,6,open_exit
CMCSA,2006-06-02,2006-06-13,6.887617923799955,6.715433602599388,-0.024999110447980755,6,open_exit
SEIC,2006-06-02,2006-06-13,18.189846490763536,17.290017402820226,-0.04946875656153704,6,open_exit
XRAY,2006-06-02,2006-06-13,25.311740535758794,24.447652746646806,-0.03413782580029456,6,open_exit
AES,2006-05-15,2006-06-13,11.375221168041229,11.214412190437317,-0.014136778109924197,20,close_exit
VFC,2006-06-02,2006-06-14,8.71810774638066,8.458547719726278,-0.029772518785643465,7,open_exit
FE,2006-05-16,2006-06-14,21.621056681952094,21.5171634349823,-0.0048051882245199184,20,close_exit
LH,2006-06-02,2006-06-26,48.83655366801492,50.14228260845918,0.026736713432328862,15,open_exit
BAX,2006-08-01,2006-08-07,15.6556043721681,15.48728081644581,-0.010751648529233826,3,open_exit
WFC,2006-07-31,2006-08-10,20.83659215880133,20.26057136808672,-0.027644673674303344,7,open_exit
MTB,2006-07-31,2006-08-10,67.20624559848122,66.48568451103522,-0.010721638755882057,7,open_exit
MS,2006-07-31,2006-08-10,35.45485705119504,34.49313525577096,-0.027125248144010405,7,open_exit
VNO,2006-08-07,2006-08-14,35.859918699692294,34.67841374583671,-0.03294778674068011,4,open_exit
RF,2006-07-31,2006-08-15,19.627948645973028,19.74895766568873,0.006165138390074709,10,open_exit
AKAM,2006-08-01,2006-08-15,39.03951045799255,38.18090076255798,-0.021993352000621247,9,open_exit
PCAR,2006-08-16,2006-08-25,13.092635171562637,12.43370519879213,-0.05032829251988269,6,open_exit
SEIC,2006-08-16,2006-08-25,20.144705902144953,19.837975341382187,-0.015226360824166063,6,open_exit
UHS,2006-07-31,2006-08-25,25.458396493365377,25.999124671936038,0.021239679361250374,19,close_exit
USB,2006-07-31,2006-08-25,16.786348794372707,16.938315393447876,0.00905298709902369,19,close_exit
TROW,2006-08-16,2006-08-28,23.579879689796307,22.778208971702014,-0.03399808347797462,7,open_exit
ECL,2006-08-16,2006-09-06,34.48495961173406,34.08544144917629,-0.011585287239885056,13,open_exit
BDX,2006-07-31,2006-09-07,35.4816875368215,37.530552676706584,0.057744298034270614,26,open_exit
JNJ,2006-08-25,2006-09-07,36.49776577976497,35.77407574761868,-0.019828337890959724,7,open_exit
EXC,2006-08-29,2006-09-07,20.43948942266147,20.04229457020637,-0.01943271890220144,5,open_exit
TFC,2006-08-16,2006-09-07,20.166328461339774,19.9210685710907,-0.01216185141084325,15,close_exit
INGR,2006-07-31,2006-09-08,21.13851846777549,22.035815137099476,0.04244841807110866,27,open_exit
BAX,2006-08-25,2006-09-08,16.1327294079739,16.291626417197474,0.009849356869832349,8,open_exit
DVN,2006-09-06,2006-09-11,44.513618340503925,40.94841132538142,-0.08009250085784292,2,open_exit
CAG,2006-08-29,2006-09-12,9.052400212579085,8.921862635135652,-0.014420217221730924,8,open_exit
CVS,2006-09-08,2006-09-14,23.196525845214598,22.522960676047123,-0.029037329713166082,3,open_exit
SRE,2006-09-07,2006-09-19,13.37564551826073,13.286132029531466,-0.0066922742986168515,7,open_exit
ESS,2006-08-28,2006-09-20,61.61757375792898,63.160713827675686,0.025043830446961346,15,open_exit
MU,2006-09-11,2006-09-20,17.63929558756671,17.446228600838133,-0.010945277591734692,6,open_exit
L,2006-09-14,2006-09-25,34.79360124832134,34.03243451008423,-0.0218766299241252,6,open_exit
HUM,2006-09-20,2006-09-25,58.606399493981314,57.11131973863109,-0.025510520493649547,2,open_exit
VFC,2006-09-08,2006-10-02,9.62113296981503,10.01513516106841,0.04095174575484073,15,open_exit
LIN,2006-09-25,2006-10-09,40.16521658432149,39.91859948573297,-0.006140066444576098,9,open_exit
AIZ,2006-09-11,2006-10-17,36.51148113494399,37.45742903114772,0.02590823124122421,25,open_exit
AKAM,2006-09-11,2006-10-17,40.990486221313475,48.975500000000004,0.19480163605706702,26,close_exit
BDX,2006-10-02,2006-10-18,38.65775196076983,39.494318285750495,0.02164032522712711,11,open_exit
SEIC,2006-09-12,2006-10-19,20.573074982263208,22.731431593019053,0.10491171653321851,26,open_exit
BAX,2006-10-09,2006-10-20,17.064612942073254,16.775714042577313,-0.01692970713585029,8,open_exit
INTU,2006-09-20,2006-10-25,28.826407244498228,30.13478662995132,0.045388222484881835,24,open_exit
TJX,2006-08-16,2006-10-27,5.074008969480179,5.544090124130249,0.0926449199198458,51,close_exit
ORCL,2006-09-08,2006-10-27,12.749984483771705,14.36411314058304,0.12659848008958852,35,close_exit
MS,2006-09-20,2006-10-30,39.514073339165186,41.2386473298781,0.04364455104160481,27,open_exit
JNJ,2006-10-18,2006-10-31,37.597266393134106,38.19056327186348,0.015780319572321844,8,open_exit
PPL,2006-10-25,2006-11-01,13.729161915773057,13.504132563344754,-0.016390611008074152,4,open_exit
AEP,2006-10-18,2006-11-03,18.83127896554826,18.969696853425237,0.00735042416026066,11,open_exit
ILMN,2006-10-19,2006-11-03,21.192498607635496,20.45669311141968,-0.0347200917569348,10,open_exit
HOG,2006-10-17,2006-11-06,42.26736964316555,43.40425859914109,0.026897556331834993,13,open_exit
T,2006-10-20,2006-11-06,6.444609706649996,6.390802352153054,-0.008349202969020753,10,open_exit
CAG,2006-10-30,2006-11-06,9.945874213279337,9.802131957197014,-0.014452450634294567,4,open_exit
XOM,2006-11-06,2006-11-17,36.63319711714321,36.6482758209373,0.00041161309906612153,8,open_exit
MAT,2006-10-30,2006-11-21,13.720994152155843,14.104328699588777,0.027937811442963367,16,close_exit
CMCSA,2006-09-26,2006-11-22,7.497784854981419,8.192829560279847,0.092700006567493,41,close_exit
ZBH,2006-11-06,2006-11-27,62.86365806439481,62.32965255465377,-0.008494661720035879,13,open_exit
ACN,2006-11-03,2006-11-27,23.230527443398795,23.340403351783753,0.004729806873850384,15,close_exit
CNP,2006-11-06,2006-11-28,7.283718841786001,7.4101849319458015,0.017362846220021044,14,open_exit
HOG,2006-11-17,2006-11-28,46.25486641777595,46.71852847967532,0.010024070931511364,5,open_exit
HAS,2006-10-31,2006-11-28,13.928468850897875,14.520243074893953,0.04248666743853402,19,close_exit
ES,2006-11-29,2006-12-08,14.135579177026617,14.274387307556776,0.00981976958933184,6,open_exit
PNW,2006-11-29,2006-12-08,20.52346400118806,20.83698128550728,0.015276041330112289,6,open_exit
PPLI,2006-11-24,2006-12-11,5.093018092928452,5.181881131761584,0.0174480116134903,10,open_exit
AES,2006-11-01,2006-12-11,13.74376528962719,14.2717530708313,0.03841653070156825,27,close_exit
RL,2006-11-29,2006-12-12,59.24367299121538,60.05705878685731,0.013729496409895736,8,open_exit
OKE,2006-11-29,2006-12-12,6.789011645083073,6.957199802743023,0.024773585089040262,8,open_exit
SGI,2006-11-22,2006-12-14,4.750294370635532,4.649351769685746,-0.021249756977962164,15,close_exit
MOS,2006-12-12,2006-12-19,16.319239584049033,15.259260507923232,-0.06495272470672342,4,open_exit
EQIX,2006-12-12,2006-12-19,58.63899844201031,57.03665646201922,-0.027325534585582956,4,open_exit
IONS,2006-12-12,2006-12-20,12.406199618339539,11.76411545753479,-0.05175510475065892,5,open_exit
PPLI,2006-12-15,2006-12-20,5.433034329595549,5.252707590434718,-0.033190796932486055,2,open_exit
TTWO,2006-12-08,2006-12-22,19.388491356090164,18.989327262570455,-0.020587681949494563,9,open_exit
AKAM,2006-12-08,2006-12-26,53.08653137397766,53.203384542465216,0.0022011829641752634,10,open_exit
FFIV,2006-12-11,2006-12-26,37.87893061065674,36.456760974884034,-0.03754513690976791,9,open_exit
ETR,2006-11-29,2006-12-29,20.615888258545212,21.140269151687622,0.025435765200418015,21,close_exit
SPGI,2006-11-03,2007-01-03,43.24145018231075,44.93149868965149,0.039083992331786055,39,close_exit
NEE,2006-10-30,2007-01-05,7.138055077657261,7.652437126159668,0.07206193324459886,45,close_exit
PNW,2006-12-20,2007-01-08,21.3741938273121,21.259817854912157,-0.0053511245066840685,9,open_exit
TMO,2006-12-20,2007-01-08,43.68712614295348,42.481524560227385,-0.027596266661741864,9,open_exit
TFC,2006-12-28,2007-01-08,21.08475902532897,20.358243578755896,-0.03445690063141427,4,open_exit
T,2007-01-03,2007-01-08,6.765130538039906,6.417088981937175,-0.05144639177998345,2,open_exit
C,2006-12-28,2007-01-11,374.2797851844801,358.5135773931278,-0.04212412322397063,7,open_exit
MS,2006-12-19,2007-01-18,44.58013194905571,44.038909318923956,-0.012140444778185988,18,close_exit
FFIV,2007-01-09,2007-01-19,39.66482295799255,37.3912948474884,-0.05731849888532081,6,open_exit
ACN,2006-12-22,2007-01-19,25.712743088274802,25.743095829010013,0.0011804551786251949,16,close_exit
ICE,2007-01-04,2007-01-22,19.686552553174295,21.56864654939962,0.0956030260321965,10,open_exit
ROST,2007-01-08,2007-01-23,6.34203148407803,6.569283257811708,0.03583264673223474,9,open_exit
DLTR,2007-01-08,2007-01-26,10.702015050888061,10.291518765449524,-0.03835691535534458,12,open_exit
ITT,2007-01-08,2007-01-26,15.000395258425579,15.156257669107465,0.010390553581869133,12,open_exit
GS,2007-01-11,2007-01-26,151.59289971955562,156.22349587909838,0.03054626020156137,9,open_exit
SPGI,2007-01-19,2007-01-26,46.55857046801365,45.540949961122585,-0.021856781612102583,4,open_exit
MS,2007-01-23,2007-01-30,45.130616423973265,44.19616683733687,-0.020705447004265132,4,open_exit
MGM,2006-12-19,2007-01-31,53.77896744752379,63.53377086565663,0.18138696001650345,26,open_exit
PVH,2007-01-08,2007-02-05,50.592700994321326,52.16600828742981,0.03109751529741578,19,close_exit
SBAC,2007-01-26,2007-02-07,26.81422963535174,26.44108068919903,-0.013916079306666052,7,open_exit
EQIX,2007-01-22,2007-02-12,60.839131502824245,58.88177102172461,-0.03217272227182877,14,open_exit
CLF,2007-01-31,2007-02-12,21.944234201878093,21.531340467691304,-0.01881559093784424,7,open_exit
DOC,2007-01-26,2007-02-13,12.477979155136717,12.649002851534792,0.013706041200403085,11,open_exit
PSA,2007-01-26,2007-02-13,52.10510222292159,54.440028981690304,0.0448118640815478,11,open_exit
AKAM,2007-02-06,2007-02-13,57.87892347335815,55.27234923744202,-0.045034946738702564,4,open_exit
SYK,2007-01-19,2007-02-26,46.96836533609315,49.7143538684845,0.05846463918302858,25,close_exit
ALB,2007-01-30,2007-02-27,29.622324131287254,30.861308757781984,0.041826043797357215,19,close_exit
VMC,2007-01-22,2007-02-28,77.08500241419263,91.10005480070237,0.18181295903973838,25,open_exit
MTD,2007-02-12,2007-02-28,88.7443469467163,86.41676908493042,-0.026227900050731168,10,open_exit
FIS,2007-02-12,2007-02-28,18.680339661570258,18.575544117329486,-0.005609937835143408,10,open_exit
TSN,2007-02-13,2007-02-28,12.861586912102764,12.651826972224018,-0.01630902479703822,9,open_exit
JBHT,2007-02-13,2007-02-28,21.147035877802264,21.41138210844649,0.012500391646930842,9,open_exit
LNT,2007-02-13,2007-02-28,10.094450873232724,10.469357365497935,0.037139860005594105,9,open_exit
CE,2007-02-07,2007-03-01,21.49433877239961,21.472864029661633,-0.0009990883164805453,14,open_exit
AVT,2007-01-26,2007-03-02,22.751211531707337,25.698030558586122,0.12952360900745608,24,close_exit
MSTR,2007-02-27,2007-03-06,12.962478328227997,12.383805343151094,-0.04464215641670499,4,open_exit
ABT,2007-03-01,2007-03-19,16.53373340116102,16.292880367600162,-0.014567371307919075,11,open_exit
AVT,2007-03-13,2007-03-29,28.848687535111463,27.868079574842657,-0.03399142366789887,11,open_exit
MTN,2007-03-13,2007-03-30,37.991966978982674,35.829903799726885,-0.056908429628080404,12,open_exit
M,2007-03-13,2007-04-02,23.859353145448825,24.15544473038921,0.012409874783083197,13,open_exit
PPG,2007-03-13,2007-04-02,22.656879548230236,23.130994856984337,0.02092588733346279,13,open_exit
OKE,2007-03-13,2007-04-03,7.104008529675082,7.211791565656663,0.01517214337952244,15,close_exit
LNT,2007-03-13,2007-04-04,10.885100498930187,11.033186472892762,0.013604465478029182,16,close_exit
ES,2007-03-13,2007-04-12,15.288730888300247,16.704860726969976,0.09262572865046814,20,open_exit
CLF,2007-03-21,2007-04-20,24.8157664413806,27.701549696126094,0.1162882984719511,20,open_exit
ARW,2007-04-12,2007-04-25,40.52025,39.670153627395635,-0.020979544119406057,8,open_exit
PEG,2007-03-13,2007-04-30,18.870998388648058,21.440792904263244,0.13617692411870785,32,open_exit
STLD,2007-03-30,2007-04-30,14.259885250337582,14.530936997413637,0.019007989357392452,20,close_exit
AMKR,2007-04-04,2007-05-01,12.576729760249792,12.99132194375992,0.03296502281701974,18,close_exit
EL,2007-03-13,2007-05-03,19.22249374896516,18.48422441005707,-0.038406532916564706,36,close_exit
PPC,2007-04-02,2007-05-08,21.216672220362543,22.785760615348817,0.07395544309160562,25,close_exit
KR,2007-04-20,2007-05-09,10.667654902933052,10.31526130607394,-0.03303383921448577,12,open_exit
WBD,2007-04-25,2007-05-11,9.955759121417998,10.182172716617584,0.02274197200216488,11,open_exit
MLM,2007-05-04,2007-05-11,121.89173222101137,115.2211046626798,-0.054725841013043675,4,open_exit
CE,2007-05-02,2007-05-16,26.183656191816652,26.834830224526826,0.024869484534161046,9,open_exit
RS,2007-04-05,2007-05-17,36.38676687220796,43.55607442101208,0.19703062857942477,28,open_exit
EQT,2007-03-30,2007-05-17,21.522131529061117,22.92291810703278,0.06508586642917757,33,close_exit
TSN,2007-04-02,2007-05-23,13.711654677649284,15.382991983174241,0.1218917296866675,35,open_exit
ON,2007-04-30,2007-05-23,11.10555038166046,10.894549618721008,-0.018999577300364723,17,close_exit
STLD,2007-05-09,2007-05-25,15.760067051700082,15.022845636669528,-0.046777809549422456,11,open_exit
NOV,2007-05-09,2007-05-25,31.326509387553994,31.263998426239162,-0.001995465263667895,11,open_exit
AXON,2007-05-25,2007-06-06,10.265130228996277,10.314839694976808,0.004842555805099735,6,open_exit
LBTYA,2007-05-14,2007-06-06,8.19628912782669,8.183756073474884,-0.001529113255565373,16,close_exit
FLS,2007-05-18,2007-06-07,16.576481707502026,16.609036659539086,0.001963924107147852,12,open_exit
AA,2007-05-24,2007-06-07,79.6575617159772,78.23254009113285,-0.017889345269258006,8,open_exit
L,2007-05-01,2007-06-07,42.76801285576298,45.0385770816803,0.05309024371964388,26,close_exit
DINO,2007-05-14,2007-06-07,16.356161076694065,16.41190445995331,0.0034080969854639598,17,close_exit
CHE,2007-05-17,2007-06-08,58.641929897479436,57.834462431094586,-0.013769455879035775,14,open_exit
TTC,2007-05-25,2007-06-08,11.153925632095168,11.095162179680345,-0.005268409917108641,8,open_exit
MGM,2007-05-23,2007-06-20,75.71204902093788,76.08949969482423,0.004985344852864282,19,close_exit
CE,2007-06-06,2007-06-21,28.941441776822153,27.93074100864663,-0.03492226738285531,10,open_exit
JCI,2007-06-11,2007-06-21,35.41722327302038,34.20766398076158,-0.034151725643049025,7,open_exit
MS,2007-06-11,2007-06-25,47.45066357006958,46.168100947392254,-0.027029392766728888,9,open_exit
CAR,2007-06-11,2007-06-26,29.059301056260022,25.83949127856162,-0.11080134967681143,10,open_exit
MTN,2007-06-11,2007-06-26,40.07151881200531,40.61743222209272,0.013623476880138874,10,open_exit
HPQ,2007-06-07,2007-06-27,12.629060287701614,12.309787330847275,-0.025280816591338406,13,open_exit
AXON,2007-06-25,2007-06-27,13.916954847335814,13.083455152511597,-0.05989095344257567,1,open_exit
CROX,2007-05-16,2007-06-27,37.43370841598511,43.01848091506958,0.14919100285291642,29,close_exit
APD,2007-06-11,2007-06-29,45.46103718061136,46.20435317799762,0.01635061678054428,13,open_exit
TGT,2007-06-21,2007-07-11,39.05161865885741,39.43287330206658,0.009762838425205755,12,open_exit
DECK,2007-06-28,2007-07-12,5.487742633581161,5.481147158384323,-0.0012018557788183726,8,open_exit
HUN,2007-06-27,2007-07-13,12.800356343328685,14.090050741620495,0.1007545699275767,10,open_exit
GWW,2007-06-26,2007-07-17,68.31180807079998,69.17187879906872,0.012590366915443685,13,open_exit
ACN,2007-06-21,2007-07-17,29.41505060130383,29.35762638950348,-0.0019522050999907226,17,close_exit
OXY,2007-07-13,2007-07-18,35.58487699235362,34.77085607593011,-0.02287547366254561,2,open_exit
EFX,2007-06-11,2007-07-20,36.19137536772717,36.943673311233525,0.020786663558998164,28,close_exit
PNR,2007-06-29,2007-07-23,18.30247983203,17.845141721725465,-0.024987767477507306,15,close_exit
TRMB,2007-06-21,2007-07-24,15.897945343494415,16.481754771232605,0.036722319464828956,21,open_exit
LBTYK,2007-06-27,2007-07-24,8.24446994447708,8.64899460554123,0.04906618179075761,18,close_exit
WBD,2007-07-17,2007-07-25,11.839282123088836,11.581815486431122,-0.02174681150266755,5,open_exit
CMI,2007-07-18,2007-07-25,38.61470382391663,36.96291789384813,-0.04277608699527147,4,open_exit
VMI,2007-07-24,2007-07-26,72.12054602464664,67.51395335511893,-0.0638735134916123,1,open_exit
FCX,2007-07-12,2007-07-27,32.515724796459644,31.207193346357727,-0.04024303497132542,10,open_exit
SGI,2007-07-23,2007-07-27,7.5223464583764335,7.266099454897929,-0.03406477020121346,3,open_exit
CIEN,2007-07-24,2007-07-27,40.019999999999996,37.681150762557984,-0.058442009931084726,2,open_exit
AYI,2007-07-25,2007-07-27,48.82445697677273,45.12658011352406,-0.07573820769799577,1,open_exit
SCCO,2007-07-18,2007-07-30,15.865475977653709,15.85397920886764,-0.0007246406475457379,7,open_exit
BIIB,2007-07-25,2007-07-31,56.968468626022336,56.07194847488404,-0.015737129200780076,3,open_exit
ALGN,2007-07-12,2007-08-01,25.952970534324646,25.94701908493042,-0.00022931669368453367,13,open_exit
LMT,2007-07-25,2007-08-01,59.23725489551849,56.134823367804884,-0.05237297935540086,4,open_exit
NOV,2007-07-26,2007-08-02,42.64763360788416,40.49068681620704,-0.05057600174276433,4,open_exit
GME,2007-08-09,2007-08-10,7.256753026472279,6.6455157154247875,-0.08423013830258907,0,open_exit
FAST,2007-08-09,2007-08-13,3.9688693310203518,3.7931638441132867,-0.044270917546658906,1,open_exit
IEX,2007-08-09,2007-08-13,30.724128051925867,29.218138605872543,-0.04901650727103135,1,open_exit
WBD,2007-08-09,2007-08-14,11.987735638618469,11.354720952987671,-0.05280519229933145,2,open_exit
FLS,2007-08-09,2007-08-14,18.90020316937718,17.473586177993294,-0.07548156909209014,2,open_exit
GRMN,2007-06-26,2007-08-15,39.29927906283086,49.908097504953325,0.2699494416974242,34,open_exit
UAA,2007-08-09,2007-08-15,8.112804718494415,7.634930701255799,-0.05890367558696774,3,open_exit
AMAT,2007-08-09,2007-08-15,16.809186791896682,15.218593846157503,-0.09462640670433664,3,open_exit
ROP,2007-08-09,2007-08-16,55.82472918843126,54.10299149244526,-0.030841845916966926,4,open_exit
APD,2007-08-09,2007-08-16,51.17493005401297,47.552292769232984,-0.07078929626198693,4,open_exit
CMI,2007-09-19,2007-09-21,44.883149537932844,42.877839814511155,-0.044678453808748575,1,open_exit
GRMN,2007-09-19,2007-10-02,59.61331479661717,58.567465439612334,-0.017543888652609918,8,open_exit
PH,2007-09-19,2007-10-04,56.4326014673691,52.5100485169931,-0.06950863239299943,10,open_exit
BG,2007-09-19,2007-10-04,65.86045215701421,66.97385791831391,0.01690552865694417,10,open_exit
CF,2007-10-02,2007-10-04,10.53716478711235,9.540578185433153,-0.09457824963486261,1,open_exit
GME,2007-09-19,2007-10-05,8.836432677360095,9.270072272618513,0.049074056363203056,11,open_exit
AXON,2007-10-05,2007-10-12,18.159074618339538,17.4112900762558,-0.04117966128783479,4,open_exit
LKQ,2007-09-21,2007-10-16,7.521135901762526,7.597053016424179,0.010093836310531623,17,close_exit
AXS,2007-10-12,2007-10-18,24.968172156327256,24.099238339617337,-0.03480165913906197,3,open_exit
FCX,2007-09-19,2007-10-19,36.56630642464177,38.153696506500246,0.04341127767798669,22,close_exit
SLB,2007-09-19,2007-10-19,69.22267961416424,65.11493296051026,-0.05934105233356868,22,close_exit
J,2007-09-19,2007-10-22,57.491777125551494,61.284580561376764,0.06597123319987985,22,open_exit
OXY,2007-09-19,2007-10-22,37.25671441247083,37.132612411665384,-0.0033309969159250885,22,open_exit
ILMN,2007-10-04,2007-10-22,26.545366727828977,27.96266572570801,0.053391577234953136,11,open_exit
CRL,2007-10-04,2007-10-22,57.07852423667907,55.432269084930425,-0.028841936153120695,11,open_exit
MOS,2007-10-17,2007-10-23,45.866804922526235,44.19427319213922,-0.03646497141477578,3,open_exit
DECK,2007-10-23,2007-10-26,6.626644643783569,7.286910676002503,0.0996380623545774,2,open_exit
ILMN,2007-10-24,2007-10-26,28.3702094335556,26.708429418563846,-0.05857482366789446,1,open_exit
IONS,2007-09-19,2007-10-30,14.55727519083023,16.651669847488403,0.14387271169933324,29,close_exit
UTHR,2007-10-18,2007-10-31,35.0175,34.78259923744202,-0.006708096310644063,8,open_exit
STLD,2007-10-23,2007-11-02,17.169943754739226,16.895193519967428,-0.016001813325449143,7,open_exit
HUM,2007-10-04,2007-11-02,63.41691049971847,62.88337183952332,-0.008413192254099422,21,close_exit
PKG,2007-10-23,2007-11-05,16.96646004820747,16.738662724448343,-0.013426331899045407,8,open_exit
MRK,2007-10-23,2007-11-05,27.16805091940012,27.215110632241615,0.001732171107198921,8,open_exit
YUM,2007-10-31,2007-11-06,20.273470926981272,19.42307456252033,-0.04194626403755941,3,open_exit
WDC,2007-11-05,2007-11-08,17.314271507103502,16.44570563238439,-0.05016473689711798,2,open_exit
AAPL,2007-10-23,2007-11-09,5.647447449945554,5.1208862461000715,-0.09323879655587752,12,open_exit
NDAQ,2007-10-26,2007-11-09,11.830478148973778,10.792332056737994,-0.08775182872264864,9,open_exit
GOOGL,2007-11-05,2007-11-09,17.54570774612859,16.754388449601738,-0.04510044895176446,3,open_exit
MOS,2007-10-26,2007-11-13,47.37984944863482,44.611751577650914,-0.05842352610226931,11,open_exit
AGCO,2007-10-31,2007-11-13,46.4062756680586,45.2993504506144,-0.023852920785153553,8,open_exit
CF,2007-11-05,2007-11-13,11.96411332824144,11.306766972262633,-0.054943173634700804,5,open_exit
PH,2007-11-06,2007-11-13,59.23234959781848,58.94946412008319,-0.00477586115789852,4,open_exit
AME,2007-10-23,2007-11-15,18.138116713253943,17.931034346580507,-0.011416971780874974,17,close_exit
UTHR,2007-11-02,2007-11-19,48.524249999999995,49.700135974884034,0.024232955169508852,10,open_exit
CF,2007-12-07,2007-12-12,13.434289870413867,12.755999288942446,-0.050489500227712814,2,open_exit
LIN,2007-12-07,2007-12-12,61.55570942281145,61.726036005800985,0.0027670314352095104,2,open_exit
BLK,2007-12-07,2007-12-13,135.54253677475256,129.5069099282942,-0.04452939269159839,3,open_exit
FLS,2007-12-07,2007-12-18,24.340643770501774,23.337351590032455,-0.04121880217832208,6,open_exit
MA,2007-12-07,2007-12-18,18.795144925014,18.94720237758746,0.008090251667657533,6,open_exit
APD,2007-12-07,2007-12-18,59.23131569869364,57.772592268096616,-0.02462757096292556,6,open_exit
UNP,2007-12-07,2007-12-18,22.786135408625505,21.99764126236275,-0.03460411922086071,6,open_exit
KO,2007-12-13,2007-12-18,18.019856043002598,17.78099347650271,-0.013255520239998875,2,open_exit
PG,2007-12-13,2007-12-19,43.37006648301922,42.354852303475994,-0.02340817669580275,3,open_exit
PEP,2007-12-13,2007-12-21,44.95752032847491,44.63725421950587,-0.007123749411201197,5,open_exit
VMI,2007-12-24,2007-12-28,81.57844768278945,79.76583462885334,-0.02221926385488837,2,open_exit
DECK,2007-12-07,2007-12-31,8.884996384620665,8.610136557102203,-0.03093527736198365,15,close_exit
GAP,2007-12-07,2008-01-02,12.477588797235951,11.84156942510605,-0.050972938960033076,16,close_exit
CME,2007-12-24,2008-01-04,68.36777491399984,63.81570561632968,-0.06658208934540033,6,open_exit
EOG,2007-12-07,2008-01-04,30.491981188195496,30.3966002035141,-0.0031280678055225497,18,close_exit
FSLR,2007-12-24,2008-01-07,268.4041240081787,249.4851956100464,-0.07048672768364705,7,open_exit
STLD,2007-12-24,2008-01-07,19.007929996496237,18.20853824690849,-0.042055697266093706,7,open_exit
SCHW,2007-12-24,2008-01-07,19.667717651129795,19.016296923190453,-0.033121317861807054,7,open_exit
OXY,2007-12-24,2008-01-08,44.14391132931308,44.71003771933874,0.01282456341039584,8,open_exit
APA,2007-12-24,2008-01-08,76.7003160044377,74.89981071624156,-0.023474548502407266,8,open_exit
GIS,2008-04-21,2008-04-28,16.566892244757298,16.244188667381135,-0.019478823946493917,4,open_exit
LIN,2008-04-21,2008-04-30,65.33743594924313,63.91660009385777,-0.02174612203161952,6,open_exit
ADM,2008-04-22,2008-05-01,29.707204573740164,27.293656826138097,-0.0812445257718909,6,open_exit
OXY,2008-04-22,2008-05-02,49.38002733787743,48.030479474458424,-0.027329832245431396,7,open_exit
BKNG,2008-04-21,2008-05-08,5.047359529819004,4.780803163651477,-0.05281105191590851,12,open_exit
HAS,2008-04-22,2008-05-20,19.438913342486803,19.936134862636678,0.025578668487765688,19,open_exit
AME,2008-04-22,2008-05-20,19.227076903249323,20.013108856595977,0.04088151086626257,19,open_exit
ROST,2008-04-28,2008-05-20,7.131207710800546,7.261161562213672,0.018223259885741916,15,open_exit
R,2008-05-02,2008-05-22,44.057658488128766,43.78085848516377,-0.006282676212572169,13,open_exit
RRC,2008-05-21,2008-05-23,69.20152584074083,64.17475477781653,-0.07263959864834224,1,open_exit
GD,2008-05-20,2008-05-27,61.6047453121214,59.367174024439166,-0.0363214112215795,3,open_exit
FTI,2008-05-22,2008-05-28,25.11864065356869,23.828995909510848,-0.05134213916447017,2,open_exit
CE,2008-04-22,2008-06-03,34.41728039123542,36.28539894485474,0.0542785058082349,29,close_exit
CSX,2008-05-01,2008-06-03,5.092579595810031,5.271847868680954,0.03520185978407042,22,close_exit
QCOM,2008-05-27,2008-06-04,30.940224700143027,30.126335702676876,-0.026305206421541882,5,open_exit
GEN,2008-05-28,2008-06-04,7.57607463883159,7.30910821797362,-0.035238092757114425,4,open_exit
NSC,2008-04-21,2008-06-06,39.96476017562226,41.996782852172856,0.05084536145396634,33,close_exit
UNP,2008-04-21,2008-06-09,23.367800689713416,26.726486757833293,0.14373137261472713,33,open_exit
EMR,2008-05-20,2008-06-09,34.98297580166387,34.21916463790331,-0.021833796189637766,12,open_exit
LSTR,2008-06-04,2008-06-09,44.41075169267923,43.90897263968945,-0.011298594008542495,2,open_exit
HAS,2008-06-05,2008-06-09,21.863652422111258,21.306184788679023,-0.025497461387945175,1,open_exit
FLS,2008-04-30,2008-06-11,30.775446264936,32.66857117843628,0.06151413361167779,29,close_exit
MDU,2008-05-23,2008-06-12,7.027599541873053,7.293125217511505,0.03778326782229846,12,open_exit
WDC,2008-06-04,2008-06-12,23.22469351434984,22.676237706324645,-0.023615201108523665,5,open_exit
APH,2008-06-04,2008-06-12,5.2218967957071385,5.1420552585062405,-0.015289757788115366,5,open_exit
SWKS,2008-06-10,2008-06-19,8.722409547900986,8.08793245131262,-0.07274103481429062,6,open_exit
EL,2008-06-16,2008-06-23,19.170162361624794,18.32780321201947,-0.04394115885484484,4,open_exit
QCOM,2008-06-16,2008-06-24,31.920862762005594,30.681596937282336,-0.038823067971656355,5,open_exit
MOS,2008-06-10,2008-06-25,100.14898921149246,101.58925207598821,0.014381202205188792,10,open_exit
FMC,2008-05-08,2008-06-26,20.42023358184375,23.954664777755738,0.173084758396425,34,close_exit
STLD,2008-06-16,2008-06-27,26.317925095563115,25.174448239186752,-0.04344859453107641,8,open_exit
COP,2008-06-10,2008-06-30,38.537733469692576,37.26005515809639,-0.03315395578728042,13,open_exit
FE,2008-06-16,2008-06-30,34.56796786890016,34.961855666992484,0.011394589337335503,9,open_exit
NDSN,2008-06-16,2008-07-01,30.589981352567303,29.61422306523135,-0.03189796934132694,10,open_exit
OLN,2008-06-16,2008-07-07,13.451168667837715,13.459668118309205,0.0006318744996345327,13,open_exit
FNF,2009-04-03,2009-04-08,6.31547455889341,5.906972585738125,-0.06468270426013112,2,open_exit
FNF,2009-04-13,2009-04-15,6.9885120920393184,5.756535636129767,-0.17628594465950875,1,open_exit
DRI,2009-04-23,2009-04-29,21.012359274415562,19.861730891028973,-0.054759599736502795,3,open_exit
SMG,2009-04-23,2009-04-29,22.147319575372826,19.957073362193338,-0.09889441499796559,3,open_exit
AN,2009-04-29,2009-05-11,17.64881938934326,16.341825381278994,-0.07405560560348057,7,open_exit
AU,2009-05-29,2009-06-08,33.38063862742659,30.715850249239917,-0.07983035938674943,5,open_exit
DLTR,2009-05-28,2009-06-11,15.090874681949614,14.76261545753479,-0.02175216687787218,9,open_exit
FFIV,2009-06-12,2009-06-23,35.08753469467163,32.94351908493042,-0.0611047663621348,6,open_exit
VRTX,2009-06-29,2009-07-06,35.90794438934326,33.693144084930424,-0.06167995250293801,3,open_exit
FFIV,2009-06-29,2009-07-08,35.667826526641846,32.823580152511596,-0.07974263225727418,5,open_exit
ADM,2009-07-23,2009-07-31,18.742817690117683,19.129893363398516,0.020651946771318208,5,open_exit
ROST,2009-07-10,2009-08-04,8.643361373004655,8.881306941986084,0.02752928620161499,17,close_exit
SWKS,2009-07-16,2009-08-06,8.753724401442994,9.04221255191447,0.03295604673411012,14,open_exit
OSK,2009-07-06,2009-08-07,16.694536022737687,20.888510697210926,0.25121840276130536,23,open_exit
FFIV,2009-07-21,2009-08-11,37.08853469467163,35.94201908493042,-0.030912938976419668,14,open_exit
F,2009-07-24,2009-08-11,3.4689367098698805,3.8421509834935534,0.10758751307332792,11,open_exit
SMG,2009-07-21,2009-08-14,22.853304446119054,23.19992873287201,0.015167359607455744,18,close_exit
SBUX,2009-07-23,2009-08-18,6.347438550088204,6.875660847737813,0.0832181821818927,17,open_exit
EXPE,2009-07-31,2009-08-18,26.634459813993015,27.739251142174425,0.041479772291119765,11,open_exit
TDC,2009-08-07,2009-08-18,26.97347908401489,26.17690553379059,-0.029531731807498685,6,open_exit
BKNG,2009-08-11,2009-08-18,5.839340299053991,5.678476390729968,-0.027548301706287637,4,open_exit
DXC,2009-08-13,2009-08-18,15.308514569049608,14.941472014856913,-0.023976366389902526,2,open_exit
CROX,2009-08-21,2009-08-25,7.073535171747207,6.756620228767395,-0.04480290763883088,1,open_exit
CAR,2009-08-21,2009-08-27,11.093295594733322,10.189553443752004,-0.08146741815934122,3,open_exit
MTCH,2009-07-22,2009-08-28,4.5661720811985615,4.866758480548859,0.06582896877408029,27,close_exit
KDP,2009-08-21,2009-08-31,2.8766498427246456,2.7678038259898865,-0.03783777056148918,5,open_exit
MU,2009-07-23,2009-09-02,5.89277525160544,6.851786189367794,0.16274351164183276,28,open_exit
FIS,2009-08-20,2009-09-02,18.60465013776689,17.9640199098716,-0.03443387664650732,8,open_exit
WEC,2009-08-27,2009-09-02,13.390149578077958,13.027488852944582,-0.027084142937963573,3,open_exit
AGO,2009-08-31,2009-09-02,14.463004286246,13.376342017427756,-0.07513392427406229,1,open_exit
CTSH,2009-08-05,2009-09-02,14.700416668015482,15.053411225318909,0.0240125545605423,20,close_exit
NLY,2009-08-06,2009-09-02,8.157848082588329,8.003911539077759,-0.01886974873179159,19,close_exit
NVR,2009-08-19,2009-09-03,628.314,638.6305372009277,0.016419397309192174,10,open_exit
ROST,2009-08-21,2009-09-03,9.6792177696937,9.591000813041411,-0.009114058465396035,8,open_exit
BR,2009-09-03,2009-09-21,14.796246381259575,14.226750956895938,-0.03848918230267784,10,open_exit
WSM,2009-08-31,2009-09-23,6.551973027937298,6.381361155748368,-0.026039770228212022,16,close_exit
AU,2009-09-08,2009-09-24,34.74764363327205,32.83503542101922,-0.05504281764940866,11,open_exit
SBUX,2009-09-10,2009-09-24,7.425026420082226,7.29962845451012,-0.016888554797993116,9,open_exit
SWKS,2009-09-08,2009-09-25,9.881217902714306,10.192042636104365,0.03145611567827866,12,open_exit
GAP,2009-08-26,2009-09-28,11.981692760216125,13.051278585442224,0.08926834017790375,21,open_exit
CIEN,2009-09-08,2009-09-28,13.82690969467163,15.592200381278992,0.12767066000927452,13,open_exit
CAG,2009-09-08,2009-09-28,8.842295041745302,9.048293139401531,0.02329690387887906,13,open_exit
JBL,2009-09-21,2009-09-28,10.26956619123398,9.98405451681211,-0.027801726879717825,4,open_exit
STX,2009-09-09,2009-10-01,7.650547164460564,7.493141623020173,-0.020574416189680367,16,close_exit
MU,2009-09-09,2009-10-01,7.531823179714886,7.31961821770668,-0.02817444819731396,16,close_exit
TDC,2009-09-24,2009-10-02,27.69384030532837,26.186900762557986,-0.05441424974493125,5,open_exit
FIS,2009-09-24,2009-10-02,18.965441731842112,18.43583266031684,-0.027924953133893093,5,open_exit
CTAS,2009-09-25,2009-10-02,6.015365383172519,5.7563906698491305,-0.043052199962424265,4,open_exit
NLY,2009-09-29,2009-10-02,9.147163102322047,8.553186939917047,-0.06493556043121351,2,open_exit
HPQ,2009-09-29,2009-10-02,13.410874671060215,12.815579502850778,-0.044388988996671874,2,open_exit
ISRG,2009-09-29,2009-10-09,28.839968579292297,27.83496395301819,-0.03484763249692724,7,open_exit
GS,2009-10-06,2009-10-19,140.6546891822295,137.82261610463996,-0.02013493538008082,8,open_exit
AMP,2009-10-02,2009-10-21,25.522241217969494,25.018195114341285,-0.01974928844702417,12,open_exit
WSM,2009-10-06,2009-10-21,7.164403564020362,7.1196434970195,-0.006247563610967788,10,open_exit
KO,2009-10-05,2009-10-26,16.12450302382563,15.889864315297183,-0.01455168622448344,14,open_exit
THC,2009-10-09,2009-10-26,23.85192015266418,23.228379771232607,-0.026142146101471253,10,open_exit
CL,2009-10-05,2009-10-26,25.74169095188166,26.058720484733584,0.01231580059929005,15,close_exit
NTAP,2009-10-06,2009-10-27,19.7119179115976,20.409082803726196,0.0353676844259998,15,close_exit
AAPL,2009-09-24,2009-10-28,5.606712131598938,5.915574388370421,0.05508794629044034,23,open_exit
R,2009-10-19,2009-10-28,28.57105123379266,27.29103045683342,-0.044801318876404705,6,open_exit
JBL,2009-10-06,2009-10-28,11.438460242252555,11.41868717622757,-0.0017286475282700664,16,close_exit
BKNG,2009-10-21,2009-10-29,6.854298378719403,6.61608070690117,-0.0347544939913661,5,open_exit
MCK,2009-10-21,2009-10-29,54.33776324464042,50.590692683775195,-0.06895886648839589,5,open_exit
EXPE,2009-10-26,2009-10-29,34.51024303359057,33.81249830575632,-0.02021848200706955,2,open_exit
WHR,2009-10-26,2009-10-29,44.75016769418662,42.07265197410843,-0.059832529307505156,2,open_exit
BBWI,2009-10-27,2009-10-29,6.422306687152758,6.030234696961158,-0.0610484689209726,1,open_exit
RGA,2009-10-28,2009-11-02,36.36398814581099,34.468703261778046,-0.05211983010315868,2,open_exit
SYY,2009-10-28,2009-11-02,17.078912278073894,16.432211594954442,-0.037865449074862556,2,open_exit
OGE,2009-10-30,2009-11-03,9.291346741906182,8.722582144480725,-0.06121444105192986,1,open_exit
LHX,2009-10-29,2009-11-20,29.15154719931644,30.13304606495671,0.033668842992432335,15,open_exit
OSK,2009-11-04,2009-11-23,29.264939129010454,31.971375577780798,0.09248050839399968,12,open_exit
TDC,2009-10-30,2009-11-27,29.144564160346984,28.815584923744204,-0.011287842041240004,19,close_exit
MTD,2009-11-02,2009-11-27,97.05850713729858,98.89053244018555,0.018875473741785553,18,close_exit
V,2009-10-29,2009-12-03,17.076204746107965,17.755585005760192,0.039785202259716046,24,close_exit
AXP,2009-10-30,2009-12-03,28.526713382315865,30.659427250862123,0.07476199027779895,23,close_exit
AMZN,2009-12-01,2009-12-08,6.8504236221313475,6.711642652511597,-0.020258742710654754,4,open_exit
EL,2009-11-03,2009-12-09,17.74522355085827,19.42442218208313,0.09462820383255433,25,close_exit
GIS,2009-10-30,2009-12-16,18.609944265369002,19.006037118911745,0.02128393550752472,32,close_exit
ROK,2009-12-10,2009-12-18,33.89675436333947,32.93198970975903,-0.028461859304850345,5,open_exit
EW,2009-09-28,2009-12-22,5.776219739198685,7.269696406126022,0.2585560685637147,60,close_exit
RCL,2009-12-17,2010-01-04,21.813349853847633,21.350488173348346,-0.021219192998806813,9,open_exit
WHR,2009-12-18,2010-01-04,46.003859475291,47.151445342385934,0.02494542588782811,8,open_exit
VTR,2009-12-01,2010-01-04,23.935947081352513,24.307159111976624,0.01550855829361808,22,close_exit
NTAP,2009-11-20,2010-01-05,22.333334352460476,24.571368295669558,0.10021047049620324,29,close_exit
PSKY,2009-12-08,2010-01-06,10.164844431942823,10.235886347770691,0.0069889821043025435,19,close_exit
AMD,2009-12-04,2010-01-11,8.094045152664185,9.375310114383698,0.15829723426953946,23,open_exit
CE,2009-10-28,2010-01-13,21.78578383425676,25.606571690790354,0.17537986632023994,51,open_exit
A,2009-12-04,2010-01-13,18.961189230300533,19.239002065605586,0.014651656704163907,25,open_exit
UAL,2009-12-23,2010-01-13,12.966480038166045,12.743625000000002,-0.017187011240528127,12,open_exit
CLF,2010-01-11,2010-01-13,45.64518085776881,42.28170848292028,-0.07368734906164942,1,open_exit
NYT,2010-01-05,2010-01-19,11.50287929318736,11.746746867887081,0.021200568004234643,8,open_exit
SJM,2009-11-23,2010-01-20,36.179178095450396,38.55169839477539,0.06557695404427522,38,close_exit
DD,2010-01-06,2010-01-22,36.36136486616944,33.39368332403713,-0.08161634066969359,10,open_exit
LULU,2010-01-05,2010-01-25,15.502747385501861,15.122435114383698,-0.024531927255283192,12,open_exit
HUN,2010-01-05,2010-01-25,7.051177740582603,7.28682994960019,0.033420262215389185,12,open_exit
AXP,2010-01-13,2010-01-25,33.18694827797286,30.975222331057154,-0.06664445095675442,6,open_exit
CAG,2010-01-13,2010-01-25,10.070071953745826,9.885681767498646,-0.018310711889063636,6,open_exit
PRGO,2010-01-13,2010-01-26,31.100476696801053,31.129585328075194,0.0009359545050682261,7,open_exit
HUM,2010-01-19,2010-01-27,42.96349352735055,42.006428072481036,-0.0222762484214708,5,open_exit
DAL,2010-01-21,2010-01-29,11.580453577258016,10.969010711042543,-0.05279956109976902,5,open_exit
UTHR,2010-01-13,2010-02-04,55.75786454200745,56.421775762557985,0.011907041742073021,15,close_exit
ISRG,2010-01-07,2010-02-05,34.54170680236816,35.732125,0.03446321296289345,19,open_exit
FITB,2010-01-22,2010-02-05,7.30847556574025,6.873485666877715,-0.05951855417039709,9,open_exit
COR,2010-01-27,2010-02-05,18.69457690710722,18.67589666457656,-0.0009992332334388676,6,open_exit
RMD,2010-01-27,2010-02-05,22.020238726924592,22.721174784716283,0.03183144681054895,6,open_exit
TGT,2010-01-27,2010-02-05,32.74336829926363,30.666217399463967,-0.06343730067154929,6,open_exit
CAH,2010-02-02,2010-02-05,22.358295051978274,21.350437073920027,-0.045077586449020046,2,open_exit
LBTYA,2010-01-26,2010-02-08,5.450433892250061,5.293074146747589,-0.028871049280355554,8,open_exit
SIRI,2010-01-28,2010-03-01,5.90207591025308,7.547104330079943,0.27872030872546416,20,open_exit
STX,2010-02-17,2010-03-04,10.307563415935714,10.230126584816032,-0.007512622333224028,10,open_exit
CF,2010-02-17,2010-03-10,14.50959582095549,13.745330660062,-0.0526730840971944,14,open_exit
CMI,2010-02-17,2010-03-19,39.25826982370706,39.66919661712647,0.010467267030990213,22,close_exit
UAL,2010-03-01,2010-03-22,17.258625,18.47075954246521,0.07023355235224193,14,open_exit
F,2010-03-04,2010-03-22,6.425072920113995,6.519098386774036,0.014634147787753626,11,open_exit
AAL,2010-03-10,2010-03-22,7.3570607791557645,6.671272899108362,-0.09321492653566166,7,open_exit
CAG,2010-02-17,2010-03-25,10.299782706114174,10.696946062088013,0.03856036261212337,26,close_exit
MKC,2010-03-22,2010-03-26,13.95147890006707,13.55572924464117,-0.028366143708535185,3,open_exit
DLR,2010-03-22,2010-03-29,29.3654835521926,28.919014236906037,-0.01520388092683822,4,open_exit
EL,2010-01-27,2010-04-06,21.861561771338298,25.861086425781252,0.1829478010892409,47,close_exit
RVTY,2010-02-17,2010-04-07,19.95957911813205,21.912481119155885,0.0978428447546642,34,close_exit
NOC,2010-02-17,2010-04-08,38.599951591832976,42.3823146453875,0.09798880303142155,34,open_exit
TNL,2010-03-26,2010-04-19,7.063980444955618,7.073434951543808,0.0013384106399871865,15,close_exit
LULU,2010-03-26,2010-04-20,19.519755228996274,21.294347805023193,0.09091264491835394,15,open_exit
G,2010-04-08,2010-04-22,13.938704952351292,13.590442592840398,-0.02498527378988291,9,open_exit
D,2010-03-22,2010-04-22,20.676030269949393,21.005881651878358,0.01595332264570981,22,close_exit
EMR,2010-02-17,2010-04-27,30.35420099506494,32.84710125350952,0.08212702613552181,48,close_exit
DRI,2010-02-17,2010-04-28,21.596768765928932,24.8658731106998,0.1513700674486178,48,open_exit
LUV,2010-04-20,2010-04-28,11.82670068710524,11.353230725904348,-0.04003398527850799,5,open_exit
F,2010-04-22,2010-04-28,7.038422537433227,6.725020310583602,-0.04452733907105222,3,open_exit
DDS,2010-04-08,2010-04-29,17.947813003982645,20.444055066957095,0.13908335586182718,14,open_exit
LPX,2010-04-20,2010-04-29,9.8331867049621,10.277420067559078,0.04517694781212733,6,open_exit
AVY,2010-04-28,2010-05-03,29.21441386759101,27.58055636916272,-0.05592641720739111,2,open_exit
ALB,2010-04-29,2010-05-05,36.30068754199049,34.838531354592945,-0.04027902186993593,3,open_exit
TEL,2010-03-22,2010-05-06,20.03115781754813,22.31701295100273,0.11411497798954473,31,open_exit
ORI,2010-04-29,2010-05-06,5.19941037494479,4.812486346199339,-0.07441690515716592,4,open_exit
DTE,2010-04-29,2010-05-06,23.069001632696576,22.579789936912256,-0.02120645286577727,4,open_exit
WAT,2010-04-29,2010-05-06,73.53675,70.60467938995362,-0.03987218105296164,4,open_exit
SWKS,2010-05-03,2010-05-06,13.663019192555662,12.749834435811755,-0.06683623464727761,2,open_exit
JLL,2010-03-29,2010-05-06,68.7357830903709,72.19650392913819,0.05034816922384189,27,close_exit
CRM,2010-04-07,2010-05-06,19.3746611948355,19.871103865623475,0.02562329559188914,21,close_exit
FFIV,2010-04-23,2010-05-07,71.70583316802978,64.94751335525513,-0.0942506280756511,9,open_exit
UDR,2010-05-05,2010-05-07,11.922177995557107,11.288704647521996,-0.05313402872119333,1,open_exit
OC,2010-04-29,2010-05-10,27.920354989772385,28.406414526574647,0.017408787853174346,6,open_exit
PRGO,2010-05-13,2010-05-17,48.32854555361535,45.83910883155798,-0.05151068987366081,1,open_exit
VTR,2010-05-11,2010-05-19,27.52755499931251,26.240501447524164,-0.0467550987299995,5,open_exit
DOC,2010-05-11,2010-05-19,12.983181035993987,12.35034979149782,-0.04874238776627504,5,open_exit
ICE,2010-05-11,2010-05-19,20.834887740254995,19.369459810174245,-0.07033529281990814,5,open_exit
CRUS,2010-05-12,2010-05-19,14.277135457992554,13.103444656848907,-0.08220772329274195,4,open_exit
SO,2010-05-11,2010-05-20,17.415494241443987,16.806281122377715,-0.03498109847589137,6,open_exit
NEM,2010-05-12,2010-05-20,41.48846182689983,37.664999947164546,-0.09215723387595609,5,open_exit
HAS,2010-05-11,2010-05-21,24.148856968935995,23.284828147869796,-0.03577928438508071,7,open_exit
MO,2010-05-11,2010-05-21,7.924643969421341,7.537103190487587,-0.048903241638255324,7,open_exit
CHD,2010-05-11,2010-05-26,13.344916402608483,12.897265247212772,-0.03354469536491145,10,open_exit
SPG,2010-08-03,2010-08-12,43.718450168609614,41.963586633826495,-0.0401401131104856,6,open_exit
CCI,2010-08-03,2010-08-12,24.61605876120154,23.06430335924333,-0.06303833676266657,6,open_exit
BXP,2010-08-03,2010-08-13,45.87714192051848,43.87296898706666,-0.043685653673108504,7,open_exit
MTCH,2010-08-03,2010-08-13,6.498113949602977,6.243847233146564,-0.03912931020114663,7,open_exit
CTSH,2010-08-03,2010-08-16,27.104850838997066,25.379376002351687,-0.06365926331396199,8,open_exit
DUK,2010-08-03,2010-08-16,26.48392227592845,26.0164843983828,-0.017649873484582357,8,open_exit
BWA,2010-08-03,2010-08-24,16.87137531651876,16.176815237002078,-0.0411679585384267,14,open_exit
LIN,2010-08-03,2010-08-24,64.85907135125431,63.91900564956666,-0.014493974121161712,15,close_exit
SBAC,2010-08-03,2010-08-24,33.10038315955473,33.04907236099243,-0.0015501572388139095,15,close_exit
PCG,2010-08-03,2010-09-10,33.748402829659085,32.954358846664434,-0.023528342570831917,27,close_exit
NEE,2010-09-13,2010-09-16,8.857494061698041,8.592272453279453,-0.029943187832941587,2,open_exit
FDS,2010-09-07,2010-09-23,66.09758121290393,66.94466153651629,0.012815602448202679,11,open_exit
AXS,2010-09-07,2010-09-24,21.005550147722992,21.10861361171004,0.004906487250381231,12,open_exit
ADM,2010-09-13,2010-10-01,21.37512890085353,20.736030147998957,-0.029899176553225493,13,open_exit
FFIV,2010-09-14,2010-10-06,98.51923622131348,97.49123091506958,-0.01043456431122336,16,close_exit
TRMB,2010-10-01,2010-10-12,17.64881938934326,17.05646803379059,-0.03356322836587833,6,open_exit
SBAC,2010-09-13,2010-10-15,35.01634292095829,36.35761318588257,0.03830412181968601,24,close_exit
PRGO,2010-09-16,2010-10-15,49.21449668889921,49.104879400253296,-0.0022273373908269223,21,close_exit
EW,2010-09-24,2010-10-19,11.322324936389922,10.897881043910981,-0.0374873442392365,17,close_exit
LVS,2010-09-23,2010-10-20,20.681379798030907,23.419221864998196,0.132381982909475,18,open_exit
MOS,2010-10-18,2010-10-20,51.23524764552447,49.06627673347735,-0.04233356940232491,1,open_exit
UAL,2010-10-07,2010-11-08,25.102545152664185,27.94601908493042,0.11327432796050374,21,open_exit
LBTYA,2010-10-20,2010-11-10,7.309969056844711,8.305285892486573,0.13615883020871267,14,open_exit
PPG,2010-09-13,2010-11-12,26.719440985267923,28.8671815032959,0.08038119207704075,44,close_exit
NTAP,2010-10-20,2010-11-15,37.607871333679206,39.355142678211166,0.04646025639231577,17,open_exit
BWA,2010-09-07,2010-11-16,17.63042970899416,20.69358556175232,0.1737425521282383,50,close_exit
URI,2010-10-12,2010-11-16,14.655572567565233,18.371030303001405,0.2535184291372541,25,close_exit
ES,2010-10-20,2010-11-16,17.88486633528813,18.09315989303589,0.01164635809085035,19,close_exit
TKR,2010-09-13,2010-11-17,19.178233103057874,22.11934785562016,0.1533569196264144,46,open_exit
BKNG,2010-10-18,2010-11-17,13.848103811433148,15.631174835159586,0.12875921844652227,21,open_exit
WYNN,2010-11-08,2010-11-17,72.15950785353851,69.12659474009347,-0.04203067902847846,6,open_exit
F,2010-11-16,2010-11-19,8.642179040640624,8.045917295645129,-0.0689943753990192,2,open_exit
DLTR,2010-11-18,2010-11-22,28.209097194671628,26.811588262557986,-0.04954107260042395,1,open_exit
DIS,2010-11-15,2010-11-24,31.617667102446195,30.691330099335342,-0.02929808199034345,6,open_exit
AGCO,2010-11-10,2010-11-30,35.25160169596035,34.436539211212015,-0.023121289403475243,12,open_exit
DDS,2010-11-18,2010-11-30,22.152356663844227,21.19718343527779,-0.043118357250243045,6,open_exit
KO,2010-09-10,2010-12-06,17.8820271545368,19.899575874328615,0.11282550363871624,60,close_exit
ROST,2010-11-18,2010-12-13,13.784027917681344,13.568135100364685,-0.01566253482697344,16,close_exit
UAA,2010-11-22,2010-12-15,6.8784374999999995,7.048973521232606,0.024792843030500222,15,open_exit
KMX,2010-12-14,2010-12-22,34.617298473358154,33.113436067581176,-0.0434425120416132,5,open_exit
CROX,2010-11-26,2010-12-23,17.528760457992554,17.691150762557985,0.009264220647808852,19,close_exit
LULU,2010-12-07,2010-12-29,27.993989542007444,34.81758158493042,0.24375203943987978,14,open_exit
MAT,2010-11-17,2010-12-30,17.365333364771512,18.961471323966983,0.09191519250839741,29,close_exit
UPS,2010-11-30,2010-12-31,40.41280682263982,42.307677742004394,0.04688788204394245,22,close_exit
DKS,2010-11-17,2011-01-04,23.785887751092353,26.300439927101138,0.10571613732993024,32,close_exit
NOV,2010-11-19,2011-01-06,43.966857164652616,45.753909849166874,0.04064544977190154,32,close_exit
KBR,2010-12-29,2011-01-07,25.24033848177132,24.200989653033776,-0.041178086002617076,6,open_exit
BWA,2010-11-19,2011-01-07,21.71168264962135,25.631617477416995,0.1805449578024303,33,close_exit
CLF,2011-01-04,2011-01-10,69.42662183788491,68.35631248028076,-0.015416411302617838,3,open_exit
AIG,2010-12-15,2011-01-14,31.95266496421614,33.50280198669434,0.048513544150830645,21,close_exit
CF,2010-12-27,2011-01-20,18.722106764749203,19.317780012519165,0.0318165714604044,16,open_exit
AGCO,2011-01-04,2011-01-20,41.48072975598038,40.542495858689776,-0.022618548487694623,10,open_exit
HUN,2011-01-07,2011-01-20,10.248162895255943,10.182745906210176,-0.006383289347991261,7,open_exit
DDS,2011-01-07,2011-01-20,27.43916752101225,27.716151171307114,0.010094462599229859,7,open_exit
AMZN,2010-11-30,2011-01-20,8.851923597335816,9.09345057296753,0.027285253083793926,35,close_exit
RCL,2010-12-22,2011-01-20,38.304175400349585,38.780465789794924,0.01243442482359236,19,close_exit
URI,2011-01-05,2011-01-21,22.721443446635572,24.298728821993677,0.06941836151662528,10,open_exit
CE,2011-01-10,2011-01-21,32.933515825793684,32.13654594671321,-0.02419935616033686,7,open_exit
CLF,2011-01-18,2011-01-21,74.9581947104649,72.3515331174121,-0.03477487155502257,2,open_exit
DDS,2011-01-21,2011-01-26,29.39217282040591,27.681558548549543,-0.05819965343524214,2,open_exit
PG,2011-01-20,2011-01-28,41.80193048797809,40.77741435642619,-0.024508823386674483,5,open_exit
AN,2011-01-20,2011-01-31,28.424204847335815,28.735625000000002,0.010956160579928209,6,open_exit
BG,2011-01-20,2011-01-31,47.77286270397839,45.417255263560065,-0.049308484086764914,6,open_exit
PSKY,2011-01-21,2011-01-31,15.654838125228881,14.74768684947799,-0.05794702369288329,5,open_exit
HD,2011-01-21,2011-01-31,25.565295765855712,25.75477724704743,0.007411667869095417,5,open_exit
GNTX,2011-01-28,2011-02-03,12.432263764049939,11.635938638408856,-0.06405310736277936,3,open_exit
HAL,2011-01-31,2011-02-10,33.84498994925241,33.534454898753125,-0.009175214735324233,7,open_exit
CF,2011-02-10,2011-02-16,20.937902511132666,20.18647197068764,-0.03588852990625446,3,open_exit
WY,2011-01-10,2011-02-22,11.65241151158749,13.68430890274048,0.174375698037476,29,close_exit
ORCL,2011-01-21,2011-02-22,26.23515520140113,26.25735921382904,0.0008463457622969184,21,close_exit
HOG,2011-01-26,2011-02-22,27.70696426737387,29.064165481567386,0.04898411825620608,18,close_exit
DAR,2011-01-31,2011-02-22,13.666829847335814,13.983004771232606,0.023134474302277663,15,close_exit
ROK,2011-01-21,2011-02-23,55.7572781084553,63.84349430919145,0.14502530387167356,21,open_exit
DOV,2011-01-31,2011-02-23,31.78078384970754,33.20369675136887,0.04477274407045262,15,open_exit
URI,2011-02-03,2011-02-23,27.516584680149453,30.274618137207444,0.10023167806314448,12,open_exit
SF,2011-02-16,2011-02-24,18.719477344616596,18.191693796603328,-0.028194352774761122,4,open_exit
OKE,2011-01-21,2011-02-25,10.980252350489739,12.032626529942727,0.09584244021550647,23,open_exit
NOV,2011-02-01,2011-02-25,53.37547368498928,56.30920959538103,0.05496411943257007,16,open_exit
RRC,2011-02-24,2011-03-02,48.82298401115774,46.229457049510934,-0.05312102515188544,3,open_exit
ESS,2011-02-23,2011-03-03,71.76320265503968,72.9353419364097,0.01633343047695912,5,open_exit
XOM,2011-02-23,2011-03-08,48.017516900681784,47.18861694145203,-0.01726244947118416,8,open_exit
EXEL,2011-02-24,2011-03-08,11.445719580173492,10.924535305023195,-0.045535300030685955,7,open_exit
NDSN,2011-02-24,2011-03-11,45.88510858506818,44.41951674801351,-0.03194046788268046,10,open_exit
COP,2011-02-24,2011-03-11,35.655385129461706,33.29054245211151,-0.06632497920759095,10,open_exit
RVTY,2011-02-25,2011-03-11,25.537727071564394,24.731793676512332,-0.0315585405386154,9,open_exit
ICE,2011-03-08,2011-03-14,22.72324176871206,21.283124966024015,-0.0633763798909609,3,open_exit
HUM,2011-02-23,2011-03-16,55.312225594636416,54.75198729515076,-0.010128652272852645,15,close_exit
PSKY,2011-03-03,2011-03-17,18.27909682739028,17.701322191486558,-0.03160848926835147,9,open_exit
CBRE,2011-03-14,2011-03-17,27.013499999999997,25.92703053379059,-0.040219500109552886,2,open_exit
BKNG,2011-02-25,2011-03-18,18.2590581623625,17.5987744884491,-0.03616197878565541,15,close_exit
UHS,2011-03-02,2011-03-23,44.089651146190604,43.06781838564513,-0.02317624961824538,14,open_exit
AGNC,2011-03-17,2011-03-23,3.800097748306681,3.703360584949571,-0.025456493428416715,3,open_exit
KR,2011-03-11,2011-04-01,8.787769411356503,8.883724250793458,0.010919134873174086,15,close_exit
JEF,2011-03-24,2011-04-07,22.63500290764822,23.703281253971262,0.04719585637703094,9,open_exit
THC,2011-04-04,2011-04-12,30.535260457992553,26.42678053379059,-0.13454871065711094,5,open_exit
OLED,2011-03-17,2011-04-12,43.33574141030561,48.62202005958557,0.12198426696405473,18,close_exit
KBR,2011-03-21,2011-04-12,29.517799416244184,29.07389190864563,-0.015038638258184744,16,close_exit
IRM,2011-03-18,2011-04-21,10.575464738557004,12.184816821804304,0.15217790641197793,23,open_exit
JAZZ,2011-03-14,2011-04-27,28.68433507633209,32.913535305023196,0.14743936777466682,31,close_exit
REGN,2011-04-21,2011-05-02,49.51597900048282,50.67588542661274,0.023424891308694518,5,open_exit
CAR,2011-03-24,2011-05-03,16.283474260605406,17.150357985496523,0.053237024913557196,27,close_exit
DDS,2011-04-07,2011-05-04,29.63068307941486,32.12899357164442,0.08431498138378046,17,open_exit
HSY,2011-02-23,2011-05-04,35.5750165151248,39.5805721282959,0.11259462413652366,49,close_exit
SGI,2011-03-08,2011-05-05,11.548833083924894,13.90100423992174,0.2036717596404516,40,open_exit
BIIB,2011-04-12,2011-05-05,79.02949286270142,95.79207633972169,0.2121054162164755,15,open_exit
WMB,2011-05-02,2011-05-05,12.443013692720637,11.609090599893527,-0.06701938239567862,2,open_exit
PSKY,2011-05-05,2011-05-16,20.37158002637482,19.578961598841946,-0.038908048688745756,6,open_exit
IPGP,2011-04-28,2011-05-17,68.03399999999999,63.48824045753479,-0.06681599703773411,12,open_exit
ULTA,2011-03-14,2011-05-17,45.19710966919342,51.62621636772156,0.1422459698326739,45,close_exit
AZO,2011-04-13,2011-05-17,276.35811122131344,281.33927098083495,0.01802429368730385,23,close_exit
TMUS,2011-05-04,2011-05-23,28.83955261804844,27.7495293506207,-0.03779612263283094,12,open_exit
A,2011-05-16,2011-05-24,32.98614066954571,31.090518397991353,-0.05746723421041133,5,open_exit
FE,2011-05-17,2011-05-24,22.870331516950937,22.811331925598473,-0.0025797435996384177,4,open_exit
TTWO,2011-05-18,2011-05-24,17.048520915985108,16.47175954246521,-0.03383058133677219,3,open_exit
CI,2011-04-13,2011-05-24,40.37074128802632,42.78067339515686,0.059695017486471214,28,close_exit
LH,2011-05-18,2011-05-25,81.68013964016217,79.9991854826116,-0.020579716990640984,4,open_exit
LNG,2011-05-24,2011-05-25,11.218295077021178,10.358925841897086,-0.07660426376948914,0,open_exit
PEP,2011-05-05,2011-05-26,43.823403096560234,44.372587964372876,0.012531771359758803,14,open_exit
SPGI,2011-05-05,2011-06-01,30.41048872590422,31.02017055606842,0.020048406181807366,18,close_exit
CTAS,2011-05-05,2011-06-02,6.395926073785556,6.608648353324515,0.03325902724404939,18,open_exit
NOC,2011-05-25,2011-06-02,48.45508883209148,47.65261525436107,-0.016561182676006814,4,open_exit
CRM,2011-05-25,2011-06-02,36.52171824763377,35.763086089810386,-0.020772082865310848,4,open_exit
FLO,2011-05-24,2011-06-03,8.20203730422737,8.102287905647492,-0.012161539246897446,6,open_exit
AZO,2011-05-25,2011-06-03,294.5872224426269,287.1563377990723,-0.02522473507825629,5,open_exit
EHC,2011-05-04,2011-06-03,16.710105703109935,17.281746726036072,0.03420930023319646,21,close_exit
AEP,2011-05-25,2011-06-06,22.1308222532506,21.450359801197855,-0.03074727383673226,6,open_exit
EQT,2011-05-26,2011-06-07,25.245152696597145,25.166868447736842,-0.003100961590573159,6,open_exit
CRS,2011-06-03,2011-06-08,41.15402317242042,38.99149034967096,-0.0525473005078807,2,open_exit
IPGP,2011-05-23,2011-06-09,68.94445866394042,66.17689408493042,-0.0401419437129833,11,open_exit
WTW,2011-06-03,2011-06-13,83.3418092380762,82.03970832050044,-0.015623621918935626,5,open_exit
BMRN,2011-06-03,2011-06-13,28.104045152664185,26.17690553379059,-0.06857160983072608,5,open_exit
CNP,2011-06-03,2011-06-16,11.302814708631349,10.896877737891149,-0.03591467976823581,8,open_exit
ISRG,2011-07-01,2011-07-08,41.49295748519897,40.63633746910095,-0.02064494960147356,3,open_exit
MNST,2011-07-01,2011-07-12,6.763380228996277,6.580041348934174,-0.027107581394889557,5,open_exit
CNP,2011-07-01,2011-07-12,11.462010982754338,11.315079374736703,-0.012819007784821257,5,open_exit
BEN,2011-07-01,2011-07-12,23.75159268723042,23.878562861957978,0.005345754131082847,5,open_exit
CAH,2011-07-01,2011-07-12,31.071299200649204,31.18350648690365,0.0036112840190507534,5,open_exit
CTAS,2011-07-01,2011-07-12,6.8449437405516385,6.80916116763798,-0.005227591967143619,5,open_exit
TDG,2011-07-01,2011-07-13,39.17741716715008,39.19405285352947,0.0004246243775696268,6,open_exit
AXP,2011-07-01,2011-07-14,42.03851056831868,42.44334725619066,0.009630138708507818,7,open_exit
HAL,2011-07-01,2011-07-15,39.37582640352871,40.377925645957454,0.025449605353271787,8,open_exit
COO,2011-07-01,2011-07-25,19.76896307324739,19.724183725357058,-0.0022651338729511306,15,close_exit
VFC,2011-07-12,2011-07-28,18.110141568949576,18.37054939374222,0.014379115911447249,11,open_exit
ELS,2011-07-12,2011-07-28,11.315227975895764,11.150631813299182,-0.014546429196761523,11,open_exit
PSA,2011-07-13,2011-07-28,68.61762360346489,68.21223587870912,-0.0059079242833950385,10,open_exit
CAG,2011-07-13,2011-07-28,11.879211620632555,11.708977001479552,-0.014330464393557008,10,open_exit
BMRN,2011-07-13,2011-07-28,28.96447576332092,29.565209923744202,0.020740377465558124,10,open_exit
PRGO,2011-07-14,2011-07-28,70.23446832054938,68.72540163088695,-0.021486126765779323,9,open_exit
NRG,2011-07-26,2011-08-02,18.796444825542874,17.999265021489183,-0.042411201237927076,4,open_exit
DINO,2011-07-08,2011-08-03,18.71679986791117,18.65655298233032,-0.003218866793790909,18,close_exit
RGLD,2011-07-13,2011-08-05,52.953822587722364,55.6342701233959,0.05061858435683564,16,open_exit
RRC,2011-07-18,2011-08-05,56.759565592732535,56.10256092287762,-0.011575223717692373,13,open_exit
HXL,2011-10-24,2011-11-02,23.37813501767242,22.38204127921024,-0.04260792136366709,6,open_exit
NI,2011-10-24,2011-11-02,5.58680951901169,5.318555455280652,-0.048015609413240234,6,open_exit
CL,2011-10-24,2011-11-02,33.227698020889314,31.553022361601627,-0.050399990340434186,6,open_exit
KMB,2011-10-24,2011-11-02,40.878085958184606,39.9558575960839,-0.022560458506889924,6,open_exit
CB,2011-10-24,2011-11-02,52.59002476168998,53.188021241788206,0.011370910791695277,6,open_exit
WMT,2011-10-24,2011-11-02,14.149567477443163,14.108087246140515,-0.00293155471845874,6,open_exit
PVH,2011-11-03,2011-11-10,74.4411886991837,68.49883437966764,-0.07982616107232066,4,open_exit
GRMN,2011-11-03,2011-11-11,22.530067842737022,22.043468291760966,-0.02159778454164396,5,open_exit
COST,2011-10-24,2011-11-14,61.31291488167433,60.42750428771973,-0.01444084978936866,15,close_exit
TSCO,2011-10-24,2011-11-17,6.046423746410806,5.951059694290161,-0.015771976315297698,18,close_exit
MCD,2011-10-24,2011-11-17,62.06673237605145,62.15285272979737,0.0013875445097404349,18,close_exit
HUM,2011-11-03,2011-11-18,76.23169797923258,75.72622884667592,-0.006630694920298885,10,open_exit
VRSK,2011-11-03,2011-11-18,34.24382096611545,34.7702530264871,0.01537305258348809,10,open_exit
FCN,2011-11-03,2011-11-21,42.691333168029786,40.659660305023195,-0.047589820046380016,11,open_exit
DPZ,2011-10-24,2011-11-21,25.56634288016245,24.78355577373505,-0.0306178756225155,20,close_exit
MA,2011-11-03,2011-11-22,32.689012009044944,32.353088969515525,-0.01027632892167163,12,open_exit
ACGL,2011-11-14,2011-11-25,11.587735598777488,10.977386885610093,-0.0526719571709755,7,open_exit
KEX,2011-11-16,2011-11-25,64.02199667930603,60.02997137260437,-0.06235396447721231,5,open_exit
EXR,2011-11-16,2011-11-25,13.578417937349348,13.09342773372813,-0.03571772542714158,5,open_exit
AEE,2011-12-01,2011-12-05,20.616728607220992,19.93672402771896,-0.032983146475714986,1,open_exit
FTI,2011-12-01,2011-12-09,35.637020351804146,34.38857618895193,-0.035032226334517746,5,open_exit
FAST,2011-12-01,2011-12-14,7.178037652747505,6.904957615598154,-0.0380438290184818,8,open_exit
GWW,2011-12-01,2011-12-14,148.6406921942729,143.16901543336937,-0.036811432186766635,8,open_exit
CLH,2011-12-01,2011-12-14,59.929951526641844,57.58119561004639,-0.03919168724091682,8,open_exit
MA,2011-12-01,2011-12-15,34.258410187469934,33.813381915997745,-0.012990336359360866,9,open_exit
DPZ,2011-12-09,2011-12-15,27.256019967394472,26.321683842848934,-0.034279991196926596,3,open_exit
TJX,2011-12-01,2011-12-20,12.704048327456407,12.906109289689141,0.015905241937409276,12,open_exit
ED,2011-12-16,2012-01-04,34.79065142666489,35.15630202107914,0.010510024372064608,10,open_exit
LLY,2011-12-14,2012-01-05,28.87457715019333,28.71462288912899,-0.00553962263178176,13,open_exit
AJG,2011-12-16,2012-01-05,23.71765126282171,23.832377902636374,0.004837183857007821,11,open_exit
DTE,2011-12-20,2012-01-05,27.197276226462687,27.665887975907058,0.017230098541574312,9,open_exit
DG,2011-12-01,2012-01-06,34.79127544853183,35.03079279708862,0.0068844083888537355,24,close_exit
V,2011-12-01,2012-01-10,21.615167272750377,22.707905496201573,0.050554233962777584,25,open_exit
ISRG,2012-01-04,2012-01-10,52.474000682830805,50.372578668594365,-0.04004691822409523,3,open_exit
ALK,2011-12-15,2012-01-10,16.38148853950194,16.60554462146759,0.013677394543564647,16,close_exit
JAZZ,2012-01-10,2012-01-18,49.12454847335815,46.47675,-0.053899700977285026,4,open_exit
MCD,2011-12-01,2012-01-24,64.82249873058696,67.00359082031251,0.03364714616742148,35,close_exit
KEX,2012-01-05,2012-01-25,66.65331274795531,67.29633683013917,0.009647293670389745,12,open_exit
USB,2012-01-10,2012-01-27,17.745190617471405,17.298571190398523,-0.025168477290582247,11,open_exit
GRMN,2011-12-05,2012-01-31,23.47169102559811,26.068373744439054,0.11063040647599776,37,open_exit
MNST,2012-01-18,2012-02-16,8.45422480916977,8.943858620166779,0.05791587307519119,20,open_exit
DG,2012-01-25,2012-02-16,35.92381759840645,35.94790603256226,0.000670542157436893,16,close_exit
AGNC,2011-12-14,2012-02-17,4.191997295437007,4.583768419548797,0.09345691242173104,43,open_exit
REGN,2012-01-11,2012-02-17,73.5297372806248,104.86101615915032,0.42610350638069483,25,open_exit
DHI,2012-01-25,2012-02-21,12.15985868149431,11.956926337242127,-0.01668870910161313,18,close_exit
SBUX,2012-01-31,2012-02-22,18.433192118553638,18.39983593082428,-0.0018095719675043087,15,close_exit
VMC,2012-02-17,2012-02-28,43.48319212777059,41.566347250248135,-0.044082432400317284,5,open_exit
TFC,2012-02-17,2012-03-01,17.9047982005459,17.33272890071101,-0.03195061421119216,7,open_exit
AGO,2012-02-22,2012-03-01,13.818167502304881,13.186016472461064,-0.04574781929212923,5,open_exit
ITT,2012-03-01,2012-03-06,21.2797976501195,19.649273734122342,-0.07662309307663939,2,open_exit
FFIV,2012-02-16,2012-03-07,127.03348622131347,122.43875000000001,-0.036169488518237314,12,open_exit
EQIX,2012-02-17,2012-03-07,98.58033042804675,98.9595774743106,0.003847086377344544,11,open_exit
LNG,2012-02-28,2012-03-07,15.062661104254563,14.93324639637128,-0.008591755931276257,5,open_exit
MSI,2012-03-07,2012-03-13,40.3981442927271,39.60527790795916,-0.0196263070655619,3,open_exit
FAST,2012-01-05,2012-03-16,7.60734590411416,8.99116485786438,0.18190561743772315,49,close_exit
AZO,2012-01-10,2012-03-20,340.9703877868652,376.3617127990723,0.10379589043471293,47,open_exit
WMB,2012-03-19,2012-03-23,14.403525081688295,14.266268975563227,-0.009529341279071124,3,open_exit
DPZ,2012-03-08,2012-03-26,31.290735773348334,31.22007654945773,-0.0022581515628913307,11,open_exit
HD,2012-01-05,2012-04-02,30.484936298084417,35.93225834274292,0.17868897580739884,60,close_exit
PTC,2012-03-13,2012-04-04,27.94396530532837,27.186400762557984,-0.027110130380312625,16,close_exit
WDC,2012-03-23,2012-04-09,25.40635160323036,23.756919348435897,-0.06492204313919436,9,open_exit
CNC,2012-04-09,2012-04-10,11.438216135501861,10.70714336872101,-0.06391492852733849,0,open_exit
ROST,2012-02-23,2012-04-10,23.08228784179085,24.863435628890993,0.07716513195348629,32,close_exit
LOW,2012-03-01,2012-04-10,21.85010552570592,23.30346885585785,0.06651516297905724,27,close_exit
ULTA,2012-03-06,2012-04-10,85.48665568986152,91.81407061004639,0.07401640488943917,24,close_exit
GAP,2012-03-20,2012-04-11,16.327254463793864,16.254238757176896,-0.004472013759501459,14,open_exit
KMI,2012-03-26,2012-04-11,19.35572228035005,18.940960324024964,-0.021428389512808566,10,open_exit
FTNT,2012-04-03,2012-04-17,5.686842015266418,5.449274141073227,-0.041775008617337406,8,open_exit
SBUX,2012-04-12,2012-04-18,22.652195456320573,22.462037308993253,-0.008394689499037544,3,open_exit
LVS,2012-04-10,2012-04-23,38.260639572481374,35.82249996393981,-0.06372448646402584,8,open_exit
SHW,2012-01-27,2012-04-24,28.203856346091612,34.290295616149905,0.21580166894098252,60,close_exit
PM,2012-04-05,2012-04-25,45.63665960313592,44.20951923323029,-0.03127179732952157,12,open_exit
TJX,2012-04-18,2012-04-25,17.07142092312229,16.822434460130793,-0.014584987630072321,4,open_exit
VRSK,2012-04-12,2012-05-02,45.40161377655575,45.23268660837706,-0.0037207304790984885,13,open_exit
TSCO,2012-03-08,2012-05-04,7.218667521758092,7.9198738365173345,0.09713791536259375,40,close_exit
TFC,2012-04-25,2012-05-07,19.051879000928462,18.730254343487637,-0.016881519005298662,7,open_exit
HD,2012-04-13,2012-05-07,36.40711241445531,36.93856798553467,0.014597575469026847,16,close_exit
HOG,2012-04-23,2012-05-09,36.38293079967086,35.98691670479006,-0.010884612266705562,11,open_exit
SBAC,2012-04-12,2012-05-11,46.99560242544663,48.35225373458863,0.02886762248221375,21,close_exit
ALGN,2012-04-25,2012-05-14,31.925954847335813,30.61468416118622,-0.04107224646591956,12,open_exit
EXR,2012-04-25,2012-05-15,17.9321532096378,17.63357510938738,-0.016650432146093186,13,open_exit
SHW,2012-05-09,2012-05-15,35.489485549640065,34.905524335833455,-0.01645448517392023,3,open_exit
SRE,2012-04-12,2012-05-15,20.219916372838696,20.705658761024477,0.024022967218513047,23,close_exit
STX,2012-04-17,2012-05-16,15.62059384919808,16.467719891548157,0.054231359609517416,21,close_exit
MHK,2012-05-07,2012-05-17,73.02649286270142,71.17439408493043,-0.02536201185579534,7,open_exit
EQR,2012-05-07,2012-05-17,32.39661174973475,31.872760083011613,-0.01616995230149121,7,open_exit
AAL,2012-05-14,2012-05-18,10.790354202169693,9.639424258244777,-0.10666285113175344,3,open_exit
ALL,2012-05-14,2012-05-18,25.48782522852147,24.365855811059518,-0.04401981759536089,3,open_exit
VRTX,2012-05-08,2012-05-30,57.58878137397766,57.691141220092774,0.0017774268472603438,14,open_exit
MNST,2012-05-02,2012-06-21,11.148905101776123,12.622018925189973,0.13213080656495757,34,open_exit
CHTR,2012-06-20,2012-06-26,68.98447194671631,66.95650286483765,-0.029397471991161606,3,open_exit
BRK-B,2012-06-20,2012-06-26,83.02149335861206,80.67964122009278,-0.0282077814284023,3,open_exit
OKE,2012-06-20,2012-06-26,17.314622088463445,16.371801988424963,-0.05445224823397521,3,open_exit
DLR,2012-06-20,2012-06-28,43.65758945331656,42.14297878228951,-0.0346929523593289,5,open_exit
CMCSA,2012-07-02,2012-07-10,10.825043691577244,10.615458997628215,-0.01936109450644552,4,open_exit
LPX,2012-06-20,2012-07-11,9.378675429438006,9.343107556489313,-0.003792419645641254,13,open_exit
FIS,2012-06-21,2012-07-11,26.226794481878773,26.26244849958475,0.0013594500742593052,12,open_exit
MPC,2012-07-02,2012-07-11,15.291137897324468,14.776710002302895,-0.033642224566661216,5,open_exit
DHI,2012-07-02,2012-07-12,15.876918901019195,15.242078132491839,-0.03998513644146684,6,open_exit
TDG,2012-07-02,2012-07-12,57.962818839192565,54.37300232152111,-0.06193309072201536,6,open_exit
LII,2012-07-02,2012-07-12,39.408946327647804,38.610367921453374,-0.02026388626468245,6,open_exit
AMT,2012-07-16,2012-07-19,52.41057149710067,50.80521281073624,-0.03063043658001774,2,open_exit
DINO,2012-07-02,2012-07-23,20.19980725487245,20.077928862209223,-0.006033641367237719,13,open_exit
CHD,2012-07-18,2012-07-23,24.090208697172145,23.218188548223747,-0.03619811517244187,2,open_exit
AVB,2012-07-16,2012-07-24,93.10724645752539,92.39253950320968,-0.00767616895041312,5,open_exit
DIS,2012-07-18,2012-07-24,42.6793815537225,41.67362329858527,-0.023565436482982705,3,open_exit
PHM,2012-07-02,2012-07-24,9.07933700988018,8.900405206680299,-0.019707584706368686,15,close_exit
WEC,2012-07-19,2012-07-25,26.01390906020389,25.634758641018994,-0.014574911379425126,3,open_exit
TOL,2012-07-02,2012-07-25,26.70615752198176,26.41808165359497,-0.01078687071135831,16,close_exit
STZ,2012-07-16,2012-07-26,24.415096032918967,23.686871746283966,-0.029826804107308535,7,open_exit
EXP,2012-07-16,2012-07-26,35.90426467932807,33.3050181099129,-0.07239381150484026,7,open_exit
O,2012-07-16,2012-07-27,21.155186296955335,20.49754525241845,-0.03108651634193038,8,open_exit
PHM,2012-07-27,2012-08-01,10.124988460688671,9.681736123913485,-0.0437780584635884,2,open_exit
EQIX,2012-07-27,2012-08-02,133.988850163022,128.6430974769799,-0.03989699650036549,3,open_exit
RF,2012-07-27,2012-08-03,4.635807711155249,4.442810431813272,-0.041631856057697036,4,open_exit
CHTR,2012-07-27,2012-08-08,75.99797908401489,75.46225,-0.007049254341653599,7,open_exit
PNW,2012-07-23,2012-08-13,30.569965253039438,30.693153284072878,0.004029707918009162,15,close_exit
CNP,2012-07-23,2012-08-13,12.9046066181316,12.75665711593628,-0.011464859532211102,15,close_exit
T,2012-07-27,2012-08-16,10.41459129978104,10.578202415616088,0.015709797065055042,13,open_exit
CCI,2012-07-27,2012-08-21,36.7669967533059,37.382163215637206,0.016731485208293373,17,close_exit
GILD,2012-08-03,2012-08-24,19.87196017090775,19.303317416693226,-0.028615332826955386,14,open_exit
ALL,2012-08-02,2012-08-28,26.88334166496823,27.774885822296145,0.0331634425674725,18,close_exit
AWK,2012-08-16,2012-08-31,28.698510563170366,27.73535716997407,-0.03356109339110924,10,open_exit
CPB,2012-08-14,2012-09-10,21.79726928932196,21.901683298110964,0.004790233464709859,18,close_exit
GAP,2012-07-27,2012-09-11,19.220493352890013,22.552356867790223,0.17334953134276487,31,close_exit
PKG,2012-08-14,2012-09-12,20.929846677116018,21.328039952066842,0.019025140560928966,19,open_exit
REGN,2012-08-24,2012-09-13,141.31405652636974,145.0389154313015,0.02635872889429569,12,open_exit
CRUS,2012-08-01,2012-09-14,36.878430610656736,42.39878816986084,0.14969068552523734,30,open_exit
LPX,2012-08-08,2012-09-18,10.24399330861519,11.77930179977417,0.14987402323542987,28,close_exit
ALGN,2012-09-12,2012-09-20,38.349166831970216,36.83157347488404,-0.03957304636462189,5,open_exit
SRPT,2012-09-19,2012-09-20,15.697844580173491,15.002495228767396,-0.0442958488889823,0,open_exit
REG,2012-08-22,2012-09-20,29.33596876808229,29.240804412841797,-0.003243947932751845,20,close_exit
ASH,2012-09-11,2012-09-24,30.27912380466284,29.178243401166423,-0.03635773645890272,8,open_exit
CAR,2012-08-29,2012-09-24,16.140887926895296,15.308072229862214,-0.05159664702493694,17,close_exit
AMZN,2012-09-04,2012-09-25,12.419706582069397,12.616688644886018,0.015860444167095533,15,close_exit
ZG,2012-09-20,2012-09-26,14.00762401485443,12.746975489139558,-0.08999731320443882,3,open_exit
SHW,2012-07-27,2012-09-27,38.94677669343846,42.8023154992592,0.0989950679659275,42,open_exit
DHI,2012-09-12,2012-09-27,17.574789586277763,17.89321066298804,0.018118059117982144,10,open_exit
PHM,2012-09-13,2012-09-27,13.244948491077707,13.095827829262513,-0.01125868189790602,9,open_exit
TOL,2012-09-20,2012-09-27,32.651877060812836,30.690403363372333,-0.06007231050721329,4,open_exit
LEN,2012-09-21,2012-09-27,31.056910714061427,29.0073971548039,-0.06599219021258229,3,open_exit
HCA,2012-09-28,2012-10-05,26.271231159076432,26.004778286860297,-0.010142382387895,4,open_exit
UTHR,2012-09-25,2012-10-09,58.399183931350706,56.971500000000006,-0.024446984276851658,9,open_exit
RGLD,2012-09-14,2012-10-09,77.941067391403,79.21048175811768,0.016286848630645112,17,close_exit
EXPE,2012-09-24,2012-10-10,53.613620851504656,50.56117812250104,-0.056934090265197024,11,open_exit
RMD,2012-09-26,2012-10-10,33.21788651497582,33.060201894760134,-0.004746979316236577,9,open_exit
GOOGL,2012-09-27,2012-10-10,18.860042040633832,18.392691447223203,-0.02477993380946475,8,open_exit
GOOG,2012-09-27,2012-10-10,18.77176419924483,18.30660203003638,-0.024779885591529216,8,open_exit
MPC,2012-10-09,2012-10-11,19.76994720365127,19.058565871251858,-0.03598296571414361,1,open_exit
AN,2012-09-26,2012-10-12,43.061520915985106,46.29683969497681,0.07513247814223645,11,open_exit
LEN,2012-10-05,2012-10-12,31.890375558919622,30.217715214902622,-0.0524503181508994,4,open_exit
CTAS,2012-10-10,2012-10-24,8.937692452796657,8.754014747151821,-0.020550909154114172,9,open_exit
WMT,2012-10-11,2012-10-24,19.538639713971488,19.093565918335486,-0.022779159765034418,8,open_exit
WSM,2012-10-11,2012-10-24,16.77565957218338,16.962935867715466,0.011163572718334125,8,open_exit
EXP,2012-09-28,2012-10-26,44.22717030524039,45.04233267974854,0.018431257728726003,20,close_exit
SIRI,2012-10-11,2012-11-01,21.79832754407964,22.09100928783417,0.01342679814140224,12,open_exit
WRB,2012-10-24,2012-11-05,8.642314852331062,8.265827054745278,-0.043563304973115446,5,open_exit
OSK,2012-10-12,2012-11-07,24.687128124096343,23.937331834793092,-0.030371952765595234,16,close_exit
IRM,2012-10-12,2012-11-09,13.869729414052722,14.781347163714525,0.06572714740477603,17,open_exit
CMCSA,2012-10-31,2012-11-09,12.737897376976795,12.183667874802731,-0.04351028162432913,6,open_exit
WHR,2012-10-24,2012-11-12,59.472707847502086,60.35960830866981,0.014912730448424893,10,open_exit
SBAC,2012-09-28,2012-11-14,56.657504278961724,60.15551129341126,0.06173951816208789,31,close_exit
LPX,2012-10-25,2012-11-16,13.95001639982882,13.263719504681285,-0.04919685220986236,13,open_exit
DVA,2012-10-11,2012-11-21,55.142559179306026,54.97749856758118,-0.002993343330115028,27,close_exit
LAMR,2012-10-10,2012-11-26,20.943729313375684,22.107007754325867,0.05554304219388739,30,close_exit
EXP,2012-11-01,2012-11-30,49.65037029390092,49.71283256530762,0.0012580424080819164,20,close_exit
BMRN,2012-11-06,2012-12-04,48.54426045799255,48.0659551525116,-0.009852973368393414,19,close_exit
BAX,2012-11-26,2012-12-06,28.93852039873238,27.551342467124336,-0.04793534404989164,7,open_exit
DPZ,2012-11-29,2012-12-06,35.82426144283325,34.79125608744416,-0.028835356648943322,4,open_exit
PVH,2012-11-29,2012-12-11,114.44270456647784,109.17252572226904,-0.04605080650770044,7,open_exit
LOW,2012-11-29,2012-12-11,27.958009572369953,27.188709863867683,-0.027516254564221354,7,open_exit
HD,2012-12-03,2012-12-11,47.49896380326237,46.188535829948705,-0.02758855916818259,5,open_exit
EBAY,2012-11-27,2012-12-14,19.02202060083664,19.06254211662664,0.002130242451120923,12,open_exit
AMGN,2012-12-11,2012-12-21,62.16956463882183,60.78763546985727,-0.022228387427079,7,open_exit
TMO,2012-12-11,2012-12-24,61.69488544270863,60.80276292694184,-0.014460234578038689,8,open_exit
ALK,2012-11-29,2012-12-27,19.244819795196555,19.531179109013188,0.014879812690587357,18,open_exit
AFL,2012-12-06,2012-12-27,19.441908170975235,19.444248173921505,0.00012035870788462688,13,open_exit
VTRS,2012-12-11,2012-12-27,22.57163823154691,22.098740872065747,-0.02095095422981863,10,open_exit
VMC,2012-11-29,2012-12-27,45.31185009680154,46.83372626876832,0.03358671448452277,19,close_exit
CRM,2012-11-27,2012-12-31,38.69523107042258,40.23592324751006,0.03981607382789698,22,open_exit
BAC,2012-12-06,2013-01-10,8.17003637708295,9.016108061596135,0.10355788462416493,22,open_exit
APTV,2013-01-02,2013-01-15,29.919973079017478,28.511937408781122,-0.047060058059470444,8,open_exit
LPX,2013-01-02,2013-01-17,17.53366958516017,17.725704627149387,0.01095235889193158,10,open_exit
GM,2013-01-02,2013-01-17,21.843194484534678,21.873302606442483,0.0013783753987597347,10,open_exit
F,2012-12-27,2013-01-28,6.550169034937685,6.952577569246094,0.06143483201151256,19,open_exit
FLS,2012-12-05,2013-01-28,36.937259205356,40.117801853179934,0.08610662285854565,35,close_exit
PPG,2012-12-14,2013-01-28,50.97204536756321,55.24181260299683,0.08376684130770129,28,close_exit
IPGP,2013-01-15,2013-01-30,68.35415969467162,66.13691316986085,-0.032437623909282176,9,open_exit
OSK,2013-01-10,2013-02-01,27.054394456105822,32.671767566892576,0.20763255743537767,14,open_exit
MTZ,2012-12-21,2013-02-05,24.462225763320923,27.88604961872101,0.13996370929311874,28,open_exit
BC,2013-01-02,2013-02-05,24.667189832937286,28.50132608422377,0.1554346594506233,22,open_exit
LYB,2013-01-30,2013-02-05,32.32615644236959,31.52250820677354,-0.024860618274516355,3,open_exit
WHR,2013-02-01,2013-02-07,71.82117283952478,68.01954135601568,-0.05293190480199139,3,open_exit
MHK,2012-12-24,2013-02-20,91.34565305328368,103.44825,0.13249231399830963,38,close_exit
CRM,2013-01-29,2013-02-20,42.95371657113712,42.021615552902226,-0.02170012498665186,15,close_exit
URI,2013-01-28,2013-02-21,49.18637834986257,50.99745590940794,0.036820713789154746,16,open_exit
AGO,2013-02-07,2013-02-21,15.457998482128279,14.703554866618067,-0.04880603503632508,8,open_exit
GS,2013-01-17,2013-02-22,109.39433859687493,118.18971642732522,0.08040066737696372,23,open_exit
NXPI,2013-01-17,2013-02-22,25.86367807753746,27.255649325367543,0.053819539651593695,23,open_exit
FDX,2013-02-05,2013-02-22,69.9243245932968,70.81088096062457,0.012678797721455082,11,open_exit
HRB,2013-02-05,2013-02-26,14.662047225747934,15.041758986128348,0.025897594962973836,13,open_exit
KEX,2013-02-05,2013-02-26,70.77536786270142,73.54321183013917,0.039107447280346985,13,open_exit
ROP,2013-02-22,2013-02-26,112.85678876260812,112.2835069404853,-0.005079728285807494,1,open_exit
GIS,2013-02-27,2013-03-12,28.34822085008239,28.048997732580823,-0.010555269732234307,8,open_exit
AON,2013-02-21,2013-03-13,51.715354838710574,52.559724015417366,0.01632724322090029,13,open_exit
VTR,2013-02-21,2013-03-19,44.49249690384992,45.00185228919983,0.011448118689554532,18,close_exit
EA,2013-02-22,2013-03-19,17.15656023465258,16.635015581130983,-0.030399138661151293,17,close_exit
WHR,2013-03-12,2013-03-22,74.89255613254849,71.9195397821571,-0.0396970874532524,7,open_exit
BMRN,2013-03-13,2013-03-22,62.031,60.00998091506958,-0.032580791619197136,6,open_exit
EG,2013-02-22,2013-04-02,94.34980195154975,97.1392875289917,0.029565356998570103,26,close_exit
CAG,2013-01-29,2013-04-03,15.524819547851392,16.676918142318726,0.07421011180943382,44,close_exit
KR,2013-02-22,2013-04-04,11.220877404390391,12.47162631528532,0.11146623083196228,27,open_exit
OSK,2013-03-20,2013-04-04,34.684054035661156,32.58937917006565,-0.06039302278337544,9,open_exit
THC,2013-03-22,2013-04-04,45.46271862602234,43.978,-0.032657937556169414,7,open_exit
MPT,2013-02-27,2013-04-12,5.5432655185425235,5.97660486837883,0.07817402005853102,30,open_exit
BBY,2013-04-05,2013-04-12,15.563183496829714,15.059616647100377,-0.03235628814836733,4,open_exit
PKG,2013-02-22,2013-04-15,27.635522405684572,28.897638069152833,0.04567004903835814,35,close_exit
ORI,2013-03-20,2013-04-15,5.223146477199064,5.222068083524705,-0.0002064643752701656,17,close_exit
CPAY,2013-03-22,2013-04-15,72.58627805328369,73.77309255981446,0.01635039760076351,15,close_exit
TFX,2013-02-27,2013-04-16,70.83447543365455,76.29987742639821,0.0771573723004797,32,open_exit
NOC,2013-04-04,2013-04-16,55.97769164580669,56.74119459514358,0.013639414682689699,7,open_exit
OHI,2013-04-05,2013-04-16,11.680029473708755,11.686776221860155,0.0005776310895950765,6,open_exit
CAR,2013-04-03,2013-04-19,26.79691544136077,25.829997879183715,-0.03608316652313748,11,open_exit
KKR,2013-04-17,2013-04-19,13.659805583781857,12.946001395481224,-0.05225580876115288,1,open_exit
GILD,2013-04-17,2013-04-25,35.500357806489596,35.190495231325485,-0.008728435269671153,5,open_exit
WTRG,2013-04-17,2013-04-25,18.49854584279923,18.157929485304603,-0.018413142329628984,5,open_exit
PCG,2013-04-04,2013-05-02,38.17904847800741,39.52159208106995,0.03516440709191304,20,close_exit
PENN,2013-04-17,2013-05-09,12.581462872982025,13.084116671562196,0.0399519359278635,16,close_exit
KR,2013-04-12,2013-05-13,12.889584373795241,13.281110181808472,0.030375363290162438,21,close_exit
UGI,2013-04-19,2013-05-13,17.135810393391953,17.071961305618288,-0.0037260617565123555,16,close_exit
REGN,2013-04-17,2013-05-17,213.60340163050938,259.7733590036913,0.21614804362079698,21,open_exit
BYD,2013-04-25,2013-05-17,10.16741854148278,12.367789256450632,0.2164139015218467,15,open_exit
DPZ,2013-05-14,2013-05-17,49.906104430123094,48.82931938652159,-0.021576219099793348,2,open_exit
GME,2013-04-12,2013-05-21,5.575230855466305,6.492933397293092,0.1646035053287549,27,close_exit
TSLA,2013-05-17,2013-05-22,6.169750318050384,5.755120897054673,-0.06720359813956489,2,open_exit
NTAP,2013-05-17,2013-05-22,28.50612112446274,28.441048059949814,-0.002282775135515891,2,open_exit
APO,2013-05-17,2013-05-23,12.878740488697398,11.78409702380469,-0.0849961582697768,3,open_exit
PNR,2013-04-25,2013-05-24,29.342177739123525,30.232738788254125,0.030350884554256163,20,open_exit
WELL,2013-05-14,2013-05-24,45.6146602801726,44.404340315634286,-0.026533574011169514,7,open_exit
DAL,2013-05-03,2013-05-29,15.200421467497058,15.493724596500398,0.019295723452833702,17,close_exit
UNP,2013-04-19,2013-05-31,53.610839182810345,58.07025835990906,0.08318129775757321,29,close_exit
BLK,2013-05-22,2013-06-04,210.36556625304542,200.83866503791054,-0.04528736040229664,7,open_exit
TSLA,2013-05-24,2013-06-04,6.1764198346137995,6.180241253614426,0.0006187110175397414,5,open_exit
TMO,2013-04-17,2013-06-05,78.04385112626319,82.36099006652833,0.05531683634218232,34,close_exit
BSX,2013-05-10,2013-06-06,8.494244771003723,8.9955,0.0590111590270368,17,open_exit
JPM,2013-05-22,2013-06-06,37.579415144489154,37.127299468975714,-0.012030939645417571,9,open_exit
CAR,2013-05-23,2013-06-06,29.66767451415223,30.340751028328285,0.022687201649559174,8,open_exit
PFG,2013-05-30,2013-06-06,24.07143963174557,23.604054806254098,-0.019416571365971858,4,open_exit
AMAT,2013-06-04,2013-06-07,13.026260942042533,12.659483147527872,-0.028156797729337546,2,open_exit
J,2013-06-04,2013-06-13,43.69771438427794,41.85063787130372,-0.04226940788552502,6,open_exit
GNRC,2013-06-07,2013-06-17,35.89526735103431,34.9125353050232,-0.02737776087305832,5,open_exit
FLEX,2013-06-07,2013-06-20,5.782844887733459,5.5962962734699255,-0.03225896905158898,8,open_exit
TSN,2013-05-22,2013-06-20,19.11813548488452,19.03186495780945,-0.004512496898208318,20,close_exit
CMI,2013-06-03,2013-06-21,85.72438074043646,80.81145519055944,-0.05731071496162554,13,open_exit
CHRD,2013-06-07,2013-06-21,24.39570205870624,23.893202060377686,-0.020597890444773115,9,open_exit
LYV,2013-06-13,2013-06-21,15.947969580173492,14.93252958059311,-0.06367205520900765,5,open_exit
HPQ,2013-05-24,2013-06-21,7.330105587334356,7.236973136663437,-0.012705471914598587,19,close_exit
CSCO,2013-06-07,2013-06-25,16.53396196627547,16.30945318062839,-0.013578644132907436,11,open_exit
CIEN,2013-06-07,2013-06-25,19.129560839653013,19.39029961872101,0.013630149758980359,11,open_exit
IONS,2013-06-25,2013-06-26,28.33415969467163,26.766610686302187,-0.0553236455663878,0,open_exit
TDG,2013-06-21,2013-07-02,73.03336275215906,72.92276128809577,-0.00151439643329343,6,open_exit
TMUS,2013-06-21,2013-07-03,21.98662080571698,21.735252146098563,-0.011432800967443701,7,open_exit
MU,2013-06-06,2013-07-09,11.883108211866011,12.806895389080049,0.07773952409955998,22,close_exit
SCHW,2013-06-24,2013-07-16,17.734001060969657,17.981712043762208,0.013968138489499182,15,close_exit
RF,2013-07-10,2013-07-17,6.687249369185547,6.399209299448278,-0.043073026566728734,4,open_exit
BBY,2013-07-02,2013-07-18,18.721908423266413,18.010723236820066,-0.037986789079821115,10,open_exit
GME,2013-06-21,2013-07-23,7.378167343313986,7.550569864749908,0.023366577825339352,21,close_exit
ILMN,2013-06-26,2013-07-23,72.75036151885986,71.72481606292725,-0.014096774703542203,18,close_exit
EOG,2013-07-17,2013-07-25,51.448585670332335,51.04991751151523,-0.007748865272442118,5,open_exit
CIEN,2013-07-18,2013-07-29,22.431210076332093,21.80908969497681,-0.027734588514763403,6,open_exit
CHTR,2013-06-17,2013-07-29,117.56875713729858,125.62715744018556,0.06854202169949164,29,close_exit
CBOE,2013-06-25,2013-08-05,37.13068552363147,40.912898185729986,0.10186218241759537,28,close_exit
UNM,2013-06-24,2013-08-06,19.465411339930444,20.959133034706117,0.0767372273151774,30,close_exit
UAL,2013-07-29,2013-08-07,36.10804515266418,33.52323091506958,-0.07158554905606351,6,open_exit
ACM,2013-08-06,2013-08-07,32.02015872407587,28.10762147065329,-0.12218981445837607,0,open_exit
KR,2013-07-03,2013-08-08,14.011004454769804,15.35054080865785,0.09560601869853991,24,open_exit
AAL,2013-07-30,2013-08-12,18.23230655691125,17.422573248026,-0.0444120060376183,8,open_exit
MA,2013-06-20,2013-08-13,53.53861450451374,58.82462330590924,0.09873264092312017,36,open_exit
LNC,2013-07-17,2013-08-13,26.0442226092826,27.79406673641606,0.0671874201578122,18,open_exit
MTG,2013-07-24,2013-08-13,6.461878715020577,6.362354119952705,-0.015401804870854074,13,open_exit
THO,2013-08-07,2013-08-16,42.556692204369114,40.11631211105438,-0.057344214667703786,6,open_exit
MU,2013-08-14,2013-08-19,14.458760038375853,13.645094252737099,-0.05627493529729766,2,open_exit
AIZ,2013-08-08,2013-08-20,42.80472239408167,42.48958118469584,-0.007362300039806091,7,open_exit
ZG,2013-08-12,2013-08-20,28.89501355934143,24.951659774780275,-0.13647177484318262,5,open_exit
SWK,2013-08-13,2013-08-20,63.11853823836681,61.54869698733371,-0.024871318234661932,4,open_exit
STLD,2013-08-13,2013-08-20,12.463314547849874,11.912156757289821,-0.04422240876967487,4,open_exit
COP,2013-08-16,2013-08-20,44.350606144725056,43.28690698462184,-0.023983869727330243,1,open_exit
FLEX,2013-08-07,2013-08-27,6.710211587190628,6.545331615924836,-0.024571501080612346,13,open_exit
TSN,2013-08-21,2013-08-27,24.06668288607669,21.82400919115762,-0.0931858247991677,3,open_exit
WEN,2013-07-24,2013-08-27,4.927014232452098,5.089734724283218,0.03302618668307278,24,close_exit
MGM,2013-08-07,2013-08-28,16.01745665669286,16.530108063768377,0.03200579330809705,14,open_exit
MSCI,2013-08-20,2013-08-28,33.27878485197179,32.84308052908529,-0.013092555056459232,5,open_exit
TJX,2013-08-21,2013-08-28,22.752482159452796,22.33407653294544,-0.01838944971256795,4,open_exit
EA,2013-07-25,2013-08-30,24.526008633011777,25.840053170204165,0.053577594171751786,26,close_exit
INCY,2013-08-22,2013-09-03,35.27762832069397,34.52273091506958,-0.02139875727364493,6,open_exit
TSLA,2013-09-03,2013-09-10,11.565780419826506,10.757951653957367,-0.06984645536623957,4,open_exit
INCY,2013-09-10,2013-09-17,37.708843626022336,35.59219561004639,-0.05613134247678919,4,open_exit
NXPI,2013-08-29,2013-09-19,33.021581720897636,33.18231987145553,0.004867669632438343,13,open_exit
ZG,2013-08-30,2013-09-23,29.85277331256866,28.891066725730898,-0.03221498306935744,14,open_exit
HAL,2013-08-21,2013-09-23,37.26948876227362,38.253275140762334,0.026396562205719398,22,close_exit
PKG,2013-09-17,2013-09-24,41.667124558753,40.34109460619306,-0.03182436913039599,4,open_exit
BBY,2013-08-21,2013-09-30,21.841182277637095,23.714737346649173,0.08578084488266846,27,close_exit
GNRC,2013-09-23,2013-10-04,43.621798473358155,42.1589103050232,-0.033535714242236225,8,open_exit
IONS,2013-09-24,2013-10-04,38.70934362602234,35.242368322372435,-0.08956430099009038,7,open_exit
JAZZ,2013-08-30,2013-10-07,88.7443469467163,88.92551622009277,0.002041473959859541,25,close_exit
ALNY,2013-09-24,2013-10-08,64.04200713729858,60.879544847488404,-0.04938106144971732,9,open_exit
REGN,2013-10-01,2013-10-08,314.1436396323086,295.5598063320791,-0.05915712099720061,4,open_exit
CPAY,2013-08-27,2013-10-08,104.05199999999999,104.51771469497682,0.004475788019228988,29,close_exit
NOW,2013-08-27,2013-10-08,9.348671862602233,9.77710858821869,0.045828619499454826,29,close_exit
CRM,2013-09-03,2013-10-08,48.64317915065299,49.262656459808355,0.012735132036431729,25,close_exit
STZ,2013-10-04,2013-10-09,50.44890202444247,50.25603975831288,-0.003822922965422415,2,open_exit
ULTA,2013-09-19,2013-10-10,120.78036122131347,120.20986164474488,-0.004723446517296281,14,open_exit
CAH,2013-10-04,2013-10-23,38.45848434683131,39.47688203656287,0.026480442665064663,12,open_exit
EOG,2013-08-29,2013-10-24,56.30081495635697,63.15953055866709,0.1218226700204399,38,open_exit
ZBH,2013-10-10,2013-10-25,74.54786494345242,74.2463339384951,-0.00404479732834806,10,open_exit
COF,2013-10-11,2013-10-28,56.36907172175564,56.010281146743466,-0.006365025430668858,10,open_exit
HALO,2013-10-23,2013-10-29,12.226110267162323,11.604194656848907,-0.05086782277629187,3,open_exit
HII,2013-10-11,2013-11-01,55.97841028915535,57.30536770362968,0.023704807042928877,14,open_exit
FANG,2013-10-25,2013-11-01,41.86132154005649,39.29030188456185,-0.06141754633891494,4,open_exit
EWBC,2013-10-11,2013-11-01,24.79689176490245,25.24209332752228,0.01795392611464175,15,close_exit
CSGP,2013-10-28,2013-11-04,18.009,17.37730667972565,-0.03507653508103459,4,open_exit
LYV,2013-11-04,2013-11-07,19.60980038166046,17.991,-0.08255057931004739,2,open_exit
LNG,2013-10-11,2013-11-07,34.43710950414367,35.58439845466614,0.033315483414321445,19,close_exit
SPGI,2013-10-11,2013-11-07,56.01552510799521,57.958699939727786,0.034689933335199985,19,close_exit
BMY,2013-10-29,2013-11-08,34.153745380292,33.66695291335382,-0.014252974645032057,7,open_exit
ILMN,2013-11-04,2013-11-19,93.13019813919067,89.44941643142701,-0.0395229665705471,10,open_exit
NXPI,2013-11-01,2013-11-20,37.03247215578906,35.59527001482481,-0.038809241114613924,12,open_exit
UI,2013-11-11,2013-11-26,37.66393107638755,35.10430645620749,-0.06795957158557864,10,open_exit
HXL,2013-11-07,2013-12-03,40.041370186221215,39.579214775085454,-0.011541947964977317,17,close_exit
LUV,2013-10-10,2013-12-04,13.082706515408828,15.773692404615167,0.20569030468098415,37,open_exit
PRU,2013-11-08,2013-12-04,49.24057653251218,51.66091225439989,0.04915327748629483,16,open_exit
NOC,2013-10-24,2013-12-05,85.58773347265144,89.31330901757256,0.04352931657094983,28,open_exit
MCK,2013-10-09,2013-12-05,122.41982103568445,146.16754129028322,0.19398590892953926,40,close_exit
CPAY,2013-11-01,2013-12-06,115.13754183197021,118.67063835525514,0.030685877664828665,24,close_exit
PTC,2013-11-08,2013-12-10,30.455220534324646,32.36381106758118,0.06266874774738396,21,close_exit
HII,2013-12-04,2013-12-11,66.36019245630425,64.61909959202418,-0.026237007456337724,4,open_exit
SPGI,2013-11-19,2013-12-11,60.3250559523934,59.91986943817139,-0.0067167200730284815,15,close_exit
OKE,2013-12-04,2013-12-12,24.4867749380094,24.02649922038513,-0.01879691052780541,5,open_exit
LNG,2013-12-06,2013-12-13,42.88899519397584,40.501778852364225,-0.05566034668834863,4,open_exit
JAZZ,2013-11-26,2013-12-16,116.99847244262695,112.88353244018555,-0.035170886564004133,12,open_exit
AAPL,2013-12-04,2013-12-19,17.516623131799154,17.003988946021884,-0.029265582864921535,10,open_exit
AAL,2013-12-16,2013-12-30,25.117759369862167,23.434259372147892,-0.06702429038054414,8,open_exit
GNTX,2013-12-13,2014-01-03,12.244145423672087,12.807454916000367,0.046006435960749936,12,open_exit
CTSH,2013-12-09,2014-01-06,42.212767645576676,43.190465501335574,0.023161188197082128,17,open_exit
LVS,2013-12-05,2014-01-06,51.54540327983899,53.73783093070984,0.04253391207297774,20,close_exit
DG,2013-12-12,2014-01-06,51.98529074770371,51.09334847450257,-0.017157589394467987,15,close_exit
ICE,2013-11-20,2014-01-13,35.20682521652702,37.58800049209595,0.06763391078077508,35,close_exit
MIDD,2014-01-03,2014-01-14,66.6731667251587,65.8345894317627,-0.012577433090178558,6,open_exit
DECK,2014-01-07,2014-01-15,14.677335076332092,13.844741570472719,-0.056726476675045046,5,open_exit
ALNY,2014-01-14,2014-01-16,91.84590305328369,84.37778816986085,-0.08131135559841218,1,open_exit
CAH,2013-12-11,2014-01-21,48.08030429801362,49.44885407350846,0.028463833485999235,25,open_exit
MGM,2013-12-11,2014-01-24,19.69344297814245,23.242224687334975,0.18020118234943894,28,open_exit
BX,2014-01-06,2014-01-24,16.972455225433833,16.493252348158936,-0.02823415180125466,12,open_exit
WYNN,2014-01-21,2014-01-24,179.0925485805686,168.44605098455787,-0.059446904298316894,2,open_exit
V,2013-12-12,2014-01-24,46.916002052526025,50.59174164581299,0.07834724683428251,28,close_exit
HII,2014-01-07,2014-01-27,73.79593523992057,74.91614484087188,0.01517982795813011,12,open_exit
TDG,2014-01-14,2014-01-27,91.1352697299638,92.52019558456705,0.015196376317388793,7,open_exit
JAZZ,2014-01-16,2014-01-27,148.11401328277586,149.58517366027831,0.009932621126764962,5,open_exit
VMC,2013-12-31,2014-01-27,53.903946558807654,52.61712996482849,-0.02387240037378857,17,close_exit
URI,2014-01-24,2014-01-28,79.90616776769491,75.90339674872118,-0.05009339242260602,1,open_exit
PB,2014-01-28,2014-02-04,46.43794520244737,43.079890118902334,-0.07231274055959003,4,open_exit
OSK,2014-01-29,2014-02-04,45.79638662616114,41.99867141917038,-0.08292608842683924,3,open_exit
VMC,2014-01-29,2014-02-04,55.05642914493245,53.57808222232725,-0.02685148574953078,3,open_exit
FFIV,2014-01-29,2014-02-06,107.23359030532836,103.94800000000001,-0.03063956262187273,5,open_exit
INCY,2014-01-15,2014-02-06,63.531749999999995,62.54871183013916,-0.015473179471064968,15,close_exit
SBAC,2014-01-24,2014-02-25,84.55742091017255,87.82704356934757,0.03866748327918401,20,open_exit
MU,2014-02-07,2014-02-26,23.775979112442368,23.693730439073455,-0.003459318036070691,11,open_exit
PANW,2014-02-07,2014-03-03,11.19392672395706,11.625851303577424,0.03858561792225812,14,open_exit
JAZZ,2014-02-26,2014-03-03,166.17304133605955,147.20635877990725,-0.1141381442119429,2,open_exit
META,2014-02-25,2014-03-04,70.3675323585593,68.02827612559224,-0.033243402952477075,4,open_exit
ILMN,2013-12-19,2014-03-07,102.59017936706542,163.68270510864258,0.5955007206195579,52,close_exit
NFLX,2014-01-24,2014-03-10,5.48388356924057,6.281857347488404,0.14551253106898843,30,close_exit
NXPI,2014-02-07,2014-03-11,43.35295409425214,51.15608252895889,0.17999069723696892,20,open_exit
ZBRA,2014-03-04,2014-03-12,70.13504847335815,68.77559255981446,-0.01938340306501829,5,open_exit
VMC,2014-02-07,2014-03-13,59.89327480003765,59.68898975753785,-0.003410817711702041,23,close_exit
AAL,2014-01-29,2014-03-14,30.40917848105504,33.92172613706898,0.11550945574548366,30,open_exit
META,2014-03-11,2014-03-14,71.90481262530409,67.85984003096598,-0.056254546067958655,2,open_exit
AEE,2014-03-14,2014-03-21,27.966822131073148,27.596644175705226,-0.013236325301208551,4,open_exit
SWKS,2014-03-03,2014-03-24,27.64705854860709,29.598384440507818,0.07057987338761706,14,open_exit
INTU,2014-03-10,2014-03-24,73.5092103519343,71.28011271994154,-0.0303240590032281,9,open_exit
PANW,2014-03-10,2014-03-25,12.80806804704666,12.49375,-0.02454062907006005,10,open_exit
TKO,2014-03-11,2014-03-27,24.390735102883806,22.247077973274134,-0.08788817231491397,11,open_exit
CAR,2014-03-24,2014-03-27,46.91123646182934,44.433292600938906,-0.05282196863232724,2,open_exit
PODD,2014-01-29,2014-03-27,43.17157652664184,48.52572423744202,0.12402020360539878,40,close_exit
R,2014-03-03,2014-03-27,52.67232591547517,54.63400051116944,0.03724298408318294,18,close_exit
LPLA,2014-03-21,2014-03-28,47.324669323958055,44.70473359986889,-0.05536088812696316,4,open_exit
PPL,2014-03-28,2014-04-03,17.81037546176302,17.656752925992574,-0.008625451838466636,3,open_exit
NEE,2014-03-14,2014-04-07,16.95962817137734,16.996982791900635,0.002202561291192673,16,close_exit
WSM,2014-03-14,2014-04-07,24.278951568009084,24.15696378517151,-0.005024425478005856,16,close_exit
AA,2014-03-12,2014-04-08,26.805663212501717,27.77726087139099,0.03624598470804252,18,open_exit
MTZ,2014-03-25,2014-04-08,43.52175,41.24936545753479,-0.05221261880474026,9,open_exit
TFX,2014-03-27,2014-04-08,97.59583508043812,96.49919531427776,-0.011236542678860428,7,open_exit
FANG,2014-03-28,2014-04-08,52.271208849812616,49.79676531135207,-0.0473385558304229,6,open_exit
HPQ,2014-03-24,2014-04-09,9.765018501790486,9.944148473036913,0.018344048320398265,11,open_exit
GRMN,2014-03-27,2014-04-11,38.688389617520954,38.36374266508683,-0.00839132762163608,10,open_exit
LUV,2014-04-03,2014-04-11,20.982289415629516,20.099891683039363,-0.04205440670038907,5,open_exit
INTC,2014-04-08,2014-04-14,19.79950095257691,19.742186840612433,-0.002894725079271132,3,open_exit
ON,2014-04-09,2014-04-14,9.904949618339538,9.665165076255798,-0.024208557471081527,2,open_exit
CHE,2014-03-28,2014-04-16,83.59575329014778,84.01335098079258,0.0049954414453972085,12,open_exit
DVN,2014-04-11,2014-05-01,45.35391207927874,46.51228363780316,0.025540719761937503,12,open_exit
EVRG,2014-04-09,2014-05-02,22.84910898287131,22.620516206741335,-0.01000445033989461,16,close_exit
OVV,2014-04-09,2014-05-05,86.21632912462948,86.0920337677002,-0.0014416683961295806,17,close_exit
WEC,2014-04-09,2014-05-06,31.765869387353415,31.894731149673465,0.004056610595123633,18,close_exit
FANG,2014-04-15,2014-05-08,52.72249145564784,54.83220458221436,0.04001542924695212,16,close_exit
AA,2014-04-16,2014-05-08,29.115350012552764,29.529930178642275,0.014239230025081984,15,close_exit
NEE,2014-04-09,2014-05-09,17.501396486204246,17.543637733459473,0.002413592954626509,21,close_exit
CMS,2014-04-09,2014-05-09,20.25259028112491,20.298267877578738,0.002255395276346439,21,close_exit
IDXX,2014-05-09,2014-05-15,65.30763902664184,63.85305582237244,-0.02227278808342792,3,open_exit
CL,2014-04-11,2014-05-15,49.175654610967314,49.87937141609192,0.01431026817419645,23,close_exit
ATI,2014-04-15,2014-05-15,38.126486824209444,38.173244680404665,0.001226387744845514,21,close_exit
TXT,2014-05-01,2014-05-21,38.14727015473013,37.500484863837606,-0.016954956102208096,13,open_exit
CDNS,2014-05-21,2014-06-04,16.308149236679075,16.421785305023196,0.006968054234415488,8,open_exit
PPC,2014-05-05,2014-06-09,14.831051998415402,15.68664223432541,0.057689113085263255,24,close_exit
SPG,2014-05-16,2014-06-10,92.00798025856018,92.77349056243897,0.008320042475963074,16,close_exit
GD,2014-05-12,2014-06-13,86.88185341687603,91.21925428029631,0.04992297807700519,22,open_exit
UNP,2014-05-19,2014-06-17,74.525444261861,76.55341546420998,0.02721179621852743,19,open_exit
TRGP,2014-05-06,2014-06-23,63.05136482605049,79.02174126205992,0.2532915263621869,32,open_exit
AMKR,2014-06-10,2014-06-23,10.420189138231807,9.889749026808827,-0.05090503678832359,8,open_exit
AVGO,2014-05-07,2014-06-24,5.043724954923091,5.27744361448288,0.046338502128602466,33,close_exit
FLEX,2014-05-09,2014-06-25,7.0796498494148254,8.247569785118104,0.16496860163215765,31,open_exit
SWKS,2014-06-04,2014-06-26,35.72044203454716,36.35922599601746,0.017882868326559054,16,close_exit
EA,2014-06-11,2014-06-30,34.43932926976824,34.84139544713041,0.011674622760877051,12,open_exit
AAL,2014-06-23,2014-07-03,41.78432708015075,40.15013479496833,-0.03911017358369118,7,open_exit
MLM,2014-06-23,2014-07-03,123.65428441374269,116.15357695431905,-0.06065869448022154,7,open_exit
EXP,2014-06-13,2014-07-07,87.84839039194387,87.72208533859254,-0.0014377617254887065,15,close_exit
BKR,2014-07-03,2014-07-14,39.564959708293024,38.419040905830556,-0.028962971551371952,5,open_exit
MOH,2014-05-12,2014-07-15,41.70084030532837,45.14741316986084,0.08264996195033691,44,close_exit
WMB,2014-06-17,2014-07-15,28.67820079223827,29.9268721113205,0.043540783054290655,19,close_exit
STZ,2014-07-03,2014-07-16,76.40725486293006,74.38697071102028,-0.026440999032540047,7,open_exit
JNJ,2014-07-08,2014-07-16,76.36301061222642,74.36175147284798,-0.026207179671593694,5,open_exit
MU,2014-06-25,2014-07-18,31.561457024748353,32.33887343335751,0.024631828879115414,15,open_exit
BALL,2014-05-15,2014-07-23,26.32573560783283,27.952322350359747,0.061786943649276393,46,open_exit
VRTX,2014-06-25,2014-07-24,92.30613213729858,95.72211164474488,0.037007070151799715,20,close_exit
HUM,2014-07-18,2014-07-28,119.19145341933788,116.89797097011281,-0.019242004216159403,5,open_exit
PPC,2014-06-30,2014-07-30,17.233490147980692,19.16189634513855,0.11189876110985075,21,close_exit
MSFT,2014-07-16,2014-07-31,35.64427061913579,36.33740660094865,0.019445929732133216,10,open_exit
AA,2014-06-27,2014-08-01,33.20988447364957,36.15636973228385,0.08872314087608979,23,open_exit
RGLD,2014-07-14,2014-08-01,66.05508539002537,65.96321737479295,-0.0013907788429911028,13,open_exit
LUV,2014-07-16,2014-08-01,24.469521203041076,24.602036060628933,0.00541550676403868,11,open_exit
LNG,2014-07-23,2014-08-01,71.54523898300371,66.77552496410964,-0.06666710582974178,6,open_exit
ZG,2014-07-25,2014-08-01,44.768241617202754,44.57078207397461,-0.004410705806061066,4,open_exit
LYB,2014-07-28,2014-08-01,57.40252585470613,56.678330440730164,-0.012616089678858411,3,open_exit
BNY,2014-07-16,2014-08-04,28.551757310282767,29.09441896399284,0.01900624356717384,12,open_exit
MCK,2014-08-04,2014-08-08,179.7672547480587,171.17802286114477,-0.047779735519417055,3,open_exit
AVB,2014-07-31,2014-08-29,100.8486327019935,102.54400882858548,0.016811096800903647,20,open_exit
AMT,2014-08-08,2014-09-03,72.65239277002138,73.26681506347657,0.008457013871520092,17,close_exit
WEX,2014-07-16,2014-09-04,108.37415969467162,113.02346183013917,0.04290046768128386,35,close_exit
WDC,2014-08-05,2014-09-04,63.62005283248008,63.28066454887391,-0.005334611785058119,21,close_exit
SCI,2014-08-04,2014-09-08,17.263728624183315,17.883717897572573,0.035912825490129974,23,open_exit
EXPE,2014-08-04,2014-09-09,79.29579727617715,80.44757957458496,0.014525136740807243,25,close_exit
DIS,2014-08-05,2014-09-09,77.79432389424682,79.91053286361695,0.027202614065351405,24,close_exit
AVB,2014-09-08,2014-09-11,104.75993253988827,99.85646534158613,-0.04680670442809898,2,open_exit
UAA,2014-09-05,2014-09-12,35.857920152664185,34.997491889953615,-0.02399548716287281,4,open_exit
LEA,2014-08-29,2014-09-17,82.69104594356534,82.10364125102832,-0.007103606996795131,11,open_exit
STLD,2014-09-04,2014-09-23,18.58520684424241,18.667789220332953,0.004443446703749077,12,open_exit
BRK-B,2014-08-05,2014-09-24,129.7648469467163,138.71060877990723,0.0689382528757132,34,open_exit
ADM,2014-09-05,2014-09-24,35.590396497494815,36.07329412402233,0.013568200246420581,12,open_exit
LUV,2014-09-10,2014-09-24,29.039328986632615,29.167593144033567,0.004416911887323405,9,open_exit
MAR,2014-09-12,2014-09-24,63.48390535673093,63.20648712630639,-0.004369898620219748,7,open_exit
LRCX,2014-09-17,2014-09-24,6.288895330112029,6.367002746489729,0.012419894477128768,4,open_exit
NWL,2014-08-01,2014-09-25,20.325196739804515,21.477190145492553,0.05667809371960453,38,close_exit
ELV,2014-09-10,2014-10-01,102.28944992804473,100.67627892565598,-0.015770648913681073,14,open_exit
UTHR,2014-09-23,2014-10-01,132.86640305328368,128.97547328948974,-0.029284526971303237,5,open_exit
DECK,2014-09-11,2014-10-02,16.154740814208985,15.149088422298432,-0.06225122417476525,14,open_exit
CF,2014-09-24,2014-10-02,38.872175570864165,38.76081667106514,-0.002864745751006814,5,open_exit
BBWI,2014-09-25,2014-10-02,36.18350924635541,35.25297358742096,-0.02571712026600026,4,open_exit
VRTX,2014-09-29,2014-10-02,113.04649286270141,107.08642938995362,-0.052722232435697736,2,open_exit
META,2014-09-24,2014-10-08,77.45883825314691,75.47907925543424,-0.025558852189888515,9,open_exit
LMT,2014-10-01,2014-10-08,132.03510740040372,126.16538655716084,-0.04445575846310801,4,open_exit
PPC,2014-10-06,2014-10-08,21.18630224889136,20.000308704267887,-0.05597926106645312,1,open_exit
ZTS,2014-10-06,2014-10-08,34.11816213565468,33.173597263786384,-0.027685104142265327,1,open_exit
CTAS,2014-10-01,2014-10-13,15.245474838484988,14.915744311953107,-0.021628091615718215,7,open_exit
PANW,2014-10-06,2014-10-13,17.45372219467163,15.767112118721009,-0.09663326006561046,4,open_exit
EW,2014-07-31,2014-10-13,15.362677042007446,17.213055502891542,0.12044635552934246,51,close_exit
NKE,2014-10-06,2014-10-14,38.62008780135505,36.654342980221045,-0.05089954303690192,5,open_exit
MCO,2014-10-09,2014-10-14,85.55594203508922,81.29227237856756,-0.04983487476267856,2,open_exit
MCK,2014-10-09,2014-10-14,183.25159166630564,174.26310589993614,-0.049049973779967004,2,open_exit
LOW,2014-10-09,2014-10-14,43.617365503298394,41.838834964829616,-0.040775744200650665,2,open_exit
MO,2014-09-25,2014-10-16,21.50873664597842,21.166399477829117,-0.015916191349774622,14,open_exit
KR,2014-09-25,2014-10-16,20.974732423891133,20.455340145990867,-0.02476276061136573,14,open_exit
MNST,2014-10-09,2014-10-16,16.129728695869446,15.00082903957367,-0.06998875663574355,4,open_exit
DGX,2014-10-27,2014-11-05,50.38767831569738,47.84847899506073,-0.0503932589377829,6,open_exit
GILD,2014-10-27,2014-11-06,76.06140540398887,73.35809325408935,-0.03554118064925671,7,open_exit
AGNC,2014-10-27,2014-11-06,5.350042069257223,5.241874008691415,-0.020218170093908472,7,open_exit
AEP,2014-10-27,2014-11-13,37.409319072589376,37.87964314710687,0.012572377316060424,12,open_exit
STE,2014-11-05,2014-11-20,55.50247733294847,54.217574663138926,-0.02315036610170873,10,open_exit
EW,2014-10-27,2014-11-24,19.436379592895506,20.77627353668213,0.06893742414232285,19,open_exit
MCO,2014-10-27,2014-12-01,85.78683020066742,88.66244896697998,0.033520515440261356,24,close_exit
ROP,2014-10-27,2014-12-01,141.47222385029363,144.85485872650148,0.023910240357763568,24,close_exit
RHI,2014-11-06,2014-12-01,40.075999709061605,40.62157053375245,0.013613405246319488,16,close_exit
IRM,2014-12-02,2014-12-08,20.27538132029058,19.69171560462382,-0.028786916825216946,3,open_exit
CTAS,2014-10-27,2014-12-10,15.438708628023617,15.968198658943177,0.03429626425868637,31,close_exit
MMM,2014-10-27,2014-12-10,85.50524954094936,91.76426794815065,0.07320039928313138,31,close_exit
EPAM,2014-11-06,2014-12-10,48.274125,48.98549332237244,0.014736016911180538,23,close_exit
CHRW,2014-11-13,2014-12-10,55.09025677617661,54.67733286857605,-0.007495407205637239,18,close_exit
KLAC,2014-11-24,2014-12-15,5.330759177150252,5.531350964344526,0.03762912195585377,13,open_exit
SHW,2014-10-27,2014-12-16,67.94979676823384,73.77118012759551,0.08567182885355051,34,open_exit
IONS,2014-12-11,2014-12-16,62.73135076332092,55.52222423744202,-0.11492063279616294,2,open_exit
VTR,2014-12-11,2014-12-17,50.43181690877385,49.80287903874605,-0.012471053167992796,3,open_exit
ULTA,2014-12-08,2014-12-31,128.63429232788084,127.77607633972168,-0.006671751153041083,16,close_exit
XEL,2014-12-02,2015-01-02,23.829357295704213,25.079831330827727,0.0524761964666558,20,open_exit
CME,2014-12-11,2015-01-02,55.8564805943278,56.83966448113322,0.017601966259672697,13,open_exit
BURL,2014-12-15,2015-01-06,45.922951526641846,46.58669561004639,0.01445342821703166,13,open_exit
AZO,2014-12-16,2015-01-06,604.1819448852539,610.4646345214844,0.010398671607811272,12,open_exit
BBWI,2014-11-20,2015-01-06,41.59942021117935,44.857034902572636,0.07830913687873564,30,close_exit
TSCO,2015-01-02,2015-01-07,13.26413693106842,12.695953192582412,-0.04283608812535389,2,open_exit
TJX,2014-12-16,2015-01-13,28.14483873758772,28.65864477157593,0.018255781771526536,18,close_exit
RCL,2014-12-18,2015-01-14,70.10231985862893,71.01153457641603,0.012969823532525737,17,close_exit
CBOE,2014-12-11,2015-01-15,54.867775120234306,55.85674069266017,0.018024524782692453,22,open_exit
HD,2015-01-02,2015-01-15,80.13812743752192,78.65721386008723,-0.018479513120508773,8,open_exit
AXON,2014-12-02,2015-01-15,22.97147908401489,25.21738454246521,0.09776930123812422,30,close_exit
IONS,2015-01-06,2015-01-28,68.06401377868652,68.54571183013917,0.007077132609588865,15,close_exit
ARMK,2015-01-02,2015-01-30,19.571797826427506,19.728610374450685,0.008012168806047937,19,close_exit
WELL,2015-01-07,2015-02-02,51.15945735955991,52.92600526097243,0.03453023140954836,16,open_exit
BMRN,2015-01-20,2015-02-04,99.9999719467163,91.28433683013917,-0.08715637561599665,10,open_exit
CASY,2015-01-14,2015-02-05,84.56583407481222,84.28720390701294,-0.0032948314274625634,15,close_exit
REG,2015-01-06,2015-02-06,42.67221547207664,43.653348564147954,0.022992316691720305,22,close_exit
MNST,2015-01-15,2015-02-06,19.77488188934326,19.51523711872101,-0.013130028896009338,15,close_exit
CUBE,2015-01-07,2015-02-10,14.712763045414016,15.41198600625992,0.0475249250387304,23,close_exit
BBY,2015-01-15,2015-02-26,22.862187622383836,24.41265519618988,0.06781798834893737,28,close_exit
KR,2015-02-03,2015-02-27,28.01264194209824,28.871170088740907,0.030647882067576182,16,open_exit
PENN,2015-02-04,2015-03-04,15.667829847335815,16.121934161186218,0.028983229858576598,19,close_exit
MANH,2015-02-09,2015-03-04,49.08453137397766,50.15491030502319,0.021806848330490514,16,close_exit
STZ,2015-01-15,2015-03-05,91.72223390594064,95.36751455688477,0.039742606516564916,33,close_exit
EA,2015-01-29,2015-03-06,52.78042132029459,54.66761025428772,0.03575547308614402,25,close_exit
BBWI,2015-02-06,2015-03-06,48.707519998864804,49.50341507911683,0.016340291607344737,19,close_exit
AVGO,2015-02-27,2015-03-11,9.69057274804926,9.42513566876636,-0.027391268419746595,7,open_exit
HBAN,2015-03-09,2015-03-11,7.023296928652303,6.844528103034876,-0.02545369040117329,1,open_exit
ON,2015-02-09,2015-03-13,11.265630228996276,12.51374045753479,0.11078920603359066,22,open_exit
BX,2015-03-05,2015-03-16,22.081727972677474,21.735251551591748,-0.015690638953365976,6,open_exit
HALO,2015-03-16,2015-03-23,16.058024236679078,14.242875000000002,-0.11303689731224764,4,open_exit
NBIX,2015-02-11,2015-03-24,35.78788545799255,40.99949045753479,0.1456248373673703,28,close_exit
BMY,2015-03-05,2015-03-25,44.85246982229214,44.61073075673637,-0.005389648920417378,13,open_exit
DLTR,2015-02-03,2015-03-26,72.26611835861206,80.66964408493043,0.11628583238159917,35,open_exit
SWKS,2015-02-27,2015-03-26,70.23280879701653,72.55292478200413,0.03303464612519025,18,open_exit
INCY,2015-03-06,2015-03-26,91.795875,89.54520133972169,-0.02451824398730673,13,open_exit
UTHR,2015-03-11,2015-03-26,165.08249999999998,166.3967557296753,0.007961205637637692,10,open_exit
DVA,2015-03-11,2015-03-26,78.42919438934325,80.82956774520875,0.03060561025208819,10,open_exit
BURL,2015-03-23,2015-03-27,61.02049667930603,58.49074045753479,-0.041457483295594955,3,open_exit
VLO,2015-03-26,2015-04-06,41.71414022827677,39.04568991741856,-0.06396992233941212,5,open_exit
WBS,2015-03-09,2015-04-08,25.14927028517681,25.820432553291322,0.026687146804020845,21,close_exit
EL,2015-03-26,2015-04-14,72.51065008065557,72.01409217530569,-0.006848068591269518,11,open_exit
KDP,2015-03-27,2015-04-16,9.798929563443487,9.622908277203864,-0.01796331783997085,12,open_exit
TGT,2015-03-25,2015-04-16,58.574785264897464,58.402173160552984,-0.0029468670446483047,15,close_exit
KMX,2015-04-06,2015-04-17,74.19708366394043,71.18439122009278,-0.04060391992619261,8,open_exit
ULTA,2015-03-13,2015-04-17,155.16754133605957,151.97397805023195,-0.020581387436635623,24,close_exit
FLEX,2015-03-25,2015-04-17,9.39429555416107,9.302054028511048,-0.0098188869104896,16,close_exit
ACN,2015-03-27,2015-04-20,76.95202165525706,76.92796994363849,-0.00031255464250590226,14,open_exit
MKC,2015-03-27,2015-04-20,30.762431095716423,30.751494775939147,-0.0003555089564686309,14,open_exit
LULU,2015-04-09,2015-04-20,68.284125,65.93701622009277,-0.034372685890127874,6,open_exit
INCY,2015-04-14,2015-04-28,98.76936122131347,101.67913835525513,0.029460321479873652,9,open_exit
OLED,2015-04-16,2015-04-28,45.66098807689345,43.83569117868898,-0.039974975905704424,7,open_exit
UTHR,2015-04-17,2015-04-28,187.12351377868652,167.916,-0.10264617947161625,6,open_exit
AXON,2015-04-20,2015-04-28,29.024505228996276,28.835575381278993,-0.006509321906667198,5,open_exit
LEA,2015-04-21,2015-04-29,94.84875781464149,91.65918817315938,-0.0336279537547064,5,open_exit
UNH,2015-04-17,2015-04-30,100.46119714552283,94.16497645735663,-0.06267316005647261,8,open_exit
LAD,2015-04-21,2015-04-30,94.8967303237983,91.71327284139042,-0.03354654550842329,6,open_exit
RVTY,2015-03-27,2015-04-30,48.747194794019315,49.44034390830994,0.014219261584579757,23,close_exit
AKAM,2015-04-28,2015-05-01,77.13854847335816,73.91302194976807,-0.04181471634385381,2,open_exit
CPAY,2015-04-28,2015-05-05,163.55173622131346,156.6616354904175,-0.04212795834568506,4,open_exit
VRSK,2015-04-28,2015-05-06,69.22960572378422,70.74733513366276,0.021923126587403363,5,open_exit
JLL,2015-04-29,2015-05-06,165.9869160738831,160.048353699164,-0.035777292061235366,4,open_exit
SJM,2015-04-28,2015-05-08,83.88246010209187,82.8957186900957,-0.01176338188931536,7,open_exit
AXON,2015-05-04,2015-05-11,32.84641683197021,31.984,-0.026256039932209485,4,open_exit
EQIX,2015-05-01,2015-05-13,199.4391939520318,199.7630886320106,0.0016240272213330353,7,open_exit
CRM,2015-04-30,2015-05-21,70.99778667220114,72.22373156164939,0.017267367715397386,14,open_exit
CRUS,2015-04-21,2015-05-27,34.627305610656734,35.94201908493042,0.03796753605539194,24,open_exit
MNST,2015-05-08,2015-05-27,22.4428831615448,21.25270070075989,-0.05303162041249021,11,open_exit
XPO,2015-04-30,2015-05-29,16.782303202629087,16.99367900943756,0.01259516076287781,20,close_exit
EL,2015-05-06,2015-05-29,75.33483878525224,75.87210203933716,0.007131670588908179,16,close_exit
KEY,2015-05-06,2015-05-29,9.23012251779556,9.377006805896759,0.01591357945877836,16,close_exit
BX,2015-05-05,2015-06-04,24.920128434068342,25.017350332260133,0.003901340173627643,21,close_exit
CNC,2015-06-01,2015-06-05,37.798888778686525,36.43177576255798,-0.03616807425564872,3,open_exit
INCY,2015-06-01,2015-06-11,111.68581225204467,105.63715744018555,-0.05415777250389642,7,open_exit
REGN,2015-06-05,2015-06-11,515.4027922574577,508.83068922135806,-0.012751391988611305,3,open_exit
TMUS,2015-06-05,2015-06-12,37.61071586489394,37.27681964302063,-0.008877688557504149,4,open_exit
OLED,2015-05-11,2015-06-12,46.71109328739337,50.23308012390137,0.0753993663740371,23,close_exit
HUM,2015-06-01,2015-06-17,194.39936980586026,182.67939791994274,-0.06028811666221878,11,open_exit
ALNY,2015-05-27,2015-06-17,128.12402755737304,128.88552194976808,0.005943415976788824,15,close_exit
ZTS,2015-05-27,2015-06-26,43.53875180384402,44.075405344009404,0.012325882528354981,22,close_exit
ZBRA,2015-06-11,2015-06-29,116.12803469467163,112.17388835525513,-0.034049885971229044,11,open_exit
AXON,2015-06-11,2015-06-29,35.32765637397766,32.21388454246521,-0.08813977917329541,11,open_exit
PANW,2015-06-18,2015-06-29,30.27846403312683,28.257531646728516,-0.06674487794979522,6,open_exit
LAD,2015-05-21,2015-06-29,97.55751277003607,101.9106967124939,0.04462171921827496,26,close_exit
AOS,2015-06-12,2015-06-30,30.243283662872155,29.99753567349239,-0.008125704606654738,11,open_exit
NBIX,2015-06-17,2015-06-30,46.943458168029785,46.456759542465214,-0.010367762507450529,8,open_exit
AGCO,2015-06-29,2015-07-07,44.16202963317348,43.19595340619129,-0.021875720726759695,4,open_exit
CE,2015-04-20,2015-07-08,54.67327067685746,55.543369970321656,0.015914527934625555,55,close_exit
COTY,2015-06-15,2015-07-09,22.55373277060757,27.550550973827164,0.22155171625211123,16,open_exit
MPC,2015-07-14,2015-07-24,42.14302223408415,40.35770697574475,-0.04236324695516225,7,open_exit
NFLX,2015-07-14,2015-07-27,10.13220647764206,10.773610782146454,0.06330351695060021,8,open_exit
INCY,2015-07-14,2015-07-27,113.66680561065674,107.94600000000001,-0.05032960660698271,8,open_exit
RARE,2015-05-13,2015-07-27,72.0760209159851,117.00146755981446,0.6233064210938668,51,close_exit
DXCM,2015-06-29,2015-07-27,19.632310715675352,20.414786737442018,0.039856542263356776,19,close_exit
NBIX,2015-07-14,2015-07-28,50.885430610656734,49.86505438995361,-0.02005242381675798,9,open_exit
TFX,2015-07-29,2015-07-31,129.31766007711255,125.15040032603761,-0.032224985733502964,1,open_exit
SBUX,2015-07-14,2015-08-07,44.66081412643692,45.834482803549925,0.026279607751670042,17,open_exit
FTNT,2015-07-24,2015-08-07,9.464730038166046,9.311341984748841,-0.016206278763226778,9,open_exit
MSCI,2015-06-29,2015-08-07,55.840391200186914,58.524304447174075,0.04806401225531132,28,close_exit
TECH,2015-07-29,2015-08-13,25.34358560151073,24.671123826532646,-0.02653380565605512,10,open_exit
MDLZ,2015-07-29,2015-08-20,33.11468029046405,34.88192782048029,0.05336749485469605,15,open_exit
AMZN,2015-07-14,2015-08-20,23.12755722141266,25.77610505771637,0.11451913450900708,27,close_exit
MAS,2015-07-29,2015-08-21,21.919855054829075,22.92573540502791,0.045889005546924766,16,open_exit
DINO,2015-08-11,2015-08-21,35.494419468932136,34.14589675704252,-0.03799252761606542,7,open_exit
SEIC,2015-08-11,2015-08-21,47.866429356877724,45.956204136726384,-0.0399074099701332,7,open_exit
VLO,2015-08-11,2015-08-21,44.69590481641485,42.606148570480556,-0.0467549824646758,7,open_exit
GPN,2015-07-29,2015-08-21,52.02553032565504,52.793898530960085,0.014769060507320741,17,close_exit
SGI,2015-07-31,2015-08-21,17.42380973757928,17.612035371780397,0.010802782918086784,15,close_exit
NVR,2015-07-29,2015-08-24,1463.7314999999999,1488.2354904785157,0.016740768698709996,18,close_exit
POST,2015-08-17,2015-08-25,43.241504356384276,41.08546887016296,-0.04986032559024489,5,open_exit
PAYC,2015-10-19,2015-10-21,41.109256473978874,37.667744357132406,-0.08371623356955771,1,open_exit
SUI,2015-10-19,2015-10-30,49.629951909303536,48.72834449188959,-0.018166598651185417,8,open_exit
PEP,2015-10-19,2015-11-04,71.87300578022479,72.65818648743017,0.010924556426738619,11,open_exit
SSNC,2015-10-30,2015-11-04,33.20146945038975,31.94696862247886,-0.037784497152615226,2,open_exit
PGR,2015-10-19,2015-11-06,23.89777460867621,23.38832613147353,-0.021317820824108158,13,open_exit
HRL,2015-10-20,2015-11-09,24.99020463993054,25.063204263420978,0.0029211294802202747,13,open_exit
EXR,2015-10-20,2015-11-09,53.23295561340621,51.76232500483236,-0.027626318915185077,13,open_exit
EXPE,2015-10-20,2015-11-10,123.2041034200786,122.36382115925421,-0.00682024573450557,14,open_exit
MANH,2015-10-20,2015-11-13,68.63429847335816,71.35430438995361,0.039630417693440556,18,close_exit
BYD,2015-10-20,2015-11-16,16.91768850504229,18.449086627716575,0.0905205295757665,18,open_exit
POOL,2015-11-04,2015-11-16,73.64766553136776,69.86064130988039,-0.051420831796418764,7,open_exit
EBAY,2015-11-04,2015-11-16,25.576141089460823,25.011276369679084,-0.022085611656814885,7,open_exit
META,2015-11-06,2015-11-16,107.15304817814481,102.36937928160128,-0.04464333005805443,5,open_exit
LDOS,2015-11-11,2015-11-16,34.367117815423995,32.639517912185966,-0.05026897840303268,2,open_exit
GE,2015-10-19,2015-11-30,120.79242028508767,125.44826133728029,0.03854414905508263,29,close_exit
UHAL,2015-11-18,2015-12-01,41.167869112830886,39.215536749437234,-0.047423692444289345,7,open_exit
OZK,2015-10-21,2015-12-03,35.15453724756267,37.849077468872075,0.07664843380910158,30,close_exit
HD,2015-11-18,2015-12-04,97.86071659172484,102.1641688371341,0.043975278286212394,10,open_exit
OC,2015-11-19,2015-12-04,40.431694983172164,39.474825259867146,-0.023666327214411198,9,open_exit
JKHY,2015-11-17,2015-12-09,68.7849372006901,68.31079821777344,-0.0068930641243922786,15,close_exit
STZ,2015-11-18,2015-12-10,117.00374989949613,118.3894026562509,0.011842806388214111,14,open_exit
COST,2015-11-18,2015-12-10,133.17609665019174,134.75113604353425,0.011826742433213022,14,open_exit
MKTX,2015-12-04,2015-12-10,99.11217846623276,98.84127182300703,-0.002733333556158568,3,open_exit
MANH,2015-12-01,2015-12-11,76.84840255737305,71.84405725479127,-0.06511970497819608,7,open_exit
TTWO,2015-11-09,2015-12-11,33.916951526641846,34.99249332237244,0.03171103968131539,23,close_exit
VRSN,2015-11-09,2015-12-14,80.92342904812311,87.57694557491382,0.0822199034946236,23,open_exit
DD,2015-12-10,2015-12-14,79.17544219713075,73.6995441200263,-0.06916157239097664,1,open_exit
MTN,2015-12-11,2015-12-18,91.473781182622,91.45427364996509,-0.00021325818616779735,4,open_exit
CASY,2015-12-11,2015-12-21,115.67477130384144,110.00779626767958,-0.04899058776849874,5,open_exit
ADBE,2015-12-15,2015-12-21,94.02699335861206,92.11392366027833,-0.020345962685815344,3,open_exit
TYL,2015-12-01,2015-12-31,179.45968011474608,174.23284732055666,-0.029125387891293486,21,close_exit
LHX,2015-12-22,2016-01-04,69.6110349649728,70.67023090171362,0.015215919965473779,6,open_exit
HRL,2015-12-04,2016-01-04,28.626520461585056,29.475925822258,0.029671973644606497,19,close_exit
TSN,2015-12-04,2016-01-04,39.76832858270572,40.87074398040772,0.027720938671317752,19,close_exit
PSA,2015-12-15,2016-01-05,165.71785320186774,161.55939355037128,-0.02509361285552536,12,open_exit
EXR,2015-12-15,2016-01-05,58.57234440704266,59.1264992241985,0.00946103187034475,12,open_exit
ULTA,2015-12-15,2016-01-05,186.27308267211913,182.47872232055664,-0.02036988005530238,12,open_exit
KMB,2015-12-15,2016-01-05,85.44264010686753,87.99714498866763,0.029897307463873313,12,open_exit
CCL,2015-12-22,2016-01-07,46.752209589025156,45.20301426335021,-0.033136301776817145,9,open_exit
FSLR,2015-12-22,2016-01-08,65.50273622131347,67.3962853050232,0.02890793870521713,10,open_exit
LAMR,2016-01-06,2016-01-12,36.613345785583086,35.729389899341214,-0.024142996693570118,3,open_exit
NOC,2016-01-06,2016-01-14,160.70787936173184,156.07258702109013,-0.02884296873962411,5,open_exit
CUBE,2016-01-06,2016-01-15,20.00283159962459,19.262738718110086,-0.036999405700560595,6,open_exit
AU,2016-03-04,2016-03-07,11.330362497303561,11.029866428798139,-0.0265213110857605,0,open_exit
AU,2016-03-08,2016-03-15,11.13187452413721,10.459783529462158,-0.060375365641946455,4,open_exit
NI,2016-01-06,2016-04-04,14.038893229633752,16.932071949958804,0.20608310591165657,60,close_exit
SMG,2016-03-07,2016-04-04,50.84942818250813,51.63807033157349,0.015509361211197392,19,close_exit
SON,2016-03-07,2016-04-05,32.22815423145047,33.623411970138555,0.0432931321064145,20,close_exit
MTSI,2016-03-08,2016-04-05,43.021499999999996,42.868554389953616,-0.0035550971036895085,19,close_exit
ETR,2016-03-11,2016-04-05,25.7798854585228,26.04808661365509,0.010403504529288954,16,close_exit
CME,2016-03-15,2016-04-06,64.49627119589809,63.74293101119996,-0.011680368038796685,15,close_exit
PEG,2016-03-04,2016-04-07,30.436577874988703,32.31808926765295,0.06181744217080265,22,open_exit
PNW,2016-03-11,2016-04-14,47.45763953782498,48.83361464881897,0.028993753680001344,23,close_exit
EVRG,2016-03-11,2016-04-21,32.553941422763174,34.587792362213136,0.062476334679026024,28,close_exit
CHD,2016-04-06,2016-04-22,41.067740989198846,39.719206914424426,-0.032836821366169056,11,open_exit
HON,2016-03-04,2016-04-25,82.21501902072238,86.24516303634644,0.049019559487157194,35,close_exit
BURL,2016-04-15,2016-04-26,57.28862832069397,56.23186832237244,-0.018446243683928443,6,open_exit
OC,2016-04-05,2016-04-27,40.705609099287024,41.122399553298955,0.010239140581223438,16,close_exit
AYI,2016-04-07,2016-04-28,246.5656772407551,238.21251445770264,-0.033878043677977754,15,close_exit
CRL,2016-04-07,2016-04-28,81.90093061065673,79.98998377990723,-0.02333241901528338,15,close_exit
EW,2016-04-07,2016-04-29,35.867923473358154,35.385630090713505,-0.013446370348227266,16,close_exit
VMI,2016-04-22,2016-05-04,125.82190106049588,123.04230705643323,-0.022091495841619846,7,open_exit
EL,2016-04-29,2016-05-04,84.8227893918885,81.06593008911118,-0.04429068331413055,2,open_exit
AU,2016-05-02,2016-05-04,13.654325933605708,12.541825030281691,-0.08147607642688215,1,open_exit
MTD,2016-04-07,2016-05-04,354.2270127868652,354.5126574401856,0.0008063886801661369,19,close_exit
NEM,2016-04-22,2016-05-05,24.920743784703205,25.599331938173524,0.02722985153785218,8,open_exit
STLD,2016-04-28,2016-05-10,20.433043951388665,19.279947645181128,-0.0564329186072724,7,open_exit
WELL,2016-05-04,2016-05-12,49.20724218380611,49.62005562188977,0.008389282141471277,5,open_exit
CHTR,2016-04-26,2016-05-17,208.11399950408935,203.49820610046388,-0.022179158608379823,14,open_exit
BAX,2016-04-26,2016-05-17,37.54416405505518,38.018075569152835,0.012622774431805484,15,close_exit
INGR,2016-04-29,2016-05-18,87.1179284853167,88.688522264632,0.018028364615901182,12,open_exit
NNN,2016-05-05,2016-05-18,28.003692945533125,27.523308957378973,-0.01715430850811328,8,open_exit
AVY,2016-05-04,2016-05-19,61.78549508120783,61.50861998808237,-0.004481231278660847,10,open_exit
TXRH,2016-05-10,2016-05-19,37.689334116320985,36.25872311844457,-0.03795798019304619,6,open_exit
VMC,2016-05-04,2016-05-20,103.93270003856662,104.97332737159297,0.010012511294714699,11,open_exit
HII,2016-04-07,2016-05-25,115.13597902740626,125.17261974398976,0.08717206212485884,33,open_exit
NEM,2016-05-17,2016-05-25,27.5184580293649,24.684794843768543,-0.10297318194836935,5,open_exit
CHTR,2016-05-19,2016-05-27,225.91290305328369,216.90148950958252,-0.03988888382163691,5,open_exit
MKL,2016-05-19,2016-06-01,965.9927647705077,951.4640324401856,-0.01504020822948271,7,open_exit
LOW,2016-05-19,2016-06-07,64.9124541885296,64.97957637726245,0.0010340417655123613,11,open_exit
BR,2016-05-19,2016-06-08,52.62002494456405,53.26989179985602,0.012350181437135621,12,open_exit
ALB,2016-05-12,2016-06-13,65.93445390819363,68.34242912292481,0.03652074252535731,21,close_exit
MKTX,2016-05-19,2016-06-17,120.5223543717503,127.62440355682374,0.05892723571568492,20,close_exit
CHD,2016-05-20,2016-06-17,43.53435097454596,43.262606227874755,-0.0062420764428092745,19,close_exit
IDXX,2016-05-25,2016-06-17,90.84540305328369,87.61617366027832,-0.03554642595521673,16,close_exit
OLED,2016-05-25,2016-06-21,60.47502216441998,63.23391974449158,0.045620447605139836,18,close_exit
AMD,2016-06-22,2016-06-23,5.462730038166046,5.167415076255798,-0.05405995900346394,0,open_exit
EVRG,2016-05-05,2016-06-24,35.8718034070078,38.899821365356445,0.08441220320016307,35,close_exit
ALB,2016-06-20,2016-06-27,73.10282578051601,67.72150939381808,-0.07361297363326014,4,open_exit
OKE,2016-06-01,2016-06-27,23.338480828254042,24.0536886510849,0.030645003335650456,18,close_exit
DGX,2016-06-23,2016-06-28,65.42290503902419,63.447713216616684,-0.03019113598256329,2,open_exit
MPT,2016-06-20,2016-07-06,7.189784809397608,7.0624860318321865,-0.017705505928220844,10,open_exit
IRM,2016-06-14,2016-07-08,21.900146375820974,22.92614716858003,0.0468490381366502,16,open_exit
DLR,2016-06-20,2016-07-08,73.01912700931653,77.76333329953866,0.06497210367383333,12,open_exit
DG,2016-05-27,2016-07-13,77.41278549686376,80.6357331314087,0.041633273029240137,31,close_exit
TECH,2016-07-08,2016-07-18,27.23059300359881,26.15727466243187,-0.03941590038179077,5,open_exit
NEM,2016-06-27,2016-07-20,29.511017360687255,30.733073194503785,0.04141015604038367,16,close_exit
RGLD,2016-06-27,2016-07-21,62.569239207093425,69.05097324994229,0.10359298155113317,16,open_exit
EIX,2016-07-06,2016-07-21,51.30819742559384,49.8961647228106,-0.02752060632866593,10,open_exit
NUE,2016-07-08,2016-07-21,41.87148108411419,43.583265109878454,0.04088185995440474,8,open_exit
CNP,2016-06-29,2016-07-27,17.309830902827358,17.416416372299196,0.006157510727295978,19,close_exit
EXC,2016-07-14,2016-07-28,18.34775324883498,18.339443254358827,-0.0004529161888898736,9,open_exit
PG,2016-07-18,2016-07-28,65.03297000152892,64.25920032089113,-0.011898113843172298,7,open_exit
FLEX,2016-07-21,2016-07-29,10.027618153095245,9.550610756397248,-0.04756936187790106,5,open_exit
FIVE,2016-06-08,2016-08-02,44.88243061065673,48.385794847488405,0.07805647308236119,38,close_exit
EPR,2016-06-29,2016-08-03,42.38016388873752,44.52632681487798,0.05064074154538134,23,open_exit
ACM,2016-07-21,2016-08-03,33.27042836769902,33.170422533714714,-0.0030058475015427577,8,open_exit
CPRT,2016-07-28,2016-08-04,6.40695181775093,6.243127027511597,-0.025569848954606567,4,open_exit
OLED,2016-07-28,2016-08-05,67.66640708868664,59.15008472058646,-0.1258574636146752,5,open_exit
EXEL,2016-06-07,2016-08-11,7.30365019083023,10.424785305023194,0.42733907466044374,45,open_exit
CLF,2016-07-29,2016-08-11,7.550799749428972,6.69144356808815,-0.11380995521776482,8,open_exit
RITM,2016-08-03,2016-08-12,4.9926781463153285,5.0701573150198005,0.015518558664081583,6,open_exit
NEM,2016-07-28,2016-08-18,33.23807507254731,34.675405960952574,0.04324350568641733,14,open_exit
PAYC,2016-08-04,2016-08-18,49.86752338265022,48.083368358230345,-0.03577789517898167,9,open_exit
PODD,2016-08-05,2016-08-25,42.281128320693966,42.1589103050232,-0.002890604402601804,13,open_exit
QSR,2016-07-21,2016-08-26,32.557409994178805,34.287912622451785,0.05315234315574835,26,close_exit
DOC,2016-08-18,2016-08-29,21.369484270090698,20.94268488475625,-0.019972376494448607,6,open_exit
MIDD,2016-08-12,2016-09-02,106.36047330093383,103.40764378738403,-0.027762470604988154,14,open_exit
TREX,2016-08-11,2016-09-08,15.12755988550186,15.39229961872101,0.01750049150179689,18,open_exit
ITW,2016-07-21,2016-09-08,90.22460647406005,93.9715987892151,0.04152960552099838,34,close_exit
WU,2016-08-25,2016-09-09,11.841866453873491,11.73033685464879,-0.009418244975074819,9,open_exit
IDXX,2016-08-03,2016-09-09,105.0525,109.91501622009278,0.046286535019088415,26,close_exit
IP,2016-08-11,2016-09-09,28.855708246947888,29.602453255653383,0.025878588815593462,20,close_exit
BWXT,2016-08-18,2016-09-13,34.8572491769663,34.05373869132996,-0.023051460015017455,17,close_exit
BPOP,2016-08-29,2016-09-14,29.064611691881176,29.32378271024374,0.008917064542615538,10,open_exit
ADSK,2016-08-29,2016-09-14,68.53425,65.72712213516236,-0.04095948908520397,10,open_exit
OVV,2016-09-08,2016-09-14,41.593954374139294,38.202238454408636,-0.08154348320003524,3,open_exit
EOG,2016-09-09,2016-09-15,68.36048213990406,64.30436418085603,-0.059334250316534276,3,open_exit
ANET,2016-09-15,2016-09-21,5.160703986167907,5.138679508447647,-0.004267727383568509,3,open_exit
WYNN,2016-09-15,2016-09-22,95.27148181558013,92.17530781718372,-0.03249843436244404,4,open_exit
CRUS,2016-09-16,2016-09-26,55.52775,51.974000000000004,-0.06399953176564854,5,open_exit
MKTX,2016-08-03,2016-09-26,147.16766236834846,152.7624782562256,0.03801661178713145,37,close_exit
BURL,2016-09-02,2016-09-26,82.67131225204467,82.73860877990722,0.0008140251561192802,15,close_exit
TFC,2016-09-13,2016-09-27,25.72398530950699,24.817924591289604,-0.03522240847659508,9,open_exit
CDW,2016-09-21,2016-09-27,40.9901492809495,40.55936638185086,-0.010509424987599547,3,open_exit
EXEL,2016-09-15,2016-09-29,12.936465305328369,12.97350954246521,0.002863551693798705,9,open_exit
PEN,2016-09-22,2016-09-29,78.86941683197021,76.07194561004638,-0.03546965774938826,4,open_exit
ETSY,2016-09-26,2016-09-30,15.277635457992552,14.47275954246521,-0.052683277968009645,3,open_exit
AIZ,2016-09-13,2016-10-06,74.13781589503257,74.46943000793458,0.004472941492793758,17,close_exit
SRPT,2016-09-29,2016-10-10,62.27112167930603,58.4007853050232,-0.06215298953847204,6,open_exit
THO,2016-09-28,2016-10-12,70.4537101032596,68.50826741664285,-0.027613062303822322,9,open_exit
CSX,2016-09-27,2016-10-13,8.677464070585879,8.922211574571328,0.028204957346360304,11,open_exit
UI,2016-09-28,2016-10-13,50.23219422992584,46.43900546171793,-0.07551310123634047,10,open_exit
QCOM,2016-09-30,2016-10-13,52.530642618420245,50.29154793695278,-0.0426245438825511,8,open_exit
ETSY,2016-10-10,2016-10-14,15.857925381660461,14.9125400762558,-0.05961595118223917,3,open_exit
APA,2016-09-09,2016-10-14,45.3737234851866,47.87030183792115,0.05502255845389503,25,close_exit
LVS,2016-09-15,2016-10-14,45.35207417535169,45.496817237854,0.003191542286305804,21,close_exit
AMZN,2016-09-28,2016-10-17,40.92045152664184,41.05446326255799,0.0032749329715704434,12,open_exit
OKE,2016-09-29,2016-10-18,27.894680529205008,27.413285413532215,-0.017257595589552865,12,open_exit
PKG,2016-10-17,2016-10-21,62.9696601288496,60.68427312083891,-0.036293462650652586,3,open_exit
EEFT,2016-10-12,2016-10-24,83.92193725204467,82.21887213516236,-0.02029344379607756,7,open_exit
NXPI,2016-10-07,2016-10-27,91.51898948062161,88.38051435476441,-0.03429315755853868,13,open_exit
BBY,2016-10-13,2016-10-28,27.73277578941576,26.995745761260547,-0.026576136256670768,10,open_exit
UNH,2016-10-19,2016-10-31,122.56794459998312,119.87426573046383,-0.02197702570856086,7,open_exit
DXC,2016-10-14,2016-11-01,43.50819264840331,44.49977028451963,0.02279059587993948,11,open_exit
GDDY,2016-10-24,2016-11-01,36.508246679306026,35.39229484748841,-0.030567116564657493,5,open_exit
CAG,2016-10-19,2016-11-04,25.512156931446555,24.937113610188977,-0.022539972719781032,11,open_exit
MRVL,2016-10-27,2016-11-04,12.536546639679354,11.730767975863722,-0.06427437211977227,5,open_exit
SMG,2016-10-13,2016-11-10,61.89951297002328,61.23440501785279,-0.010744962605644282,20,close_exit
DPZ,2016-10-19,2016-11-10,142.08304146326188,143.77039451599123,0.011875823007108544,16,close_exit
ADM,2016-11-09,2016-11-14,35.12095437737532,31.371334060193256,-0.10676305310192669,2,open_exit
LVS,2016-11-09,2016-11-15,46.37066092011996,44.960911324431216,-0.030401757657007256,3,open_exit
BKNG,2016-11-09,2016-11-15,61.32854721053203,58.721434741177305,-0.042510585819111046,3,open_exit
GAP,2016-11-15,2016-11-21,21.370704707414884,18.29230278073875,-0.14404774989043934,3,open_exit
BPOP,2016-11-15,2016-11-29,31.142763828770164,30.905341381327382,-0.007623679412276374,8,open_exit
APH,2016-10-21,2016-12-01,15.047867841990213,15.231384633064271,0.012195534477114744,28,close_exit
MCHP,2016-11-09,2016-12-01,25.919281441219205,25.626388236045837,-0.011300205441173272,15,close_exit
VEEV,2016-11-29,2016-12-02,46.35316683197021,43.49824045753479,-0.0615907513888857,2,open_exit
CGNX,2016-11-14,2016-12-05,25.810693701808063,27.0774820749833,0.04907998164677374,13,open_exit
JCI,2016-11-09,2016-12-05,35.22238840785341,35.936029191970825,0.02026099922168534,17,close_exit
EXEL,2016-11-11,2016-12-07,15.55777519083023,16.601695610046388,0.06709959530919596,17,close_exit
ODFL,2016-12-02,2016-12-14,28.588165866158125,28.112350253654927,-0.01664379641320235,7,open_exit
CLF,2016-12-06,2016-12-14,9.616137499435348,8.660070644507337,-0.09942316808429064,5,open_exit
THO,2016-12-02,2016-12-15,84.67061260954915,84.67638150538663,6.813338961042525e-05,8,open_exit
RNR,2016-10-13,2016-12-15,113.24714622064903,121.12046263504028,0.06952330965630704,44,close_exit
HPE,2016-11-09,2016-12-16,9.898244019689738,10.440419224917923,0.05477488776288819,25,open_exit
XPO,2016-11-11,2016-12-16,13.609236329555511,15.697374284744264,0.15343535115588325,24,close_exit
MS,2016-11-21,2016-12-28,30.721253481009892,32.34498732376099,0.0528537627461978,25,close_exit
LNC,2016-12-02,2016-12-28,44.89728864429221,45.390829303741455,0.010992660678452504,17,close_exit
BKR,2016-12-05,2016-12-28,35.677546335184985,35.01951837730408,-0.018443755960649177,16,close_exit
STX,2016-12-08,2016-12-30,27.057419467180853,26.034256820607073,-0.03781449475678267,14,open_exit
BAC,2016-12-16,2016-12-30,18.699158016445196,17.76095830384809,-0.05017336672442663,8,open_exit
AMD,2016-12-16,2017-01-06,10.945469580173492,11.2843549618721,0.03096124649713161,12,open_exit
OZK,2016-12-14,2017-01-06,38.14193457560869,38.184034875869756,0.0011037798876618599,15,close_exit
MPC,2017-01-04,2017-01-10,39.73349564488659,37.107508927419644,-0.06608999975578256,3,open_exit
TRGP,2016-12-19,2017-01-11,36.911602351415546,38.65854039382935,0.04732761330115509,14,open_exit
HALO,2017-01-10,2017-01-11,13.936965305328368,12.823584923744203,-0.07988685895332592,0,open_exit
ANET,2016-12-15,2017-01-17,6.131814222335815,5.511618022203446,-0.10114399713436129,20,close_exit
JPM,2017-01-04,2017-01-18,67.75786440350716,65.09804405306917,-0.03925478428007112,8,open_exit
FTI,2017-01-04,2017-01-18,24.751537797260944,23.7524421666885,-0.04036499221809997,8,open_exit
STT,2017-01-09,2017-01-18,62.1874845427819,60.873267007815194,-0.021133151543741735,5,open_exit
EXEL,2017-01-11,2017-01-18,18.919454847335814,17.811089694976808,-0.05858335566762296,3,open_exit
TKR,2017-01-04,2017-01-24,34.08247133913165,35.66580814980882,0.04645604466068365,12,open_exit
AGO,2017-01-04,2017-01-31,33.15582398865978,33.07167839241028,-0.002537882824998894,18,close_exit
WLK,2017-01-06,2017-02-01,51.54197769397338,53.356856746819375,0.03521166889679139,16,open_exit
CSX,2017-01-24,2017-02-03,13.449463953926887,13.538501171339403,0.006620131309138078,7,open_exit
CHTR,2017-01-18,2017-02-14,306.3030688934326,321.74904866027833,0.050427113977821625,18,open_exit
GWW,2017-01-18,2017-02-23,210.37117988492014,218.1922561569214,0.03717750823225696,25,close_exit
URI,2017-01-19,2017-02-23,106.81489785928818,116.52981019592286,0.09095091163624525,24,close_exit
SLM,2017-02-01,2017-02-23,10.384348953209914,10.330637036800384,-0.005172391321935144,15,close_exit
TTWO,2016-12-14,2017-02-24,50.73535408401489,57.32132347488404,0.1298102577536595,47,open_exit
CLF,2017-02-14,2017-02-24,11.103560090332797,9.634921757827794,-0.1322673377328465,6,open_exit
MAN,2017-02-01,2017-02-28,71.78700842404957,72.01208690643311,0.0031353651214156564,18,close_exit
ALK,2017-01-11,2017-03-02,87.23257524164215,90.76930516815186,0.040543683557577426,34,close_exit
AMD,2017-02-03,2017-03-03,12.37618488550186,13.543225190639497,0.09429725847945036,18,open_exit
ZBRA,2017-02-24,2017-03-03,90.03499286270142,88.96549713516235,-0.01187866732182663,4,open_exit
XYZ,2017-02-24,2017-03-06,16.958475763320923,16.901544847488406,-0.0033570774064288766,5,open_exit
PODD,2017-03-03,2017-03-07,46.91344438934326,43.39828816986084,-0.07492854692802975,1,open_exit
STX,2017-03-01,2017-03-10,33.20675228087071,32.19847702860767,-0.0303635611135592,6,open_exit
EIX,2017-03-03,2017-03-10,53.03769319285581,52.088987394547615,-0.017887388029085516,4,open_exit
BA,2017-02-24,2017-03-13,165.3647754195049,165.58276197059527,0.0013182163525295998,10,open_exit
NRG,2017-03-10,2017-03-15,14.674482476964112,13.990496658402288,-0.04661055813283632,2,open_exit
MS,2017-02-24,2017-03-17,35.020603977088896,34.322330677032475,-0.019938927966897557,15,close_exit
CGNX,2017-01-19,2017-03-21,31.135702368300546,36.344237918853764,0.16728498650655332,42,close_exit
INCY,2017-03-06,2017-03-22,137.0184719467163,141.679125,0.0340147790809997,11,open_exit
TKR,2017-03-07,2017-03-22,37.83189340475811,35.91689608829259,-0.05061859569060523,10,open_exit
AFG,2017-03-15,2017-03-22,47.04615699382823,45.6726654466183,-0.029194553497538744,4,open_exit
PGR,2017-02-24,2017-03-23,30.03199971957051,30.518723864555362,0.016206851009913814,19,close_exit
MO,2017-03-22,2017-03-27,39.53387592536091,37.75508985487759,-0.04499397109055614,2,open_exit
LECO,2017-03-20,2017-03-28,75.36184037492444,72.03017604198294,-0.04420890355605045,5,open_exit
AEE,2017-03-22,2017-03-31,42.811794605382616,41.86357533271082,-0.022148552318630776,6,open_exit
ES,2017-03-22,2017-03-31,43.238720880783035,42.3281280354174,-0.02105966196077591,6,open_exit
RCL,2017-03-13,2017-04-04,88.31932750537368,88.58394963409025,0.0029961972785681468,15,open_exit
BURL,2017-03-03,2017-04-04,95.0875209159851,93.65314694976807,-0.015084776134655642,22,close_exit
LOPE,2017-03-10,2017-04-06,66.29313213729858,69.35530438995362,0.04619139500473479,18,open_exit
MU,2017-03-24,2017-04-11,28.985812306659618,26.802864052797908,-0.0753109221424223,11,open_exit
AAPL,2017-01-18,2017-04-11,27.620760769358863,32.7080221157074,0.18418252085192743,58,close_exit
LRCX,2017-03-27,2017-04-13,11.137964814273172,11.107410365967821,-0.0027432703204623987,12,open_exit
CGNX,2017-03-28,2017-04-13,37.541445240286095,37.6709202814565,0.003448856066720296,11,open_exit
TSLA,2017-04-04,2017-04-13,19.802563722610472,19.770110686302186,-0.0016388300405382195,6,open_exit
SWKS,2017-04-05,2017-04-13,80.77479329870921,78.47326139894275,-0.028493194544680245,5,open_exit
TTC,2017-03-31,2017-04-17,55.45975493845322,53.24413552656649,-0.039950039706189266,9,open_exit
ETN,2017-04-11,2017-04-17,62.22332625849147,60.96429790976847,-0.02023402515469319,2,open_exit
PEG,2017-04-13,2017-04-20,33.38370739122397,32.55471542632549,-0.024832231938278215,3,open_exit
PNW,2017-03-22,2017-05-01,57.59585125289499,58.01999435043335,0.007364125858232651,27,close_exit
AGNC,2017-04-17,2017-05-03,6.3894916189348905,6.495642720012062,0.01661338763832143,11,open_exit
FMC,2017-04-12,2017-05-04,51.988259208144285,49.28783719797751,-0.051942920407378024,14,open_exit
EXEL,2017-05-02,2017-05-04,24.022005228996274,22.6586650762558,-0.056753803012865256,1,open_exit
APO,2017-04-18,2017-05-05,18.357787541927873,18.57337620419614,0.011743717034303769,12,open_exit
SLM,2017-05-03,2017-05-08,11.095725206956628,10.373972529692681,-0.06504781470357912,2,open_exit
GMED,2017-04-13,2017-05-09,30.48523431301117,30.944519084930423,0.015065810785755751,16,open_exit
ILMN,2017-05-04,2017-05-10,183.6131687850952,177.89738071441653,-0.031129510527475146,3,open_exit
DRI,2017-03-31,2017-05-16,63.319470576540006,66.09309658813477,0.043803682916805586,31,close_exit
ANET,2017-04-06,2017-05-18,8.349797736167908,8.803720479965211,0.054363322099539646,28,open_exit
HPQ,2017-04-13,2017-05-18,13.153222491395548,13.782836858508196,0.047867689269646574,23,open_exit
LOPE,2017-04-20,2017-05-18,73.62679133605957,76.42176908493042,0.037961422712468273,19,open_exit
HUBS,2017-05-04,2017-05-18,70.68532652664184,66.16689694976807,-0.06392316197578485,9,open_exit
XPO,2017-05-10,2017-05-18,19.142207159042357,17.99961118602753,-0.05968987606923326,5,open_exit
DXC,2017-04-13,2017-05-19,62.023211266226745,63.91771819916615,0.030545128094181973,24,open_exit
SBAC,2017-05-18,2017-06-09,121.43499431190288,123.30965622349792,0.015437575652863522,14,open_exit
XYZ,2017-05-05,2017-06-12,19.759874999999997,22.688650762557984,0.14821833450656885,24,open_exit
NEE,2017-05-18,2017-06-12,27.07438211023909,27.958056330999284,0.03263875855641429,15,open_exit
VEEV,2017-05-19,2017-06-12,60.009989542007446,60.60967938995362,0.009993167013075066,14,open_exit
OLED,2017-05-08,2017-06-12,104.39224477753342,109.58196139526368,0.04971362220239506,24,close_exit
AMT,2017-05-18,2017-06-12,102.39019826588958,101.64267283248903,-0.007300751888958734,16,close_exit
AVGO,2017-06-09,2017-06-13,19.8578329823222,19.018875418745473,-0.04224819316002826,1,open_exit
NYT,2017-06-12,2017-06-22,16.371871267318724,16.03301036834717,-0.02069775002738894,7,open_exit
SPGI,2017-06-12,2017-06-22,128.27179345460706,126.76448175693803,-0.011750920892849681,7,open_exit
PGR,2017-05-18,2017-06-23,31.954358611307768,34.05109537677878,0.06561661246203321,24,open_exit
LITE,2017-05-17,2017-06-27,54.427201526641845,59.320323474884034,0.08990214104333538,28,close_exit
AGNC,2017-06-12,2017-06-28,6.795947714137725,6.965138262054881,0.024895798942829783,11,open_exit
MAA,2017-06-13,2017-06-28,77.07189107280982,76.64332224245787,-0.005560637274970692,10,open_exit
VRTX,2017-06-22,2017-06-28,134.7173188934326,129.62515744018555,-0.037798862797107646,3,open_exit
ANET,2017-06-22,2017-06-28,9.879937499999999,9.6183135137558,-0.026480328063229086,3,open_exit
TSLA,2017-06-23,2017-06-28,25.509416195869445,24.433110814094544,-0.04219247408528226,2,open_exit
HR,2017-06-13,2017-06-30,15.246953690517351,14.75491001113822,-0.03227160581494726,12,open_exit
W,2017-05-09,2017-07-06,57.388680610656735,74.20287786483765,0.29298804355259245,40,close_exit
PLD,2017-05-18,2017-07-06,42.66104681264398,44.5594924030304,0.044500679946366306,33,close_exit
MDT,2017-06-13,2017-07-06,68.59341164038018,68.62993635940552,0.0005324814461311611,16,close_exit
ICE,2017-06-28,2017-07-11,58.694431685786306,58.41306456907391,-0.004793761667523433,7,open_exit
XPO,2017-06-29,2017-07-11,22.349874415397643,21.715680154800417,-0.02837574157286127,6,open_exit
DRI,2017-06-28,2017-07-14,71.70073080460418,68.70315754170555,-0.04180673236187071,10,open_exit
NTRS,2017-06-28,2017-07-20,74.6532648256984,69.31929021995067,-0.07144998438047656,14,open_exit
PKG,2017-06-29,2017-07-21,86.92836778329317,84.71983618452373,-0.025406339208797424,14,open_exit
AAL,2017-07-07,2017-07-21,50.78608913754378,50.57041901599586,-0.004246637715375701,9,open_exit
CNH,2017-07-11,2017-07-24,8.824587627038246,8.614900189344791,-0.023761726502775082,8,open_exit
STZ,2017-06-30,2017-07-25,166.98459981448022,165.99487242126466,-0.005927057910221301,16,close_exit
AVY,2017-07-07,2017-07-26,76.35390171140462,77.74837771236078,0.018263323415047772,12,open_exit
RH,2017-07-14,2017-07-27,67.53375,70.77459255981445,0.047988488123559714,8,open_exit
VRTX,2017-07-20,2017-07-28,160.01997244262694,155.22235305023193,-0.029981378693932248,5,open_exit
NYT,2017-07-21,2017-08-01,16.732836190223694,17.547298759244775,0.0486745080010369,6,open_exit
IT,2017-07-10,2017-08-02,125.69281225204467,126.74659255981446,0.008383775403614235,17,close_exit
CDNS,2017-07-26,2017-08-03,36.77837832069397,36.1619103050232,-0.016761696513516555,5,open_exit
W,2017-07-27,2017-08-03,79.67981938934325,73.80307633972168,-0.07375447252089973,4,open_exit
DDS,2017-07-28,2017-08-03,57.7807978724496,54.524104055030456,-0.05636290839403524,3,open_exit
FSLR,2017-08-01,2017-08-04,49.87492347335815,47.33632061004639,-0.05089938362848445,2,open_exit
LH,2017-06-29,2017-08-09,125.01145306791267,128.37894984249147,0.026937506059939942,27,open_exit
ALB,2017-08-03,2017-08-09,106.26383247373153,101.6114131885991,-0.043781775763475306,3,open_exit
PYPL,2017-07-11,2017-08-10,54.47567574360122,57.49307059669495,0.05538976454914657,22,close_exit
AME,2017-08-03,2017-08-11,60.642379598248475,58.95280999036696,-0.027861202332012613,5,open_exit
PPLI,2017-08-04,2017-08-11,19.73317975902557,18.13259367275238,-0.08111141264707289,4,open_exit
CACC,2017-08-09,2017-08-17,278.2590551147461,266.116875,-0.0436362443254148,5,open_exit
NVR,2017-07-24,2017-08-18,2653.9364124755857,2682.208273803711,0.010652802831004227,19,close_exit
PLNT,2017-08-11,2017-08-21,24.982484313011167,23.6581650762558,-0.05300990966961794,5,open_exit
RCL,2017-07-21,2017-09-05,104.61557866492439,108.1825226097107,0.034095724463858,31,close_exit
FAF,2017-08-17,2017-09-06,36.41049064393099,35.41629743656572,-0.02730513074069174,12,open_exit
NI,2017-08-03,2017-09-06,19.99158396498578,20.05394429969788,0.003119329354858591,23,close_exit
AEP,2017-08-21,2017-09-12,53.164510561581366,53.758427621841435,0.011171306835828565,15,close_exit
XEL,2017-08-11,2017-09-13,37.00252632067287,37.58833940546106,0.015831705103359628,21,open_exit
INSM,2017-09-06,2017-09-14,25.91294961833954,27.83607538127899,0.07421485362586377,5,open_exit
ETSY,2017-09-07,2017-09-22,16.96847908401489,16.981504771232604,0.0007676402318215203,10,open_exit
EL,2017-08-21,2017-09-22,94.19043704164942,96.36083021163941,0.023042606427553514,23,close_exit
W,2017-09-13,2017-09-25,82.30113213729858,74.29283683013917,-0.09730480127295948,7,open_exit
TTWO,2017-07-26,2017-09-25,80.98047244262695,97.57119274520875,0.20487309844155321,42,close_exit
FMC,2017-08-03,2017-09-25,58.315770623284465,59.7653599395752,0.024857586563589606,36,close_exit
STE,2017-08-09,2017-09-25,78.86209352664825,79.4574666633606,0.007549547698872283,32,close_exit
FSLR,2017-09-25,2017-09-26,51.23560408401489,47.09643893241883,-0.08078689078806911,0,open_exit
ANET,2017-09-25,2017-09-26,12.006,11.422411318778993,-0.048608086058721245,0,open_exit
ALGN,2017-09-06,2017-09-28,180.09,182.94847328948975,0.015872470928367743,16,close_exit
FAF,2017-09-13,2017-10-10,37.13910515136732,37.004690826472036,-0.0036192128040632987,18,open_exit
CORT,2017-09-26,2017-10-11,19.45972576332092,18.980504771232606,-0.024626297303304456,10,open_exit
LYV,2017-08-11,2017-10-11,39.319649236679076,42.768605915069585,0.08771585569418483,42,close_exit
AGCO,2017-09-26,2017-10-16,59.93112548870823,58.0682666944753,-0.031083327386933868,13,open_exit
ALNY,2017-09-26,2017-10-17,117.45870152664185,118.64064694976807,0.01006264676660118,15,close_exit
NRG,2017-10-16,2017-10-20,21.29841275330619,20.97422492415185,-0.015221220140172909,3,open_exit
PODD,2017-10-11,2017-10-25,59.789878320693965,59.38029484748841,-0.006850381447653708,9,open_exit
BA,2017-09-14,2017-10-25,230.45418268360433,244.83310387420656,0.06239383908402907,29,close_exit
MTCH,2017-09-22,2017-10-26,21.71411566633206,23.025926345825198,0.060412807026127835,24,close_exit
TEAM,2017-10-10,2017-10-30,39.67982984733581,46.89653816986084,0.18187346947531258,13,open_exit
SAM,2017-10-18,2017-10-30,179.8899030532837,167.16637500000002,-0.07072952865795334,7,open_exit
ABT,2017-09-29,2017-10-30,45.555447205608175,46.28671292495728,0.016052212505974106,21,close_exit
FSLR,2017-10-30,2017-11-01,57.35866683197021,55.33232061004639,-0.03532763806836581,1,open_exit
COHR,2017-11-01,2017-11-03,45.87292347335815,41.629176525115966,-0.09251093296259716,1,open_exit
THO,2017-09-26,2017-11-07,97.43862135420446,106.57949609375001,0.09381161815002548,30,close_exit
PPLI,2017-10-30,2017-11-10,22.468931488037107,22.160668959617617,-0.013719501017821711,8,open_exit
ALNY,2017-11-03,2017-11-14,133.40666633605957,129.99496755981446,-0.02557367536379962,6,open_exit
ALB,2017-11-08,2017-11-15,127.64839840440935,120.83070812443796,-0.05340991634201253,4,open_exit
NOW,2017-10-25,2017-11-15,25.356671862602234,24.651667557716372,-0.027803503105849225,15,close_exit
XYZ,2017-10-27,2017-11-28,34.707343626022336,39.870054389953616,0.14874980982585084,20,open_exit
PYPL,2017-10-26,2017-11-29,70.8818507290202,72.5847603263855,0.02402462096927316,23,close_exit
NRG,2017-11-14,2017-11-30,23.48182627287756,23.146890716766748,-0.014263607618018814,10,open_exit
RNG,2017-11-10,2017-12-01,47.27016185526452,46.725827652884824,-0.0115153868955723,13,open_exit
ALGN,2017-10-12,2017-12-04,192.88638828277587,225.68710305023194,0.17005199309019914,36,close_exit
NVR,2017-10-20,2017-12-07,3151.374948852539,3361.4883369140625,0.06667356042099293,32,open_exit
OC,2017-10-31,2017-12-07,70.86601712642411,74.63082081928955,0.053125656633828955,25,open_exit
BLDR,2017-11-16,2017-12-14,18.60930038166046,19.72013454246521,0.05969241927544355,19,close_exit
TSN,2017-11-30,2017-12-15,64.86349285882584,64.02311561202126,-0.012956089932338988,10,open_exit
CZR,2017-12-01,2017-12-15,30.515249999999998,32.03397423744202,0.04976935261687254,9,open_exit
ACN,2017-09-26,2017-12-20,119.49411524847773,132.06178946685793,0.10517400118195619,60,close_exit
NTAP,2017-12-07,2017-12-22,45.87064611913541,45.00779266488217,-0.018810579907948877,10,open_exit
CACC,2017-11-30,2017-12-26,307.10348721313477,324.77753244018555,0.057550779990930945,16,open_exit
HUBS,2017-12-15,2017-12-26,87.7438469467163,86.75660305023194,-0.011251431648351073,5,open_exit
FSLR,2017-12-07,2018-01-02,64.032,67.80607633972168,0.05894047257186541,15,open_exit
GAP,2017-11-28,2018-01-03,22.30018127086304,24.716992087364197,0.10837628569678559,24,close_exit
FCX,2017-12-21,2018-01-10,16.03932742182951,17.16653200815377,0.07027754697432864,11,open_exit
LULU,2017-12-15,2018-01-16,75.33765305328369,76.66164694976807,0.017574132493189953,19,close_exit
CF,2017-12-26,2018-01-17,33.86236037286162,33.20535273954544,-0.019402298778992688,13,open_exit
DINO,2017-11-15,2018-01-18,32.124088343940834,38.757569986343384,0.20649556094418298,42,close_exit
BA,2017-12-05,2018-01-22,266.02747995811455,319.3692356466682,0.20051220158516014,30,open_exit
TXN,2017-12-15,2018-01-24,79.62732324241692,86.16100713729858,0.08205329061471223,25,close_exit
ON,2018-01-04,2018-01-26,23.18158507633209,24.397794847488406,0.052464478470803044,14,open_exit
CAT,2018-01-22,2018-01-30,142.86412631046807,134.35012566023556,-0.05959509129485829,5,open_exit
MTDR,2017-12-22,2018-01-30,27.73071379907135,29.66002066421509,0.06957292477658283,24,close_exit
XPO,2017-12-26,2018-01-30,30.792930885314938,32.50784301948548,0.055691747581857465,23,close_exit
ABBV,2018-01-17,2018-01-31,72.02078536691495,81.17643290309134,0.12712507215149493,9,open_exit
UNH,2018-01-17,2018-01-31,203.8241152784695,210.70936563381696,0.03378035197621565,9,open_exit
RL,2018-01-19,2018-02-01,93.9650415421098,91.93887992630488,-0.021562930027513638,8,open_exit
GWW,2018-01-25,2018-02-01,245.32452714814173,237.97657796295482,-0.029951954949656412,4,open_exit
SRPT,2018-01-26,2018-02-05,67.87391633605957,62.46875,-0.07963539792366381,5,open_exit
ON,2018-01-30,2018-02-05,25.092539923667907,23.478254771232606,-0.06433327026064295,3,open_exit
ALLY,2018-01-31,2018-02-05,23.84910134558256,22.217235723079767,-0.06842461687995871,2,open_exit
STX,2018-02-01,2018-02-05,39.753702786710036,37.202824826673655,-0.06416705316037019,1,open_exit
IBKR,2018-01-10,2018-02-05,14.836547317488368,14.743444749832154,-0.006275217923948584,17,close_exit
TKO,2018-01-31,2018-02-06,31.896767556043855,30.277952566785714,-0.05075169408354063,3,open_exit
LHX,2018-01-31,2018-02-06,134.33275352841693,123.38480988949838,-0.08149869150566169,3,open_exit
CXT,2018-01-31,2018-02-06,30.177025795285495,27.741144529631626,-0.08071972639644365,3,open_exit
ROP,2018-02-05,2018-02-06,271.0489158588837,248.21072488004035,-0.08425855866818366,0,open_exit
MTCH,2018-01-03,2018-02-06,30.143766326640943,30.378512328147888,0.007787547148661256,23,close_exit
CZR,2018-02-01,2018-02-09,34.46722576332092,32.333823474884035,-0.06189654784189769,5,open_exit
MTCH,2018-02-08,2018-02-09,33.14259857757199,31.054402929785855,-0.06300639471279246,0,open_exit
NOW,2018-02-08,2018-02-09,30.61530038166046,28.413785496711732,-0.07190897549604014,0,open_exit
PPLI,2018-02-08,2018-02-09,26.896202382087704,24.372090924263002,-0.09384638849630711,0,open_exit
BG,2018-02-07,2018-02-15,63.91797316065598,59.37277139907935,-0.07110991692668978,5,open_exit
ANET,2018-02-13,2018-02-20,17.82140625,15.49225,-0.13069430197182108,3,open_exit
WING,2018-02-13,2018-02-21,38.62982202196725,37.460173819129324,-0.030278374106222694,4,open_exit
VIRT,2018-02-21,2018-02-23,21.90258845341028,20.76323935539951,-0.052018924632324604,1,open_exit
EL,2018-02-20,2018-03-01,126.5726176627795,124.54828372950584,-0.01599345870105162,6,open_exit
LPLA,2018-02-05,2018-03-01,57.97559753385499,58.76651573944092,0.01364226052390527,17,close_exit
MTCH,2018-02-13,2018-03-02,34.69687210232415,35.54815477987705,0.02453485360416341,11,open_exit
DECK,2018-02-05,2018-03-05,15.592792538166046,15.773775922298432,0.011606861547692526,19,close_exit
P,2018-02-23,2018-03-06,22.231109313011167,20.959514313697817,-0.0571989000373061,6,open_exit
CME,2018-02-13,2018-03-13,117.43676392250143,122.11336650848389,0.0398223046155175,19,close_exit
CRM,2018-03-02,2018-03-22,116.69052561795334,118.2932670303262,0.013734974659556087,13,open_exit
MSI,2018-02-05,2018-03-22,92.21524926033497,95.82655158615113,0.039161660948516364,32,close_exit
HUBS,2018-02-15,2018-03-23,103.5017219467163,111.54419847488404,0.07770379445772013,25,close_exit
FTNT,2018-02-07,2018-03-26,9.340668442726134,10.766614312648773,0.15265993849006243,31,open_exit
TPR,2018-02-07,2018-03-26,39.1449788561432,41.98326874822335,0.07250712543518789,31,open_exit
ETSY,2018-03-01,2018-03-26,25.58278469467163,27.486250000000002,0.07440414826009234,16,open_exit
XYZ,2018-03-06,2018-03-26,49.574774236679076,53.02347423744202,0.06956562190880011,13,open_exit
JLL,2018-03-14,2018-03-26,171.93046187124742,168.08167053524264,-0.022385744178870404,7,open_exit
TWLO,2018-03-02,2018-03-27,34.707343626022336,38.710634542465215,0.11534420379672472,17,close_exit
NFLX,2018-04-18,2018-04-24,33.646816068649294,31.906039884567264,-0.05173672838851495,3,open_exit
VIRT,2018-03-06,2018-04-24,23.28309107898022,25.549459480285645,0.09733966996123988,34,close_exit
ADBE,2018-04-18,2018-04-25,231.8158469467163,218.05092366027833,-0.0593786985132293,4,open_exit
PAYC,2018-04-18,2018-04-25,113.8770182488185,107.71260418219879,-0.05413220473643432,4,open_exit
FIVE,2018-04-18,2018-04-25,77.20858316802978,72.74360877990723,-0.057830026208425256,4,open_exit
RNG,2018-04-18,2018-04-26,68.86516561553478,65.46586597219466,-0.0493616709254423,5,open_exit
MPC,2018-03-22,2018-04-30,56.236050563417066,58.151600419998175,0.0340626668727555,26,close_exit
PLNT,2018-04-18,2018-05-09,40.92045152664184,38.67065362739563,-0.05497979165213873,15,close_exit
FTNT,2018-05-10,2018-05-18,11.7878905878067,11.65816755771637,-0.011004770456939483,5,open_exit
CPRT,2018-04-18,2018-05-21,12.848920982837676,13.628182728767396,0.060648030054086366,22,open_exit
TWLO,2018-05-21,2018-05-24,55.70784030532837,52.47375,-0.0580544908508871,2,open_exit
WEX,2018-05-10,2018-05-29,172.43618110656737,176.07192366027834,0.02108456897142741,11,open_exit
IBKR,2018-04-18,2018-05-29,17.82735398057047,17.593387016296386,-0.013124043227563664,28,close_exit
DINO,2018-05-31,2018-06-07,59.72677826945743,59.17408387777705,-0.009253711780449536,4,open_exit
AXON,2018-05-10,2018-06-08,54.46721862602234,63.12841984748841,0.15901677082016596,19,open_exit
VLO,2018-05-10,2018-06-08,83.52714013375115,87.06342588043213,0.04233696665560882,20,close_exit
PEN,2018-05-10,2018-06-13,152.37615305328367,159.27033110046386,0.04524446843574936,23,close_exit
UA,2018-06-11,2018-06-20,22.451220534324644,21.059464694976807,-0.06199020838176905,6,open_exit
ADBE,2018-06-07,2018-06-22,253.36662549591063,247.9859456100464,-0.021236735009327656,10,open_exit
P,2018-06-08,2018-06-22,23.921954847335815,24.187900762557984,0.01111723171953849,9,open_exit
VKTX,2018-06-14,2018-06-22,11.245619771003723,10.72463454246521,-0.046327836006144096,5,open_exit
GDDY,2018-05-10,2018-06-25,68.63429847335816,70.53471469497681,0.027689016481407425,31,close_exit
AKAM,2018-05-10,2018-06-25,77.36866683197022,77.61117652511597,0.0031344690696613053,31,close_exit
DECK,2018-05-29,2018-06-25,17.767212372779845,19.33366062450409,0.0881651110403856,19,close_exit
NFLX,2018-05-24,2018-06-26,34.451215106964106,39.30833511543274,0.14098544836193017,21,open_exit
AMZN,2018-06-20,2018-06-26,87.1685625,83.57669050598145,-0.04120604827019547,3,open_exit
SRPT,2018-05-10,2018-06-27,90.54525,136.13189694976808,0.5034681217376735,32,open_exit
TXRH,2018-06-22,2018-07-02,60.00726090332599,57.38587374315748,-0.04368449952067743,5,open_exit
NYT,2018-06-22,2018-07-05,24.781595385082543,24.060102022537233,-0.02911408048327746,7,open_exit
AES,2018-06-27,2018-07-05,9.699462515541239,9.542392051409596,-0.016193728660734763,4,open_exit
RGLD,2018-07-05,2018-07-09,89.57430518286374,84.64579295916373,-0.055021495434863565,1,open_exit
FE,2018-06-26,2018-07-10,25.859140532668796,25.090094929766536,-0.02973979749755007,8,open_exit
EXC,2018-06-26,2018-07-10,22.649788402833206,22.38442171875263,-0.011716077844125983,8,open_exit
EXR,2018-06-26,2018-07-13,74.05130122891744,73.14872380953528,-0.01218854232678479,11,open_exit
NFLX,2018-07-10,2018-07-16,41.744861022949216,39.87804981040955,-0.04471954551515667,3,open_exit
CZR,2018-07-16,2018-07-19,46.52325,43.728125000000006,-0.06008017496628015,2,open_exit
FIVE,2018-07-19,2018-07-23,106.45320152664183,102.53870133972168,-0.03677202874861851,1,open_exit
NTAP,2018-07-02,2018-07-24,62.91421555581514,63.71329038238526,0.012701021851909022,15,close_exit
MSGS,2018-07-09,2018-07-25,224.94956114115453,213.24333686911385,-0.052039329228542486,11,open_exit
SAM,2018-06-22,2018-07-26,295.1475,311.54416220092776,0.05555412870150622,23,close_exit
MA,2018-07-25,2018-07-27,200.80132924349437,202.2150122372223,0.007040207348496752,1,open_exit
IDXX,2018-07-10,2018-07-30,236.9984448852539,240.51967938995364,0.014857627046475308,13,open_exit
LYV,2018-07-25,2018-07-30,51.665819389343255,50.204884542465216,-0.02827662203261938,2,open_exit
TKO,2018-05-18,2018-07-30,45.554530810830805,71.1472622718811,0.5618043036668814,49,close_exit
USFD,2018-06-27,2018-07-30,38.28913545799255,33.493243322372436,-0.1252546467360628,22,close_exit
KDP,2018-07-06,2018-07-31,16.40753243074529,19.679179343398733,0.19939908249231064,16,open_exit
PLNT,2018-07-13,2018-07-31,47.52375,48.05596183013916,0.01119886015180116,11,open_exit
CMG,2018-07-30,2018-08-01,9.407701377868651,8.695649809360505,-0.07568815589568212,1,open_exit
KKR,2018-06-27,2018-08-03,22.806817442271388,24.71034778417348,0.08346321650183364,25,open_exit
WAB,2018-08-01,2018-08-13,104.75783052954355,106.396690732343,0.015644273984246615,7,open_exit
FCN,2018-07-27,2018-08-16,75.97797244262695,76.45175286483764,0.0062357602733931206,13,open_exit
PSX,2018-07-31,2018-08-16,89.63002134000581,84.55216511127526,-0.05665352024706127,11,open_exit
ILMN,2018-08-01,2018-08-20,315.4689349365234,317.0009661254883,0.004856361496491379,12,open_exit
CMS,2018-08-16,2018-08-28,38.952127963493716,38.44806243722843,-0.01294064156745689,7,open_exit
MRK,2018-07-31,2018-08-29,48.48519492315191,51.03395346518914,0.05256776931756102,20,open_exit
BPOP,2018-07-23,2018-08-29,38.71004341440415,40.111587005615235,0.036206200447958414,27,close_exit
TEAM,2018-07-30,2018-09-06,73.03649999999999,87.93601335525513,0.2040009222136212,26,open_exit
ALGN,2018-08-28,2018-09-07,382.75127755737304,368.57562976074223,-0.03703618675578668,6,open_exit
FIX,2018-08-20,2018-09-13,53.59370592097096,54.20938534927368,0.011487905486711414,17,close_exit
TREX,2018-08-01,2018-09-17,38.88943393135071,41.98399856758118,0.07957340396605228,32,close_exit
DXCM,2018-08-03,2018-09-17,29.86492538166046,34.46525691986084,0.15403793846494485,30,close_exit
RARE,2018-09-06,2018-09-18,87.34365305328369,82.83855725479127,-0.051578971579584576,7,open_exit
TTD,2018-08-13,2018-09-21,12.807400141239166,14.178906870365143,0.10708705232920757,28,close_exit
SNA,2018-09-18,2018-09-26,152.90150461214725,150.00403893952085,-0.018949883325060535,5,open_exit
TTD,2018-09-26,2018-10-02,15.32866059923172,14.14392452287674,-0.07728894959122257,3,open_exit
AMD,2018-07-27,2018-10-02,19.07953469467163,29.00549045753479,0.520240976612244,46,close_exit
MOH,2018-09-07,2018-10-02,141.25058267211912,146.42675,0.036645281243874006,17,close_exit
TKO,2018-08-30,2018-10-03,78.16789316649493,83.79866259522011,0.07203429951389162,22,open_exit
UI,2018-08-29,2018-10-04,82.82778809208085,88.13397340774537,0.06406286389980087,25,close_exit
BSX,2018-08-16,2018-10-05,35.0175,38.040971372604375,0.0863417254973764,34,open_exit
TEAM,2018-09-14,2018-10-05,93.62679183197021,86.05694847488404,-0.08085125217866684,14,open_exit
WST,2018-09-24,2018-10-05,119.25766167710536,116.43609618251807,-0.023659406489343948,8,open_exit
ROKU,2018-10-02,2018-10-05,75.05750664138793,66.56669847488403,-0.11312403710759455,2,open_exit
COP,2018-09-18,2018-10-10,57.61477661789626,57.81899169158936,0.0035444912864535105,16,close_exit
CF,2018-10-03,2018-10-11,46.15801577241784,41.84549247091475,-0.09342956427689597,5,open_exit
EOG,2018-10-03,2018-10-11,95.56213359901524,91.88762372926334,-0.03845152605288593,5,open_exit
HPQ,2018-10-05,2018-10-11,19.956289655402408,18.266759480743872,-0.08466153798289655,3,open_exit
ATO,2018-09-18,2018-10-11,78.84332482414099,77.49440602111817,-0.017108852347761494,17,close_exit
MKC,2018-10-03,2018-10-12,57.17295310990398,56.697210620774484,-0.008321111001822312,6,open_exit
VZ,2018-10-05,2018-10-12,35.340037816171524,34.892027154711194,-0.012677141541012182,4,open_exit
CME,2018-10-05,2018-10-12,135.29559718129553,131.77666582692515,-0.026009208190677646,4,open_exit
SCI,2018-10-08,2018-10-12,39.21137603413627,38.08970232523273,-0.02860582367543152,3,open_exit
TWLO,2018-11-08,2018-11-13,94.69732652664185,84.08793225479127,-0.11203478135009193,2,open_exit
PLNT,2018-11-08,2018-11-13,55.59778469467163,51.1544103050232,-0.07991998987100424,2,open_exit
HUM,2018-11-08,2018-11-14,329.41972508253065,311.11635088501123,-0.055562471837209526,3,open_exit
CRL,2018-11-08,2018-11-15,136.42818061065674,127.78607347488403,-0.06334546936776819,4,open_exit
HCA,2018-11-08,2018-11-16,132.38517204513016,129.13117359080059,-0.024579780379182403,5,open_exit
LW,2018-10-05,2018-11-21,64.2560188147845,70.67529519340297,0.09990155781549115,32,open_exit
LAMR,2018-11-08,2018-11-21,54.16126606326779,51.23849757385255,-0.053964183296621004,8,open_exit
UAL,2018-11-08,2018-12-04,92.13604133605956,91.89403244018555,-0.0026266474266166684,17,close_exit
ELV,2018-11-08,2018-12-07,260.2058996392961,252.9590132522583,-0.02785058446823685,19,close_exit
MRK,2018-11-08,2018-12-10,56.33023538288653,58.197557026179055,0.033149544478201065,19,open_exit
TWLO,2019-02-01,2019-02-14,111.36565255737304,105.41726622009278,-0.05341311437308538,8,open_exit
YUM,2019-02-01,2019-02-25,82.32783283968841,81.7489076499939,-0.007031949824572892,15,close_exit
PG,2019-02-01,2019-02-28,79.60820300165292,81.34454602813722,0.021811106908772304,18,close_exit
WDAY,2019-02-01,2019-03-01,180.76033316802977,189.04542938995363,0.04583470320461425,19,close_exit
TEAM,2019-02-01,2019-03-04,98.2591040840149,104.65764408493042,0.0651190549777918,20,close_exit
NOW,2019-02-01,2019-03-06,43.73785760307312,46.598690647125245,0.06540862312037699,22,close_exit
TDC,2019-02-01,2019-03-07,44.452215305328366,47.55621183013916,0.06982771282579314,22,open_exit
ETSY,2019-02-26,2019-03-08,65.25261122131347,63.968,-0.019686740457887986,7,open_exit
LLY,2019-02-01,2019-03-11,109.14957913942989,112.52899635696411,0.03096133988036076,25,close_exit
DLTR,2019-03-08,2019-03-18,102.47120816802978,100.35979866027833,-0.020604904982570393,5,open_exit
PGR,2019-02-14,2019-03-19,57.58566157512501,59.238161664962774,0.028696381089274192,22,close_exit
EXC,2019-02-01,2019-03-20,26.141256822919473,27.17415373773726,0.03951213676582643,31,open_exit
LSCC,2019-03-04,2019-03-25,12.496244771003722,12.2038950381279,-0.02339500691873375,14,open_exit
KEYS,2019-03-18,2019-03-25,86.02299335861206,84.70762500000001,-0.015290892670155598,4,open_exit
AWK,2019-03-05,2019-03-29,88.48092267723081,90.6936895864271,0.0250084068095473,17,open_exit
SO,2019-03-25,2019-03-29,39.31681673014113,38.877192082115705,-0.011181593134634293,3,open_exit
AES,2019-03-07,2019-04-01,13.42739004487385,13.565373687267304,0.01027628168484851,17,close_exit
ED,2019-03-07,2019-04-01,64.49655872277671,65.01813385009766,0.008086867542232978,17,close_exit
AMT,2019-03-20,2019-04-02,155.45736732392726,157.52202966873446,0.013281212594479674,8,open_exit
ETR,2019-03-25,2019-04-02,37.22761565516097,36.602964186173885,-0.01677924997327851,5,open_exit
ZS,2019-03-29,2019-04-05,71.42569438934326,63.468250000000005,-0.11140870883196496,4,open_exit
BALL,2019-02-01,2019-04-09,48.11991821919854,53.004810630798346,0.10151497742261051,46,close_exit
VTR,2019-03-29,2019-04-10,48.80081754920475,47.18767757994784,-0.03305559312875084,7,open_exit
SUI,2019-04-02,2019-04-17,95.67271569831904,93.57607721622912,-0.02191469602160312,10,open_exit
FR,2019-04-02,2019-04-17,29.28679732791845,28.820724364568576,-0.015914098019368494,10,open_exit
IONS,2019-03-12,2019-04-17,74.03699999999999,72.63366316986084,-0.018954533951121122,26,close_exit
CDNS,2019-03-20,2019-04-18,61.34065637397766,63.33831393241883,0.032566615300983814,21,close_exit
AZO,2019-03-01,2019-04-22,945.8627096557617,1034.6823511962891,0.09390331242982675,35,close_exit
NXST,2019-04-11,2019-04-23,93.3955746115542,91.97568433706823,-0.015202971665322473,6,open_exit
NVR,2019-04-23,2019-04-29,3283.290727294922,3126.0062833251955,-0.04790451319530631,3,open_exit
MPWR,2019-04-17,2019-05-06,147.35607844613497,128.40493605777394,-0.12860780897673318,11,open_exit
CHD,2019-04-02,2019-05-07,65.95229664940214,66.79371961212159,0.012758054009739617,24,close_exit
VRSN,2019-04-02,2019-05-08,183.25296659839577,189.49901330202664,0.03408428698084465,24,open_exit
DECK,2019-04-18,2019-05-08,25.40269438934326,25.235708810806276,-0.006573538065593354,12,open_exit
MKTX,2019-04-22,2019-05-08,244.84994901840545,260.23293501383256,0.06282617601962737,11,open_exit
COLD,2019-04-23,2019-05-09,24.40853888162104,23.712598114791675,-0.028512184617219827,11,open_exit
LULU,2019-04-05,2019-05-09,172.12601328277586,173.62315171051026,0.00869792078013698,23,close_exit
OKTA,2019-04-10,2019-05-13,91.84590305328369,100.00996755981446,0.08888871724408265,22,close_exit
PCTY,2019-04-29,2019-05-14,96.59827805328369,93.73310877990723,-0.02966066612280638,10,open_exit
LPLA,2019-05-08,2019-05-14,79.42547485329912,75.96318751248758,-0.043591647984560056,3,open_exit
TEAM,2019-05-09,2019-05-14,116.21808366394042,121.53919847488405,0.045785601028582645,2,open_exit
PAYC,2019-05-10,2019-05-14,201.7620428809621,194.5744390657759,-0.035624162565735085,1,open_exit
PPC,2019-04-17,2019-05-21,20.71444973797341,23.191557752609253,0.11958357793568841,23,close_exit
PLNT,2019-05-09,2019-05-22,76.44820866394042,76.06194847488403,-0.005052573445564312,8,open_exit
MTCH,2019-05-09,2019-05-24,64.7936995858361,66.81139629666389,0.03114032265058153,10,open_exit
SUI,2019-05-14,2019-05-30,99.71884568607557,98.05034903962512,-0.016732009230261635,10,open_exit
WEC,2019-05-14,2019-05-30,63.77653631531382,64.1600802820635,0.006013872638887641,10,open_exit
XEL,2019-05-14,2019-05-30,46.373827923933646,45.99032158582893,-0.008269887461819558,10,open_exit
PAYC,2019-05-22,2019-06-04,207.56517985031917,193.97035278335565,-0.06549666508017926,7,open_exit
EXR,2019-05-14,2019-06-24,81.99444233415556,82.18167455673218,0.002283474553233411,28,close_exit
ENPH,2019-05-06,2019-06-25,13.506749999999998,17.4112900762558,0.28908065050850884,34,open_exit
VEEV,2019-05-31,2019-06-25,152.47619389343262,164.28781011962892,0.07746531392599931,16,open_exit
OKTA,2019-06-05,2019-06-25,115.15754847335815,125.76708683013916,0.09213063752599382,13,open_exit
EG,2019-05-08,2019-06-26,211.97050024544907,209.38330834197998,-0.012205433777215613,34,close_exit
CPRT,2019-05-24,2019-06-26,17.66382818698883,18.338326097488405,0.03818526218435547,22,close_exit
SBAC,2019-05-31,2019-06-26,193.67550566626818,203.7084585876465,0.05180290035574564,18,close_exit
GLOB,2019-05-22,2019-06-27,87.76386122131348,98.31082061004639,0.12017428634021377,24,open_exit
CSL,2019-06-25,2019-07-09,130.273453649727,125.9759368484678,-0.0329884307267555,8,open_exit
AGCO,2019-06-25,2019-07-10,63.96163701247699,62.34567158579935,-0.02526460394317942,9,open_exit
ACM,2019-06-27,2019-07-11,35.25557476384685,35.115456559600204,-0.003974355975904675,8,open_exit
IEX,2019-06-27,2019-07-11,154.12482350137,153.8338395326463,-0.0018879760061566442,8,open_exit
ALLY,2019-06-27,2019-07-18,24.16116724213413,25.455760561064185,0.05358157186513912,13,open_exit
CMG,2019-07-09,2019-07-23,14.983688203811644,14.9125400762558,-0.004748372135623069,9,open_exit
WING,2019-05-14,2019-07-23,71.82895334429101,84.75141870498658,0.17990607908144685,48,close_exit
ERIE,2019-05-31,2019-07-26,179.10801662134773,204.3044739074707,0.1406774401359756,39,close_exit
TTEK,2019-06-25,2019-07-26,14.483688671419563,15.614534751415254,0.07807721538693202,22,close_exit
SAM,2019-06-25,2019-07-30,350.8553326721191,386.4966574401856,0.10158410447012911,24,close_exit
HEI-A,2019-06-28,2019-07-30,102.9633834055027,105.82025523757935,0.02774648362928578,21,close_exit
IDXX,2019-07-11,2019-08-01,283.21154232788086,268.3757547607422,-0.05238412052416597,14,open_exit
MRVL,2019-07-18,2019-08-01,25.2623609111444,25.49828093530704,0.009338795569917124,9,open_exit
WWD,2019-07-24,2019-08-01,113.28583397107919,107.34530391630884,-0.052438419231542355,5,open_exit
BX,2019-07-23,2019-08-02,37.08375685145037,36.3138056893193,-0.020762490845124604,7,open_exit
INSP,2019-07-11,2019-08-02,67.54375713729858,65.68714122009278,-0.02748760205079781,16,close_exit
PODD,2019-07-29,2019-08-05,123.94193725204467,117.8710353050232,-0.048981822308262424,4,open_exit
TEAM,2019-07-29,2019-08-06,144.072,134.9325,-0.06343703148425783,5,open_exit
RNG,2019-07-31,2019-08-06,139.33252386700937,132.50251254979514,-0.0490195047620996,3,open_exit
CDW,2019-08-01,2019-08-06,108.47498624948365,98.7918881635496,-0.08926572310102632,2,open_exit
MCO,2019-08-01,2019-08-06,200.76596024686714,192.2088091881805,-0.042622519515581825,2,open_exit
RGEN,2019-08-02,2019-08-06,95.05750713729857,88.16589408493043,-0.0724994086202374,1,open_exit
FICO,2019-08-09,2019-08-14,366.4631387786865,331.4541851196289,-0.09553199204627272,2,open_exit
SMG,2019-08-01,2019-08-22,87.93991071526429,84.66447184371948,-0.03724632928216365,15,close_exit
OLED,2019-08-09,2019-08-28,201.9792373609116,188.94459241583053,-0.0645345784814001,12,open_exit
ENPH,2019-07-31,2019-08-29,26.32315446567535,31.13442461872101,0.18277711204101377,21,close_exit
LSCC,2019-07-10,2019-09-03,15.60780038166046,18.53073091506958,0.18727370045324476,38,close_exit
SAM,2019-08-09,2019-09-03,406.953375,410.8944561004639,0.009684355364945496,16,close_exit
PODD,2019-08-09,2019-09-05,145.67280610656738,158.21084828948975,0.08606988852641528,17,open_exit
BALL,2019-08-14,2019-09-05,72.26221685341913,72.69429415512086,0.005979297626284685,15,close_exit
SBAC,2019-08-05,2019-09-09,224.4859400946609,238.91400634735922,0.06427158086878104,23,open_exit
RGLD,2019-09-04,2019-09-09,125.94477955679454,120.2938622078981,-0.04486821421882092,2,open_exit
HEI,2019-08-30,2019-09-10,145.68566635295647,130.9027505159222,-0.1014713129102166,5,open_exit
HEI-A,2019-08-30,2019-09-10,110.38511822134716,100.96973438935773,-0.0852957716012901,5,open_exit
WST,2019-09-05,2019-09-10,146.5774543511567,142.0177274702401,-0.031107968828499533,2,open_exit
FICO,2019-09-09,2019-09-10,370.2049990081787,344.24780342102054,-0.07011573494874579,0,open_exit
ROKU,2019-08-09,2019-09-10,121.80086786270141,144.06792938995363,0.1828152944883159,21,close_exit
SNPS,2019-08-23,2019-09-11,137.53873622131346,134.75259732055665,-0.02025712157390802,11,open_exit
LULU,2019-09-09,2019-09-11,203.61174950408935,192.9234942703247,-0.05249331268847024,1,open_exit
LSCC,2019-09-10,2019-09-11,20.78038545799255,19.300344466209413,-0.07122298066968169,0,open_exit
LAD,2019-09-11,2019-09-16,129.9873009637369,121.73766796916054,-0.0634649149064016,2,open_exit
CHH,2019-09-11,2019-09-20,88.48471244630832,87.0635146650624,-0.016061506467665687,6,open_exit
MTZ,2019-08-05,2019-09-20,57.028499999999994,63.13841316986084,0.1071378901752782,33,close_exit
GNRC,2019-09-06,2019-09-23,80.5802709159851,79.38028816986085,-0.014891768574163522,10,open_exit
NVR,2019-09-10,2019-09-24,3754.8765,3502.0181345214846,-0.06734132679956728,9,open_exit
UHS,2019-09-11,2019-09-24,149.84915799907984,145.51607851009476,-0.028916275185287943,8,open_exit
FSLR,2019-09-24,2019-09-27,67.8238959159851,62.43876622009277,-0.07939870783245784,2,open_exit
APO,2019-09-10,2019-09-30,33.96557758650133,32.343161562827255,-0.047766478268835955,13,open_exit
SAIA,2019-09-10,2019-10-01,93.54674999999999,91.89403244018555,-0.01766728998938427,15,close_exit
MEDP,2019-09-16,2019-10-02,86.0329928627014,82.35880152511596,-0.04270677115056343,11,open_exit
MLM,2019-09-04,2019-10-02,251.348890006161,249.16934409332276,-0.008671396610443804,20,close_exit
CPB,2019-09-11,2019-10-02,35.502470062007795,35.67566139411927,0.0048782896460155545,15,close_exit
RNR,2019-09-23,2019-10-03,180.3456012313168,178.06620730733667,-0.01263903254871468,7,open_exit
OC,2019-09-23,2019-10-03,53.612883627535474,53.62134638962424,0.0001578494107417061,7,open_exit
EQIX,2019-09-24,2019-10-03,513.4386276381672,496.1423322777241,-0.03368717199951732,6,open_exit
TFC,2019-09-30,2019-10-03,39.60858116419183,37.427539915421185,-0.055064866871384455,2,open_exit
CB,2019-10-07,2019-10-09,145.29748513473092,140.4632727501235,-0.03327113597406561,1,open_exit
NTRA,2019-10-07,2019-10-10,35.87793061065673,33.983000000000004,-0.052816050937282366,2,open_exit
NOC,2019-09-27,2019-10-14,341.49362646414943,324.9346833979504,-0.04848975729840577,10,open_exit
DUK,2019-10-07,2019-10-15,74.14764312177047,72.84088155749707,-0.01762377749657318,5,open_exit
RNG,2019-10-07,2019-10-21,170.27209789584302,161.79068693010842,-0.049810926573082726,9,open_exit
FCN,2019-10-21,2019-10-24,112.71633366394042,113.71311164474488,0.008843243462622885,2,open_exit
PEP,2019-10-07,2019-10-28,113.04472650381237,110.72643891906739,-0.020507702185177057,15,close_exit
PHM,2019-09-20,2019-10-29,33.317344472405914,36.62456906921435,0.09926435162164693,26,open_exit
BLDR,2019-10-10,2019-10-31,20.890439160346983,22.188900762557985,0.0621557829514503,14,open_exit
CHDN,2019-10-14,2019-11-04,63.69380846487872,60.6110443687439,-0.04839974513118783,15,close_exit
REXR,2019-10-29,2019-11-06,39.195306173497805,38.319343879202755,-0.02234865293353261,5,open_exit
BRX,2019-10-07,2019-11-08,14.709737402054019,15.960080155711667,0.0850010247962043,23,open_exit
T,2019-10-29,2019-11-19,18.37159953812491,18.119588246345522,-0.0137174387704464,15,close_exit
SITE,2019-10-31,2019-11-21,87.93394438934325,86.65664694976807,-0.014525647046147672,15,close_exit
ODFL,2019-11-05,2019-11-25,61.83098852505381,61.27499492462129,-0.00899215124479591,13,open_exit
LAD,2019-10-24,2019-11-29,147.38757384694472,153.32680166625977,0.040296665887740835,25,close_exit
MUSA,2019-11-06,2019-11-29,116.3804252227404,113.87102215194703,-0.021562071679929184,16,close_exit
ACM,2019-10-15,2019-12-02,37.69884820236903,40.664525424957276,0.07866758174330335,33,close_exit
AAPL,2019-10-07,2019-12-03,54.35709782116857,62.45260664749146,0.14893195462635989,40,close_exit
EW,2019-10-07,2019-12-06,75.9646295928955,79.62017366027833,0.048121659869512445,43,close_exit
DXCM,2019-11-08,2019-12-10,48.54926402664184,53.85555844497681,0.10929711345208215,21,close_exit
LITE,2019-12-03,2019-12-11,72.00598622131348,68.69563835525513,-0.04597323139056597,5,open_exit
REXR,2019-12-04,2019-12-13,39.581261173407405,37.31850139774705,-0.057167450166559775,6,open_exit
ALNY,2019-11-20,2019-12-17,98.02899335861206,116.49172805023194,0.18833953159224093,18,close_exit
TDY,2019-11-25,2019-12-17,351.1755,344.12783779907227,-0.020068775301602004,15,close_exit
GEN,2019-12-11,2019-12-23,13.226931463044814,12.856855682694432,-0.027978959548127236,7,open_exit
LW,2019-12-03,2020-01-02,74.45920150773576,74.50881612777711,0.0006663329586766853,20,close_exit
TGT,2019-12-18,2020-01-03,107.57013033023038,104.24318758035052,-0.030928127907500436,9,open_exit
SNX,2019-12-11,2020-01-06,58.50822137492646,58.90991095542908,0.006865523700140486,16,close_exit
GNRC,2019-10-10,2020-01-07,84.31213164138794,102.84855152511597,0.21985471749867003,60,close_exit
DOCU,2019-11-22,2020-01-13,70.33515305328369,74.11292652511597,0.05371102937631145,33,close_exit
LITE,2019-12-13,2020-01-15,74.31713877868651,79.98998377990723,0.07633293065969915,20,open_exit
TSLA,2020-01-14,2020-01-17,36.302142396926875,33.82374739074707,-0.06827131520451557,2,open_exit
CROX,2019-12-23,2020-01-17,40.50023954200744,41.55921183013916,0.026147309253154782,17,close_exit
CRUS,2019-12-09,2020-01-21,73.81688877868652,82.708625,0.12045666470680128,28,close_exit
STT,2019-12-03,2020-01-22,60.10329980913408,65.56533783340454,0.09087750658642513,33,close_exit
TER,2020-01-15,2020-01-27,68.48961191069358,68.65487671729382,0.00241299084619917,6,open_exit
SWKS,2020-01-23,2020-01-27,106.44319609560227,100.43627239356681,-0.05643313919886739,1,open_exit
LRCX,2019-12-18,2020-01-27,27.014268826686067,27.301364004135134,0.010627538331352548,25,close_exit
WDC,2020-01-03,2020-01-27,47.47383420026123,49.4825858078003,0.042312815920143576,15,close_exit
AMD,2020-01-03,2020-01-28,48.05401377868652,50.00498377990723,0.04059952224190755,15,open_exit
XPO,2020-01-17,2020-01-28,32.65455611801147,31.208082000732425,-0.04429624191036563,5,open_exit
AAPL,2020-01-21,2020-01-28,76.42766742285723,75.24643467662031,-0.015455564536615007,4,open_exit
GNRC,2020-01-27,2020-02-03,104.81238213729858,104.19787500000001,-0.005862925016756115,4,open_exit
DVA,2020-01-27,2020-02-03,82.14104847335815,79.96000000000001,-0.026552479106296656,4,open_exit
PHM,2020-01-28,2020-02-03,42.458169604942256,41.929057474982514,-0.01246196279498002,3,open_exit
DHI,2020-01-28,2020-02-03,56.20006163721384,55.32427640612569,-0.015583350010211272,3,open_exit
NDSN,2020-01-28,2020-02-03,161.32344560050456,158.20945811954667,-0.01930275831492745,3,open_exit
LEN,2020-01-28,2020-02-05,59.802055445407035,57.64948579880927,-0.03599491071946237,5,open_exit
TSLA,2020-01-22,2020-02-06,38.145062450408936,46.63800051116944,0.22264842459759704,10,open_exit
INSM,2020-02-05,2020-02-12,33.30664591598511,30.974504771232606,-0.07002029416697342,4,open_exit
TOL,2020-02-06,2020-02-18,44.12048858249844,44.2344604523243,0.0025831960045672453,6,open_exit
RNG,2020-01-07,2020-02-24,175.83503523237977,224.19449450712102,0.27502743813728836,31,open_exit
NVDA,2020-02-18,2020-02-24,7.1041326045140885,6.713161526392584,-0.055034315923815136,3,open_exit
SITE,2020-01-28,2020-02-25,97.30863213729857,111.14439694976807,0.14218435208243174,18,open_exit
CHTR,2020-02-03,2020-02-25,523.1014468688965,530.574606842041,0.014286253685353634,14,open_exit
LBRDK,2020-02-03,2020-02-25,125.26859664916992,128.15686729431152,0.02305662171047196,14,open_exit
DECK,2020-02-03,2020-02-25,32.02600332069397,31.375970579147342,-0.020297029730419025,14,open_exit
KKR,2020-02-03,2020-02-25,30.752677369326996,29.886235989777198,-0.028174502308992322,14,open_exit
GEN,2020-02-03,2020-02-26,14.542394667011601,17.022519275596427,0.17054444370230248,15,open_exit
GNRC,2020-02-12,2020-02-26,110.36515255737304,107.93600286483765,-0.022010114934354896,8,open_exit
GLOB,2020-02-24,2020-02-26,127.74384030532836,115.93200286483766,-0.09246502541538215,1,open_exit
DXCM,2020-01-08,2020-02-27,57.72384719467163,68.35080963516236,0.18410003762659266,33,open_exit
ROK,2020-02-24,2020-02-28,180.71568594801926,161.34411024361054,-0.10719365949218551,3,open_exit
NNN,2020-02-25,2020-02-28,41.366197035759825,36.3320162292503,-0.12169793617135338,2,open_exit
OKTA,2020-05-21,2020-05-28,189.844875,177.85103244018555,-0.06317706790775601,3,open_exit
NVDA,2020-05-26,2020-05-28,9.114924264120862,8.365455545036342,-0.08222434957958558,1,open_exit
GNRC,2020-05-28,2020-06-01,123.0114719467163,111.75409255981445,-0.09151487425317617,1,open_exit
TWLO,2020-05-21,2020-06-05,192.9964438934326,185.45722805023195,-0.039064014295328686,9,open_exit
MOH,2020-05-27,2020-06-05,184.01195816802976,172.69360877990724,-0.06150877095600071,6,open_exit
SRPT,2020-05-28,2020-06-05,156.24808316802978,144.8075648803711,-0.0732202152864525,5,open_exit
TYL,2020-05-21,2020-06-08,359.35958267211913,354.8124952392578,-0.012653307862420582,10,open_exit
GLOB,2020-05-27,2020-06-08,144.11201328277588,138.67063549041748,-0.03775797498353828,7,open_exit
APPF,2020-05-27,2020-06-11,155.18755561065672,156.6616354904175,0.00949869900302458,10,open_exit
APO,2020-06-08,2020-06-11,46.764403242205766,41.624968737236216,-0.10990056856603081,2,open_exit
META,2020-05-21,2020-06-12,232.79305374293307,227.78471610494495,-0.021514119762004125,14,open_exit
MRVL,2020-05-21,2020-06-12,28.12036368035297,33.609328385286915,0.19519536686394123,14,open_exit
QGEN,2020-05-21,2020-06-12,42.437856812209844,42.53353832659278,0.0022546264484168965,14,open_exit
KNSL,2020-06-08,2020-06-12,158.09259101750635,153.66554468995355,-0.028002870337311192,3,open_exit
VRT,2020-06-08,2020-06-12,14.16179739947939,13.869263178747662,-0.02065657433727175,3,open_exit
CVNA,2020-06-08,2020-06-12,23.598793393135068,22.588700381278993,-0.04280273974303761,3,open_exit
FAST,2020-06-08,2020-06-12,18.1342430739848,17.731385678111387,-0.022215285977463584,3,open_exit
TSLA,2020-06-11,2020-06-15,66.04634284973145,61.155407823562626,-0.07405307871923605,1,open_exit
THO,2020-06-16,2020-06-25,104.65625815212219,96.68007838615756,-0.07621311813356568,6,open_exit
SRPT,2020-06-17,2020-07-01,161.79086171722412,160.21985305023193,-0.009710119906141346,9,open_exit
ADSK,2020-06-17,2020-07-13,242.41113828277585,231.7440706100464,-0.044004032769674795,17,close_exit
DOCU,2020-06-11,2020-07-14,145.0725,190.9045,0.31592479622257863,21,open_exit
EA,2020-06-16,2020-07-14,123.44561961697093,130.17365861329267,0.05450204727553398,18,open_exit
CRWD,2020-06-17,2020-07-14,25.422704847335815,26.771607347488406,0.05305896867594506,17,open_exit
LLY,2020-06-17,2020-07-14,153.8570222146518,152.43976412523355,-0.009211526838475925,17,open_exit
ADBE,2020-06-17,2020-07-14,414.207,435.52212023925784,0.051460067645544116,17,open_exit
ZM,2020-06-01,2020-07-15,183.27158267211914,256.0918912200928,0.39733551424746727,31,close_exit
MRNA,2020-07-16,2020-07-21,80.20008366394042,80.86954866027833,0.008347435136640824,2,open_exit
AAPL,2020-07-15,2020-07-24,95.89280157085689,88.05259012317214,-0.08176016676175091,6,open_exit
TSLA,2020-07-01,2020-07-27,72.2360969467163,95.6188307914734,0.3236987438843071,16,open_exit
TWLO,2020-07-21,2020-07-27,263.6817627868652,251.87400000000002,-0.04478035440171657,3,open_exit
DGX,2020-07-15,2020-07-28,110.25197461266029,110.53335409498989,0.0025521491412570096,8,open_exit
AU,2020-07-27,2020-07-31,31.468393468420988,28.008997589123958,-0.10993239558824597,3,open_exit
QGEN,2020-07-15,2020-08-03,46.11093469124759,49.191730688171,0.06681269893035102,12,open_exit
KNX,2020-07-24,2020-08-04,42.619682987926936,40.48619696462547,-0.05005870231146081,6,open_exit
ADT,2020-08-04,2020-08-05,11.737213291411217,11.020908838655041,-0.06102849415545142,0,open_exit
SAM,2020-07-15,2020-08-11,629.504597442627,794.7224351196289,0.2624569198512643,18,open_exit
RGEN,2020-07-31,2020-08-11,152.076,147.57616889953613,-0.02958935729808687,6,open_exit
PPLI,2020-06-17,2020-08-11,52.14916564750671,65.99298797607422,0.26546584507492277,38,close_exit
CHD,2020-07-15,2020-08-12,78.73597090414324,86.84143686428152,0.10294489122393924,19,open_exit
POOL,2020-07-27,2020-08-12,284.54180698986886,295.0596206792227,0.036964036324294236,11,open_exit
NEM,2020-07-28,2020-08-12,57.149814069702316,54.21662424068007,-0.051324573435091225,10,open_exit
ENPH,2020-08-05,2020-08-12,69.02449286270141,68.6456603050232,-0.0054883787184319965,4,open_exit
ETSY,2020-08-03,2020-08-13,121.06049999999999,122.59867366027832,0.012705826097515915,7,open_exit
ROK,2020-08-11,2020-08-21,208.34112261115578,206.04119195403948,-0.011039254412624322,7,open_exit
NWSA,2020-08-11,2020-08-24,14.05551650144909,14.041466167670679,-0.0009996312676920915,8,open_exit
WSM,2020-08-24,2020-08-26,44.94036153974464,43.15149831261514,-0.03980527004767098,1,open_exit
LAD,2020-07-15,2020-08-27,166.52602289754532,245.62685912774498,0.4750058570657527,30,open_exit
WMS,2020-08-12,2020-08-28,54.25796914979859,54.44680854082158,0.003480399174204729,11,open_exit
TSCO,2020-06-25,2020-08-28,23.801234966907096,26.645930166244508,0.11951880662043957,45,close_exit
BR,2020-08-12,2020-09-03,127.79933179008346,124.61724089813234,-0.024899119951408366,16,close_exit
CHDN,2020-08-12,2020-09-03,84.62671400071491,84.7185067024231,0.001084677607917195,16,close_exit
LECO,2020-08-12,2020-09-03,90.29043004536574,86.15946677017213,-0.045751950379658624,16,close_exit
TXN,2020-08-12,2020-09-04,116.51147474750799,119.25686421957619,0.02356325398865411,16,open_exit
NVDA,2020-08-13,2020-09-04,11.498507034443053,12.722246415887987,0.10642593666980416,15,open_exit
ZM,2020-08-21,2020-09-04,291.14549999999997,375.31225,0.28908827373254975,9,open_exit
AAPL,2020-08-27,2020-09-04,123.38653965342121,116.40650981402128,-0.056570431904533924,5,open_exit
KNSL,2020-08-28,2020-09-04,208.3741333690131,199.34725139799474,-0.043320549557043675,4,open_exit
CHWY,2020-08-31,2020-09-04,60.12004515266418,62.46875,0.03906691755423175,3,open_exit
ADBE,2020-08-26,2020-09-08,497.19848721313474,471.6540696411133,-0.05137670010864548,7,open_exit
CORT,2020-09-08,2020-09-09,20.009999999999998,18.520735686302185,-0.07442600268354893,0,open_exit
BF-B,2020-09-08,2020-09-17,71.88960057051948,68.66972213878852,-0.04478921020812254,6,open_exit
DAR,2020-09-08,2020-09-22,33.99698954200745,33.42327862739563,-0.01687534462140905,9,open_exit
CAT,2020-09-10,2020-09-22,136.61815004451046,130.19670593537057,-0.04700286240918772,7,open_exit
SHW,2020-09-11,2020-09-22,223.4924750609152,216.6119675383308,-0.030786305090178434,6,open_exit
MCD,2020-09-11,2020-09-22,190.7836977361921,189.48982547736398,-0.00678188060185958,6,open_exit
FCX,2020-09-14,2020-09-22,15.303687761799,14.70323661551799,-0.039235715967745555,5,open_exit
VIRT,2020-09-08,2020-09-23,22.34224404441536,20.760030369938793,-0.0708171332893508,10,open_exit
RH,2020-09-11,2020-09-24,388.444125,352.8134952392578,-0.09172652504589218,8,open_exit
ALGN,2020-09-11,2020-09-24,329.11448721313474,305.9969188995361,-0.07024172198967238,8,open_exit
AVTR,2020-09-22,2020-09-25,22.851420152664183,21.499245228767396,-0.05917246783190144,2,open_exit
PINS,2020-09-23,2020-09-25,40.56027091598511,38.74061832237244,-0.04486292996863406,1,open_exit
DKNG,2020-09-17,2020-10-07,49.12454847335815,52.83357061004639,0.07550241685579584,13,open_exit
ZG,2020-09-23,2020-10-13,98.84940305328368,101.34930152511598,0.025289970344937185,13,open_exit
ROKU,2020-09-22,2020-10-19,187.4736948852539,223.59815171051028,0.19269080308769126,18,open_exit
NTRA,2020-09-28,2020-10-20,70.19508366394042,70.31482347488404,0.0017058147763862053,16,close_exit
TWLO,2020-10-07,2020-10-21,298.149,313.83299523925785,0.0526045542304614,9,open_exit
LEN,2020-09-23,2020-10-21,70.75808501276548,70.97985791778565,0.003134241196326437,20,close_exit
ZM,2020-09-22,2020-10-22,477.2385,521.5191392822265,0.09278513632539398,21,open_exit
AN,2020-10-21,2020-10-22,67.79388213729858,64.35780438995361,-0.050684186227690886,0,open_exit
WHR,2020-09-29,2020-10-23,140.75300478343087,150.40453550096245,0.0685706904259833,17,open_exit
VEEV,2020-10-13,2020-10-23,308.154,292.27380342102055,-0.051533313145308735,7,open_exit
UPS,2020-09-28,2020-10-23,133.3129902580715,134.73958808135987,0.010701116376781616,19,close_exit
NKE,2020-09-24,2020-10-26,115.75604767959081,117.40550128173828,0.014249394612306565,22,close_exit
PYPL,2020-10-22,2020-10-27,210.18564174442852,196.98461619713424,-0.06280650494359563,2,open_exit
FDX,2020-09-14,2020-10-28,174.72235280894512,190.29390293541644,0.08912168292226719,31,open_exit
BYD,2020-10-19,2020-10-28,33.48637526221424,30.293716173144894,-0.09534203281392228,6,open_exit
GAP,2020-10-23,2020-10-28,17.411918059753265,16.032145603095138,-0.07924299045763361,2,open_exit
EVR,2020-10-22,2020-10-29,73.7849181204596,70.33332856021755,-0.046779066076986786,4,open_exit
ALGN,2020-10-23,2020-10-30,451.56566633605956,431.78400000000005,-0.04380684319196626,4,open_exit
TMO,2020-10-27,2020-10-30,477.7370823317251,461.57402105052034,-0.033832544884974336,2,open_exit
DHR,2020-10-27,2020-10-30,203.6079387567844,197.5135104917349,-0.02993217407072457,2,open_exit
MTCH,2020-10-28,2020-11-02,118.20405899975725,112.76941137609643,-0.045976827442719026,2,open_exit
SAM,2020-10-26,2020-11-04,1081.3304340820312,1025.0072595214845,-0.05208692254034342,6,open_exit
FSLR,2020-10-21,2020-11-05,85.51273622131347,82.26884255981446,-0.03793462593810082,10,open_exit
PWR,2020-11-03,2020-11-05,66.3111599727613,64.38468816154072,-0.029051999874710632,1,open_exit
PINS,2020-10-22,2020-11-10,50.37517347335815,56.971500000000006,0.13094399625502917,12,open_exit
PEN,2020-10-30,2020-11-10,260.6602637786865,233.78304389953615,-0.10311207197262118,6,open_exit
HUBS,2020-11-05,2020-11-10,334.6272214508056,337.8410047607422,0.00960407015305842,2,open_exit
CROX,2020-10-28,2020-11-11,54.147058931350706,54.762605915069585,0.011368059426815513,9,open_exit
ALGN,2020-11-05,2020-11-12,486.7132362213134,455.4921412200928,-0.0641467966715088,4,open_exit
OLN,2020-11-11,2020-11-13,19.81710428296264,18.57666734629056,-0.06259425791781903,1,open_exit
RH,2020-11-12,2020-11-13,415.45762499999995,396.80150000000003,-0.04490500084093996,0,open_exit
MORN,2020-10-30,2020-11-18,187.0722998723361,196.63276291826136,0.05110571181542989,12,open_exit
TT,2020-10-30,2020-11-19,123.22973942606212,133.99955599249236,0.08739624555395675,13,open_exit
CELH,2020-11-13,2020-11-27,10.702015050888061,10.341493956089021,-0.03368721620038495,8,open_exit
XYZ,2020-11-27,2020-12-02,215.1075,200.0299398803711,-0.07009314003290856,2,open_exit
TTEK,2020-11-13,2020-12-07,23.051608026545523,23.06849042606354,0.0007323740495055464,15,close_exit
MRNA,2020-12-08,2020-12-10,165.832875,151.0544398803711,-0.08911643797786728,1,open_exit
EXPE,2020-11-10,2020-12-11,120.84223420328775,121.4520152206421,0.005046091884800319,22,close_exit
FRHC,2020-12-14,2020-12-15,46.12304847335815,43.69814122009278,-0.05257473938796697,0,open_exit
INSP,2020-11-04,2020-12-16,162.081,186.9964513397217,0.15372222123334445,29,close_exit
URI,2020-11-10,2020-12-16,197.86469829602007,224.08614306640627,0.1325220971512413,25,close_exit
NET,2020-11-18,2020-12-28,66.78337499999999,77.46125,0.15988822068366582,26,close_exit
RARE,2020-10-28,2020-12-29,92.6262918319702,147.36628244018556,0.5909768115031211,42,close_exit
ZG,2020-12-10,2020-12-30,119.0995209159851,137.77107633972167,0.15677271646548285,12,open_exit
PENN,2020-12-15,2020-12-31,79.56976377868652,87.16639408493043,0.0954713190725689,10,open_exit
BLDR,2020-12-31,2021-01-05,42.141058931350706,39.51023377990723,-0.06242902333634237,1,open_exit
CLF,2020-12-31,2021-01-19,14.447219580173492,17.281355915069582,0.19617174911534474,10,open_exit
TPR,2021-01-05,2021-01-20,28.466209887216987,29.315739108777734,0.029843425764321196,9,open_exit
MSTR,2020-12-29,2021-01-21,36.71835076332092,51.37929627990723,0.39928115538434183,14,open_exit
WCC,2020-11-19,2021-01-25,60.129858230692086,79.14720469665528,0.3162712673128534,43,close_exit
FRHC,2020-12-17,2021-01-25,45.372673473358155,51.02447423744202,0.1245639794049711,24,close_exit
FCX,2020-12-31,2021-01-25,24.684870196291502,26.917233045578005,0.09043445768744118,15,close_exit
AGCO,2020-12-17,2021-01-27,82.39407790967324,91.20439333332597,0.10692898867454126,25,open_exit
CZR,2021-01-19,2021-01-27,80.22009030532837,71.73411164474487,-0.1057837086481046,5,open_exit
ROKU,2021-01-20,2021-01-27,443.0414173278808,394.75253720092775,-0.10899405391531602,4,open_exit
ZG,2021-01-21,2021-01-27,158.07899999999998,142.63865171051026,-0.09767488590824669,3,open_exit
SCCO,2020-10-30,2021-01-27,39.17176835688413,50.892509765625,0.29921399774337853,59,close_exit
DAR,2020-11-10,2021-01-27,47.10354183197021,60.659653627395635,0.2877938954948096,52,close_exit
CELH,2020-12-02,2021-01-27,11.612469898223877,18.937193384170534,0.6307636144716269,37,close_exit
MRVL,2021-01-26,2021-01-28,53.7956433125636,50.48212006672064,-0.06159463930175002,1,open_exit
SCI,2021-01-26,2021-01-28,48.28259873416302,47.45740594518267,-0.017090894247920208,1,open_exit
PSKY,2021-01-26,2021-01-29,42.48731328208016,44.86449169733397,0.05595031155468311,2,open_exit
M,2021-01-28,2021-01-29,14.643109347243739,13.88633007724108,-0.05168159658283955,0,open_exit
BEN,2021-01-27,2021-02-01,20.962968083302435,20.244715256849663,-0.034262935649121196,2,open_exit
KEYS,2021-01-28,2021-02-01,152.076,142.8085648803711,-0.060939498143223636,1,open_exit
AR,2021-01-29,2021-02-01,7.493744771003723,7.22638501906395,-0.035677723235823744,0,open_exit
MRNA,2021-02-01,2021-02-02,173.1165137786865,158.44074427032473,-0.084773943213317,0,open_exit
NTAP,2021-01-28,2021-02-03,60.63484299612954,57.56181176046593,-0.0506809465287108,3,open_exit
VIRT,2021-02-01,2021-02-04,23.19410044172404,22.69570454355845,-0.02148804604075194,2,open_exit
IRDM,2021-01-29,2021-02-10,47.55220217904998,46.61542312006896,-0.01970001421708567,7,open_exit
NVST,2021-01-27,2021-02-18,35.677829847335815,37.67115362739563,0.05587009603973048,14,open_exit
DKS,2021-01-28,2021-02-18,59.90327279421637,61.95881611195958,0.0343143741879437,13,open_exit
NWSA,2021-01-28,2021-02-19,18.78767948153952,21.57662722925297,0.14844556776976248,14,open_exit
DAR,2021-02-04,2021-02-19,69.33465305328369,67.29633683013917,-0.02939823210160253,9,open_exit
PPLI,2021-01-27,2021-02-23,112.67766382598876,133.84623615264894,0.1878683991829242,17,open_exit
ROKU,2021-02-10,2021-02-23,469.4546112213134,412.8035047607422,-0.12067429972237376,7,open_exit
MU,2021-02-19,2021-02-23,88.05014282015337,83.07912828394716,-0.05645663228916897,1,open_exit
UI,2021-01-28,2021-02-23,284.76748207857645,311.13695623779296,0.09260001867748491,17,close_exit
SWKS,2021-02-01,2021-02-25,150.12301506018864,151.9586658859253,0.01222764427560108,17,close_exit
BYD,2021-02-23,2021-02-26,53.47309948807129,54.173649716377504,0.01310098413993166,2,open_exit
ATI,2021-02-23,2021-03-01,20.090039923667906,20.349820610046386,0.012930819817457584,3,open_exit
PK,2021-02-24,2021-03-03,14.856940677632533,14.295386779570864,-0.0377974113410241,4,open_exit
WDC,2021-02-19,2021-03-05,53.03401596078158,50.85273233969286,-0.041129897134355664,9,open_exit
TNL,2021-03-01,2021-03-05,50.379071938684845,48.04068203347458,-0.046415898809256784,3,open_exit
CZR,2021-03-01,2021-03-05,96.048,91.77408969497681,-0.04449765018556551,3,open_exit
AR,2021-03-05,2021-03-10,10.095045152664184,9.295350190639496,-0.07921658099901019,2,open_exit
GE,2021-02-23,2021-03-11,61.254443366091955,61.67575763196807,0.006878101289045979,11,open_exit
ORCL,2021-02-26,2021-03-12,60.81019882414001,62.065646562450866,0.020645348355816884,9,open_exit
AR,2021-03-11,2021-03-17,10.455224809169769,9.805095419406891,-0.06218224874444411,3,open_exit
DVN,2021-02-18,2021-03-18,16.412599444701993,17.246177208900452,0.05078889343561843,20,close_exit
TPL,2021-03-05,2021-03-19,124.34815539098501,159.91790218311067,0.28604965373458513,9,open_exit
TRGP,2021-03-05,2021-03-19,30.75589748317466,28.810427725274586,-0.06325517761152522,9,open_exit
COTY,2021-03-10,2021-03-19,8.68434030532837,8.495750000000001,-0.021716134870101378,6,open_exit
EXP,2021-02-02,2021-03-22,114.70193442791465,123.88812870788576,0.08008752708302613,33,close_exit
SCHW,2021-02-18,2021-03-22,56.95400161701648,60.42339791297913,0.06091576004250543,22,close_exit
SLM,2021-02-03,2021-03-24,13.238955215143642,14.756920588354765,0.11465900054369604,33,open_exit
AA,2021-03-03,2021-03-24,27.52921846019707,28.282027232854862,0.027345809825521705,14,open_exit
PSKY,2021-03-12,2021-03-24,76.0174867539305,74.46804042032247,-0.02038276191139554,7,open_exit
WBD,2021-03-19,2021-03-24,75.89793061065673,70.72462213516236,-0.06816139035506175,2,open_exit
CNH,2021-03-19,2021-03-24,11.9884107866021,11.722917913499542,-0.02214579378605097,2,open_exit
LNC,2021-03-19,2021-03-24,48.59871577262878,46.15081365720859,-0.05036968727471747,2,open_exit
NWSA,2021-03-17,2021-03-25,25.28682310449538,24.20102290675088,-0.04293936779869634,5,open_exit
ELV,2021-03-25,2021-04-05,335.61612232843004,330.6243725730779,-0.01487339082735506,5,open_exit
EOG,2021-04-05,2021-04-13,57.9113531834112,54.0525848647279,-0.06663232866381463,5,open_exit
MO,2021-03-23,2021-04-14,33.86562929085691,34.06406117750525,0.005859388731392023,14,open_exit
HIG,2021-03-19,2021-04-14,61.116121923796705,59.445482116699225,-0.027335500920371514,17,close_exit
MHK,2021-03-26,2021-04-20,194.53722244262696,195.95197805023196,0.007272415992380266,16,close_exit
AZO,2021-03-25,2021-04-26,1350.1447056884765,1443.1580648803713,0.06889140015881834,21,close_exit
HD,2021-03-24,2021-04-27,254.20550456241045,281.37812102089435,0.10689232125503678,22,open_exit
SNX,2021-03-23,2021-04-30,103.15770552479145,113.41559964752197,0.09943895194785313,27,close_exit
ACN,2021-03-25,2021-05-11,243.7066824853816,264.1902570037842,0.08405011429931264,32,close_exit
XRAY,2021-05-03,2021-05-12,60.92755033404022,59.52164034263147,-0.023075111073738164,6,open_exit
ODFL,2021-03-25,2021-05-12,114.09307292470493,124.88544779205323,0.09459272671593899,33,close_exit
PWR,2021-04-14,2021-05-12,92.74841157541272,93.81512189102173,0.011501116811490464,20,close_exit
NUE,2021-04-27,2021-05-13,74.24912648502367,89.61413831047084,0.206938620733085,11,open_exit
CLF,2021-05-12,2021-05-13,21.390689160346984,19.97000954246521,-0.06641579461195479,0,open_exit
LH,2021-03-25,2021-05-17,202.9751401158324,218.13732147979738,0.07469969650131691,36,close_exit
MAN,2021-04-21,2021-05-18,92.16224896692275,97.88449731826783,0.06208885325051927,19,close_exit
AA,2021-04-15,2021-05-19,31.872927197541998,34.41995335006714,0.07991189942295485,24,close_exit
FCX,2021-04-27,2021-05-20,35.92175365681816,38.185155427400645,0.06300922255093955,16,open_exit
SLB,2021-05-13,2021-05-20,28.289325714752895,28.537587684501922,0.008775817856258028,4,open_exit
STLD,2021-05-18,2021-05-26,59.46692207347645,55.54050826188263,-0.06602685450480184,5,open_exit
AR,2021-05-20,2021-05-26,12.966480038166045,12.263865457534791,-0.05418699435491747,3,open_exit
CME,2021-05-13,2021-06-10,172.83112237250003,172.4597932510376,-0.002148508418883588,19,close_exit
OLN,2021-04-13,2021-06-11,36.62458331863039,44.00546305568113,0.20152801938626275,41,open_exit
AGNC,2021-05-19,2021-06-11,8.971256246864447,8.744057943344117,-0.025325138115382506,16,close_exit
MGM,2021-05-26,2021-06-15,42.32809804770944,42.19875395965576,-0.0030557500577486074,12,open_exit
GEN,2021-05-13,2021-06-16,22.684397792859887,24.994761458396912,0.101848137501108,23,close_exit
SFM,2021-06-11,2021-06-17,28.924454847335813,27.476254771232608,-0.05006836200532905,3,open_exit
CAR,2021-06-14,2021-06-17,89.79200420382888,82.99785419352945,-0.07566542333632109,2,open_exit
RRC,2021-05-12,2021-06-17,11.36764084360051,13.552722850322724,0.19221947955475027,25,close_exit
DXC,2021-05-20,2021-06-17,36.99848954200744,37.87105438995361,0.023583796494056175,19,close_exit
CZR,2021-05-26,2021-06-17,108.2540969467163,103.77808683013916,-0.041347258374713314,15,close_exit
PR,2021-06-11,2021-06-18,5.758810582243381,5.302513371455844,-0.07923462740630438,4,open_exit
CBOE,2021-05-13,2021-06-21,105.03884618641712,106.90494612937378,0.017765807705511394,25,open_exit
CROX,2021-06-15,2021-06-21,112.52623622131347,105.84705152511597,-0.05935668800883964,3,open_exit
FTNT,2021-06-18,2021-07-01,47.42370152664184,47.548212596893315,0.002625502992032791,8,open_exit
AFG,2021-06-17,2021-07-07,82.75844018210142,78.58283407934817,-0.05045535045809535,12,open_exit
SLM,2021-07-01,2021-07-08,18.795988349063308,17.34035308076354,-0.07744393331528698,3,open_exit
NVDA,2021-06-18,2021-07-09,18.728614141984895,19.88374246674033,0.061677191702397494,13,open_exit
HUBS,2021-06-21,2021-07-13,588.604152557373,576.1317729187012,-0.021189758149822158,15,close_exit
CG,2021-06-17,2021-07-14,38.62825649818579,39.75747341090681,0.029232924679736927,17,open_exit
AMG,2021-07-08,2021-07-15,172.31001214074544,167.66534227346258,-0.026955310429024992,4,open_exit
CRWD,2021-06-21,2021-07-15,59.53975332069397,62.29383826255798,0.04625623702251369,17,close_exit
ANET,2021-06-18,2021-07-16,22.99399132633209,22.704267950057986,-0.012599960231450602,19,close_exit
EXR,2021-06-18,2021-07-20,132.64342370774003,138.64238993387858,0.045226261946889945,20,open_exit
CUBE,2021-07-07,2021-07-20,38.35622445164659,38.230137164479636,-0.003287270553072874,8,open_exit
AXP,2021-07-12,2021-07-20,160.12139788693665,153.25514391618924,-0.04288155150628736,5,open_exit
V,2021-07-14,2021-07-20,234.4110960033109,231.6927287787464,-0.011596580839868142,3,open_exit
GNRC,2021-06-17,2021-07-28,369.1945147705078,430.82448854064944,0.1669309030998225,28,close_exit
DOCU,2021-07-20,2021-08-04,291.7458061065674,293.20333110046386,0.004995872994191686,10,open_exit
AMT,2021-07-19,2021-08-09,242.0921681834681,239.4222516937256,-0.011028512445388605,15,close_exit
MRNA,2021-07-15,2021-08-12,246.78333366394043,399.8,0.6200445713422102,19,open_exit
NET,2021-08-10,2021-08-12,125.79286835861205,117.34130152511597,-0.06718637506064529,1,open_exit
BX,2021-07-16,2021-08-13,85.12568791437171,95.32274515673909,0.11978825067028698,19,open_exit
AN,2021-07-21,2021-08-13,116.14804133605956,115.75209255981446,-0.0034090008896445756,17,close_exit
BBWI,2021-08-04,2021-08-16,57.4290716960336,54.09759647689716,-0.05801025718767683,7,open_exit
TGT,2021-05-20,2021-08-16,187.679091337921,226.03249606323243,0.20435630017120632,60,close_exit
RH,2021-08-12,2021-08-18,734.176902557373,687.6560000000001,-0.06336470460365307,3,open_exit
AN,2021-08-17,2021-08-18,120.98045816802978,114.94250000000001,-0.04990854109383236,0,open_exit
ARES,2021-08-16,2021-08-19,63.595814608508924,60.37746262362612,-0.050606348934984724,2,open_exit
GOOGL,2021-07-29,2021-08-19,135.02080667407787,134.42019829559328,-0.004448265369458082,15,close_exit
EXP,2021-08-12,2021-08-20,151.2035423187082,144.71809746424046,-0.04289214892067583,5,open_exit
PFE,2021-08-16,2021-08-26,37.036045858912,36.59244391328288,-0.011977573073513548,7,open_exit
KR,2021-07-20,2021-08-27,36.88411301868292,40.80222246491366,0.1062275631854317,27,open_exit
COST,2021-07-20,2021-08-27,391.7981262583442,425.58590126019556,0.08623771462238272,27,open_exit
DDS,2021-08-13,2021-09-01,151.40623142130815,147.92371922979532,-0.023001115336014566,12,open_exit
M,2021-08-20,2021-09-07,17.903553244408094,18.100055555670338,0.010975604036791875,10,open_exit
CSL,2021-08-26,2021-09-07,200.06542006473305,196.04967422747274,-0.020072163575099444,6,open_exit
DKS,2021-09-07,2021-09-09,124.49947493861613,115.40378892088057,-0.0730580271299951,1,open_exit
MDB,2021-09-07,2021-09-09,515.0573877868652,472.993395980835,-0.08166855345338064,1,open_exit
MSFT,2021-07-14,2021-09-09,271.1058925978272,285.6730710144043,0.05373243007368633,40,close_exit
REGN,2021-08-18,2021-09-09,644.99777256782,640.4968521118165,-0.006978195348000593,15,close_exit
CACC,2021-08-20,2021-09-10,581.6106673278808,611.5040925598145,0.05139765638975358,13,open_exit
CUBE,2021-08-27,2021-09-10,41.87801193007006,42.62596875961495,0.017860370993586505,8,open_exit
ACI,2021-09-01,2021-09-13,20.083515347723605,19.95822293912374,-0.006238569614460787,6,open_exit
A,2021-08-19,2021-09-13,156.17833237060526,165.9967178115845,0.06286650197852395,16,close_exit
EW,2021-08-18,2021-09-14,117.56875713729858,120.38977194976808,0.023994595853174427,17,open_exit
GLOB,2021-08-27,2021-09-14,315.5477096557617,319.3502547607422,0.012050618618429487,10,open_exit
NTAP,2021-09-10,2021-09-20,82.45910231248764,78.94243075299816,-0.04264746354092819,5,open_exit
MRSH,2021-09-10,2021-09-20,148.93484697353915,142.37006090048826,-0.044078240965442106,5,open_exit
AMKR,2021-09-14,2021-09-20,27.199096683501338,24.346183487172162,-0.10488999798510668,3,open_exit
JCI,2021-09-10,2021-09-21,69.62318928731038,66.83047375223124,-0.040111858759508845,6,open_exit
AR,2021-09-14,2021-09-21,16.658324618339538,16.611690838813782,-0.00279942794933985,4,open_exit
BILL,2021-09-09,2021-09-22,295.1475,276.2118311004639,-0.06415662981911108,8,open_exit
AVTR,2021-09-13,2021-09-28,41.85091683197021,41.47925,-0.00888073332927064,10,open_exit
TECH,2021-09-20,2021-09-28,128.5545876364287,123.03720609969278,-0.04291858920149838,5,open_exit
TEAM,2021-09-22,2021-09-28,406.1629714508056,383.5181364593506,-0.05575307594035006,3,open_exit
RGEN,2021-09-22,2021-09-28,314.157,299.4002127990723,-0.04697265125694383,3,open_exit
DDOG,2021-09-09,2021-09-29,140.07,138.75059732055664,-0.009419595055639052,13,open_exit
LULU,2021-09-10,2021-09-29,424.212,417.86097232055664,-0.014971353190016634,12,open_exit
LSCC,2021-09-14,2021-09-29,64.54225713729858,64.88753816986085,0.0053496894573699105,10,open_exit
TMO,2021-09-20,2021-09-29,585.0231485662126,572.911214084558,-0.020703342271735536,6,open_exit
PCTY,2021-09-21,2021-09-29,281.6807785491943,281.21930535888674,-0.0016382842758544403,5,open_exit
AR,2021-09-28,2021-09-29,19.449720534324644,18.26086545753479,-0.06112453259633088,0,open_exit
PWR,2021-09-20,2021-10-01,114.37938264900211,113.40156524296242,-0.008548895643547327,8,open_exit
ORCL,2021-09-28,2021-10-01,84.77425722804529,81.99860853460899,-0.032741645685785414,2,open_exit
PAG,2021-09-30,2021-10-01,94.49298155652195,89.80588373292615,-0.04960260271597172,0,open_exit
AN,2021-09-30,2021-10-04,125.90291633605956,119.03045133972168,-0.054585431349293945,1,open_exit
CF,2021-10-04,2021-10-18,55.583527306855245,53.157759164307556,-0.043641853262675445,9,open_exit
AA,2021-10-18,2021-10-21,52.38172736802641,49.1985501642714,-0.06076884752941547,2,open_exit
AM,2021-09-30,2021-10-27,7.556497896904053,7.849570279836655,0.038784154635003176,19,close_exit
MTDR,2021-09-29,2021-10-28,34.16489908440501,39.17583304023743,0.1466690694286208,21,close_exit
AZO,2021-09-30,2021-10-29,1728.2036358032226,1778.8401154785158,0.029300065470443615,20,open_exit
OVV,2021-09-28,2021-10-29,29.604741575620707,33.30310711479187,0.12492477023399329,23,close_exit
AR,2021-10-04,2021-10-29,19.779885457992552,19.86006583881378,0.00405363221094035,19,close_exit
TRGP,2021-09-28,2021-11-01,45.14258793417661,49.919529519590206,0.10581895730876045,23,open_exit
COP,2021-10-04,2021-11-02,59.76267123329013,61.90966917610169,0.0359254012329957,21,close_exit
CAR,2021-11-03,2021-11-05,295.6406131917405,258.4329216773939,-0.1258544660446067,1,open_exit
TSLA,2021-10-28,2021-11-10,356.281384185791,336.63494305419925,-0.05514304705111028,8,open_exit
ETSY,2021-11-05,2021-11-11,262.1110009918213,251.87400000000002,-0.03905597610586631,3,open_exit
DVN,2021-10-04,2021-11-19,29.8047274534134,32.23633806228638,0.08158472888818502,34,close_exit
CHRD,2021-10-29,2021-11-22,77.97246555297443,81.44108074567819,0.044485129052988404,15,open_exit
TEAM,2021-11-01,2021-11-22,455.42761221313475,426.6365811004639,-0.06321757912912185,14,open_exit
NET,2021-11-01,2021-11-22,194.847375,186.35677194976807,-0.04357566043798089,15,close_exit
DDOG,2021-11-01,2021-11-23,167.5437367172241,170.5246956100464,0.017792123723809894,15,open_exit
HUBS,2021-11-10,2021-11-23,837.598582672119,766.9663005981446,-0.0843271270214454,8,open_exit
U,2021-11-11,2021-11-23,180.0399719467163,174.30280438995362,-0.03186607670912445,7,open_exit
ENPH,2021-11-22,2021-11-24,269.2945836639404,251.75406488037112,-0.06513505969900435,1,open_exit
WCC,2021-10-21,2021-11-26,123.54586530152008,127.2378705406189,0.029883681093562098,25,close_exit
ALB,2021-10-29,2021-11-26,226.4070725002196,251.74700359344484,0.11192199436791284,19,close_exit
CDNS,2021-11-22,2021-11-29,188.30411171722412,181.27931011962892,-0.03730561979519775,3,open_exit
DDS,2021-11-23,2021-11-29,292.6471747919706,287.6429443889539,-0.017099876007940273,2,open_exit
DKS,2021-11-23,2021-11-30,119.35014750487076,108.82516181963895,-0.08818577861248378,3,open_exit
PFE,2021-11-29,2021-11-30,42.72168092499,40.48119520679435,-0.05244376320607458,0,open_exit
INTU,2021-11-22,2021-12-01,668.335037923515,644.4517310125498,-0.035735530169373586,5,open_exit
F,2021-11-23,2021-12-01,15.228173844537944,14.617244658137386,-0.040118348571367646,4,open_exit
BLDR,2021-11-23,2021-12-01,71.05550664138794,71.51422805023194,0.0064558178602418526,4,open_exit
TTEK,2021-11-24,2021-12-02,36.76510553058513,35.08807709299513,-0.04561467765120031,4,open_exit
NVDA,2021-11-30,2021-12-02,33.07702847710308,31.10014898942428,-0.05976593360093552,1,open_exit
AMD,2021-11-30,2021-12-02,163.3616387786865,147.60615267944337,-0.0964454459261872,1,open_exit
FDS,2021-09-30,2021-12-06,379.4571073324193,437.8376123046875,0.15385271179312654,46,close_exit
ACI,2021-12-07,2021-12-09,24.578322884397124,20.216080380401355,-0.17748332644637121,1,open_exit
HPQ,2021-12-02,2021-12-14,30.49638793919599,29.487000014266577,-0.03309860587233937,7,open_exit
FWONK,2021-12-01,2021-12-17,59.60694846153259,56.74491352081299,-0.048015122642398156,11,open_exit
LRCX,2021-12-02,2021-12-17,65.01427184467312,63.389375497309594,-0.024992917728058228,10,open_exit
AAPL,2021-12-01,2021-12-20,163.81652157772868,164.4345321518178,0.00377257780922835,12,open_exit
NVR,2021-12-02,2021-12-20,5432.194720458984,5576.0304143066405,0.02647837591423885,11,open_exit
KEYS,2021-12-14,2021-12-21,203.24156938934325,195.50220610046387,-0.03807962766737616,4,open_exit
PFE,2021-12-02,2021-12-30,41.69140992244851,44.69104914884569,0.07194861560155696,18,open_exit
P,2021-11-30,2021-12-31,31.705845534324645,32.533724237442016,0.026111232460938938,22,close_exit
TMO,2021-11-30,2022-01-03,633.1426864384293,636.1975502014161,0.004824921504141599,23,close_exit
CUBE,2021-12-20,2022-01-04,44.561373454069916,44.30473135638276,-0.005759295052960578,9,open_exit
FDS,2021-12-09,2022-01-04,451.3637636191622,449.9222346954346,-0.0031937187694666136,17,close_exit
COST,2021-11-30,2022-01-05,523.2738774089921,521.726189025879,-0.0029577023618617693,25,close_exit
ACN,2021-12-17,2022-01-06,366.13012617455587,354.9950002619751,-0.030413028364871475,12,open_exit
AVGO,2021-12-21,2022-01-06,59.84442060171256,59.0521722299876,-0.013238466740244204,10,open_exit
CPT,2021-12-30,2022-01-06,151.10786393238638,146.50914685682045,-0.03043334050187907,4,open_exit
CSL,2021-12-17,2022-01-10,232.0478619534783,225.86999865980297,-0.026623228680787814,14,open_exit
ON,2022-01-04,2022-01-10,70.58527805328369,62.97849332237244,-0.10776729851753242,3,open_exit
PG,2022-01-06,2022-01-12,145.49819542656456,139.97525145785153,-0.03795884857898846,3,open_exit
ED,2022-01-06,2022-01-12,73.74862718682283,70.7724317631908,-0.04035594338715787,3,open_exit
LPLA,2022-01-10,2022-01-19,173.7314100210629,166.2727722254957,-0.04293200518353568,5,open_exit
F,2022-01-04,2022-01-20,16.78602672938055,16.292680128298752,-0.029390314279572394,10,open_exit
AIG,2022-01-10,2022-01-20,55.22305912376369,53.2814059356011,-0.03516018885898797,6,open_exit
RRX,2022-01-05,2022-01-21,168.7056412679009,156.56704980471073,-0.0719513074486604,10,open_exit
MCK,2021-12-20,2022-01-21,227.14201008792577,240.9860598526001,0.06094887405159155,22,close_exit
DVN,2022-01-04,2022-01-24,37.47601486057426,35.965927400873305,-0.04029477161109807,12,open_exit
MPC,2022-01-06,2022-01-24,63.18115009657344,62.45770237808571,-0.011450372735886005,10,open_exit
APA,2022-01-12,2022-01-24,28.296554033414367,25.058572829586286,-0.11443023062117275,6,open_exit
FANG,2022-01-12,2022-01-24,102.69703360349065,92.27860306280529,-0.10144821301178497,6,open_exit
CHD,2022-01-06,2022-01-27,97.19285817937622,94.15023812038064,-0.03130497565346013,13,open_exit
AR,2022-02-03,2022-02-09,20.83040969467163,19.450269084930422,-0.06625604728716616,3,open_exit
EXC,2022-02-03,2022-02-11,35.92158409906537,35.8261548072414,-0.0026566003203196686,5,open_exit
WRB,2022-02-03,2022-02-15,35.554562096869724,36.23646790381123,0.019179136704978506,7,open_exit
CTSH,2022-02-10,2022-02-15,83.38497631548515,80.66374567066265,-0.032634543596040455,2,open_exit
MPC,2022-02-03,2022-02-18,71.14895617406832,69.45204238570646,-0.023850157185866472,10,open_exit
MCK,2022-02-03,2022-02-23,264.38933865619197,264.7211503274465,0.0012550115407110596,12,open_exit
MET,2022-02-03,2022-02-24,60.70364335984189,57.44739458135291,-0.05364173545871764,13,open_exit
CB,2022-02-03,2022-02-24,194.8794017605121,185.39281329238787,-0.048679277452741476,13,open_exit
MOS,2022-02-03,2022-03-30,38.591155893950265,59.05316351015537,0.530225310494336,37,open_exit
ADM,2022-02-03,2022-03-30,66.81116066446262,77.97453732413022,0.1670885006134235,37,open_exit
KEX,2022-03-30,2022-04-04,74.80738164138793,70.8245706100464,-0.05324088270371985,2,open_exit
CSL,2022-03-30,2022-04-06,242.08989992061538,226.82063376390747,-0.06307271043407803,4,open_exit
ABBV,2022-01-19,2022-04-13,116.16656403473442,141.5663803802112,0.2186499752018325,58,open_exit
IDA,2022-03-28,2022-04-14,99.79095046994874,99.75242028876636,-0.00038610897081281514,12,open_exit
MTDR,2022-03-28,2022-04-21,51.07107505692416,50.76028983688355,-0.006085347130331709,17,close_exit
AM,2022-03-28,2022-04-21,8.39585343668565,8.187055089950562,-0.024869222445301986,17,close_exit
KMI,2022-03-28,2022-04-22,14.752567785722142,15.068301123142243,0.021401924194218935,18,close_exit
TRGP,2022-04-04,2022-04-25,70.22056503280186,67.06805087726555,-0.04489445725854935,13,open_exit
OGE,2022-03-30,2022-04-25,33.59049728816615,34.27215054893494,0.02029303868058352,17,close_exit
NFG,2022-03-28,2022-04-26,59.35953505033991,61.52100862312317,0.03641324971548765,20,close_exit
EIX,2022-03-28,2022-04-26,55.55348007720621,57.21766515541077,0.0299564505390435,20,close_exit
WPC,2022-08-01,2022-08-05,68.9984863170394,64.60596060843501,-0.06366118944147958,3,open_exit
ALSN,2022-08-01,2022-08-05,39.283379901616435,35.37071619273925,-0.09960099458540184,3,open_exit
CELH,2022-08-05,2022-08-10,34.48723622131347,32.217216920852664,-0.0658220126974951,2,open_exit
SIRI,2022-08-01,2022-08-18,57.90239906591396,57.41992691171138,-0.00833250714971856,12,open_exit
O,2022-08-01,2022-08-19,59.38559808170056,58.72184011606174,-0.011177086483588838,13,open_exit
HEI,2022-08-01,2022-08-23,157.37345758006202,157.8633416199348,0.00311287587758291,15,open_exit
GLPI,2022-08-19,2022-08-24,40.63934146752554,39.498743256415025,-0.02806635565248894,2,open_exit
GWW,2022-08-01,2022-08-26,521.4812501293366,547.0066333007812,0.04894784455838819,19,close_exit
SO,2022-08-01,2022-08-29,66.38471872433588,67.87097778860223,0.022388572141701424,19,open_exit
CHRW,2022-08-01,2022-08-29,100.46840226197753,104.41986650399836,0.03933041785333802,19,open_exit
CELH,2022-08-24,2022-08-30,38.119048473358156,35.395627225875856,-0.07144515292362896,3,open_exit
RSG,2022-08-01,2022-08-30,131.42605488082893,136.91045339965822,0.041729918194701066,21,close_exit
LNG,2022-08-01,2022-08-31,142.19933278140536,153.24054659560753,0.077646031090562,21,open_exit
SMCI,2022-08-18,2022-08-31,6.793394961833953,6.48975353050232,-0.0446965667442456,8,open_exit
SRPT,2022-08-05,2022-08-31,100.65029847335815,109.32530725479127,0.08618959817321725,18,close_exit
NBIX,2022-08-10,2022-08-31,108.05399999999999,104.57768225479127,-0.0321720412498262,15,close_exit
OXY,2022-08-24,2022-09-02,69.65099493790073,66.25948480893096,-0.048692917193696394,6,open_exit
GPC,2022-09-12,2022-09-14,146.43073890355396,141.98113887812943,-0.030387062571303747,1,open_exit
WCC,2022-09-12,2022-09-14,141.57608814473627,133.4646386174035,-0.05729392324387628,1,open_exit
CLH,2022-09-12,2022-09-19,123.50172244262694,114.29282347488405,-0.07456494359437715,4,open_exit
SRE,2022-09-12,2022-09-19,76.90232683372452,74.16063618690556,-0.03565159546793606,4,open_exit
ALB,2022-09-12,2022-09-22,285.166541138867,274.5465450227472,-0.03724138208398087,7,open_exit
IONS,2022-09-12,2022-09-22,47.143558931350704,44.9775,-0.045946020632529394,7,open_exit
RGA,2022-09-13,2022-09-22,120.62300127528245,118.33698782215106,-0.018951720890398982,6,open_exit
PFG,2022-09-13,2022-09-26,68.58789151332073,62.90860411064891,-0.08280306155159789,8,open_exit
PCG,2022-09-13,2022-09-26,12.66546180249578,12.927861571206858,0.020717741903368392,8,open_exit
HUBB,2022-09-12,2022-09-28,213.23034026981915,207.16095200662377,-0.028463999332905665,11,open_exit
POST,2022-10-31,2022-11-04,90.55525713729858,86.7765896949768,-0.0417277534378,3,open_exit
WFRD,2022-10-31,2022-11-10,39.57787623933238,40.69152766373509,0.028138231007351466,7,open_exit
KNSL,2022-10-31,2022-11-14,312.4918666682309,281.0460056133674,-0.1006293744222444,9,open_exit
TMUS,2022-10-31,2022-11-14,143.515803752901,139.78809127378733,-0.025974229887127165,9,open_exit
FNB,2022-10-31,2022-11-15,12.66264563624882,12.253850322356552,-0.03228356266418975,10,open_exit
PGR,2022-10-31,2022-11-15,117.74200278428687,112.7837100350451,-0.042111503388691074,10,open_exit
RJF,2022-10-31,2022-11-23,112.22741289122317,113.8460636291504,0.01442295332510346,17,close_exit
SLB,2022-11-14,2022-11-25,49.95907107219722,46.729283657257106,-0.06464866831236027,7,open_exit
BIIB,2022-11-15,2022-11-29,300.82034843444825,290.95445610046386,-0.03279662557845309,8,open_exit
AMKR,2022-11-15,2022-11-29,25.185924999736873,25.396871854151296,0.008375584951381576,8,open_exit
AXON,2022-11-11,2022-11-30,178.25908316802978,181.18935877990722,0.01643829621358095,11,open_exit
SMCI,2022-11-14,2022-12-05,8.298146671772002,8.645674618721008,0.04188018851621411,13,open_exit
ALNY,2022-12-05,2022-12-07,231.59573572540282,219.2803043899536,-0.05317641664202011,1,open_exit
IT,2022-11-29,2022-12-08,344.2820403442383,345.057395980835,0.0022520943463140153,6,open_exit
ELF,2022-10-31,2022-12-09,43.84190969467163,53.79308969497681,0.22697870757930527,28,close_exit
LLY,2022-10-31,2022-12-09,348.25043080403634,351.14904467773437,0.008323360482299202,28,close_exit
ERIE,2022-11-25,2022-12-12,254.3156428726084,250.36914523625205,-0.015518108095038508,10,open_exit
RLI,2022-11-30,2022-12-12,55.223040482232186,55.57207838827924,0.006320512289781588,7,open_exit
FICO,2022-11-11,2022-12-15,584.1519153442382,597.91091696167,0.023553807247766345,23,close_exit
DE,2022-11-25,2022-12-16,414.6255037746973,403.7458445918003,-0.026239724965902878,14,open_exit
STLD,2022-12-14,2022-12-16,104.40228957856753,95.08514812720678,-0.08924269275099739,1,open_exit
GILD,2022-10-31,2022-12-19,68.85343037157061,76.78278691101075,0.11516283933348004,34,close_exit
CASY,2022-12-08,2022-12-20,240.52710827065872,228.58620895894376,-0.04964471321992603,7,open_exit
ARMK,2022-12-13,2022-12-20,29.843848363082763,28.399588913163335,-0.048393874420900596,4,open_exit
ELF,2022-12-14,2022-12-20,55.83790637397766,52.77359923744202,-0.05487861804868299,3,open_exit
GIS,2022-12-08,2022-12-21,74.40656192519663,71.59273886179727,-0.037816867096052365,8,open_exit
BMRN,2022-11-29,2022-12-22,99.05950713729858,104.5576956100464,0.05550389489751062,16,open_exit
UTHR,2022-12-12,2023-01-04,279.44965255737304,272.6935715789795,-0.024176379954548133,15,close_exit
ELF,2023-01-09,2023-01-11,57.97897576332092,50.98449332237244,-0.12063825462355582,1,open_exit
ROIV,2023-01-09,2023-01-20,9.264630228996277,8.755620228767395,-0.05494121056615853,7,open_exit
URI,2023-01-09,2023-01-20,369.2645221238684,360.0087079265671,-0.025065538774386886,7,open_exit
CAT,2023-01-09,2023-01-20,235.27044911271605,234.12668723803208,-0.004861476989555968,7,open_exit
AFL,2023-01-09,2023-01-20,68.11021634211573,65.70927107330083,-0.0352508830210585,7,open_exit
FIVE,2023-01-11,2023-01-20,192.26608316802978,181.99895133972169,-0.053400639671507766,5,open_exit
CDW,2023-01-23,2023-01-26,189.45300349076416,184.1928910661043,-0.02776473493552345,2,open_exit
TKO,2023-01-09,2023-01-27,79.47085026733917,80.33207645524898,0.010837007343103222,12,open_exit
WTW,2023-01-09,2023-01-30,242.81404916851716,239.3044683238121,-0.014453779988114923,13,open_exit
JBL,2023-01-23,2023-01-30,78.98580004638093,75.73471615010108,-0.04116035913253768,4,open_exit
ARMK,2023-01-09,2023-01-31,30.503192946861237,30.271634352822666,-0.007591290342685242,14,open_exit
EHC,2023-01-09,2023-01-31,59.69613809173963,59.66566568821414,-0.0005104585405283357,14,open_exit
MPC,2023-01-24,2023-01-31,115.38237608835136,122.08840746596427,0.05812006655572688,4,open_exit
AXON,2023-02-01,2023-02-09,197.2585836639404,186.90650000000002,-0.05247976271378241,5,open_exit
KD,2023-02-09,2023-02-10,16.548270915985107,15.562214694976808,-0.05958666171314608,0,open_exit
DDS,2023-01-26,2023-02-13,326.53997707030305,332.08905876504656,0.016993575318187792,11,open_exit
FWONK,2023-01-23,2023-02-16,67.6067769126892,67.606850440979,1.0875875637861299e-06,18,close_exit
DECK,2023-01-30,2023-02-17,70.75702526092529,67.8427248764038,-0.041187435081882495,13,open_exit
LECO,2023-01-09,2023-02-21,146.4585708002526,155.5394399108887,0.06200298870197929,29,close_exit
STLD,2023-01-27,2023-02-21,114.38366692242705,115.81955606460572,0.012553270766817226,16,close_exit
FICO,2023-01-30,2023-02-21,658.4490551147461,664.6675,0.009444078986748927,15,close_exit
CROX,2023-02-17,2023-02-22,131.35563828277589,118.58067938995362,-0.09725474338087392,1,open_exit
WYNN,2023-02-01,2023-02-24,101.19482390206115,102.03153165054322,0.008268286027078409,16,close_exit
LOPE,2023-02-22,2023-03-01,119.45970152664184,113.44325,-0.05036385868836313,4,open_exit
PEN,2023-02-17,2023-03-07,266.443152557373,254.51267938995363,-0.04477680530690464,10,open_exit
LW,2023-02-23,2023-03-09,94.13634872101375,92.90410693230028,-0.013089967960892457,9,open_exit
H,2023-01-23,2023-03-09,107.82842553872248,110.68742645263673,0.026514352775071748,32,close_exit
HXL,2023-01-31,2023-03-09,66.49339729998302,68.34045409774781,0.027778048238862763,26,close_exit
EG,2023-02-10,2023-03-09,356.60796993249863,345.90703808593753,-0.03000755100506214,18,close_exit
COTY,2023-02-13,2023-03-09,10.50525,11.01449045753479,0.04847485376690619,17,close_exit
FTI,2023-02-27,2023-03-10,14.796397972768556,14.497533015815927,-0.020198494086375862,8,open_exit
ELF,2023-03-01,2023-03-10,75.10753469467163,70.9645,-0.055161372444375356,6,open_exit
PGR,2023-02-22,2023-03-13,130.58938693627536,126.26225304106669,-0.03313541779103546,12,open_exit
WING,2023-02-23,2023-03-13,172.58479269146613,160.49228044288736,-0.07006707868054651,11,open_exit
SMCI,2023-03-09,2023-03-13,10.255125,9.095450381278992,-0.11308244596930883,1,open_exit
AXON,2023-03-07,2023-03-14,222.23105511474608,214.6626192703247,-0.03405660761729956,4,open_exit
WING,2023-03-17,2023-04-05,178.71587191033257,173.23509026482037,-0.030667570747505146,12,open_exit
ONON,2023-04-05,2023-04-06,31.0155,29.145419847488405,-0.060295018700701086,0,open_exit
ALGM,2023-03-17,2023-04-10,46.033003320693965,44.627676525115966,-0.030528679299667627,14,open_exit
LSCC,2023-03-17,2023-04-10,93.06650664138793,88.62566316986084,-0.04771688152687348,14,open_exit
AVGO,2023-03-17,2023-04-10,60.66353394747842,59.26976938989035,-0.022975327464350714,14,open_exit
DRI,2023-03-17,2023-04-10,134.74516844913444,134.1902190776391,-0.004118510354638949,14,open_exit
DUOL,2023-03-17,2023-04-11,127.49371530532837,134.9524942703247,0.05850311089557381,15,open_exit
PODD,2023-03-21,2023-04-12,318.52918011474605,317.0813702392578,-0.004545297466833964,14,open_exit
FIVE,2023-04-11,2023-04-17,217.1085,205.89700000000002,-0.05164007857822228,3,open_exit
PEN,2023-03-17,2023-04-17,265.96290156555176,271.80403244018555,0.021962201646360535,20,close_exit
TXRH,2023-03-17,2023-04-18,101.80843659270842,103.78115115581618,0.019376729759634115,20,open_exit
CDNS,2023-03-17,2023-04-25,206.8833887786865,203.79804389953614,-0.014913449056322858,26,close_exit
CXT,2023-04-10,2023-04-26,42.10876050154352,44.74032543490444,0.06249447625665594,11,open_exit
ELF,2023-04-11,2023-04-26,84.18206938934325,92.54370133972168,0.09932794490600783,10,open_exit
BLDR,2023-04-12,2023-04-26,93.59677805328369,92.32381774520874,-0.013600471453731666,9,open_exit
IOT,2023-04-18,2023-04-26,21.720854084014892,20.149919847488405,-0.07232377835835613,5,open_exit
CHE,2023-04-12,2023-04-28,552.8137925227544,538.6891609051833,-0.025550432729099737,11,open_exit
ZBH,2023-04-26,2023-05-05,134.68508249984552,133.08518826051147,-0.011878778329707629,6,open_exit
FISV,2023-04-26,2023-05-05,119.47970816802977,118.53070133972169,-0.007942828475722918,6,open_exit
WSO,2023-04-26,2023-05-09,314.12154810206306,308.0908460972151,-0.01919862563165675,8,open_exit
META,2023-04-28,2023-05-11,237.0478524996419,230.90577766435953,-0.025910695965033592,8,open_exit
AU,2023-05-05,2023-05-12,25.290173200220742,22.32062656434811,-0.11741899165193193,4,open_exit
BRBR,2023-04-06,2023-05-17,35.08753469467163,36.03197423744202,0.026916668582982917,28,close_exit
LW,2023-04-10,2023-05-22,99.74952559148434,103.66689062500001,0.03927201668666469,30,close_exit
PHM,2023-04-17,2023-05-22,58.50813332555668,65.71078814315796,0.12310518911146184,25,close_exit
SSD,2023-04-26,2023-05-22,119.36374974153819,121.27880017471314,0.016043819311320817,18,close_exit
TOL,2023-05-12,2023-05-23,63.4912218431472,62.270120954314244,-0.01923259394581578,6,open_exit
CPRT,2023-05-18,2023-05-24,41.26562143135071,43.258358779907226,0.04829049653042605,3,open_exit
FTAI,2023-04-18,2023-05-24,26.783460774787045,26.732093499183655,-0.0019178729752409307,26,close_exit
DUOL,2023-05-11,2023-05-26,148.39416732788087,143.61815744018554,-0.03218462001368694,10,open_exit
DKNG,2023-05-23,2023-05-26,25.062524236679074,23.708139313697817,-0.05404024391921025,2,open_exit
SPOT,2023-04-26,2023-06-07,138.59926377868652,148.23584255981447,0.06952835475746477,29,close_exit
HUBS,2023-05-05,2023-06-08,453.72675,501.61906011962895,0.1055531994082981,22,open_exit
NVDA,2023-05-26,2023-06-08,37.83131791434814,37.63183077045013,-0.005273068846019524,7,open_exit
SMCI,2023-06-08,2023-06-20,24.075031225204466,22.71863454246521,-0.056340391422596614,6,open_exit
PLTR,2023-05-23,2023-06-21,11.955974809169769,14.632680343151094,0.22388015838979491,19,close_exit
AVGO,2023-05-24,2023-06-23,65.41411554942637,80.40600156943465,0.22918426541562775,19,open_exit
FERG,2023-05-23,2023-07-07,139.898735005072,144.1424059496216,0.030333876459967657,29,open_exit
PANW,2023-06-23,2023-07-10,123.48170816802978,124.41776335525513,0.00758051699407658,9,open_exit
RCL,2023-05-09,2023-07-12,75.76497278265958,96.52881410980225,0.2740559464953034,43,close_exit
WCC,2023-06-22,2023-07-14,167.51113934628847,167.6550831604004,0.0008593089072981286,15,close_exit
DV,2023-05-25,2023-07-17,33.006496679306025,39.500240457534794,0.19674138219886061,33,open_exit
CELH,2023-07-17,2023-07-19,51.06218520355225,47.789424938201904,-0.06409361942313951,1,open_exit
ELF,2023-05-26,2023-07-20,103.38166683197021,112.98348091506959,0.09287733867461756,35,open_exit
META,2023-05-23,2023-07-21,244.78378502720568,301.7677447676191,0.23279303297839005,39,open_exit
CPRT,2023-07-17,2023-07-21,46.80839234733581,45.7820978050232,-0.021925438812278042,3,open_exit
CVNA,2023-07-20,2023-07-21,10.679336786270142,9.423286449909211,-0.11761501313225442,0,open_exit
SPOT,2023-06-20,2023-07-24,156.2780969467163,163.6381412200928,0.04709581455861955,23,close_exit
SIRI,2023-07-21,2023-07-25,62.36442111745243,53.12167838925302,-0.14820537996804828,1,open_exit
VRT,2023-06-08,2023-07-26,20.32645392003233,25.235783160209657,0.24152413694446917,32,close_exit
MDB,2023-07-19,2023-07-27,429.7647627868652,415.4321946411133,-0.03334979827757523,5,open_exit
OMF,2023-07-25,2023-07-27,37.8654010596993,35.44181974066602,-0.064005167018097,1,open_exit
MSTR,2023-07-10,2023-07-28,38.1360590801239,43.37830152511597,0.13746156712150337,13,open_exit
ACGL,2023-07-21,2023-07-31,77.90801106911428,73.42017906961262,-0.05760424297727729,5,open_exit
GE,2023-06-08,2023-08-02,83.0831058971459,88.65694338207881,0.06708749540289372,36,open_exit
TDC,2023-08-02,2023-08-09,56.60829183197021,46.346813932418826,-0.18127164002776175,4,open_exit
SMCI,2023-07-28,2023-08-10,33.465725812911984,26.528728816986085,-0.20728661421260486,8,open_exit
META,2023-07-31,2023-08-10,321.0326302195176,305.1066916806612,-0.04960847290808568,7,open_exit
XP,2023-07-21,2023-08-11,22.581825678370794,22.427327828469245,-0.006841689954658059,14,open_exit
ONON,2023-08-10,2023-08-14,36.71835076332092,34.30283969497681,-0.06578484649035587,1,open_exit
PRI,2023-07-07,2023-08-15,190.4074909513759,200.2362118148804,0.051619402232522704,27,close_exit
CNM,2023-07-13,2023-08-17,32.03601045799255,30.934525762557985,-0.0343827049525689,25,close_exit
XPO,2023-07-27,2023-08-17,71.70583316802978,69.49523377990722,-0.030828724672125607,15,close_exit
SAIA,2023-07-27,2023-08-17,423.9418759918213,403.5181412200928,-0.04817578995692917,15,close_exit
OC,2023-07-27,2023-08-17,134.35890131468446,127.99738591766358,-0.047347182321188064,15,close_exit
CELH,2023-08-10,2023-08-18,58.42586581420898,56.058622774124146,-0.040517038251731474,5,open_exit
ELF,2023-08-11,2023-08-18,132.99645767211913,116.07193225479126,-0.1272554601345286,4,open_exit
DKS,2023-08-16,2023-08-23,139.04111415040396,101.17872945515805,-0.2723107113072274,4,open_exit
WFRD,2023-07-25,2023-08-24,74.3831363565204,81.32490253448486,0.09332446194110977,22,close_exit
ANET,2023-08-23,2023-08-25,47.02850356864929,44.962508110046386,-0.04393070801385579,1,open_exit
REGN,2023-08-22,2023-09-07,835.8476366662934,814.0657192297564,-0.026059674611765726,10,open_exit
FRHC,2023-08-21,2023-09-08,89.55475713729858,91.85405152511598,0.025674731988746258,12,open_exit
RVMD,2023-08-28,2023-09-08,33.21660076332092,32.09394561004639,-0.03379801447095121,7,open_exit
CSCO,2023-08-18,2023-09-11,50.49725675321912,52.37674593189169,0.03721962933269163,14,open_exit
ROIV,2023-09-11,2023-09-12,12.656324618339537,11.384305343151093,-0.10050463412934563,0,open_exit
APP,2023-08-14,2023-09-13,38.41920152664184,40.78959637260437,0.06169818090359791,21,close_exit
VRT,2023-08-28,2023-09-14,37.32331965931204,37.81383717941369,0.013142387241518172,11,open_exit
PR,2023-08-18,2023-09-15,11.054061362958867,12.2185622995364,0.10534598084281188,18,open_exit
LLY,2023-08-09,2023-09-18,509.652127612809,566.74166238323,0.11201667113178981,26,open_exit
LII,2023-09-08,2023-09-18,374.9841143466425,366.9903260896307,-0.02131767173908128,5,open_exit
CVNA,2023-09-15,2023-09-18,11.117556465625762,10.52673358821869,-0.05314323153957712,0,open_exit
BRBR,2023-08-22,2023-09-18,39.279628320693966,40.29983969497681,0.025973040425776084,18,close_exit
MEDP,2023-09-12,2023-09-19,277.7487903442383,271.2843034210205,-0.023274581736992483,4,open_exit
TJX,2023-08-21,2023-09-19,86.38340109149415,87.75319770431518,0.015857173895829746,20,close_exit
AMZN,2023-09-14,2023-09-20,145.1525418319702,138.48072805023193,-0.04596415396887521,3,open_exit
APP,2023-09-19,2023-09-20,43.621798473358155,39.65016316986084,-0.09104703250424162,0,open_exit
DELL,2023-09-07,2023-09-21,66.24000703910066,65.02120084692908,-0.018399849979667704,9,open_exit
WFRD,2023-09-19,2023-09-21,95.37492347164861,89.56203549762616,-0.06094776029624194,1,open_exit
BX,2023-09-18,2023-09-22,103.27676992038617,101.35631155385083,-0.01859525978606591,3,open_exit
KKR,2023-09-18,2023-09-22,63.23210556854413,60.97036135860701,-0.03576892133514942,3,open_exit
CEG,2023-09-08,2023-09-27,106.38307862068105,107.01321575623443,0.00592328351203486,12,open_exit
FICO,2023-09-20,2023-09-27,913.8467096557616,869.9847729187012,-0.04799703962777613,4,open_exit
EG,2023-09-20,2023-09-28,372.1124616173088,365.08069367136625,-0.01889688916995802,5,open_exit
ARES,2023-09-21,2023-10-03,96.69606078851695,93.8394412214324,-0.0295422537773512,7,open_exit
OHI,2023-09-21,2023-10-03,26.884008909242826,26.14505098058665,-0.027486894947506113,7,open_exit
CRS,2023-09-14,2023-10-04,68.14663739619765,63.40889438114398,-0.06952277025070086,13,open_exit
SFM,2023-09-18,2023-10-16,40.82039923667907,41.979,0.028382886620076597,20,close_exit
CBOE,2023-09-20,2023-10-27,152.07554959495505,157.14683588409426,0.03334715082500961,27,close_exit
NU,2023-11-13,2023-11-16,8.55427519083023,8.2858549618721,-0.03137848888072514,2,open_exit
AVGO,2023-11-13,2023-11-28,92.18427571614993,91.11214530467063,-0.011630295982153704,9,open_exit
FTAI,2023-11-13,2023-11-30,39.151688372848724,39.579575846852535,0.01092896607494831,11,open_exit
HRB,2023-11-13,2023-11-30,41.199479241248326,41.69829093251091,0.012107232917720534,11,open_exit
DELL,2023-11-30,2023-12-04,72.02208541033785,67.88847261578167,-0.057393683770823656,1,open_exit
SNPS,2023-11-13,2023-12-05,516.4880954589844,525.0973053588867,0.01666874798392337,14,open_exit
INTC,2023-11-13,2023-12-05,37.86209277950309,41.33544543811125,0.09173694330199544,14,open_exit
ADBE,2023-11-13,2023-12-05,590.2749704589844,601.9188607177734,0.019726213784289515,15,close_exit
KLAC,2023-11-13,2023-12-05,51.83713930617067,52.63623966789246,0.015415595312889163,15,close_exit
QXO,2023-12-05,2023-12-07,58.612558692543566,55.8894043214874,-0.0464602541127862,1,open_exit
CRS,2023-12-05,2023-12-07,72.63593018679171,68.44052027263892,-0.05775942984916427,1,open_exit
TTWO,2023-11-16,2023-12-11,154.0269719467163,152.48371755981447,-0.010019377563532772,16,close_exit
GWRE,2023-12-06,2023-12-12,101.92093774795532,95.85205152511597,-0.059545039095375674,3,open_exit
ADBE,2023-12-12,2023-12-15,626.1729153442383,580.3096755981445,-0.07324372968268755,2,open_exit
BRBR,2023-11-13,2023-12-18,46.47322576332092,54.672650762557986,0.1764333089550345,23,open_exit
GAP,2023-11-28,2023-12-20,17.77580303837083,19.067299120903016,0.07265472506329873,16,close_exit
ZS,2023-11-13,2024-01-02,175.7178198852539,212.2638101196289,0.20798112711755712,33,close_exit
VRT,2023-12-04,2024-01-02,45.07907223222216,45.477467329025274,0.008837695122712486,19,close_exit
GTLB,2023-12-06,2024-01-02,60.019996679306026,60.00998091506958,-0.00016687378858015744,17,close_exit
UBER,2023-12-07,2024-01-02,59.699833168029784,58.35081106758118,-0.022596748246375697,16,close_exit
SSD,2023-11-30,2024-01-03,163.1047248338413,191.6519534237851,0.17502392171057934,21,open_exit
S,2023-12-07,2024-01-03,22.921454847335813,25.087450381278995,0.09449642478496245,16,open_exit
INTU,2023-12-12,2024-01-03,575.8197288003248,584.3284403492362,0.014776693335323277,13,open_exit
ESI,2023-12-21,2024-01-03,22.258376189131546,21.828662450839648,-0.01930570921439101,6,open_exit
WSM,2023-12-15,2024-01-04,98.68115303028829,93.11394337380688,-0.05641613910583976,11,open_exit
MSTR,2024-01-03,2024-01-09,64.35415959548949,59.970000000000006,-0.06812550459903399,3,open_exit
NRG,2023-12-18,2024-01-11,46.46145965643612,48.55255262959176,0.04500704430335234,15,open_exit
ALLY,2024-01-03,2024-01-12,31.8665245885849,30.92511906458293,-0.02954214606569283,6,open_exit
AIG,2024-01-03,2024-01-12,65.22803773087536,63.847659533394726,-0.02116234437675313,6,open_exit
GS,2024-01-03,2024-01-16,363.96051086073686,358.36840002874584,-0.015364608700999316,7,open_exit
IONS,2024-01-03,2024-01-19,52.51624667930603,50.27484923744202,-0.04268007680654051,10,open_exit
MPC,2024-01-04,2024-01-19,151.96823371226665,144.68285772044004,-0.04794012415529281,9,open_exit
SFM,2024-01-03,2024-01-25,49.29463545799255,49.42527576255799,0.0026501931366702536,14,open_exit
WSM,2024-01-19,2024-01-30,99.82214508645761,96.44887057326136,-0.033792847371438506,6,open_exit
AMD,2024-01-25,2024-01-31,183.5017086639404,165.6571354904175,-0.09724472487721048,3,open_exit
S,2024-01-30,2024-02-01,28.514249999999997,27.106440838813782,-0.04937212660989554,1,open_exit
REGN,2024-01-03,2024-02-06,899.8214588089701,929.6626217041016,0.033163426592015544,23,close_exit
AMGN,2024-01-03,2024-02-07,278.1667008905994,274.01740274047853,-0.014916588279028864,24,close_exit
FTAI,2024-01-12,2024-02-08,47.7222040685204,52.3738531575683,0.09747347549935004,17,open_exit
NTNX,2024-01-11,2024-02-13,49.024499999999996,55.49224045753479,0.131928738845573,22,close_exit
ESTC,2024-01-19,2024-02-14,118.95945152664184,124.48772805023194,0.04647194025059864,17,open_exit
GDDY,2024-01-31,2024-02-21,108.60427805328368,108.15589408493042,-0.004128603185716728,13,open_exit
KKR,2024-02-07,2024-02-21,92.67133626121884,91.11190398500553,-0.01682755789576229,8,open_exit
CRWD,2024-01-09,2024-02-21,66.45696370697021,73.05345133972169,0.09925953978032287,29,close_exit
PANW,2024-02-08,2024-02-22,181.70080561065672,136.99646994018556,-0.246032677291824,8,open_exit
WING,2024-02-14,2024-02-22,301.9882638062926,314.9751788541114,0.043004701189808925,4,open_exit
ERIE,2024-02-01,2024-02-23,330.0592028608679,335.3714454803467,0.016094817455273747,15,close_exit
VKTX,2024-02-26,2024-03-01,36.60829515266418,80.94950286483765,1.2112338891298116,3,open_exit
PGR,2024-01-12,2024-03-04,155.01624978919583,172.52904109695257,0.11297390648768824,33,open_exit
RL,2024-02-21,2024-03-05,176.25239392839302,171.55623590962907,-0.026644506290631642,8,open_exit
ESTC,2024-03-01,2024-03-05,116.01797908401488,106.78657633972169,-0.07956872561629635,1,open_exit
CRH,2024-02-22,2024-03-11,75.21522979589204,78.80305082579075,0.04770072549980631,11,open_exit
PSN,2024-01-16,2024-03-12,66.81338877868652,80.66964408493043,0.2073874048230293,38,open_exit
COHR,2024-03-04,2024-03-12,64.05200664138793,61.66915076255799,-0.03720189270838914,5,open_exit
VST,2024-03-05,2024-03-12,55.917796748297754,57.422350628010854,0.026906530071017176,4,open_exit
FITB,2024-03-12,2024-03-15,33.57014280840412,32.10074483048857,-0.04377097786869388,2,open_exit
MEDP,2024-02-14,2024-03-15,370.5851938934326,396.5616297607422,0.07009571967621442,21,close_exit
SMCI,2024-03-05,2024-03-19,103.55175,88.81656956100464,-0.1422977442582608,9,open_exit
MSTR,2024-03-11,2024-03-19,155.0775,132.5406911315918,-0.1453261038410354,5,open_exit
M,2024-03-15,2024-03-25,19.41423874762491,18.633541652993042,-0.040212603995476104,5,open_exit
ANET,2024-03-19,2024-03-28,71.0355,71.91152838516236,0.012332261829118618,6,open_exit
AWI,2024-02-21,2024-04-02,115.61089106998129,117.92314089202881,0.020000276796135807,28,close_exit
TOL,2024-02-22,2024-04-03,106.56885716844684,120.79457675707216,0.1334885253216107,27,open_exit
MLI,2024-03-12,2024-04-03,25.195548267821586,25.296966432303712,0.004025241419796766,14,open_exit
AYI,2024-03-19,2024-04-03,260.2966181525406,261.64617479317224,0.005184687569935287,9,open_exit
NVDA,2024-03-25,2024-04-03,93.825608217562,88.28698584794489,-0.05903103081169703,5,open_exit
PVH,2024-03-28,2024-04-03,139.13116738632382,107.53195075269471,-0.2271181736432064,2,open_exit
VNT,2024-02-22,2024-04-03,42.01259994606382,43.564079713821414,0.03692891584308988,28,close_exit
NU,2024-03-12,2024-04-04,11.395695343494415,11.784104961872101,0.03408388928187889,16,close_exit
VST,2024-04-04,2024-04-05,73.50012101681786,69.37913789240679,-0.056067705296269255,0,open_exit
JLL,2024-04-05,2024-04-11,195.4976938934326,183.71809255981447,-0.060254426019159535,3,open_exit
WFRD,2024-04-03,2024-04-12,119.58728781082397,117.13226930681917,-0.020529092589577025,6,open_exit
DIS,2024-04-03,2024-04-15,118.9943161049275,111.69054688388995,-0.0613791436441149,7,open_exit
WAB,2024-04-03,2024-04-15,144.13731400575566,146.8602922425349,0.01889155667678466,7,open_exit
APP,2024-02-08,2024-04-15,47.82589913749695,71.3942853050232,0.492795464226786,45,close_exit
MTSI,2024-04-03,2024-04-16,98.65930561065673,98.36079866027832,-0.003025634009187317,8,open_exit
HUBS,2024-04-05,2024-04-16,670.3650443115234,635.8619026794433,-0.051469183730359025,6,open_exit
ALSN,2024-04-03,2024-04-18,79.45176192283232,78.21228376418446,-0.015600386053763016,10,open_exit
CMG,2024-04-11,2024-04-18,59.65381254959106,58.0631551322937,-0.02666480731596199,4,open_exit
FTAI,2024-03-18,2024-04-18,58.962971209300925,66.57144158554078,0.12903811019346456,22,close_exit
VRT,2024-04-12,2024-04-22,84.44147310009254,75.55555263808573,-0.10523170825636707,5,open_exit
PGR,2024-04-22,2024-04-29,197.90642560276385,191.21821068233373,-0.033794834604585544,4,open_exit
WFC,2024-04-19,2024-05-01,55.76369693010096,56.255602156481,0.008821244886195956,7,open_exit
PPC,2024-04-03,2024-05-01,29.76642546150377,29.965287876129153,0.006680762353631131,20,close_exit
ELV,2024-04-19,2024-05-02,512.3218823443061,507.04424571094285,-0.010301407797015494,8,open_exit
AXP,2024-04-22,2024-05-02,226.54847168714173,227.83390760293656,0.005673999503161387,7,open_exit
DVA,2024-05-02,2024-05-06,141.44068011474607,135.4122557296753,-0.042621573794612067,1,open_exit
CPNG,2024-04-15,2024-05-08,21.530760457992553,21.44926908493042,-0.003784881319966571,17,close_exit
SCHW,2024-04-17,2024-05-22,71.37650272521972,73.26204907608033,0.026416905828511306,25,close_exit
DAL,2024-04-23,2024-05-22,47.10210903174794,50.22142061233521,0.066224456711371,21,close_exit
KMI,2024-04-22,2024-05-23,16.81020106606285,17.61008305539443,0.04758313039731665,22,open_exit
GRMN,2024-05-02,2024-05-23,158.17967303940065,156.35463585872023,-0.011537747838344714,14,open_exit
ETR,2024-04-22,2024-05-23,49.68074173348436,51.61564350128174,0.038946716580386065,23,close_exit
IR,2024-05-23,2024-05-30,96.12521930820925,90.64209360967627,-0.057041489611090235,3,open_exit
ONTO,2024-05-06,2024-05-31,202.52120816802977,216.5916469497681,0.06947637192675749,18,close_exit
DELL,2024-05-24,2024-06-03,150.85851702211994,135.76446070684355,-0.10005438614422546,4,open_exit
VST,2024-05-09,2024-06-03,88.28690550648152,91.83257789230348,0.04016079582222587,16,close_exit
EQH,2024-05-02,2024-06-04,36.80953739984438,38.08624825286866,0.03468424064002695,22,close_exit
FLEX,2024-05-23,2024-06-05,31.65581938934326,32.49374332237244,0.026469822901228124,7,open_exit
TXN,2024-05-23,2024-06-05,190.57581576083766,183.03678429858536,-0.03955922440711668,7,open_exit
GAP,2024-06-03,2024-06-05,27.25357264646641,25.235535454312153,-0.0740467027326015,1,open_exit
DKS,2024-06-03,2024-06-06,217.3927163861412,208.40480109285636,-0.04134414180335344,2,open_exit
LNC,2024-05-23,2024-06-12,28.36556599772499,28.363903783837642,-5.8599708092521574e-05,12,open_exit
TMUS,2024-06-05,2024-06-13,173.37460778804467,168.5186270676378,-0.02800860392626492,5,open_exit
RTX,2024-06-05,2024-06-14,104.18101788281399,100.78142104373505,-0.03263163394029145,6,open_exit
RCL,2024-04-29,2024-06-14,137.18842050650963,144.34126067352295,0.0521388039938393,33,close_exit
FSLR,2024-06-12,2024-06-17,300.65024999999997,273.0733864593506,-0.0917240665545741,2,open_exit
DTM,2024-06-05,2024-06-18,63.16980365387112,63.44746226815812,0.004395432599543669,8,open_exit
HOOD,2024-05-30,2024-06-20,21.310649236679076,21.989,0.031831539048250646,13,open_exit
THC,2024-05-01,2024-06-21,112.87640969467162,135.15239122009277,0.19734842369346461,34,open_exit
P,2024-06-06,2024-06-25,63.26161454200744,63.51822423744202,0.0040563254240717495,11,open_exit
WSM,2024-06-14,2024-06-26,152.2439481859816,141.40999960732248,-0.07116176838388566,6,open_exit
TLN,2024-06-13,2024-06-27,115.60777805328368,112.97348377990723,-0.022786479575468643,8,open_exit
IP,2024-06-25,2024-06-28,43.399488972287045,39.1060478004524,-0.09892838080596389,2,open_exit
ROL,2024-06-17,2024-07-02,47.24316444751939,47.14720097078667,-0.002031266911413643,9,open_exit
INSM,2024-06-05,2024-07-03,57.80888877868652,64.25785591506958,0.1115566701354882,18,open_exit
LPLA,2024-06-21,2024-07-09,286.62123553270635,271.36062581922175,-0.053243123054443786,10,open_exit
CAVA,2024-06-18,2024-07-11,94.047,85.64715744018555,-0.08931536954729491,14,open_exit
NFLX,2024-06-17,2024-07-11,66.94445861434936,65.24236402511598,-0.025425473959521216,16,close_exit
NTAP,2024-06-20,2024-07-15,123.83921694321101,125.56895086380663,0.013967577987745283,15,open_exit
AMZN,2024-06-27,2024-07-16,195.10749950408933,195.4922013397217,0.001971742944838928,11,open_exit
COHR,2024-06-04,2024-07-18,68.45420816802978,76.56169847488404,0.11843669693692704,29,open_exit
ALNY,2024-07-03,2024-07-18,247.4236530532837,240.52966889953615,-0.027863076422458666,9,open_exit
MKSI,2024-07-11,2024-07-18,142.86268970568915,132.95089765744743,-0.06937985046103334,4,open_exit
MEDP,2024-07-12,2024-07-18,436.4381112213135,436.77149523925783,0.0007638746694496046,3,open_exit
CVNA,2024-06-26,2024-07-19,25.322654465675352,25.92703053379059,0.023867010819677903,15,open_exit
HOOD,2024-07-16,2024-07-19,24.072029465675353,22.92853053379059,-0.04750322084456138,2,open_exit
GLW,2024-07-09,2024-07-22,42.077273690444805,42.9907846804895,0.02171031794420042,8,open_exit
FANG,2024-07-18,2024-07-24,199.60003924410165,188.7819912280377,-0.05419862669883535,3,open_exit
TXRH,2024-06-28,2024-07-24,169.14665723368967,160.34315867614748,-0.052046541749739994,17,close_exit
TRGP,2024-07-02,2024-07-24,125.89991698714486,125.55463817596436,-0.0027424864085952017,15,close_exit
AXS,2024-07-18,2024-07-25,71.4327130752933,69.89325271958907,-0.02155119537573158,4,open_exit
HPQ,2024-07-18,2024-07-26,34.875434931961344,33.44036574796455,-0.041148424006653306,5,open_exit
VIRT,2024-07-19,2024-07-26,26.858795245184442,26.88900123265932,0.0011246218305451805,4,open_exit
RVMD,2024-07-15,2024-07-31,47.47372576332092,45.45725954246521,-0.04247541536783428,11,open_exit
UTHR,2024-07-18,2024-08-01,332.3360984344482,312.13386354064943,-0.060788566120161036,9,open_exit
CFG,2024-07-22,2024-08-02,37.793054176834524,37.14573161919792,-0.017128082705561987,8,open_exit
ALSN,2024-07-19,2024-08-05,83.66198152986004,78.53138295199683,-0.06132532942734603,10,open_exit
FTAI,2024-07-25,2024-08-05,107.22448254644162,91.13463123195129,-0.15005762613516382,6,open_exit
THC,2024-07-25,2024-08-05,146.2831117172241,135.86202767944337,-0.07123914657985564,6,open_exit
ATI,2024-07-26,2024-08-05,64.2721178627014,57.17140076255799,-0.1104789656272418,5,open_exit
CORT,2024-08-01,2024-08-05,38.51925,33.103438932418825,-0.1406001172811302,1,open_exit
CRS,2024-07-24,2024-08-06,123.63499554627444,133.92718205688962,0.08324654734801995,8,open_exit
HIW,2024-07-25,2024-08-06,25.286146685482613,25.60786658939615,0.012723168457226652,7,open_exit
SFM,2024-07-31,2024-08-08,96.82838877868652,94.68263835525514,-0.022160344197565518,5,open_exit
CVNA,2024-08-02,2024-08-08,27.97598089313507,26.082952671051025,-0.06766619656037043,3,open_exit
GMED,2024-08-09,2024-08-14,72.58627805328369,67.30632633972168,-0.07274035609989726,2,open_exit
ASTS,2024-07-26,2024-08-28,16.97848431301117,29.895044847488403,0.7607605188043112,22,open_exit
AU,2024-08-14,2024-08-28,27.863353413125118,27.119659421596374,-0.026690756869861332,9,open_exit
RKT,2024-08-05,2024-08-29,15.148510967093403,18.718086857959058,0.2356387303425218,17,open_exit
GDDY,2024-08-05,2024-09-03,145.71281938934325,159.42025,0.0940715488733399,20,close_exit
TKO,2024-08-09,2024-09-05,116.17004129061124,113.78200875854493,-0.020556354336591753,18,close_exit
FOX,2024-08-29,2024-09-09,37.50886757968529,36.86348357211579,-0.01720617147927539,5,open_exit
MO,2024-08-05,2024-09-12,43.50750227183444,46.089763850664504,0.05935209892528692,26,open_exit
BFAM,2024-08-05,2024-09-17,128.7343331680298,138.23085305023193,0.0737683541639731,30,close_exit
RMD,2024-08-28,2024-09-19,236.76621075010158,236.80493122472765,0.00016353885338360463,14,open_exit
OKE,2024-08-09,2024-09-26,77.33081068948665,80.71195080184937,0.043723065647653714,33,close_exit
SO,2024-09-04,2024-09-26,84.49969943365113,83.96214831542969,-0.006361574323036856,16,close_exit
PRMB,2024-09-06,2024-09-27,22.285582275621287,23.089615245201617,0.03607861619392727,14,open_exit
OHI,2024-08-05,2024-09-27,31.699840604723967,35.45744398880005,0.11853698038835314,38,close_exit
HEI,2024-08-28,2024-09-30,247.737392703989,259.24555026621033,0.04645305029092617,21,open_exit
LITE,2024-09-27,2024-10-02,65.05250664138794,61.46925,-0.055082529888374476,2,open_exit
TLN,2024-09-12,2024-10-03,149.59476427459717,178.10090744018555,0.19055575443310513,14,open_exit
UAL,2024-09-27,2024-10-03,59.009489542007444,55.57219847488403,-0.05824980174886085,3,open_exit
CBRE,2024-09-27,2024-10-07,124.16204847335814,120.06993225479127,-0.03295786650495647,5,open_exit
CIEN,2024-10-03,2024-10-08,65.5227428627014,64.1479103050232,-0.02098252450388216,2,open_exit
VFC,2024-10-07,2024-10-08,20.54974138697374,18.901887804717944,-0.08018853138951676,0,open_exit
VST,2024-10-02,2024-10-10,118.93340639463342,122.72387227799791,0.03187048953081639,5,open_exit
CRS,2024-09-19,2024-10-14,150.87412559448765,156.2365399169922,0.03554230588827001,17,close_exit
SN,2024-08-09,2024-10-16,88.044,105.06744274520875,0.19335153724511334,47,close_exit
GEN,2024-09-30,2024-10-21,26.60770631100966,26.174702036198514,-0.016273641543915418,14,open_exit
FTAI,2024-10-03,2024-10-23,131.8262299980897,137.36553946952182,0.04201978218987512,13,open_exit
UTHR,2024-10-17,2024-10-24,370.185,353.0134074401856,-0.04638651636293856,4,open_exit
APD,2024-10-08,2024-10-25,295.8361306785997,308.4319555261005,0.04257703350367659,12,open_exit
NEM,2024-10-23,2024-10-25,56.08796756351789,46.46952027796663,-0.17148860447935943,1,open_exit
BNY,2024-10-15,2024-10-28,73.98760663977478,73.13327827571167,-0.011546911744592547,8,open_exit
TRU,2024-10-24,2024-10-28,108.12061649991813,103.79657186585206,-0.039992785594867075,1,open_exit
CORT,2024-09-18,2024-10-30,40.32014923667907,46.86655438995361,0.1623606379740108,30,close_exit
GWRE,2024-09-09,2024-10-31,163.2916117172241,186.16686450958252,0.14008835207023385,38,close_exit
AUR,2024-10-25,2024-11-01,6.493244771003723,5.287354961872101,-0.1857145158791259,4,open_exit
TSLA,2024-10-28,2024-11-01,270.135,251.91397328948975,-0.06745155833383398,3,open_exit
CPNG,2024-10-08,2024-11-01,25.552770915985107,25.38729961872101,-0.00647566942184663,18,close_exit
MSTR,2024-10-21,2024-11-04,214.59725049591063,226.8565162200928,0.05712685365656989,9,open_exit
CVNA,2024-10-25,2024-11-04,40.019999999999996,45.275351335525514,0.1313181243259749,5,open_exit
GLW,2024-10-10,2024-11-05,45.61905932083279,45.690067159676666,0.0015565388655756074,17,open_exit
GILD,2024-11-04,2024-11-13,85.32522517345859,89.65958035013927,0.05079805143050398,6,open_exit
LDOS,2024-09-30,2024-11-14,157.10413109902223,190.5141655059278,0.21266171788854704,32,open_exit
IP,2024-11-01,2024-11-14,51.34618422710436,52.01039160395738,0.01293586635211752,8,open_exit
LBRDK,2024-11-04,2024-11-14,84.82703740310669,86.43616093444825,0.0189694651682204,7,open_exit
CORT,2024-11-05,2024-11-15,50.025,55.062455152511596,0.1006987536733952,7,open_exit
RKLB,2024-11-14,2024-11-15,19.439715305328367,17.021485686302185,-0.12439634948580514,0,open_exit
NCLH,2024-11-01,2024-11-18,25.262625,26.38679961872101,0.04449951731940005,10,open_exit
LITE,2024-11-14,2024-11-18,88.16406274795531,81.90902194976807,-0.07094773769749285,1,open_exit
GEN,2024-11-01,2024-11-19,27.876585416644946,28.24871408451728,0.013349148122357102,11,open_exit
MSTR,2024-11-19,2024-11-27,389.69475,384.0978635406494,-0.01436223213002119,5,open_exit
RKLB,2024-11-18,2024-12-04,19.549770915985107,22.938525762557983,0.1733398749855437,10,open_exit
TOST,2024-11-04,2024-12-04,30.705345534324643,38.120929389953616,0.24150791097072344,21,close_exit
SFM,2024-10-28,2024-12-09,120.71032652664184,144.13790171051025,0.1940809527898819,29,close_exit
FOX,2024-11-15,2024-12-09,43.529826601931575,43.053326002120976,-0.01094653108012733,15,close_exit
FOXA,2024-11-15,2024-12-09,46.85864441852282,45.5506233291626,-0.027914189699503433,15,close_exit
APP,2024-11-18,2024-12-10,293.24655610656737,341.93893035888675,0.16604585199160637,14,open_exit
AXON,2024-12-04,2024-12-10,667.4235718688965,646.8963607177735,-0.030755897778143138,3,open_exit
LITE,2024-12-05,2024-12-11,94.1270418319702,87.956,-0.06556077522319637,3,open_exit
DUOL,2024-11-27,2024-12-12,353.0564448852539,340.9494351196289,-0.034291994781627255,9,open_exit
LLYVK,2024-11-13,2024-12-13,67.26361835861206,70.48473664474487,0.047887972201548834,21,close_exit
RH,2024-12-10,2024-12-18,392.90634645080564,412.71355342102055,0.050412031134485336,5,open_exit
MRVL,2024-12-16,2024-12-18,122.00002926659738,111.92885223600759,-0.08255061159519905,1,open_exit
SOFI,2024-10-31,2024-12-18,11.165579847335815,15.232379771232607,0.36422648707018634,33,close_exit
JEF,2024-12-10,2024-12-19,75.76317468735581,73.98208684021665,-0.02350862215699112,6,open_exit
WHR,2024-12-10,2024-12-19,114.77741217891766,107.51485365671331,-0.06327515479163537,6,open_exit
STT,2024-12-10,2024-12-19,94.70407720825801,91.08773961671574,-0.03818565892986636,6,open_exit
NOW,2024-12-11,2024-12-19,227.3215965499878,213.94098014831545,-0.05886205536450184,5,open_exit
PAYC,2024-12-12,2024-12-19,236.7321618526156,210.0932132903136,-0.11252779661973789,4,open_exit
CCL,2024-12-23,2024-12-30,26.11362365344926,24.13981167001792,-0.07558552614625835,3,open_exit
AAPL,2024-12-10,2024-12-31,245.44527987941754,250.71197710126197,0.021457724607423012,13,open_exit
VFC,2024-12-18,2024-12-31,21.94351265056772,20.77086870195705,-0.05343920853894513,7,open_exit
OLLI,2024-12-20,2024-12-31,117.22858316802977,110.9445,-0.05360538358654787,5,open_exit
PLTR,2024-11-14,2025-01-02,61.080524236679075,76.16189694976806,0.24690968032053284,31,open_exit
FOX,2024-12-18,2025-01-02,46.071284304042706,45.306856697424436,-0.01659227907721239,8,open_exit
ALK,2024-12-20,2025-01-02,64.47222244262694,64.76760305023194,0.0045815173793311015,6,open_exit
FOXA,2024-12-23,2025-01-02,48.56493445109315,48.13211945895182,-0.008912088465334866,5,open_exit
DRI,2024-12-20,2025-01-13,173.99043333631778,171.6456660001833,-0.0134764152900414,12,open_exit
SLM,2024-12-23,2025-01-13,26.68803590037809,25.92400326866798,-0.02862828252188032,11,open_exit
KD,2025-01-06,2025-01-13,38.56927423667908,36.211884542465214,-0.061120924385245634,3,open_exit
ANET,2025-01-07,2025-01-14,119.74984744262694,114.5526956100464,-0.043400070593580864,3,open_exit
CF,2025-01-14,2025-01-23,92.13580273944785,90.72879877946151,-0.015270979555745856,5,open_exit
EQT,2025-01-03,2025-01-28,46.84400292670347,48.0503319296085,0.02575204780839435,14,open_exit
EXE,2025-01-03,2025-01-28,97.05567606338761,96.28813562285971,-0.00790824886971686,14,open_exit
VST,2025-01-13,2025-01-28,160.46557579348058,140.94482426227404,-0.12165071190303012,9,open_exit
CIEN,2025-01-23,2025-01-28,93.77686835861205,78.98048664474487,-0.15778285170799633,2,open_exit
VFC,2025-01-13,2025-02-04,21.856394501241216,23.78786440324741,0.08837092970190064,14,open_exit
BRBR,2025-01-28,2025-02-05,79.13954847335815,75.91202194976808,-0.04078272603079858,5,open_exit
CHWY,2025-01-06,2025-02-07,37.108545152664185,37.14141984748841,0.0008859063239741172,22,close_exit
MMM,2025-01-28,2025-02-11,147.16542628076414,145.0654577010335,-0.014269442441761426,9,open_exit
BROS,2025-01-03,2025-02-12,56.84840969467163,63.13841316986084,0.1106451967429225,25,open_exit
IBKR,2025-02-04,2025-02-12,55.498441352411696,55.23708853018641,-0.004709192111643445,5,open_exit
HOOD,2025-02-10,2025-02-12,57.208590305328364,53.14341316986084,-0.0710588587093518,1,open_exit
PRMB,2025-01-07,2025-02-18,31.302506545718067,31.81574920654297,0.01639621606900077,27,close_exit
HUBS,2025-01-28,2025-02-19,766.7031673278808,770.5645372009278,0.0050363296221986875,15,close_exit
PLTR,2025-02-11,2025-02-20,116.55824999999999,102.85854866027833,-0.11753523529841647,5,open_exit
OZK,2025-02-12,2025-02-20,49.540914321708314,47.41628190286596,-0.04288641919374836,4,open_exit
WMT,2025-01-28,2025-02-20,95.97579228647533,95.86011938858033,-0.0012052299349583073,16,close_exit
ALK,2025-01-13,2025-02-21,67.46371530532836,70.1449103050232,0.039742771170550695,27,close_exit
DUOL,2025-02-05,2025-02-24,389.6047086639404,390.0648797607422,0.001181123037192755,11,open_exit
BROS,2025-02-19,2025-02-24,85.40268061065673,75.92201908493043,-0.11101128744363187,2,open_exit
CART,2025-02-20,2025-02-25,52.52625,48.64566316986084,-0.0738790001216374,2,open_exit
PEN,2025-02-20,2025-02-25,303.37161122131346,288.0359026794434,-0.05055090184652278,2,open_exit
COF,2025-02-20,2025-02-26,206.3975928956913,192.6121244092863,-0.06679083943276343,3,open_exit
PODD,2025-02-21,2025-02-26,276.48818110656737,265.97693035888676,-0.03801699843230999,2,open_exit
UGI,2025-02-12,2025-03-05,29.766777931299597,30.956529714544054,0.03996911543433934,13,open_exit
T,2025-02-24,2025-03-05,24.917871604495133,24.378648209184565,-0.021640026237766397,6,open_exit
PRMB,2025-02-24,2025-03-06,33.49251713701157,31.747680874878863,-0.05209630124230158,7,open_exit
CNP,2025-02-24,2025-03-07,33.42784120999285,32.403388251260914,-0.03064669813094867,8,open_exit
FOX,2025-02-25,2025-03-07,53.71535263761237,50.7731951695024,-0.054773120228011396,7,open_exit
WELL,2025-02-26,2025-03-07,149.3959704017612,146.19937386605935,-0.021396805597269086,6,open_exit
RPRX,2025-02-12,2025-03-10,31.19065970854494,31.833084055900574,0.02059668995008912,17,close_exit
VRSN,2025-01-02,2025-03-13,206.96526574843128,229.95472830200197,0.11107884441592564,47,close_exit
GILD,2025-02-25,2025-03-17,106.81988853185871,106.9107456884148,0.0008505640457487917,13,open_exit
NFG,2025-02-26,2025-04-04,71.34469949235883,70.73494717025757,-0.008546567950244999,27,close_exit
LOAR,2025-05-13,2025-05-14,98.15905561065674,89.64515744018556,-0.08673573841461102,0,open_exit
UI,2025-05-13,2025-05-15,433.29555162635455,416.9776262056772,-0.0376600344947664,1,open_exit
PLTR,2025-05-14,2025-05-22,129.07449950408935,121.88902194976808,-0.05566922654690298,5,open_exit
TOST,2025-05-14,2025-05-23,44.23710765266418,41.979,-0.051045553664903376,6,open_exit
UBER,2025-05-13,2025-05-27,87.45370866394042,89.12541316986085,0.019115307188907416,8,open_exit
TEL,2025-05-13,2025-05-27,159.0926319073495,158.363374315013,-0.004583855226942157,8,open_exit
CRWD,2025-05-27,2025-06-05,116.05799999999999,115.52346242523194,-0.004605779651278286,6,open_exit
NRG,2025-05-13,2025-06-09,147.48830193210952,152.67798683166504,0.03518709505479545,18,close_exit
RBRK,2025-05-14,2025-06-10,83.54175,90.14490744018555,0.07904020971772274,17,open_exit
HWM,2025-05-14,2025-06-11,158.43455768077598,168.5229437048979,0.06367541382258679,18,open_exit
CHWY,2025-05-15,2025-06-11,40.74036122131348,41.629176525115966,0.021816578870623715,17,open_exit
BA,2025-06-10,2025-06-13,217.6887918319702,200.57965267944337,-0.07859448806961566,2,open_exit
AS,2025-05-23,2025-06-16,35.78788545799255,36.731625,0.026370363320716406,14,open_exit
NEU,2025-06-11,2025-06-17,645.9142498202219,627.0454131961687,-0.029212603111488877,3,open_exit
T,2025-06-11,2025-06-18,26.941895200427773,26.234531479442158,-0.026255158210784835,4,open_exit
AU,2025-06-13,2025-06-20,46.88496680837457,45.23736773154633,-0.03514130837635465,3,open_exit
NEM,2025-06-16,2025-06-30,56.29982398072123,56.263336565157424,-0.0006480911126169886,8,open_exit
ASTS,2025-06-17,2025-07-01,40.73035408401489,46.47675,0.14108386841253484,8,open_exit
AXON,2025-05-14,2025-07-01,725.3625,774.9923148803712,0.06842070672301248,32,close_exit
RBLX,2025-05-14,2025-07-02,77.43870152664184,100.52971183013916,0.2981843683878551,32,open_exit
SPOT,2025-06-05,2025-07-02,704.5320826721191,724.6375,0.028537262989679624,17,open_exit
NET,2025-06-18,2025-07-02,181.81086122131347,182.87351383972168,0.005844824733076237,8,open_exit
STX,2025-06-10,2025-07-09,128.2888675304826,144.65265156265838,0.12755420128942663,18,open_exit
CW,2025-05-27,2025-07-10,432.9740066033073,473.5059874572754,0.09361296575732703,30,close_exit
ALNY,2025-06-20,2025-07-14,313.1565,314.78253244018555,0.005192395623867085,14,open_exit
SGI,2025-07-02,2025-07-16,69.8300647183391,69.82967673158238,-5.556156338792917e-06,8,open_exit
FERG,2025-07-02,2025-07-16,218.02874421002318,214.74944226604606,-0.015040686290511474,8,open_exit
OSK,2025-07-02,2025-07-16,116.39765529340164,120.52279277342292,0.0354400393171419,8,open_exit
BPOP,2025-07-09,2025-07-16,112.0574064212721,109.69927184319104,-0.02104398676885144,4,open_exit
MSM,2025-07-02,2025-07-17,86.29747900628655,83.37608109597409,-0.03385264487389772,9,open_exit
QS,2025-07-14,2025-07-22,9.154574618339538,11.234379771232605,0.2271875253194784,5,open_exit
HOOD,2025-07-01,2025-07-25,95.05950703811645,101.49422566986084,0.06769147907703998,16,open_exit
TIGO,2025-07-17,2025-07-25,36.34371261392288,37.038282898742104,0.01911115389331841,5,open_exit
NFG,2025-07-16,2025-07-28,87.1580994744806,84.6244598137663,-0.029069468884600158,7,open_exit
APG,2025-05-22,2025-07-30,30.762041195869443,34.40278816986084,0.11835193090113472,46,close_exit
CAR,2025-07-11,2025-07-31,188.8043617172241,168.9055104904175,-0.10539402292310118,13,open_exit
IDXX,2025-07-25,2025-08-01,552.5561693115234,530.1148148803711,-0.040613707126125886,4,open_exit
RBLX,2025-07-31,2025-08-01,149.6748061065674,132.34379866027834,-0.11579107998943716,0,open_exit
BEPC,2025-07-16,2025-08-04,34.21329983699349,32.88116689756574,-0.038936113902330094,12,open_exit
C,2025-07-16,2025-08-04,89.04401990782111,89.80432674827516,0.008538550272563228,12,open_exit
CVNA,2025-08-01,2025-08-05,76.23609704589843,72.98148874282838,-0.04269117162583236,1,open_exit
TOST,2025-07-22,2025-08-07,47.42370152664184,46.226875,-0.025236885525890207,11,open_exit
APPF,2025-08-04,2025-08-08,321.9608877868652,299.85,-0.06867569517171401,3,open_exit
GEV,2025-06-30,2025-08-14,523.1160934109289,623.5414668579102,0.19197530856328116,32,close_exit
PLTR,2025-08-05,2025-08-19,171.89590255737303,171.2743206100464,-0.0036160370205402526,9,open_exit
NVDA,2025-07-16,2025-08-19,170.91789032615353,175.31868413543702,0.025747999819595746,24,close_exit
ALAB,2025-08-07,2025-08-20,175.08749999999998,167.916,-0.04095952023987992,8,open_exit
NVT,2025-08-04,2025-08-22,90.00287994506064,87.94707175286057,-0.02284158232997635,13,open_exit
FIX,2025-07-31,2025-08-22,709.8834072001525,688.0831544799805,-0.03070962428344992,16,close_exit
ALNY,2025-08-15,2025-08-26,440.8803336639404,451.27425000000005,0.023575368512541495,6,open_exit
PSKY,2025-08-22,2025-08-29,15.323887807749557,14.37452227759478,-0.06195330728502635,4,open_exit
APH,2025-07-25,2025-08-29,104.13259214351031,108.06893197250366,0.03780122772290628,25,close_exit
CELH,2025-08-08,2025-09-05,51.17557652664184,58.340813932418826,0.14001283213774407,19,close_exit
FAST,2025-08-20,2025-09-08,48.93209440665158,47.053856116315146,-0.038384588134063535,11,open_exit
WYNN,2025-08-20,2025-09-08,111.64596438657605,120.11088708956164,0.07581933435297006,11,open_exit
AFRM,2025-09-02,2025-09-12,85.39267347335814,81.85905152511597,-0.041380856278549816,7,open_exit
AVGO,2025-09-08,2025-09-18,340.4270317681019,347.2804565556856,0.020131846616258775,7,open_exit
IONS,2025-09-08,2025-09-22,61.23060076332092,63.1484103050232,0.03132109627856372,9,open_exit
ELF,2025-09-18,2025-09-22,147.59376427459716,139.1703854904175,-0.0570713730731065,1,open_exit
BWA,2025-08-19,2025-09-22,41.30924159752714,43.12602065467835,0.04397996639231372,23,close_exit
AFRM,2025-09-22,2025-09-24,91.06550664138794,84.07794274520874,-0.076731181255005,1,open_exit
LITE,2025-08-26,2025-09-24,124.45219438934325,152.67362500000002,0.22676523101205648,20,close_exit
P,2025-08-29,2025-09-26,78.21409055328368,83.48823377990723,0.06743213645155821,18,open_exit
U,2025-09-08,2025-09-26,44.182079847335814,41.77909923744202,-0.054388127906085826,13,open_exit
STX,2025-08-01,2025-09-29,152.18016566925974,224.78066069760214,0.4770693651768554,39,open_exit
MP,2025-09-26,2025-09-29,77.0385,69.28533969497681,-0.10064007353496218,0,open_exit
SOFI,2025-08-25,2025-09-30,25.192590305328366,27.456264313697815,0.0898547541532746,24,open_exit
LHX,2025-09-26,2025-10-03,287.6076785982919,293.4945708363016,0.020468480767622532,4,open_exit
CVNA,2025-09-22,2025-10-07,77.60678479385376,74.33381669616699,-0.042173736566728404,10,open_exit
APP,2025-09-24,2025-10-07,653.076375,594.9174193420411,-0.08905383487185392,8,open_exit
WBD,2025-09-12,2025-10-07,17.538765686988828,18.590700381278992,0.0599776924479094,17,close_exit
M,2025-09-29,2025-10-10,17.539664129658554,16.840713163781295,-0.039849734904294665,8,open_exit
HOOD,2025-09-30,2025-10-13,135.73783316802977,144.5476851196289,0.06490343735407533,8,open_exit
AMD,2025-10-07,2025-10-13,214.95743110656738,220.08989694976808,0.023876661610531702,3,open_exit
DELL,2025-10-08,2025-10-13,152.83972881759206,153.51596264281625,0.004424463655200883,2,open_exit
CLF,2025-10-10,2025-10-13,14.17708507633209,13.693149809360506,-0.034135033003327986,0,open_exit
HII,2025-09-25,2025-10-16,275.7776914284948,279.196178024292,0.012395805397056758,15,close_exit
MP,2025-10-13,2025-10-17,86.84340305328368,80.34980438995362,-0.07477365505064149,3,open_exit
NEM,2025-07-28,2025-10-20,64.17012222111737,93.13482142711642,0.4513736019730883,58,open_exit
ASTS,2025-10-03,2025-10-21,65.69283366394042,81.45925000000001,0.24000207414882713,11,open_exit
SO,2025-10-13,2025-10-22,95.32759513640616,94.6079759835214,-0.00754890702797073,6,open_exit
CLF,2025-10-21,2025-10-22,15.487739542007445,13.093450381278993,-0.15459255072274514,0,open_exit
FIX,2025-09-23,2025-10-22,817.5890124649584,789.1179999694824,-0.03482313492648148,21,close_exit
FE,2025-10-13,2025-10-28,44.822518694017,44.58553742683036,-0.005287102869082405,10,open_exit
CVS,2025-10-13,2025-10-31,75.19217944072685,74.86187665331386,-0.004392781135880819,13,open_exit
SOFI,2025-10-28,2025-10-31,31.005494771003722,29.67515553379059,-0.04290656372486801,2,open_exit
EL,2025-10-17,2025-11-03,96.47755929858182,95.2143071958021,-0.013093740264201403,10,open_exit
FTAI,2025-10-31,2025-11-03,185.24837452314148,167.50915387203193,-0.09575911635809542,0,open_exit
QS,2025-11-03,2025-11-04,17.728859313011167,15.49225,-0.12615641387428267,0,open_exit
MU,2025-10-17,2025-11-05,199.18480162217054,225.33674758779017,0.1312948867214614,12,open_exit
INSM,2025-10-31,2025-11-05,194.66729232788086,182.82853816986085,-0.060815322473791955,2,open_exit
P,2025-10-07,2025-11-06,91.28561786270141,93.04345133972168,0.01925641210715301,22,close_exit
GE,2025-10-22,2025-11-13,306.5729533217921,302.85139772033693,-0.012139216982878676,16,close_exit
APH,2025-10-23,2025-11-13,128.96541233745774,134.4532323074341,0.042552649353895244,15,close_exit
CIEN,2025-09-29,2025-11-14,145.88290255737303,183.95797805023196,0.26099751804626115,33,open_exit
WDC,2025-11-03,2025-11-14,151.91147647751654,150.27267357096608,-0.010787880840543496,8,open_exit
AMKR,2025-11-04,2025-11-14,35.49606958500009,30.349333712836103,-0.14499452847418615,7,open_exit
COHR,2025-11-07,2025-11-14,146.57325,134.3028101196289,-0.08371541110244263,4,open_exit
AXP,2025-10-20,2025-11-14,344.75673723892356,354.1181709442139,0.027153736806607043,19,close_exit
DD,2025-11-05,2025-11-18,112.81533303510157,113.7680419002935,0.008444852659305502,8,open_exit
DDS,2025-11-14,2025-11-18,628.7700666213437,560.1128958067754,-0.10919281063027264,1,open_exit
VLO,2025-11-17,2025-11-21,178.0459342086523,167.85013894334196,-0.05726497103473249,3,open_exit
TIGO,2025-11-18,2025-11-21,50.64747562364073,49.52012212680896,-0.0222588289534722,2,open_exit
ORI,2025-11-17,2025-12-03,41.06370324222341,41.33665484100729,0.006647028329953786,10,open_exit
JAZZ,2025-11-18,2025-12-03,170.17504133605956,166.8965057296753,-0.01926566657862505,9,open_exit
HCA,2025-11-05,2025-12-04,468.9667378700985,482.79947574603733,0.029496202521233972,19,open_exit
GILD,2025-11-14,2025-12-05,122.54714036334603,119.95281432853818,-0.02117002507864163,13,open_exit
BIIB,2025-11-17,2025-12-11,167.0835,172.41375000000002,0.031901713813752064,17,close_exit
CSCO,2025-11-14,2025-12-15,75.51724472518713,77.04754204309152,0.020264210161179186,19,open_exit
LITE,2025-12-05,2025-12-15,341.13047145080566,341.3042686004639,0.0005094741285323057,5,open_exit
AMKR,2025-12-03,2025-12-16,40.656638264075276,43.49579414092398,0.06983252915323823,8,open_exit
TER,2025-12-03,2025-12-17,191.4633680908631,193.74877760445506,0.011936536666937503,9,open_exit
WBD,2025-10-22,2025-12-18,20.69034030532837,28.335825381278994,0.3695195421209041,39,open_exit
LSCC,2025-12-04,2025-12-18,74.85740969467163,73.80307633972168,-0.014084555680598076,9,open_exit
RIVN,2025-12-15,2025-12-18,18.61930561065674,18.250870228767397,-0.019787815377952045,2,open_exit
RVMD,2025-11-17,2025-12-18,67.68382652664184,75.92201908493043,0.12171582165269368,22,close_exit
DTM,2025-11-21,2025-12-18,114.33623568820128,116.12645515060426,0.01565749870657762,18,close_exit
ROIV,2025-12-12,2025-12-30,21.780885457992554,21.63917461872101,-0.006506201942287904,10,open_exit
TSLA,2025-12-17,2025-12-30,488.46411122131343,460.8594513397217,-0.05651317926422761,7,open_exit
RIVN,2025-12-19,2025-12-30,20.32015446567535,20.669660305023193,0.01719995977088784,5,open_exit
UTHR,2025-12-15,2025-12-31,492.0158740081787,494.8824398803711,0.005826165421940921,10,open_exit
TJX,2025-11-21,2025-12-31,148.2285804555532,152.60052619171142,0.02949462055645302,26,close_exit
CHRW,2025-12-18,2026-01-02,159.17861236132404,160.19088877054475,0.006359374505181092,8,open_exit
LEA,2025-12-18,2026-01-02,115.93402904891967,114.07919728158241,-0.015999027917459774,8,open_exit
TIGO,2026-01-05,2026-01-08,54.36734640957127,48.84486617776248,-0.10157715239963527,2,open_exit
GE,2026-01-05,2026-01-09,323.1079209359527,316.09639011284037,-0.021700275260358448,3,open_exit
GMED,2026-01-09,2026-01-14,95.81788164138793,89.49523091506958,-0.0659861251157875,2,open_exit
AIZ,2025-12-31,2026-01-20,240.1578380949267,230.8801956585329,-0.038631437183102246,11,open_exit
TPR,2025-12-19,2026-01-20,124.2734307784065,128.38360628509523,0.03307364640168031,19,close_exit
RKLB,2026-01-20,2026-01-22,93.7468469467163,86.33680725479127,-0.07904308180238573,1,open_exit
AU,2026-01-21,2026-01-22,104.47341281389618,95.8423369289267,-0.08261504676165266,0,open_exit
ROST,2025-12-16,2026-01-22,184.14924385551112,186.15512111663818,0.010892671721752789,24,close_exit
GS,2026-01-05,2026-01-26,906.0745193362678,909.1383747914002,0.0033814607846789357,13,open_exit
ROIV,2026-01-14,2026-01-26,23.451720534324643,22.27085858821869,-0.05035289177941582,6,open_exit
AMKR,2026-01-22,2026-01-26,55.00017028172111,49.83332155513368,-0.0939424132711203,1,open_exit
RVMD,2026-01-08,2026-01-27,95.25760408401489,98.08593463516236,0.029691388717408396,11,open_exit
ASTS,2026-01-23,2026-01-27,115.58776377868652,106.22685877990723,-0.08098525910322496,1,open_exit
STLD,2026-01-26,2026-01-27,183.5067856238841,172.4074906351187,-0.06048438454758032,0,open_exit
BC,2025-12-18,2026-01-28,75.05511031179384,83.23759622192384,0.10901970400334271,26,close_exit
AU,2026-01-27,2026-01-30,104.12344531117726,93.16197443748443,-0.10527380112071805,2,open_exit
FTAI,2025-12-31,2026-02-02,198.14848568595167,268.5460100206599,0.35527662041425967,20,open_exit
SCCO,2026-01-27,2026-02-02,185.34016838475262,184.18296725531044,-0.006243660721403366,3,open_exit
ASTS,2026-01-29,2026-02-02,122.45619414138794,109.83505438995363,-0.10306656874263087,1,open_exit
MU,2025-12-30,2026-02-04,294.6782129531013,378.99278186035156,0.28612420328702437,24,close_exit
LRCX,2026-01-05,2026-02-04,189.85369424191273,209.27676374053956,0.10230545987626583,21,close_exit
CAH,2026-02-02,2026-02-05,214.9677435923473,215.8970470209561,0.00432299010576731,2,open_exit
DD,2026-01-26,2026-02-06,131.97111652431835,137.58040177524782,0.042503885688470744,8,open_exit
GOOG,2026-01-30,2026-02-09,334.19051184261,320.6603335821962,-0.04048642250736911,5,open_exit
STX,2026-01-22,2026-02-11,349.31614556064915,408.43102548018004,0.16923031091120078,13,open_exit
AMKR,2026-02-11,2026-02-13,54.1822538819069,47.72081330308101,-0.11925381681073932,1,open_exit
SEB,2026-01-27,2026-02-18,4914.396673317037,4869.812019837717,-0.009072253715577072,14,open_exit
LUV,2026-02-18,2026-02-24,53.24334349664334,50.21750298688761,-0.05683040002824935,3,open_exit
GILD,2026-02-02,2026-02-24,139.40741962382612,145.77482392883303,0.04567478777089895,15,close_exit
BEN,2026-02-02,2026-02-27,25.891213359282855,25.884842013359073,-0.00024608139585302613,18,close_exit
WFRD,2026-01-26,2026-03-03,89.82668401212938,97.22708082962036,0.08238528338073459,25,close_exit
NOV,2026-02-05,2026-03-03,18.604504987462082,19.167644125938416,0.03026896651406985,17,close_exit
SLB,2026-02-05,2026-03-03,49.84833478641537,48.30245869827271,-0.031011589349298485,17,close_exit
TER,2026-02-09,2026-03-03,297.69191607377724,303.9530804901123,0.02103236291704791,15,close_exit
LITE,2026-02-13,2026-03-04,581.8307480163573,725.6370000000001,0.24716165736156626,11,open_exit
AU,2026-02-24,2026-03-04,114.32095884033949,113.10930192767145,-0.010598729445229993,5,open_exit
FTAI,2026-02-25,2026-03-04,304.1228601105556,281.83434771776825,-0.07328785604832533,4,open_exit
HAL,2026-02-05,2026-03-04,33.48154881226843,34.267003282547,0.023459323064253246,18,close_exit
GLW,2026-02-06,2026-03-05,114.56770163202846,135.88366280946425,0.18605558873738226,17,open_exit
MRNA,2026-03-05,2026-03-06,56.98347933197021,52.1888926525116,-0.08413994258803781,0,open_exit
KNX,2026-03-05,2026-03-09,62.217347105986356,55.67998154369505,-0.10507303616071895,1,open_exit
ALSN,2026-03-05,2026-03-09,124.99066693012671,113.68048933651856,-0.09048817700869505,1,open_exit
ODFL,2026-03-05,2026-03-09,213.22642023802607,190.43324087908934,-0.1068966000249526,1,open_exit
ROIV,2026-03-05,2026-03-16,29.639812499999998,28.460762881278992,-0.03977925362115586,6,open_exit
ROST,2026-03-05,2026-03-16,210.73386344621807,206.3121089491209,-0.020982648088856637,6,open_exit
EXC,2026-03-05,2026-03-20,48.49837047811504,47.04382511225982,-0.029991633770697357,10,open_exit
AEE,2026-03-05,2026-03-20,111.08337731264203,108.6891113633548,-0.021553773455668446,10,open_exit
COKE,2026-03-02,2026-03-23,200.91739757819664,202.8497350664696,0.009617571756178611,14,open_exit
PSX,2026-03-05,2026-04-02,165.70043118635974,179.24833511120931,0.08176142830680111,19,open_exit
APA,2026-03-06,2026-04-02,32.459190916275475,42.96618481262794,0.3236985765743199,18,open_exit
SAM,2026-04-10,2026-04-14,259.87987499999997,241.99893511962892,-0.06880463475815912,1,open_exit
LITE,2026-04-13,2026-04-16,889.4445,824.5995179138184,-0.07290503464373721,2,open_exit
CE,2026-04-14,2026-04-20,67.53692904601644,63.01671316840741,-0.06692954419839203,3,open_exit
VIRT,2026-04-14,2026-04-22,50.721566746491696,47.53751422088346,-0.06277512170557054,5,open_exit
RVMD,2026-04-14,2026-04-24,136.56825,134.51271183013918,-0.015051362010282898,7,open_exit
PVH,2026-04-10,2026-04-29,91.01991475375499,92.24776679269124,0.01348992736653365,12,open_exit
ENTG,2026-04-24,2026-04-29,153.76030525893916,146.37273504321973,-0.048046016839511485,2,open_exit
TJX,2026-04-10,2026-04-30,163.97512762822902,155.5125989007548,-0.0516086119271747,13,open_exit
NTRS,2026-04-22,2026-05-05,171.03157051273462,161.38937559244366,-0.056376696368890755,8,open_exit
BPOP,2026-04-10,2026-05-11,145.67962911046595,146.14066874694825,0.003164750207681477,21,close_exit
SNX,2026-04-14,2026-05-18,206.79849828609034,227.31723850250245,0.09922093432238555,24,close_exit
MTZ,2026-04-20,2026-05-18,371.93587499999995,385.3871965789795,0.03616570081866821,20,close_exit
WDC,2026-04-30,2026-05-19,427.2321895724744,441.36409001336585,0.0330777988780131,12,open_exit
LITE,2026-05-12,2026-05-19,1018.7390954589844,872.7333979187013,-0.14332001018818408,4,open_exit
MS,2026-04-16,2026-05-19,188.96415669077604,188.44785845184327,-0.0027322548782499068,23,close_exit
BEN,2026-04-29,2026-05-20,29.578071323768672,30.745884679630258,0.03948240380782164,14,open_exit
MKSI,2026-05-05,2026-05-20,296.94430750690293,301.621272791049,0.015750311307238585,10,open_exit
JAZZ,2026-04-10,2026-05-26,199.7998469467163,240.5796469497681,0.2041032594680976,31,open_exit
ARW,2026-04-14,2026-05-26,177.26858267211912,218.82052767944336,0.23440106747048262,29,open_exit
VTR,2026-04-29,2026-05-26,87.10360659904255,88.47725129052439,0.01577023897305474,18,open_exit
VIRT,2026-05-19,2026-05-27,54.933428074641064,51.32738249337269,-0.06564392042616829,5,open_exit
WMB,2026-05-20,2026-05-28,78.99642633954824,74.32370329254934,-0.05915106877005116,5,open_exit
WFRD,2026-05-19,2026-05-29,110.89609071765614,103.18301666121582,-0.06955226290237748,7,open_exit
UNP,2026-05-19,2026-05-29,272.22245180136423,264.15786354064943,-0.0296249931162893,7,open_exit
LSCC,2026-05-21,2026-06-08,138.50922244262694,141.06942938995363,0.018484017902758554,11,open_exit
MRVL,2026-05-21,2026-06-08,192.55874933517188,288.4745044627101,0.4981116436344588,11,open_exit
FFIV,2026-05-19,2026-06-09,378.21901377868653,395.03239598083496,0.04445409032763936,15,close_exit
