Date,equity
2005-06-01,100000.0
2005-06-02,100000.0
2005-06-03,100000.0
2005-06-06,100000.0
2005-06-07,100000.0
2005-06-08,100000.0
2005-06-09,100000.0
2005-06-10,100000.0
2005-06-13,100000.0
2005-06-14,100000.0
2005-06-15,100000.0
2005-06-16,100000.0
2005-06-17,100000.0
2005-06-20,100000.0
2005-06-21,100000.0
2005-06-22,100000.0
2005-06-23,100000.0
2005-06-24,100000.0
2005-06-27,100000.0
2005-06-28,100000.0
2005-06-29,100000.0
2005-06-30,100000.0
2005-07-01,100000.0
2005-07-05,100000.0
2005-07-06,100000.0
2005-07-07,100000.0
2005-07-08,100000.0
2005-07-11,100000.0
2005-07-12,100000.0
2005-07-13,100000.0
2005-07-14,100000.0
2005-07-15,100000.0
2005-07-18,100000.0
2005-07-19,100000.0
2005-07-20,100000.0
2005-07-21,100000.0
2005-07-22,100000.0
2005-07-25,100000.0
2005-07-26,100000.0
2005-07-27,100000.0
2005-07-28,100000.0
2005-07-29,100000.0
2005-08-01,100000.0
2005-08-02,100000.0
2005-08-03,100000.0
2005-08-04,100000.0
2005-08-05,100000.0
2005-08-08,100000.0
2005-08-09,100000.0
2005-08-10,100000.0
2005-08-11,100000.0
2005-08-12,100000.0
2005-08-15,100000.0
2005-08-16,100000.0
2005-08-17,100000.0
2005-08-18,100000.0
2005-08-19,100000.0
2005-08-22,100000.0
2005-08-23,100000.0
2005-08-24,100000.0
2005-08-25,100000.0
2005-08-26,100000.0
2005-08-29,100000.0
2005-08-30,100000.0
2005-08-31,100000.0
2005-09-01,100000.0
2005-09-02,100000.0
2005-09-06,100000.0
2005-09-07,100000.0
2005-09-08,100000.0
2005-09-09,100000.0
2005-09-12,100000.0
2005-09-13,100000.0
2005-09-14,100000.0
2005-09-15,100000.0
2005-09-16,100000.0
2005-09-19,100000.0
2005-09-20,100000.0
2005-09-21,100000.0
2005-09-22,100000.0
2005-09-23,100000.0
2005-09-26,100000.0
2005-09-27,100000.0
2005-09-28,100000.0
2005-09-29,100000.0
2005-09-30,100000.0
2005-10-03,100000.0
2005-10-04,100000.0
2005-10-05,100000.0
2005-10-06,100000.0
2005-10-07,100000.0
2005-10-10,100000.0
2005-10-11,100000.0
2005-10-12,100000.0
2005-10-13,100000.0
2005-10-14,100000.0
2005-10-17,100000.0
2005-10-18,100000.0
2005-10-19,100000.0
2005-10-20,100000.0
2005-10-21,100000.0
2005-10-24,100000.0
2005-10-25,100000.0
2005-10-26,100000.0
2005-10-27,100000.0
2005-10-28,100000.0
2005-10-31,100000.0
2005-11-01,100000.0
2005-11-02,100000.0
2005-11-03,100000.0
2005-11-04,100000.0
2005-11-07,100000.0
2005-11-08,100000.0
2005-11-09,100000.0
2005-11-10,100000.0
2005-11-11,100000.0
2005-11-14,100000.0
2005-11-15,100000.0
2005-11-16,100000.0
2005-11-17,100000.0
2005-11-18,100000.0
2005-11-21,100000.0
2005-11-22,100000.0
2005-11-23,100000.0
2005-11-25,100000.0
2005-11-28,100000.0
2005-11-29,100000.0
2005-11-30,100000.0
2005-12-01,100000.0
2005-12-02,100000.0
2005-12-05,100000.0
2005-12-06,100000.0
2005-12-07,100000.0
2005-12-08,100000.0
2005-12-09,100000.0
2005-12-12,100000.0
2005-12-13,100000.0
2005-12-14,100000.0
2005-12-15,100000.0
2005-12-16,100000.0
2005-12-19,100000.0
2005-12-20,100000.0
2005-12-21,100000.0
2005-12-22,100000.0
2005-12-23,100000.0
2005-12-27,100000.0
2005-12-28,100000.0
2005-12-29,100000.0
2005-12-30,100000.0
2006-01-03,100000.0
2006-01-04,101090.80299694235
2006-01-05,100737.10147600228
2006-01-06,103898.00678817125
2006-01-09,104205.56288774418
2006-01-10,104726.27256456249
2006-01-11,105455.25744076505
2006-01-12,103860.76806318031
2006-01-13,105202.8082134197
2006-01-17,104971.70182604092
2006-01-18,102280.53820225116
2006-01-19,104296.81548177937
2006-01-20,101005.79935012801
2006-01-23,101267.97236607058
2006-01-24,102529.57060223827
2006-01-25,103499.63644126379
2006-01-26,105604.57581825461
2006-01-27,106184.55433109638
2006-01-30,107207.25776298113
2006-01-31,107809.79644598048
2006-02-01,107635.26350010544
2006-02-02,107779.82072841645
2006-02-03,106713.64419741546
2006-02-06,107498.09099892214
2006-02-07,104673.39573444225
2006-02-08,105153.9495192821
2006-02-09,104307.73897235225
2006-02-10,103885.13305360252
2006-02-13,102391.7085671479
2006-02-14,104479.4418372527
2006-02-15,106164.07812712851
2006-02-16,106936.22556584448
2006-02-17,106492.36697585354
2006-02-21,106039.0871862837
2006-02-22,107096.63829635164
2006-02-23,106877.5405660144
2006-02-24,108073.49422239095
2006-02-27,107991.32545182553
2006-02-28,106117.23265945222
2006-03-01,107312.58668067287
2006-03-02,107509.81787491491
2006-03-03,107880.45786809482
2006-03-06,105992.3569222056
2006-03-07,104296.23957414235
2006-03-08,103082.03397214682
2006-03-09,102465.91709001575
2006-03-10,103551.35507662545
2006-03-13,103431.66337790126
2006-03-14,104808.49095967438
2006-03-15,106253.7620143389
2006-03-16,105999.2853561264
2006-03-17,106925.77691067517
2006-03-20,106580.42626639934
2006-03-21,105588.03665337857
2006-03-22,106721.897920288
2006-03-23,107230.80704445789
2006-03-24,107702.15618341377
2006-03-27,108574.27963916337
2006-03-28,108294.01826718482
2006-03-29,110804.93409837713
2006-03-30,110383.12621565483
2006-03-31,110796.69895270478
2006-04-03,111586.65901539732
2006-04-04,112243.50677706252
2006-04-05,113399.98545129676
2006-04-06,113966.97661468196
2006-04-07,111894.74967128332
2006-04-10,111096.41038642048
2006-04-11,110057.49710580433
2006-04-12,110928.39272106776
2006-04-13,112194.77876822026
2006-04-17,113299.08204750175
2006-04-18,116172.61961061503
2006-04-19,116828.1138477532
2006-04-20,115964.21994934771
2006-04-21,116158.3577794613
2006-04-24,116360.73827370445
2006-04-25,114267.41647624897
2006-04-26,114300.77036098207
2006-04-27,112609.69653058192
2006-04-28,113137.65280445742
2006-05-01,112891.20865099599
2006-05-02,113747.21822092662
2006-05-03,113565.5160719896
2006-05-04,113836.63160324725
2006-05-05,115075.49945441596
2006-05-08,115546.64367273323
2006-05-09,115663.58819493437
2006-05-10,115555.53876121795
2006-05-11,113067.91487196152
2006-05-12,109466.52052296327
2006-05-15,107525.38705081018
2006-05-16,108401.76830929797
2006-05-17,106121.7441387042
2006-05-18,105634.57266030175
2006-05-19,105423.07907584241
2006-05-22,105119.93236299002
2006-05-23,104699.51824725121
2006-05-24,104470.42725608086
2006-05-25,104858.50198759712
2006-05-26,105231.80441078465
2006-05-30,104760.6631651221
2006-05-31,105135.90795928873
2006-06-01,105369.24337081463
2006-06-02,105813.89107854592
2006-06-05,104231.99793525356
2006-06-06,104914.03879492098
2006-06-07,104585.50380456823
2006-06-08,104187.4284032221
2006-06-09,103974.45715349434
2006-06-12,103183.67296233075
2006-06-13,103020.83197949003
2006-06-14,103203.01588187287
2006-06-15,103500.21762631206
2006-06-16,103772.76742100553
2006-06-19,103571.43126140995
2006-06-20,103697.66843262341
2006-06-21,103949.58318498934
2006-06-22,103617.87896338342
2006-06-23,103388.22197601806
2006-06-26,103388.22197601806
2006-06-27,103388.22197601806
2006-06-28,103388.22197601806
2006-06-29,103388.22197601806
2006-06-30,103388.22197601806
2006-07-03,103388.22197601806
2006-07-05,103388.22197601806
2006-07-06,103388.22197601806
2006-07-07,103388.22197601806
2006-07-10,103388.22197601806
2006-07-11,103388.22197601806
2006-07-12,103388.22197601806
2006-07-13,103388.22197601806
2006-07-14,103388.22197601806
2006-07-17,103388.22197601806
2006-07-18,103388.22197601806
2006-07-19,103388.22197601806
2006-07-20,103388.22197601806
2006-07-21,103388.22197601806
2006-07-24,103388.22197601806
2006-07-25,103388.22197601806
2006-07-26,103388.22197601806
2006-07-27,103388.22197601806
2006-07-28,103388.22197601806
2006-07-31,103874.68550481577
2006-08-01,103964.08654894157
2006-08-02,104127.50494402333
2006-08-03,105150.53016404063
2006-08-04,105051.67126969116
2006-08-07,104542.66003013954
2006-08-08,104036.9453123893
2006-08-09,103243.82909371245
2006-08-10,103860.20099105235
2006-08-11,103385.6881791316
2006-08-14,103279.22288820785
2006-08-15,104711.98740545394
2006-08-16,105089.48488151177
2006-08-17,105305.8299417471
2006-08-18,105505.79281429476
2006-08-21,105021.82794172088
2006-08-22,104811.66498790888
2006-08-23,104176.27333518636
2006-08-24,103666.54178032838
2006-08-25,102977.15241717384
2006-08-28,103834.83189042917
2006-08-29,103790.49211414387
2006-08-30,103989.26299472229
2006-08-31,103978.23970230304
2006-09-01,104225.74941789098
2006-09-05,104730.39331615635
2006-09-06,103802.21205523811
2006-09-07,103165.71761213985
2006-09-08,103512.00487699737
2006-09-11,103582.54959590464
2006-09-12,104543.86870558644
2006-09-13,104745.52229348266
2006-09-14,104691.97992741788
2006-09-15,104836.8617324664
2006-09-18,104105.61225312423
2006-09-19,103708.83053729942
2006-09-20,104327.97119919912
2006-09-21,103527.60631875193
2006-09-22,103219.02034248036
2006-09-25,104175.97756861881
2006-09-26,104383.39019327913
2006-09-27,104579.79638517942
2006-09-28,104782.37044762666
2006-09-29,104043.41524550697
2006-10-02,103623.85985003272
2006-10-03,104714.56031404431
2006-10-04,106344.06399559628
2006-10-05,106663.0672847519
2006-10-06,105831.80022090879
2006-10-09,106044.67678834726
2006-10-10,105836.85417147078
2006-10-11,105962.71771724646
2006-10-12,107235.8521654957
2006-10-13,107730.80924887955
2006-10-16,107863.3021104749
2006-10-17,107081.51085090292
2006-10-18,106199.45405300532
2006-10-19,105526.31382038386
2006-10-20,105747.64068794508
2006-10-23,106229.44569750389
2006-10-24,106449.40419129185
2006-10-25,106491.41483326518
2006-10-26,106969.33950599529
2006-10-27,106346.3630075918
2006-10-30,106967.46139557094
2006-10-31,106685.9057760327
2006-11-01,105554.31095541613
2006-11-02,104808.88862931613
2006-11-03,104651.966014732
2006-11-06,106331.05074815187
2006-11-07,106157.03071719334
2006-11-08,107179.17305855358
2006-11-09,106755.73640561274
2006-11-10,106647.92341607231
2006-11-13,106243.43736860903
2006-11-14,106850.19588729583
2006-11-15,106339.08981815672
2006-11-16,106827.5712798101
2006-11-17,106317.10460500902
2006-11-20,106581.92549199588
2006-11-21,107501.56365429281
2006-11-22,107181.39284310638
2006-11-24,107133.59768001494
2006-11-27,105473.20078058436
2006-11-28,105770.01120982606
2006-11-29,107415.49011848768
2006-11-30,107511.03784035127
2006-12-01,107583.03004667976
2006-12-04,108797.95105924414
2006-12-05,109473.03862325518
2006-12-06,108915.90202813
2006-12-07,107796.32302120131
2006-12-08,107614.99612838589
2006-12-11,108079.54638119576
2006-12-12,107686.59501800717
2006-12-13,107806.23784513702
2006-12-14,108582.40706311302
2006-12-15,108889.4664804954
2006-12-18,107984.4326723818
2006-12-19,108470.59248531013
2006-12-20,108713.0139846023
2006-12-21,107635.73882726612
2006-12-22,106626.67641158208
2006-12-26,107333.84859611894
2006-12-27,108021.59861883362
2006-12-28,108276.97960202208
2006-12-29,107592.81223009068
2007-01-03,107523.1016575369
2007-01-04,108794.40606420103
2007-01-05,108596.21192011189
2007-01-08,109332.2810352526
2007-01-09,109781.59273015628
2007-01-10,111484.90836591432
2007-01-11,113260.56654588575
2007-01-12,113464.97681142826
2007-01-16,113216.19299067708
2007-01-17,113282.22766529812
2007-01-18,112545.44269219798
2007-01-19,111985.70275478647
2007-01-22,111113.22949269257
2007-01-23,112294.4154160773
2007-01-24,113848.63872419266
2007-01-25,111910.92253225294
2007-01-26,113059.09543971217
2007-01-29,112687.32877240704
2007-01-30,112797.27621476019
2007-01-31,113451.60716722746
2007-02-01,115271.3476403726
2007-02-02,115257.95525008954
2007-02-05,114498.65432364955
2007-02-06,115446.83788593886
2007-02-07,116277.34751122401
2007-02-08,116816.8453258696
2007-02-09,114970.13207224767
2007-02-12,114470.65683761991
2007-02-13,116292.62556836651
2007-02-14,117416.45754511189
2007-02-15,117805.8421841779
2007-02-16,117898.46904040295
2007-02-20,119183.13222164066
2007-02-21,121319.57054971176
2007-02-22,120502.20768588189
2007-02-23,121076.7647862325
2007-02-26,120967.76481130833
2007-02-27,115315.9117115182
2007-02-28,116156.21305306445
2007-03-01,116110.89046270409
2007-03-02,114309.3069854472
2007-03-05,113889.93615749762
2007-03-06,115003.1913415814
2007-03-07,115044.23884561897
2007-03-08,115702.73577137427
2007-03-09,116002.88753765711
2007-03-12,116128.61899184411
2007-03-13,114592.09085286273
2007-03-14,114998.86333370893
2007-03-15,115543.7390671863
2007-03-16,114806.65380308806
2007-03-19,115766.51042005488
2007-03-20,116938.55772134374
2007-03-21,118717.57093955498
2007-03-22,118743.07270294274
2007-03-23,119113.04680371594
2007-03-26,119236.7090150151
2007-03-27,118805.33948665226
2007-03-28,117969.62958518343
2007-03-29,118067.65262545644
2007-03-30,117709.2983290301
2007-04-02,119069.46776606164
2007-04-03,119167.92624754201
2007-04-04,119818.82710903502
2007-04-05,119984.89974645231
2007-04-09,120310.52235610795
2007-04-10,121366.86844247594
2007-04-11,120771.11911254312
2007-04-12,121317.87965942534
2007-04-13,121895.32687195818
2007-04-16,123179.83647685908
2007-04-17,122484.8712974897
2007-04-18,122103.66218701199
2007-04-19,122000.88152141387
2007-04-20,123255.74451499825
2007-04-23,124616.86943409554
2007-04-24,124531.60778545668
2007-04-25,126307.87005379854
2007-04-26,126961.83745510248
2007-04-27,126093.92507721872
2007-04-30,122088.14027510525
2007-05-01,122522.81821067432
2007-05-02,122840.51300779206
2007-05-03,124157.90839721994
2007-05-04,124080.62613472162
2007-05-07,124021.18119785901
2007-05-08,123809.99382128581
2007-05-09,124566.44769610913
2007-05-10,122770.38893700954
2007-05-11,124241.77668055707
2007-05-14,123695.87050492669
2007-05-15,122734.17533384195
2007-05-16,122713.51500154551
2007-05-17,123077.71262764631
2007-05-18,123713.61173555593
2007-05-21,123838.03636559952
2007-05-22,123024.56407521572
2007-05-23,121747.47439452386
2007-05-24,119568.94733738847
2007-05-25,120874.87343466019
2007-05-29,121530.23236218783
2007-05-30,123852.4799093612
2007-05-31,123679.89129515037
2007-06-01,124817.09203994925
2007-06-04,125232.00977305269
2007-06-05,125714.61340954388
2007-06-06,124248.50494487662
2007-06-07,122678.23901106349
2007-06-08,123889.37613168496
2007-06-11,124859.44744993144
2007-06-12,124457.95758092392
2007-06-13,125635.68867173989
2007-06-14,126172.39805393148
2007-06-15,126835.12021290301
2007-06-18,126412.06397687306
2007-06-19,127171.8459575184
2007-06-20,125211.75380568621
2007-06-21,127370.65606540257
2007-06-22,126271.69382040418
2007-06-25,124497.2339180362
2007-06-26,123860.55988596569
2007-06-27,123756.15984995177
2007-06-28,124552.43817696418
2007-06-29,124598.3358848839
2007-07-02,126810.76469034902
2007-07-03,126380.02923068147
2007-07-05,126369.1265228505
2007-07-06,127320.11070380555
2007-07-09,127858.11128276572
2007-07-10,126836.73285590619
2007-07-11,126841.33259524876
2007-07-12,128545.39497709612
2007-07-13,128881.66053842855
2007-07-16,127752.74124860928
2007-07-17,127651.02502591793
2007-07-18,127645.47782838672
2007-07-19,128859.19732298514
2007-07-20,128835.0815667531
2007-07-23,129027.64307743576
2007-07-24,125880.82208325353
2007-07-25,127247.90930760755
2007-07-26,124043.20390873382
2007-07-27,121817.96787078709
2007-07-30,124056.39980053956
2007-07-31,123261.57225923131
2007-08-01,123769.10777517625
2007-08-02,123944.72552112574
2007-08-03,122968.45597348815
2007-08-06,122625.00663480532
2007-08-07,123025.50282674342
2007-08-08,123539.44886109405
2007-08-09,123390.07649722908
2007-08-10,119343.88935707488
2007-08-13,118657.90589748695
2007-08-14,116464.68619114665
2007-08-15,115172.47833234022
2007-08-16,114738.89587705855
2007-08-17,114819.76907594808
2007-08-20,114946.01061987646
2007-08-21,114758.62201524698
2007-08-22,115017.01863920207
2007-08-23,114803.9954254131
2007-08-24,114916.42099049987
2007-08-27,114861.18999846074
2007-08-28,114760.59319394644
2007-08-29,115095.91643845275
2007-08-30,115174.55739733983
2007-08-31,115174.55739733983
2007-09-04,115174.55739733983
2007-09-05,115174.55739733983
2007-09-06,115174.55739733983
2007-09-07,115174.55739733983
2007-09-10,115174.55739733983
2007-09-11,115174.55739733983
2007-09-12,115174.55739733983
2007-09-13,115174.55739733983
2007-09-14,115174.55739733983
2007-09-17,115174.55739733983
2007-09-18,115174.55739733983
2007-09-19,114790.74792075032
2007-09-20,114668.50843662253
2007-09-21,116143.61374427676
2007-09-24,115981.84841642999
2007-09-25,116281.30849421423
2007-09-26,116932.14186299915
2007-09-27,118102.37820044866
2007-09-28,117172.04388958689
2007-10-01,118062.30844990542
2007-10-02,117089.93453852933
2007-10-03,115102.00478304626
2007-10-04,114868.55450069066
2007-10-05,116752.77357686713
2007-10-08,116514.60398112693
2007-10-09,118859.2204359351
2007-10-10,120165.06365542699
2007-10-11,118783.96887695469
2007-10-12,119189.47889577062
2007-10-15,119130.38531814641
2007-10-16,118839.44892787209
2007-10-17,118710.07073908643
2007-10-18,119062.5004401831
2007-10-19,115203.25202838448
2007-10-22,115201.00007671538
2007-10-23,116030.13189993985
2007-10-24,114557.89571379851
2007-10-25,112856.6965217743
2007-10-26,115753.14267601774
2007-10-29,116702.87615046052
2007-10-30,115117.9296371625
2007-10-31,117633.8421351515
2007-11-01,114035.28373974602
2007-11-02,115711.39678496373
2007-11-05,115754.79821532196
2007-11-06,116934.39219430457
2007-11-07,115347.38998497001
2007-11-08,114670.91687850376
2007-11-09,112161.5544132567
2007-11-12,108948.4679390627
2007-11-13,110709.23149680858
2007-11-14,110010.46589796952
2007-11-15,109734.77726204664
2007-11-16,109430.45049445395
2007-11-19,108866.68403986192
2007-11-20,109172.58241843397
2007-11-21,109125.33807710872
2007-11-23,109503.58587347277
2007-11-26,108910.07403753548
2007-11-27,108910.07403753548
2007-11-28,108910.07403753548
2007-11-29,108910.07403753548
2007-11-30,108910.07403753548
2007-12-03,108910.07403753548
2007-12-04,108910.07403753548
2007-12-05,108910.07403753548
2007-12-06,108910.07403753548
2007-12-07,108047.81011208231
2007-12-10,109576.47010004465
2007-12-11,106887.9813781266
2007-12-12,107511.67691892503
2007-12-13,109200.64944255335
2007-12-14,107709.44361617322
2007-12-17,105598.96858076613
2007-12-18,106260.92675409763
2007-12-19,106176.6141820809
2007-12-20,106181.23437310217
2007-12-21,108357.76995141106
2007-12-24,109071.15867473646
2007-12-26,109284.52467257074
2007-12-27,108173.42579066356
2007-12-28,108097.72472619875
2007-12-31,106746.45326473634
2008-01-02,106449.68219294776
2008-01-03,106332.65078365314
2008-01-04,105262.59472223376
2008-01-07,105402.55921222537
2008-01-08,105550.18927941419
2008-01-09,105550.18927941419
2008-01-10,105550.18927941419
2008-01-11,105550.18927941419
2008-01-14,105550.18927941419
2008-01-15,105550.18927941419
2008-01-16,105550.18927941419
2008-01-17,105550.18927941419
2008-01-18,105550.18927941419
2008-01-22,105550.18927941419
2008-01-23,105550.18927941419
2008-01-24,105550.18927941419
2008-01-25,105550.18927941419
2008-01-28,105550.18927941419
2008-01-29,105550.18927941419
2008-01-30,105550.18927941419
2008-01-31,105550.18927941419
2008-02-01,105550.18927941419
2008-02-04,105550.18927941419
2008-02-05,105550.18927941419
2008-02-06,105550.18927941419
2008-02-07,105550.18927941419
2008-02-08,105550.18927941419
2008-02-11,105550.18927941419
2008-02-12,105550.18927941419
2008-02-13,105550.18927941419
2008-02-14,105550.18927941419
2008-02-15,105550.18927941419
2008-02-19,105550.18927941419
2008-02-20,105550.18927941419
2008-02-21,105550.18927941419
2008-02-22,105550.18927941419
2008-02-25,105550.18927941419
2008-02-26,105550.18927941419
2008-02-27,105550.18927941419
2008-02-28,105550.18927941419
2008-02-29,105550.18927941419
2008-03-03,105550.18927941419
2008-03-04,105550.18927941419
2008-03-05,105550.18927941419
2008-03-06,105550.18927941419
2008-03-07,105550.18927941419
2008-03-10,105550.18927941419
2008-03-11,105550.18927941419
2008-03-12,105550.18927941419
2008-03-13,105550.18927941419
2008-03-14,105550.18927941419
2008-03-17,105550.18927941419
2008-03-18,105550.18927941419
2008-03-19,105550.18927941419
2008-03-20,105550.18927941419
2008-03-24,105550.18927941419
2008-03-25,105550.18927941419
2008-03-26,105550.18927941419
2008-03-27,105550.18927941419
2008-03-28,105550.18927941419
2008-03-31,105550.18927941419
2008-04-01,105550.18927941419
2008-04-02,105550.18927941419
2008-04-03,105550.18927941419
2008-04-04,105550.18927941419
2008-04-07,105550.18927941419
2008-04-08,105550.18927941419
2008-04-09,105550.18927941419
2008-04-10,105550.18927941419
2008-04-11,105550.18927941419
2008-04-14,105550.18927941419
2008-04-15,105550.18927941419
2008-04-16,105550.18927941419
2008-04-17,105550.18927941419
2008-04-18,105550.18927941419
2008-04-21,105770.47645088576
2008-04-22,105134.4952042495
2008-04-23,104062.7329109232
2008-04-24,103735.55051411854
2008-04-25,106024.26825572173
2008-04-28,105587.06393081271
2008-04-29,104606.2015399774
2008-04-30,104531.62268696161
2008-05-01,105290.50385746897
2008-05-02,105398.84297002797
2008-05-05,105801.77930772494
2008-05-06,107384.65181461941
2008-05-07,104688.61188768562
2008-05-08,106300.33681142215
2008-05-09,106292.79055682421
2008-05-12,107939.75342116714
2008-05-13,108345.95231012485
2008-05-14,107796.52627899637
2008-05-15,109686.07050368891
2008-05-16,110434.58190983374
2008-05-19,108962.7667258439
2008-05-20,110029.71787605212
2008-05-21,108283.75202755412
2008-05-22,107862.9498749333
2008-05-23,106492.11870944813
2008-05-27,106408.2368000961
2008-05-28,109164.8820459106
2008-05-29,108257.33638450262
2008-05-30,109857.28463307238
2008-06-02,109504.05987349627
2008-06-03,108703.92562737069
2008-06-04,107330.39459886865
2008-06-05,110261.54363330269
2008-06-06,107714.43632890543
2008-06-09,109607.94630321137
2008-06-10,108164.44273975931
2008-06-11,105598.5258715246
2008-06-12,105682.6452239751
2008-06-13,107671.41216904158
2008-06-16,109028.36271415067
2008-06-17,108229.49077681363
2008-06-18,107125.81325533532
2008-06-19,108881.15481958845
2008-06-20,107646.46056562715
2008-06-23,107913.11355874006
2008-06-24,106965.97793367475
2008-06-25,107515.50145969688
2008-06-26,105004.27088560977
2008-06-27,105171.13851277922
2008-06-30,105695.14736515134
2008-07-01,106178.31978231657
2008-07-02,105630.61605856307
2008-07-03,104965.16828825773
2008-07-07,105375.68488069718
2008-07-08,105489.84277738116
2008-07-09,105489.84277738116
2008-07-10,105489.84277738116
2008-07-11,105489.84277738116
2008-07-14,105489.84277738116
2008-07-15,105489.84277738116
2008-07-16,105489.84277738116
2008-07-17,105489.84277738116
2008-07-18,105489.84277738116
2008-07-21,105489.84277738116
2008-07-22,105489.84277738116
2008-07-23,105489.84277738116
2008-07-24,105489.84277738116
2008-07-25,105489.84277738116
2008-07-28,105489.84277738116
2008-07-29,105489.84277738116
2008-07-30,105489.84277738116
2008-07-31,105489.84277738116
2008-08-01,105489.84277738116
2008-08-04,105489.84277738116
2008-08-05,105489.84277738116
2008-08-06,105489.84277738116
2008-08-07,105489.84277738116
2008-08-08,105489.84277738116
2008-08-11,105489.84277738116
2008-08-12,105489.84277738116
2008-08-13,105489.84277738116
2008-08-14,105489.84277738116
2008-08-15,105489.84277738116
2008-08-18,105489.84277738116
2008-08-19,105489.84277738116
2008-08-20,105489.84277738116
2008-08-21,105489.84277738116
2008-08-22,105489.84277738116
2008-08-25,105489.84277738116
2008-08-26,105489.84277738116
2008-08-27,105489.84277738116
2008-08-28,105489.84277738116
2008-08-29,105489.84277738116
2008-09-02,105489.84277738116
2008-09-03,105489.84277738116
2008-09-04,105489.84277738116
2008-09-05,105489.84277738116
2008-09-08,105489.84277738116
2008-09-09,105489.84277738116
2008-09-10,105489.84277738116
2008-09-11,105489.84277738116
2008-09-12,105489.84277738116
2008-09-15,105489.84277738116
2008-09-16,105489.84277738116
2008-09-17,105489.84277738116
2008-09-18,105489.84277738116
2008-09-19,105489.84277738116
2008-09-22,105489.84277738116
2008-09-23,105489.84277738116
2008-09-24,105489.84277738116
2008-09-25,105489.84277738116
2008-09-26,105489.84277738116
2008-09-29,105489.84277738116
2008-09-30,105489.84277738116
2008-10-01,105489.84277738116
2008-10-02,105489.84277738116
2008-10-03,105489.84277738116
2008-10-06,105489.84277738116
2008-10-07,105489.84277738116
2008-10-08,105489.84277738116
2008-10-09,105489.84277738116
2008-10-10,105489.84277738116
2008-10-13,105489.84277738116
2008-10-14,105489.84277738116
2008-10-15,105489.84277738116
2008-10-16,105489.84277738116
2008-10-17,105489.84277738116
2008-10-20,105489.84277738116
2008-10-21,105489.84277738116
2008-10-22,105489.84277738116
2008-10-23,105489.84277738116
2008-10-24,105489.84277738116
2008-10-27,105489.84277738116
2008-10-28,105489.84277738116
2008-10-29,105489.84277738116
2008-10-30,105489.84277738116
2008-10-31,105489.84277738116
2008-11-03,105489.84277738116
2008-11-04,105489.84277738116
2008-11-05,105489.84277738116
2008-11-06,105489.84277738116
2008-11-07,105489.84277738116
2008-11-10,105489.84277738116
2008-11-11,105489.84277738116
2008-11-12,105489.84277738116
2008-11-13,105489.84277738116
2008-11-14,105489.84277738116
2008-11-17,105489.84277738116
2008-11-18,105489.84277738116
2008-11-19,105489.84277738116
2008-11-20,105489.84277738116
2008-11-21,105489.84277738116
2008-11-24,105489.84277738116
2008-11-25,105489.84277738116
2008-11-26,105489.84277738116
2008-11-28,105489.84277738116
2008-12-01,105489.84277738116
2008-12-02,105489.84277738116
2008-12-03,105489.84277738116
2008-12-04,105489.84277738116
2008-12-05,105489.84277738116
2008-12-08,105489.84277738116
2008-12-09,105489.84277738116
2008-12-10,105489.84277738116
2008-12-11,105489.84277738116
2008-12-12,105489.84277738116
2008-12-15,105489.84277738116
2008-12-16,105489.84277738116
2008-12-17,105489.84277738116
2008-12-18,105489.84277738116
2008-12-19,105489.84277738116
2008-12-22,105489.84277738116
2008-12-23,105489.84277738116
2008-12-24,105489.84277738116
2008-12-26,105489.84277738116
2008-12-29,105489.84277738116
2008-12-30,105489.84277738116
2008-12-31,105489.84277738116
2009-01-02,105489.84277738116
2009-01-05,105489.84277738116
2009-01-06,105489.84277738116
2009-01-07,105489.84277738116
2009-01-08,105489.84277738116
2009-01-09,105489.84277738116
2009-01-12,105489.84277738116
2009-01-13,105489.84277738116
2009-01-14,105489.84277738116
2009-01-15,105489.84277738116
2009-01-16,105489.84277738116
2009-01-20,105489.84277738116
2009-01-21,105489.84277738116
2009-01-22,105489.84277738116
2009-01-23,105489.84277738116
2009-01-26,105489.84277738116
2009-01-27,105489.84277738116
2009-01-28,105489.84277738116
2009-01-29,105489.84277738116
2009-01-30,105489.84277738116
2009-02-02,105489.84277738116
2009-02-03,105489.84277738116
2009-02-04,105489.84277738116
2009-02-05,105489.84277738116
2009-02-06,105489.84277738116
2009-02-09,105489.84277738116
2009-02-10,105489.84277738116
2009-02-11,105489.84277738116
2009-02-12,105489.84277738116
2009-02-13,105489.84277738116
2009-02-17,105489.84277738116
2009-02-18,105489.84277738116
2009-02-19,105489.84277738116
2009-02-20,105489.84277738116
2009-02-23,105489.84277738116
2009-02-24,105489.84277738116
2009-02-25,105489.84277738116
2009-02-26,105489.84277738116
2009-02-27,105489.84277738116
2009-03-02,105489.84277738116
2009-03-03,105489.84277738116
2009-03-04,105489.84277738116
2009-03-05,105489.84277738116
2009-03-06,105489.84277738116
2009-03-09,105489.84277738116
2009-03-10,105489.84277738116
2009-03-11,105489.84277738116
2009-03-12,105489.84277738116
2009-03-13,105489.84277738116
2009-03-16,105489.84277738116
2009-03-17,105489.84277738116
2009-03-18,105489.84277738116
2009-03-19,105489.84277738116
2009-03-20,105489.84277738116
2009-03-23,105489.84277738116
2009-03-24,105489.84277738116
2009-03-25,105489.84277738116
2009-03-26,105489.84277738116
2009-03-27,105489.84277738116
2009-03-30,105489.84277738116
2009-03-31,105489.84277738116
2009-04-01,105489.84277738116
2009-04-02,105489.84277738116
2009-04-03,105659.01738730428
2009-04-06,105084.37396380061
2009-04-07,104699.56352720005
2009-04-08,104807.50594709945
2009-04-09,104807.50594709945
2009-04-13,104737.77398901136
2009-04-14,103217.58170154487
2009-04-15,102959.8969277703
2009-04-16,102959.8969277703
2009-04-17,102959.8969277703
2009-04-20,102959.8969277703
2009-04-21,102959.8969277703
2009-04-22,102959.8969277703
2009-04-23,102835.6993262921
2009-04-24,102979.95807783108
2009-04-27,102386.82012220727
2009-04-28,101279.85218238353
2009-04-29,101499.1829285249
2009-04-30,101413.01945282002
2009-05-01,101252.18330214766
2009-05-04,101326.85707272924
2009-05-05,101229.20608312926
2009-05-06,101160.27661730228
2009-05-07,100959.23033334775
2009-05-08,100792.64878230669
2009-05-11,100627.11676986763
2009-05-12,100627.11676986763
2009-05-13,100627.11676986763
2009-05-14,100627.11676986763
2009-05-15,100627.11676986763
2009-05-18,100627.11676986763
2009-05-19,100627.11676986763
2009-05-20,100627.11676986763
2009-05-21,100627.11676986763
2009-05-22,100627.11676986763
2009-05-26,100627.11676986763
2009-05-27,100627.11676986763
2009-05-28,100504.28550330616
2009-05-29,100632.88155612297
2009-06-01,100544.46504869408
2009-06-02,100849.11860613928
2009-06-03,100242.59477352236
2009-06-04,100362.85249182195
2009-06-05,99732.07752524182
2009-06-08,99604.15780841764
2009-06-09,99613.04793356614
2009-06-10,99579.7080565071
2009-06-11,99421.89688860821
2009-06-12,99393.31018118223
2009-06-15,99004.64265630051
2009-06-16,98879.70095181707
2009-06-17,99078.04889583914
2009-06-18,98899.53563812833
2009-06-19,98919.37032443962
2009-06-22,98534.00993259961
2009-06-23,98571.84269649976
2009-06-24,98571.84269649976
2009-06-25,98571.84269649976
2009-06-26,98571.84269649976
2009-06-29,98398.73431868685
2009-06-30,98296.53660649044
2009-07-01,97937.10948423276
2009-07-02,97545.80514788158
2009-07-06,98100.46851609997
2009-07-07,97672.20089371502
2009-07-08,97490.63751204635
2009-07-09,97509.8937035641
2009-07-10,98013.21757862918
2009-07-13,98636.85933149277
2009-07-14,99035.71268547839
2009-07-15,99633.78031436175
2009-07-16,99667.12970824608
2009-07-17,100161.15016409208
2009-07-20,100774.1124964453
2009-07-21,100355.77601477291
2009-07-22,100703.96529143857
2009-07-23,103184.95592191115
2009-07-24,102415.26369435694
2009-07-27,103708.64408854401
2009-07-28,103030.60114172683
2009-07-29,102685.86194166353
2009-07-30,103153.81669709744
2009-07-31,103663.92018586618
2009-08-03,106623.6289600788
2009-08-04,106587.9977439072
2009-08-05,105293.04737019035
2009-08-06,103131.44604080192
2009-08-07,103632.84518543976
2009-08-10,103462.738113181
2009-08-11,103177.13289065292
2009-08-12,103734.48888581136
2009-08-13,105409.6414964505
2009-08-14,104055.71319754512
2009-08-17,101394.82090998912
2009-08-18,101894.38179828649
2009-08-19,102574.09334611976
2009-08-20,103955.36298503564
2009-08-21,105187.6759608268
2009-08-24,103714.16243957593
2009-08-25,104694.01420772905
2009-08-26,104054.02539189861
2009-08-27,103202.6438293504
2009-08-28,102773.48581307496
2009-08-31,101930.4371653887
2009-09-01,99648.3052032848
2009-09-02,98820.41348440439
2009-09-03,100423.68679430551
2009-09-04,100919.3142821022
2009-09-08,101479.95867306582
2009-09-09,102105.47616998783
2009-09-10,104332.28321725351
2009-09-11,104171.55093167028
2009-09-14,104252.4586548556
2009-09-15,105312.95946316929
2009-09-16,106279.6358340597
2009-09-17,105509.5747805869
2009-09-18,105015.39202976627
2009-09-21,105026.77423406723
2009-09-22,104909.0695590548
2009-09-23,103373.66088453894
2009-09-24,101164.22087488638
2009-09-25,99180.57419420667
2009-09-28,101879.69686632974
2009-09-29,101076.99019140199
2009-09-30,100507.03613438152
2009-10-01,97071.53567187946
2009-10-02,96607.0607704561
2009-10-05,97572.7528593073
2009-10-06,98370.97900212204
2009-10-07,98227.89420575892
2009-10-08,98439.37690892223
2009-10-09,99417.28895819084
2009-10-12,99509.5913911055
2009-10-13,98958.19208019257
2009-10-14,100856.55780306489
2009-10-15,100627.26569094844
2009-10-16,98503.42960787393
2009-10-19,99696.8378878223
2009-10-20,99285.76061851298
2009-10-21,98375.01404985428
2009-10-22,99388.80041921974
2009-10-23,97782.28464187364
2009-10-26,97198.3634637755
2009-10-27,94439.86908284297
2009-10-28,90930.3649078676
2009-10-29,93565.15259707329
2009-10-30,91540.35700880284
2009-11-02,92592.62951692392
2009-11-03,92893.13684675806
2009-11-04,93414.70264082507
2009-11-05,95713.07762902335
2009-11-06,95781.90233773271
2009-11-09,98036.69700487962
2009-11-10,98079.05287626841
2009-11-11,98473.18400551646
2009-11-12,97716.48609379838
2009-11-13,98389.23246626632
2009-11-16,99191.45064102071
2009-11-17,99080.30395418337
2009-11-18,99580.74081056596
2009-11-19,98157.8885520909
2009-11-20,97480.70841338806
2009-11-23,97945.59034300657
2009-11-24,97686.3982282345
2009-11-25,98356.53940988117
2009-11-27,97258.18886078142
2009-11-30,97560.6939652502
2009-12-01,98591.12453911154
2009-12-02,98624.6871983255
2009-12-03,97550.87225352612
2009-12-04,98345.21012072761
2009-12-07,98392.68390767563
2009-12-08,98162.39140764126
2009-12-09,98632.99802259846
2009-12-10,98603.18180245043
2009-12-11,99202.19163960748
2009-12-14,100246.23720584573
2009-12-15,100575.33344010921
2009-12-16,101957.71957482965
2009-12-17,101523.4894896023
2009-12-18,102437.58097951888
2009-12-21,104016.22207200658
2009-12-22,104669.66998946287
2009-12-23,105463.92336799113
2009-12-24,106435.88388680114
2009-12-28,106057.37887956988
2009-12-29,105777.48145486938
2009-12-30,106343.27843868746
2009-12-31,104958.69944052887
2010-01-04,107968.73355290973
2010-01-05,110765.50893698569
2010-01-06,111119.49367125954
2010-01-07,110664.31023164852
2010-01-08,111057.99872207947
2010-01-11,110833.20161370904
2010-01-12,106985.35516083972
2010-01-13,108271.63289144871
2010-01-14,109957.64219987189
2010-01-15,106743.28618878004
2010-01-19,108851.3986895753
2010-01-20,108559.01001287764
2010-01-21,106798.12630545037
2010-01-22,103423.7437664722
2010-01-25,103784.32567482178
2010-01-26,103036.06207138463
2010-01-27,104485.8407169212
2010-01-28,104350.44507085557
2010-01-29,104525.73398562077
2010-02-01,105992.22006066305
2010-02-02,108021.48722835009
2010-02-03,106177.32929925557
2010-02-04,102816.47946493156
2010-02-05,102538.20910436052
2010-02-08,102152.53126880198
2010-02-09,102943.00509663377
2010-02-10,102511.57744867317
2010-02-11,103495.036608959
2010-02-12,103609.26569661262
2010-02-16,105166.28118511694
2010-02-17,106769.96016756755
2010-02-18,109058.49527502536
2010-02-19,108869.5014859338
2010-02-22,109225.33949137689
2010-02-23,107689.91077503646
2010-02-24,108116.509643458
2010-02-25,108385.534727624
2010-02-26,109090.2071758695
2010-03-01,111628.95160600866
2010-03-02,111537.8300899005
2010-03-03,110919.54931445903
2010-03-04,111033.06028937426
2010-03-05,113018.49918692562
2010-03-08,113491.66646453697
2010-03-09,112961.96011727038
2010-03-10,112965.18651261632
2010-03-11,114119.56713085421
2010-03-12,114797.73670995177
2010-03-15,114110.7509091588
2010-03-16,115531.40628575857
2010-03-17,115608.77161066249
2010-03-18,115729.48745627259
2010-03-19,114336.61278734848
2010-03-22,116138.11965148244
2010-03-23,117563.88464481503
2010-03-24,117209.59871139709
2010-03-25,117298.85553254696
2010-03-26,117377.82821451323
2010-03-29,118746.02853722966
2010-03-30,118253.6295356527
2010-03-31,118011.4445829656
2010-04-01,118833.1370758003
2010-04-05,120125.51163862865
2010-04-06,119798.10337919195
2010-04-07,119483.75183699043
2010-04-08,120212.51776323392
2010-04-09,121677.37446079186
2010-04-12,121708.87996534798
2010-04-13,120625.6512618599
2010-04-14,123851.6999733157
2010-04-15,124098.24504977585
2010-04-16,121334.87094906784
2010-04-19,120738.30819423389
2010-04-20,123515.97161379347
2010-04-21,124909.67793422184
2010-04-22,127639.75556748894
2010-04-23,129286.16503688104
2010-04-26,128125.42817737875
2010-04-27,123900.44415289212
2010-04-28,123364.4284743469
2010-04-29,125654.349534093
2010-04-30,123088.17000305497
2010-05-03,125493.61393512032
2010-05-04,121113.11557742547
2010-05-05,119238.99461335136
2010-05-06,116837.73679234461
2010-05-07,115603.33133197168
2010-05-10,117487.05816808536
2010-05-11,117696.94843099761
2010-05-12,118979.53169239797
2010-05-13,118079.53741306117
2010-05-14,115868.79951204936
2010-05-17,116057.23840351285
2010-05-18,113985.73018587918
2010-05-19,112579.25114591584
2010-05-20,109160.9114830191
2010-05-21,108853.2177076565
2010-05-24,108637.6473643819
2010-05-25,108077.74801746209
2010-05-26,108457.50334065442
2010-05-27,108871.6067159818
2010-05-28,108777.78049920214
2010-06-01,108574.93383092637
2010-06-02,109048.93422206686
2010-06-03,109048.93422206686
2010-06-04,109048.93422206686
2010-06-07,109048.93422206686
2010-06-08,109048.93422206686
2010-06-09,109048.93422206686
2010-06-10,109048.93422206686
2010-06-11,109048.93422206686
2010-06-14,109048.93422206686
2010-06-15,109048.93422206686
2010-06-16,109048.93422206686
2010-06-17,109048.93422206686
2010-06-18,109048.93422206686
2010-06-21,109048.93422206686
2010-06-22,109048.93422206686
2010-06-23,109048.93422206686
2010-06-24,109048.93422206686
2010-06-25,109048.93422206686
2010-06-28,109048.93422206686
2010-06-29,109048.93422206686
2010-06-30,109048.93422206686
2010-07-01,109048.93422206686
2010-07-02,109048.93422206686
2010-07-06,109048.93422206686
2010-07-07,109048.93422206686
2010-07-08,109048.93422206686
2010-07-09,109048.93422206686
2010-07-12,109048.93422206686
2010-07-13,109048.93422206686
2010-07-14,109048.93422206686
2010-07-15,109048.93422206686
2010-07-16,109048.93422206686
2010-07-19,109048.93422206686
2010-07-20,109048.93422206686
2010-07-21,109048.93422206686
2010-07-22,109048.93422206686
2010-07-23,109048.93422206686
2010-07-26,109048.93422206686
2010-07-27,109048.93422206686
2010-07-28,109048.93422206686
2010-07-29,109048.93422206686
2010-07-30,109048.93422206686
2010-08-02,109048.93422206686
2010-08-03,108661.02341685453
2010-08-04,109694.4704265636
2010-08-05,109494.68550132448
2010-08-06,109059.62315597292
2010-08-09,109826.63594533442
2010-08-10,109516.57614719958
2010-08-11,107109.89430674275
2010-08-12,106415.46410724883
2010-08-13,106085.81118801962
2010-08-16,106440.24022538247
2010-08-17,107999.65950566818
2010-08-18,108169.21690977059
2010-08-19,106680.14816959295
2010-08-20,106965.72672306074
2010-08-23,106774.757866109
2010-08-24,106033.12390024439
2010-08-25,106033.12390024439
2010-08-26,106033.12390024439
2010-08-27,106033.12390024439
2010-08-30,106033.12390024439
2010-08-31,106033.12390024439
2010-09-01,106033.12390024439
2010-09-02,106033.12390024439
2010-09-03,106033.12390024439
2010-09-07,105627.28906093791
2010-09-08,105646.46179743428
2010-09-09,105654.8350802649
2010-09-10,105836.87177874544
2010-09-13,106413.11869502427
2010-09-14,105972.28265914277
2010-09-15,106157.78998686705
2010-09-16,106436.07999905571
2010-09-17,106331.2059535897
2010-09-20,108167.92030272997
2010-09-21,107984.12076281296
2010-09-22,107047.66289260946
2010-09-23,106246.63221421308
2010-09-24,108075.24200173427
2010-09-27,108110.63704487719
2010-09-28,109308.94376725756
2010-09-29,109496.7576390347
2010-09-30,108466.88131232564
2010-10-01,108550.16869664326
2010-10-04,108139.17018740921
2010-10-05,109652.43994482068
2010-10-06,107672.32930406844
2010-10-07,107385.53419059658
2010-10-08,108927.77337657151
2010-10-11,108947.47472404479
2010-10-12,109750.76155135495
2010-10-13,110418.6675405129
2010-10-14,109339.78171419252
2010-10-15,109647.24723386926
2010-10-18,110010.23659137741
2010-10-19,107774.98906067006
2010-10-20,110193.32238145254
2010-10-21,109700.41741027865
2010-10-22,110514.60776966129
2010-10-25,111425.27321540541
2010-10-26,112435.56942208252
2010-10-27,113748.43041696766
2010-10-28,113161.25270703512
2010-10-29,114647.6003847796
2010-11-01,113862.01486266236
2010-11-02,114946.10270660408
2010-11-03,115300.8205825388
2010-11-04,116902.82390611082
2010-11-05,118384.77301340018
2010-11-08,118148.32693214618
2010-11-09,116772.20663775218
2010-11-10,117116.47091155464
2010-11-11,117507.79840299592
2010-11-12,115127.0258681345
2010-11-15,113732.05400312047
2010-11-16,111255.43191096972
2010-11-17,112490.56236823119
2010-11-18,113779.62001432784
2010-11-19,114673.9507552857
2010-11-22,115581.46928898379
2010-11-23,115290.86286086938
2010-11-24,118065.16603526796
2010-11-26,117562.66073016723
2010-11-29,117327.13852906055
2010-11-30,118136.36496705102
2010-12-01,121251.74362406068
2010-12-02,122024.92236657045
2010-12-03,123768.70936582107
2010-12-06,123567.14746982543
2010-12-07,122944.89894424725
2010-12-08,123201.86623654609
2010-12-09,123359.55701517993
2010-12-10,124372.62511952122
2010-12-13,123543.61585766895
2010-12-14,123053.70316271512
2010-12-15,122455.48710847928
2010-12-16,123710.02112956496
2010-12-17,125017.19223209948
2010-12-20,126417.97024084904
2010-12-21,127085.07334642249
2010-12-22,126679.45539601348
2010-12-23,125946.61767704881
2010-12-27,126300.39714002353
2010-12-28,126233.37560894633
2010-12-29,126489.88488264297
2010-12-30,126572.50937553038
2010-12-31,126934.8287073216
2011-01-03,129070.52796711584
2011-01-04,128228.62972547296
2011-01-05,128877.56678635828
2011-01-06,128635.21341863499
2011-01-07,127297.24604078951
2011-01-10,127234.8187380936
2011-01-11,126958.84768228559
2011-01-12,128051.6804668488
2011-01-13,128877.18866476195
2011-01-14,130172.57301125998
2011-01-18,130817.030302384
2011-01-19,125773.91904363854
2011-01-20,123819.88353743973
2011-01-21,124005.05434080544
2011-01-24,125226.52116928856
2011-01-25,125317.93649271913
2011-01-26,126637.28362519192
2011-01-27,128279.83484494155
2011-01-28,124830.80437650598
2011-01-31,126405.7107906703
2011-02-01,128495.6401371532
2011-02-02,129223.22218749317
2011-02-03,130218.79533949717
2011-02-04,131586.22196813056
2011-02-07,132806.87667067428
2011-02-08,132347.49934872115
2011-02-09,132041.74990766455
2011-02-10,133942.07757701023
2011-02-11,135390.83721656984
2011-02-14,137691.69861943647
2011-02-15,134238.96212169845
2011-02-16,138267.29617840075
2011-02-17,139921.01585789723
2011-02-18,137963.8721983844
2011-02-22,133835.05754917808
2011-02-23,134164.63317617777
2011-02-24,133968.15435780704
2011-02-25,135104.5822634704
2011-02-28,136419.88481995836
2011-03-01,132360.07494470797
2011-03-02,133244.59479434456
2011-03-03,134700.25771322625
2011-03-04,134224.536342079
2011-03-07,132550.92305918236
2011-03-08,133435.48012530568
2011-03-09,133558.7628147891
2011-03-10,130807.5585331147
2011-03-11,131512.54984019967
2011-03-14,131021.72896532324
2011-03-15,130799.46335727657
2011-03-16,129304.5925410197
2011-03-17,129485.95659882398
2011-03-18,129940.0293309658
2011-03-21,130828.89705838004
2011-03-22,131239.35474649415
2011-03-23,131953.72585383407
2011-03-24,133151.0312780219
2011-03-25,133862.48960723524
2011-03-28,133749.66960372872
2011-03-29,136327.75733706396
2011-03-30,136994.62847532507
2011-03-31,136871.24405297314
2011-04-01,137708.4105098679
2011-04-04,139172.2823953292
2011-04-05,139965.5518649976
2011-04-06,139587.41185785993
2011-04-07,138839.38819616105
2011-04-08,138064.5689012116
2011-04-11,134697.03925525388
2011-04-12,134936.85581801107
2011-04-13,135390.99178760848
2011-04-14,136270.96131030013
2011-04-15,137751.1400621611
2011-04-18,136016.82091522057
2011-04-19,137402.6472559959
2011-04-20,138501.58454975396
2011-04-21,142045.2259733745
2011-04-25,141620.95764246807
2011-04-26,143746.27766041755
2011-04-27,143711.01645620033
2011-04-28,144299.89700826415
2011-04-29,144252.6212718824
2011-05-02,143719.01546094954
2011-05-03,141930.69997385307
2011-05-04,139566.34191995417
2011-05-05,139041.98033095588
2011-05-06,139715.8607052699
2011-05-09,141190.92341083998
2011-05-10,144348.3415640031
2011-05-11,142406.8370639899
2011-05-12,143175.29001665616
2011-05-13,142690.48408735025
2011-05-16,140625.97113308756
2011-05-17,141152.49722922978
2011-05-18,142894.58023891505
2011-05-19,143173.03675659123
2011-05-20,141244.38141823775
2011-05-23,139329.487083784
2011-05-24,138944.73200613758
2011-05-25,139773.32290724444
2011-05-26,139885.5330539493
2011-05-27,140407.7606459966
2011-05-31,141339.26001679213
2011-06-01,138350.62725997908
2011-06-02,138783.7475317398
2011-06-03,137528.5333947748
2011-06-06,134991.6252687759
2011-06-07,135293.24645938227
2011-06-08,135249.59883798595
2011-06-09,136056.9808391247
2011-06-10,135348.41751366158
2011-06-13,134874.97011621893
2011-06-14,136042.676184983
2011-06-15,135293.99903938817
2011-06-16,134336.9103251755
2011-06-17,135031.4293887352
2011-06-20,135154.03126290446
2011-06-21,135154.03126290446
2011-06-22,135154.03126290446
2011-06-23,135154.03126290446
2011-06-24,135154.03126290446
2011-06-27,135154.03126290446
2011-06-28,135154.03126290446
2011-06-29,135154.03126290446
2011-06-30,135154.03126290446
2011-07-01,137636.41495423234
2011-07-05,137612.48782414733
2011-07-06,138498.7130765088
2011-07-07,138970.36996537205
2011-07-08,138138.13184098477
2011-07-11,135267.4585880253
2011-07-12,134523.12440298314
2011-07-13,134736.6934420315
2011-07-14,133588.96922871945
2011-07-15,134245.2681264683
2011-07-18,133501.55088459814
2011-07-19,136703.19813442288
2011-07-20,137563.20283691777
2011-07-21,139839.22523571324
2011-07-22,139332.35459006674
2011-07-25,138033.30269667966
2011-07-26,137962.8081643267
2011-07-27,137002.0178842868
2011-07-28,136870.61407754238
2011-07-29,135938.93448645377
2011-08-01,136143.73982432307
2011-08-02,134263.417249125
2011-08-03,134173.76316032058
2011-08-04,132139.82298652007
2011-08-05,131846.79869508173
2011-08-08,131432.5252464512
2011-08-09,131432.5252464512
2011-08-10,131432.5252464512
2011-08-11,131432.5252464512
2011-08-12,131432.5252464512
2011-08-15,131432.5252464512
2011-08-16,131432.5252464512
2011-08-17,131432.5252464512
2011-08-18,131432.5252464512
2011-08-19,131432.5252464512
2011-08-22,131432.5252464512
2011-08-23,131432.5252464512
2011-08-24,131432.5252464512
2011-08-25,131432.5252464512
2011-08-26,131432.5252464512
2011-08-29,131432.5252464512
2011-08-30,131432.5252464512
2011-08-31,131432.5252464512
2011-09-01,131432.5252464512
2011-09-02,131432.5252464512
2011-09-06,131432.5252464512
2011-09-07,131432.5252464512
2011-09-08,131432.5252464512
2011-09-09,131432.5252464512
2011-09-12,131432.5252464512
2011-09-13,131432.5252464512
2011-09-14,131432.5252464512
2011-09-15,131432.5252464512
2011-09-16,131432.5252464512
2011-09-19,131432.5252464512
2011-09-20,131432.5252464512
2011-09-21,131432.5252464512
2011-09-22,131432.5252464512
2011-09-23,131432.5252464512
2011-09-26,131432.5252464512
2011-09-27,131432.5252464512
2011-09-28,131432.5252464512
2011-09-29,131432.5252464512
2011-09-30,131432.5252464512
2011-10-03,131432.5252464512
2011-10-04,131432.5252464512
2011-10-05,131432.5252464512
2011-10-06,131432.5252464512
2011-10-07,131432.5252464512
2011-10-10,131432.5252464512
2011-10-11,131432.5252464512
2011-10-12,131432.5252464512
2011-10-13,131432.5252464512
2011-10-14,131432.5252464512
2011-10-17,131432.5252464512
2011-10-18,131432.5252464512
2011-10-19,131432.5252464512
2011-10-20,131432.5252464512
2011-10-21,131432.5252464512
2011-10-24,130634.83242515787
2011-10-25,128949.17077253491
2011-10-26,129902.61336622636
2011-10-27,132171.33119637304
2011-10-28,131157.42464695574
2011-10-31,129522.59761106872
2011-11-01,127190.39803714992
2011-11-02,129016.8997663959
2011-11-03,129674.33414721886
2011-11-04,129630.26129475237
2011-11-07,130573.24865709043
2011-11-08,131491.13379821173
2011-11-09,128414.02374729839
2011-11-10,129022.88575929019
2011-11-11,131408.80168990657
2011-11-14,130781.54034905587
2011-11-15,131167.59504121257
2011-11-16,129828.29917813165
2011-11-17,128387.81823248815
2011-11-18,128836.08521483393
2011-11-21,126837.02296764147
2011-11-22,126768.57055495435
2011-11-23,124902.21279260339
2011-11-25,125114.01898712268
2011-11-28,125668.51009004176
2011-11-29,125843.53765897454
2011-11-30,126762.0931564398
2011-12-01,126894.23619870198
2011-12-02,126706.1704941483
2011-12-05,127681.34805958877
2011-12-06,127348.28552590415
2011-12-07,127107.56483668106
2011-12-08,125557.51666374397
2011-12-09,127403.41537717386
2011-12-12,126790.61514361206
2011-12-13,125627.87852092358
2011-12-14,123994.15846264036
2011-12-15,124366.67826793241
2011-12-16,125395.95807630161
2011-12-19,124657.39081684707
2011-12-20,128135.63224865818
2011-12-21,128327.80001107206
2011-12-22,128383.40169256648
2011-12-23,128643.37349684813
2011-12-27,128817.9619906714
2011-12-28,128108.20432699891
2011-12-29,128800.6665165223
2011-12-30,128220.44159904277
2012-01-03,128064.95104582998
2012-01-04,127271.08920053893
2012-01-05,128126.01978894099
2012-01-06,127347.05195166374
2012-01-09,127109.63081850816
2012-01-10,128322.07892416834
2012-01-11,128847.78598083288
2012-01-12,128946.71535788086
2012-01-13,129307.97482207537
2012-01-17,129586.16297550495
2012-01-18,130073.43652183717
2012-01-19,130076.92702152606
2012-01-20,128309.0219261526
2012-01-23,127986.67284593964
2012-01-24,128695.7500468087
2012-01-25,129440.22542958167
2012-01-26,130175.30872433592
2012-01-27,130616.32366423387
2012-01-30,130198.51324175556
2012-01-31,129904.19617961778
2012-02-01,133903.3574066839
2012-02-02,133456.090958353
2012-02-03,136101.71885292887
2012-02-06,136200.60320293214
2012-02-07,136421.64726316486
2012-02-08,137706.69115724805
2012-02-09,137081.20220790998
2012-02-10,136053.02260519526
2012-02-13,138850.96268568342
2012-02-14,138435.41437024358
2012-02-15,137263.82997291573
2012-02-16,138264.75921633877
2012-02-17,137173.3453490975
2012-02-21,136621.4311329715
2012-02-22,135017.90339836036
2012-02-23,136239.84074490835
2012-02-24,136314.28078177472
2012-02-27,137824.91237812114
2012-02-28,138020.8464658724
2012-02-29,137563.44966209657
2012-03-01,140596.68039403108
2012-03-02,139522.3658525144
2012-03-05,137947.21264155663
2012-03-06,136216.82798534588
2012-03-07,137989.97032387374
2012-03-08,139215.60726724958
2012-03-09,139967.25025675108
2012-03-12,139979.76630639675
2012-03-13,141927.28099545487
2012-03-14,140961.26183027198
2012-03-15,142524.6401238016
2012-03-16,141170.33710723597
2012-03-19,141807.20265158862
2012-03-20,141924.45627195254
2012-03-21,141045.98917201965
2012-03-22,139910.15619426878
2012-03-23,139381.59885713796
2012-03-26,141036.29368415257
2012-03-27,141194.1593782793
2012-03-28,141142.2974848586
2012-03-29,140381.8096498764
2012-03-30,140008.87099425134
2012-04-02,139703.858059938
2012-04-03,139817.888123762
2012-04-04,138090.63856828838
2012-04-05,138146.5946964061
2012-04-09,136023.69490563544
2012-04-10,131213.53924708863
2012-04-11,132693.5315295624
2012-04-12,133198.55294621398
2012-04-13,133296.97400848335
2012-04-16,132310.1582946515
2012-04-17,132827.34842150353
2012-04-18,133233.3828981975
2012-04-19,132066.2130398012
2012-04-20,132922.83826876446
2012-04-23,131758.11211352536
2012-04-24,131089.00799150518
2012-04-25,132727.06431231438
2012-04-26,133571.36190567864
2012-04-27,134068.78645183862
2012-04-30,133102.46126965873
2012-05-01,133166.0626073771
2012-05-02,134290.5260487002
2012-05-03,133130.87315474136
2012-05-04,130894.29728200145
2012-05-07,131578.60813986458
2012-05-08,129276.36337337262
2012-05-09,128384.51579197825
2012-05-10,127973.98902623999
2012-05-11,129459.77613191374
2012-05-14,127786.25069185227
2012-05-15,128443.7831606517
2012-05-16,126944.34534203316
2012-05-17,123017.47572222337
2012-05-18,122541.526046215
2012-05-21,122934.62577363348
2012-05-22,122718.08123724698
2012-05-23,122901.13902106698
2012-05-24,123133.3717852995
2012-05-25,123226.27462092666
2012-05-29,123226.27462092666
2012-05-30,123226.27462092666
2012-05-31,123226.27462092666
2012-06-01,123226.27462092666
2012-06-04,123226.27462092666
2012-06-05,123226.27462092666
2012-06-06,123226.27462092666
2012-06-07,123226.27462092666
2012-06-08,123226.27462092666
2012-06-11,123226.27462092666
2012-06-12,123226.27462092666
2012-06-13,123226.27462092666
2012-06-14,123226.27462092666
2012-06-15,123226.27462092666
2012-06-18,123226.27462092666
2012-06-19,123226.27462092666
2012-06-20,122774.735396299
2012-06-21,121126.36592099178
2012-06-22,121670.38167319668
2012-06-25,120342.87296498485
2012-06-26,121032.85058225643
2012-06-27,121888.07981464121
2012-06-28,121980.32360060659
2012-06-29,123124.80802293446
2012-07-02,123880.15473215673
2012-07-03,124509.17243094878
2012-07-05,125460.95107618206
2012-07-06,124998.57851133365
2012-07-09,125126.4473829941
2012-07-10,122746.91057907187
2012-07-11,122157.47613326888
2012-07-12,123554.26867211328
2012-07-13,124397.09023986809
2012-07-16,124546.01833810387
2012-07-17,125211.99936471655
2012-07-18,123723.4763506884
2012-07-19,122656.02625761773
2012-07-20,123419.97585390686
2012-07-23,123153.64511579752
2012-07-24,121196.90083106671
2012-07-25,119943.77752659793
2012-07-26,120892.76128909414
2012-07-27,121981.66502255644
2012-07-30,120995.44212788317
2012-07-31,119989.93793669072
2012-08-01,119094.04852190349
2012-08-02,121044.58497886767
2012-08-03,122391.66606521294
2012-08-06,121886.47403182495
2012-08-07,122200.79912150015
2012-08-08,122190.68519225703
2012-08-09,122475.07952673969
2012-08-10,122603.40867799915
2012-08-13,123328.47272210894
2012-08-14,123756.00277520681
2012-08-15,124527.69667892817
2012-08-16,124861.04202115518
2012-08-17,126600.63197768827
2012-08-20,125853.42272284567
2012-08-21,125394.46211075898
2012-08-22,125444.38529924172
2012-08-23,124694.38913446097
2012-08-24,126002.38874317805
2012-08-27,125957.35984607921
2012-08-28,125833.64440027009
2012-08-29,125910.22600261605
2012-08-30,125023.75878258984
2012-08-31,125254.54252845037
2012-09-04,126003.14950849232
2012-09-05,125350.89312350111
2012-09-06,127333.13248310126
2012-09-07,126715.69687810185
2012-09-10,125344.16247562175
2012-09-11,124747.38667170482
2012-09-12,125720.33291152651
2012-09-13,127334.26225589078
2012-09-14,128141.40507270859
2012-09-17,127264.84156973376
2012-09-18,126369.76166614964
2012-09-19,125994.69374091984
2012-09-20,125678.55387452389
2012-09-21,126165.03495542589
2012-09-24,125156.42891022809
2012-09-25,123221.01572962357
2012-09-26,121166.47484554927
2012-09-27,122069.67802771549
2012-09-28,121803.2385897746
2012-10-01,122191.15477440691
2012-10-02,122461.38273281314
2012-10-03,123980.45556530275
2012-10-04,123229.52500414573
2012-10-05,123009.08855763586
2012-10-08,121558.71353361759
2012-10-09,118776.7895405761
2012-10-10,118710.50727713741
2012-10-11,118126.69286015038
2012-10-12,118073.17120802103
2012-10-15,118815.15496447975
2012-10-16,119727.54871933033
2012-10-17,120697.95406095724
2012-10-18,118899.77035564839
2012-10-19,117689.51976741805
2012-10-22,117542.76677802151
2012-10-23,116328.18975904118
2012-10-24,116806.0357922535
2012-10-25,115585.87739612255
2012-10-26,115603.17702940332
2012-10-31,117348.10866762731
2012-11-01,118044.44587660741
2012-11-02,116870.92054292635
2012-11-05,117711.63017213462
2012-11-06,116940.56096500007
2012-11-07,117780.90061753198
2012-11-08,115610.40264108135
2012-11-09,115719.78107358575
2012-11-12,114994.74470250511
2012-11-13,114750.74701634236
2012-11-14,113007.84024672146
2012-11-15,112691.15665893878
2012-11-16,113328.41247441641
2012-11-19,114150.74532647869
2012-11-20,114597.0552560777
2012-11-21,114597.42348038235
2012-11-23,114771.69616306237
2012-11-26,114332.04450471474
2012-11-27,113831.273309318
2012-11-28,114555.61427999134
2012-11-29,114608.79397596637
2012-11-30,115393.22681846778
2012-12-03,114791.79185530714
2012-12-04,114391.81535079078
2012-12-05,113622.6455202617
2012-12-06,114109.88221065214
2012-12-07,114471.72844945586
2012-12-10,114318.3241918656
2012-12-11,115471.54962050793
2012-12-12,115058.59479937919
2012-12-13,114728.2123906095
2012-12-14,114644.31102929154
2012-12-17,116333.41245031645
2012-12-18,117601.78090759198
2012-12-19,117100.28047594162
2012-12-20,117706.48275752916
2012-12-21,117607.53141717508
2012-12-24,117788.34358714397
2012-12-26,117429.12292819
2012-12-27,117070.73011427264
2012-12-28,115855.50688118722
2012-12-31,117953.34223385842
2013-01-02,120078.5311034712
2013-01-03,120076.47856318261
2013-01-04,121354.10078378716
2013-01-07,120223.5677973414
2013-01-08,120336.40513502921
2013-01-09,120508.22397408981
2013-01-10,121193.00213425721
2013-01-11,120566.34286406613
2013-01-14,120260.44394066645
2013-01-15,121452.62104749458
2013-01-16,121281.02901489187
2013-01-17,122024.57316968852
2013-01-18,122177.3699714865
2013-01-22,122861.77021549462
2013-01-23,122359.520568953
2013-01-24,123549.41757034218
2013-01-25,124389.0651172554
2013-01-28,124383.70303183483
2013-01-29,123546.5148443711
2013-01-30,124085.74115823585
2013-01-31,124233.99756770968
2013-02-01,125317.12951028917
2013-02-04,123143.24556258171
2013-02-05,124982.87273540917
2013-02-06,125431.54379476671
2013-02-07,125843.01007063323
2013-02-08,126908.29037734595
2013-02-11,126934.70040300762
2013-02-12,126896.59202224306
2013-02-13,127287.78109232479
2013-02-14,127392.88070177767
2013-02-15,127013.46692219247
2013-02-19,127359.2735064401
2013-02-20,124023.71493653409
2013-02-21,123050.28465065491
2013-02-22,124796.09789332218
2013-02-25,121984.83616297055
2013-02-26,122814.85179026281
2013-02-27,124588.70294970286
2013-02-28,124689.2586368462
2013-03-01,125707.65784650312
2013-03-04,126713.33974239403
2013-03-05,127568.23027435236
2013-03-06,127644.75451919138
2013-03-07,127705.60380523832
2013-03-08,128756.64094952708
2013-03-11,128657.80564331223
2013-03-12,128264.09870295672
2013-03-13,128708.01204612924
2013-03-14,129391.88867005848
2013-03-15,129126.92298429093
2013-03-18,129347.10190661316
2013-03-19,129422.29627815107
2013-03-20,131033.04367752066
2013-03-21,130127.67233782387
2013-03-22,130968.75473641304
2013-03-25,130553.47561194343
2013-03-26,131742.2718708433
2013-03-27,131658.83172346873
2013-03-28,132288.93760456788
2013-04-01,131438.74185277053
2013-04-02,130556.50027628455
2013-04-03,127863.33980079243
2013-04-04,128502.55254688635
2013-04-05,128474.66055281158
2013-04-08,129514.0391814885
2013-04-09,129137.94612903327
2013-04-10,129571.0934537487
2013-04-11,129716.1402627457
2013-04-12,128336.22087553081
2013-04-15,124137.92128329091
2013-04-16,126858.54433667386
2013-04-17,125327.15369551278
2013-04-18,123908.89738605829
2013-04-19,126084.20797259334
2013-04-22,126669.19999336614
2013-04-23,127472.07921556488
2013-04-24,127112.69230006273
2013-04-25,128262.24922565286
2013-04-26,127568.10406886692
2013-04-29,128565.10676114619
2013-04-30,129405.54289929233
2013-05-01,128325.9171574437
2013-05-02,129879.99704700569
2013-05-03,132697.58172329448
2013-05-06,132437.21889074804
2013-05-07,132230.90962463865
2013-05-08,131068.6906158061
2013-05-09,130285.6253069747
2013-05-10,131840.23478056493
2013-05-13,132636.1494064563
2013-05-14,133287.1329632248
2013-05-15,132553.27186871617
2013-05-16,130098.23186280963
2013-05-17,131404.64580304734
2013-05-20,130877.61510500367
2013-05-21,130455.11158639519
2013-05-22,127899.1654921073
2013-05-23,127039.94912686318
2013-05-24,127579.22913862082
2013-05-28,131042.05787991936
2013-05-29,130428.24344825945
2013-05-30,132034.22234087944
2013-05-31,129193.29680782498
2013-06-03,128122.09266690072
2013-06-04,127716.05121299741
2013-06-05,125510.08244995872
2013-06-06,126650.41703622628
2013-06-07,129248.5415802945
2013-06-10,128353.80593922704
2013-06-11,126311.24328719484
2013-06-12,126118.02983894998
2013-06-13,127290.95432465289
2013-06-14,127347.94807961518
2013-06-17,127911.06811330325
2013-06-18,129480.69905219339
2013-06-19,128408.2315052482
2013-06-20,124983.7626501963
2013-06-21,126624.40283805961
2013-06-24,124806.12395709625
2013-06-25,125215.50478291804
2013-06-26,126296.12711708718
2013-06-27,127865.6954564763
2013-06-28,127905.1708523657
2013-07-01,128323.6777840533
2013-07-02,127615.55507867104
2013-07-03,127545.2529064708
2013-07-05,130429.38192966551
2013-07-08,130164.77326067566
2013-07-09,130232.88592530733
2013-07-10,129280.50006914031
2013-07-11,129733.45602404742
2013-07-12,130519.41814380858
2013-07-15,131064.7862634681
2013-07-16,129766.04119136019
2013-07-17,130773.00949748875
2013-07-18,132116.69882809414
2013-07-19,131824.91628503468
2013-07-22,131790.19347652208
2013-07-23,133409.23087684825
2013-07-24,133555.22747062834
2013-07-25,133802.58556917505
2013-07-26,131314.6318310023
2013-07-29,130452.9058532408
2013-07-30,131340.27608854847
2013-07-31,131303.9133078217
2013-08-01,134431.64686437778
2013-08-02,135491.52821958027
2013-08-05,135328.7900263158
2013-08-06,133546.5586689476
2013-08-07,132081.01930525556
2013-08-08,133537.319721733
2013-08-09,133981.4278277242
2013-08-12,134036.37185097983
2013-08-13,132601.53629307976
2013-08-14,132254.43265278285
2013-08-15,129052.54003619897
2013-08-16,129813.13430183285
2013-08-19,127734.99521908171
2013-08-20,127924.65605639837
2013-08-21,131862.5209383322
2013-08-22,133097.05623659643
2013-08-23,133893.48349823404
2013-08-26,135025.71530173914
2013-08-27,130824.49795393791
2013-08-28,132737.8948381003
2013-08-29,133326.15098881652
2013-08-30,132248.42368944443
2013-09-03,133768.95384674604
2013-09-04,135117.4963211437
2013-09-05,135867.65437404893
2013-09-06,135408.00941096077
2013-09-09,136035.7629451525
2013-09-10,136236.43561214657
2013-09-11,135855.74530048424
2013-09-12,135640.4782107991
2013-09-13,135153.62294876925
2013-09-16,134507.40373156182
2013-09-17,135606.90153544027
2013-09-18,135599.96192881023
2013-09-19,135383.95994818208
2013-09-20,134418.6289585207
2013-09-23,134151.9945394571
2013-09-24,134167.55586526054
2013-09-25,134839.73706206016
2013-09-26,135950.17462384526
2013-09-27,135279.12132687753
2013-09-30,135242.67959342938
2013-10-01,137650.19723806911
2013-10-02,137401.41279612042
2013-10-03,134873.14021941012
2013-10-04,135011.10583119254
2013-10-07,133698.4838118576
2013-10-08,129005.34861667031
2013-10-09,128726.80291465294
2013-10-10,130323.869954587
2013-10-11,131699.45776676023
2013-10-14,132768.27621792204
2013-10-15,131566.53984305938
2013-10-16,134740.07399981807
2013-10-17,136511.68217237073
2013-10-18,137133.2154403799
2013-10-21,136736.11938846836
2013-10-22,136990.65593328484
2013-10-23,136252.83450745605
2013-10-24,135682.6791577124
2013-10-25,135509.50944611707
2013-10-28,134607.42098114503
2013-10-29,135714.87476724456
2013-10-30,135137.9242451905
2013-10-31,133729.18467332178
2013-11-01,132966.02514707437
2013-11-04,134461.71377556887
2013-11-05,134036.01208432016
2013-11-06,132218.9224320562
2013-11-07,129383.90631216069
2013-11-08,132597.66289110546
2013-11-11,132734.33910222148
2013-11-12,133450.74869834096
2013-11-13,134893.21712658307
2013-11-14,135816.74969775608
2013-11-15,136063.99484579498
2013-11-18,134392.45822425376
2013-11-19,133402.73820498705
2013-11-20,134075.46085051887
2013-11-21,136668.75838729492
2013-11-22,137363.45593408425
2013-11-25,135336.66455871097
2013-11-26,136004.01190579694
2013-11-27,136570.15336516153
2013-11-29,136646.38007640137
2013-12-02,136186.07587479512
2013-12-03,134700.21983034597
2013-12-04,134863.90657431952
2013-12-05,134545.77458283133
2013-12-06,136821.24065628403
2013-12-09,136871.6912803681
2013-12-10,136242.84102304385
2013-12-11,134545.62926008712
2013-12-12,135999.3653520853
2013-12-13,135869.95581376547
2013-12-16,136902.11520389796
2013-12-17,136457.04977779323
2013-12-18,138160.41133128392
2013-12-19,137026.59300477942
2013-12-20,138328.19126259815
2013-12-23,139603.53676121167
2013-12-24,139879.81553900117
2013-12-26,140217.60373550016
2013-12-27,139657.37221226378
2013-12-30,139192.89012547274
2013-12-31,140265.6395671505
2014-01-02,138935.9086542613
2014-01-03,138951.09151177626
2014-01-06,139159.01676612275
2014-01-07,141261.39642619956
2014-01-08,142436.69841516332
2014-01-09,142566.35227738845
2014-01-10,143818.27053752937
2014-01-13,141944.44994043218
2014-01-14,143032.09999845785
2014-01-15,143692.49627238238
2014-01-16,144011.37315675622
2014-01-17,144453.06715067607
2014-01-21,145179.111398392
2014-01-22,147473.92537254377
2014-01-23,146437.6163190157
2014-01-24,140411.12826036187
2014-01-27,137989.9458325138
2014-01-28,139392.6194007777
2014-01-29,138447.90319445237
2014-01-30,140425.55250082872
2014-01-31,139922.9197758442
2014-02-03,135835.19519569728
2014-02-04,136373.58061638783
2014-02-05,136144.53396165237
2014-02-06,136705.50341283728
2014-02-07,139196.14485658007
2014-02-10,140055.94702358491
2014-02-11,140570.91179827988
2014-02-12,141015.76943188757
2014-02-13,142221.46505333562
2014-02-14,142467.5575140802
2014-02-18,143439.72814729094
2014-02-19,141654.2135092599
2014-02-20,142970.9765144169
2014-02-21,142358.13016856884
2014-02-24,142744.02070005416
2014-02-25,142013.03939552148
2014-02-26,141576.56767066647
2014-02-27,142910.7406418171
2014-02-28,141647.22681055815
2014-03-03,140860.38563910036
2014-03-04,142005.95600816223
2014-03-05,142092.80965030193
2014-03-06,143713.70667120462
2014-03-07,142989.25742262584
2014-03-10,143570.58660007812
2014-03-11,142124.56612276455
2014-03-12,141834.60021184088
2014-03-13,140088.75758669272
2014-03-14,141166.89160096276
2014-03-17,142469.3085266639
2014-03-18,142921.68705624624
2014-03-19,141535.62331904183
2014-03-20,142306.16136366353
2014-03-21,141016.919438396
2014-03-24,138706.00315160523
2014-03-25,138987.1353467379
2014-03-26,135999.9234828907
2014-03-27,136334.13388425682
2014-03-28,136668.28277626558
2014-03-31,137875.01253748243
2014-04-01,138289.42602188827
2014-04-02,139479.80083119095
2014-04-03,138972.54786736143
2014-04-04,136687.1050139286
2014-04-07,134767.26415007972
2014-04-08,135218.16913176505
2014-04-09,137451.97464843243
2014-04-10,134124.7110384132
2014-04-11,133159.46356535188
2014-04-14,134292.37930073502
2014-04-15,134653.5953669748
2014-04-16,136206.6824384566
2014-04-17,136954.8160421145
2014-04-21,137284.7099093112
2014-04-22,137231.45545243984
2014-04-23,137897.06283858966
2014-04-24,138416.36152766697
2014-04-25,135947.34116325754
2014-04-28,136257.855847678
2014-04-29,137333.86308913084
2014-04-30,137346.22227933136
2014-05-01,137084.57592962522
2014-05-02,137558.73855498483
2014-05-05,136963.74797042465
2014-05-06,136353.47737849783
2014-05-07,136411.85056988685
2014-05-08,134605.27184251472
2014-05-09,133504.53634464426
2014-05-12,135823.0304684047
2014-05-13,136067.59059826468
2014-05-14,135609.20056735186
2014-05-15,134543.63263978713
2014-05-16,134914.7023618613
2014-05-19,135694.4512429397
2014-05-20,133683.80876040368
2014-05-21,135239.90423277835
2014-05-22,136396.48317092776
2014-05-23,138095.36745640892
2014-05-27,139023.11552877806
2014-05-28,138759.94155733654
2014-05-29,139432.46958001537
2014-05-30,138855.9614324268
2014-06-02,139678.9276432812
2014-06-03,140026.55196668382
2014-06-04,141965.01813667227
2014-06-05,142355.67355928844
2014-06-06,143025.09773616373
2014-06-09,141958.0118018892
2014-06-10,142413.86149394212
2014-06-11,143153.22949222903
2014-06-12,142147.36436983632
2014-06-13,143671.92361398655
2014-06-16,144512.7673586136
2014-06-17,146120.37021138446
2014-06-18,146165.78487350073
2014-06-19,145480.8678387955
2014-06-20,144618.70201837822
2014-06-23,145050.85608286536
2014-06-24,143032.29892707773
2014-06-25,142631.36635779368
2014-06-26,143275.5218379893
2014-06-27,143516.48886993423
2014-06-30,144860.05831791018
2014-07-01,145494.46053974787
2014-07-02,145898.5390456423
2014-07-03,146069.83572806034
2014-07-07,145246.67996299895
2014-07-08,144356.31299267206
2014-07-09,145494.52113476745
2014-07-10,145264.05630852972
2014-07-11,146154.5083971709
2014-07-14,146120.7305591595
2014-07-15,145020.80028799333
2014-07-16,145297.93266062182
2014-07-17,143127.9725602279
2014-07-18,144297.132590266
2014-07-21,144653.72676521743
2014-07-22,146631.02696359012
2014-07-23,145685.85742902526
2014-07-24,145154.42330674274
2014-07-25,143715.43375390914
2014-07-28,143933.7499437516
2014-07-29,142266.2563927583
2014-07-30,140736.386089282
2014-07-31,137451.1481983561
2014-08-01,137924.59910596983
2014-08-04,139527.0484331387
2014-08-05,138036.32660202548
2014-08-06,138134.84339304283
2014-08-07,137273.28449096982
2014-08-08,138057.01017707284
2014-08-11,138389.81067267427
2014-08-12,138680.75755194685
2014-08-13,139809.23249506595
2014-08-14,140490.79594166606
2014-08-15,141010.9324202514
2014-08-18,142528.10686546142
2014-08-19,142146.3812137905
2014-08-20,142076.7609614426
2014-08-21,142292.53116096725
2014-08-22,142393.47965570525
2014-08-25,142896.5647200583
2014-08-26,142916.2564950584
2014-08-27,143400.03906669858
2014-08-28,143310.24617768204
2014-08-29,145025.04304927794
2014-09-02,146739.3292781481
2014-09-03,145787.5342551353
2014-09-04,145188.99075512745
2014-09-05,146511.0115883923
2014-09-08,146366.6824752741
2014-09-09,145128.56694837572
2014-09-10,146060.3676223204
2014-09-11,146364.28667504134
2014-09-12,145140.45115918902
2014-09-15,143780.74369901852
2014-09-16,145102.15801551694
2014-09-17,145944.49527399248
2014-09-18,147046.05564464637
2014-09-19,145672.08247320165
2014-09-22,144574.8574630428
2014-09-23,143742.317990769
2014-09-24,145969.58784962367
2014-09-25,143618.3957320964
2014-09-26,145090.26062210093
2014-09-29,145342.82277882687
2014-09-30,144597.28317888535
2014-10-01,140424.27129977464
2014-10-02,140231.37944697496
2014-10-03,141562.3572010356
2014-10-06,139893.96092452202
2014-10-07,137313.08287481882
2014-10-08,139451.20344810476
2014-10-09,137426.57685069225
2014-10-10,135422.2455583379
2014-10-13,134014.07533996154
2014-10-14,134652.92893017613
2014-10-15,133731.82598495914
2014-10-16,133124.43262429454
2014-10-17,133361.25842722005
2014-10-20,133595.4183231303
2014-10-21,133595.4183231303
2014-10-22,133595.4183231303
2014-10-23,133595.4183231303
2014-10-24,133595.4183231303
2014-10-27,133704.7959231441
2014-10-28,134648.68592518184
2014-10-29,134105.37342120765
2014-10-30,135582.01833105076
2014-10-31,136402.38847761863
2014-11-03,135606.28623050146
2014-11-04,134974.27300813858
2014-11-05,135127.84696537582
2014-11-06,135499.6431508182
2014-11-07,135466.61015120422
2014-11-10,135975.11901928324
2014-11-11,136093.5588715337
2014-11-12,135739.78779525694
2014-11-13,136147.22383193637
2014-11-14,136376.64394305905
2014-11-17,136781.98389858735
2014-11-18,136574.66840718067
2014-11-19,135683.42276142535
2014-11-20,135972.80617990837
2014-11-21,136566.09063667388
2014-11-24,137771.1674490661
2014-11-25,137366.2082279535
2014-11-26,137673.50499728852
2014-11-28,138671.77720984892
2014-12-01,137441.2830055548
2014-12-02,138114.40670538467
2014-12-03,138491.63886773193
2014-12-04,138203.0876234012
2014-12-05,139250.10821431546
2014-12-08,138424.9346674557
2014-12-09,138214.96057101595
2014-12-10,135350.926167292
2014-12-11,135659.4278616927
2014-12-12,133947.24428007452
2014-12-15,131636.05237800546
2014-12-16,129015.10788644929
2014-12-17,130965.45014529194
2014-12-18,133193.79287462818
2014-12-19,133297.4999506043
2014-12-22,134313.9921533458
2014-12-23,134301.64342699578
2014-12-24,134343.35212685145
2014-12-26,134335.66907856573
2014-12-29,134992.10710305558
2014-12-30,134553.25704804852
2014-12-31,133382.09447924094
2015-01-02,133357.24692861715
2015-01-05,132880.12102058946
2015-01-06,131926.43574287897
2015-01-07,134098.82880617765
2015-01-08,135332.13315373944
2015-01-09,135175.86861191288
2015-01-12,136432.58563973397
2015-01-13,136311.63081964556
2015-01-14,137249.15137529155
2015-01-15,135493.53008947254
2015-01-16,138273.16481098894
2015-01-20,137647.7976816326
2015-01-21,135386.04401495666
2015-01-22,137874.93331022322
2015-01-23,138260.78986694996
2015-01-26,141579.2562569173
2015-01-27,141093.52033270174
2015-01-28,139168.6888710888
2015-01-29,140389.0811299782
2015-01-30,137526.38326232176
2015-02-02,137169.26618032026
2015-02-03,137418.85447549183
2015-02-04,137968.2194797699
2015-02-05,139900.85290587982
2015-02-06,138466.54141970965
2015-02-09,137335.95202983054
2015-02-10,139451.81597294236
2015-02-11,140129.64594677708
2015-02-12,141278.6650056927
2015-02-13,141607.55477230766
2015-02-17,141534.18708610022
2015-02-18,142095.35236648459
2015-02-19,141035.19927753074
2015-02-20,141935.36700327546
2015-02-23,143095.40369019876
2015-02-24,142443.09885897086
2015-02-25,143202.79445924904
2015-02-26,143190.77112858376
2015-02-27,141600.88428718183
2015-03-02,144109.34798019635
2015-03-03,143525.31982863595
2015-03-04,143469.74034100823
2015-03-05,144864.19042624036
2015-03-06,142599.54914592416
2015-03-09,142115.25870442338
2015-03-10,142057.22329739772
2015-03-11,142347.7633057865
2015-03-12,144230.05946445
2015-03-13,143761.9939718063
2015-03-16,147960.7961032961
2015-03-17,148703.37373828597
2015-03-18,148865.315029217
2015-03-19,150594.67770253314
2015-03-20,148336.3277979808
2015-03-23,145922.45774270568
2015-03-24,145178.63121960632
2015-03-25,141723.52450314088
2015-03-26,140491.42448250478
2015-03-27,141413.4052683605
2015-03-30,142829.2215658318
2015-03-31,141789.53322506582
2015-04-01,141177.80199454192
2015-04-02,140722.12616458864
2015-04-06,142476.95871138567
2015-04-07,142044.05014359427
2015-04-08,142904.5944051655
2015-04-09,143851.40905948778
2015-04-10,143430.7451196469
2015-04-13,142770.4351905711
2015-04-14,142312.3897646566
2015-04-15,143012.72878408342
2015-04-16,143017.32599358718
2015-04-17,141264.09815042812
2015-04-20,141755.6436063798
2015-04-21,141112.37750451863
2015-04-22,140484.8112041421
2015-04-23,141384.8334224232
2015-04-24,140961.79729492773
2015-04-27,137484.7090896554
2015-04-28,137558.93908129638
2015-04-29,136402.60833994058
2015-04-30,135474.71190072998
2015-05-01,139120.64796020061
2015-05-04,140107.30502214562
2015-05-05,139333.76376239708
2015-05-06,138582.7893177529
2015-05-07,138656.9034430072
2015-05-08,139380.37521213267
2015-05-11,139575.48495830692
2015-05-12,139004.1611269716
2015-05-13,139460.88682067418
2015-05-14,141236.5419682954
2015-05-15,141589.26566891646
2015-05-18,142869.95821859772
2015-05-19,142960.5005775154
2015-05-20,143139.5858567912
2015-05-21,143615.6640345726
2015-05-22,142907.68976658946
2015-05-26,141642.89523478656
2015-05-27,144151.54456152787
2015-05-28,144227.92069212414
2015-05-29,143608.04796704304
2015-06-01,143952.69713980707
2015-06-02,144618.78964570817
2015-06-03,144287.74200146267
2015-06-04,142331.23601855442
2015-06-05,143482.9698204575
2015-06-08,141381.06460498722
2015-06-09,141312.39554284778
2015-06-10,142194.19706735082
2015-06-11,141920.31970021757
2015-06-12,141776.05542669943
2015-06-15,141206.27759469353
2015-06-16,145104.6341199293
2015-06-17,145528.830103756
2015-06-18,146411.17423564993
2015-06-19,146116.04484780072
2015-06-22,148025.71957361896
2015-06-23,148289.23509317043
2015-06-24,146736.12302339615
2015-06-25,146586.01230454756
2015-06-26,146125.74000733724
2015-06-29,143174.51184711917
2015-06-30,143949.1621887801
2015-07-01,144764.89036242123
2015-07-02,144229.6479460447
2015-07-06,144087.23741510013
2015-07-07,144047.604485544
2015-07-08,143119.5664336462
2015-07-09,143359.50945141542
2015-07-10,143943.3059445275
2015-07-13,144124.63753780606
2015-07-14,144915.06801929395
2015-07-15,143423.9041612531
2015-07-16,147468.53739084958
2015-07-17,147664.6678004822
2015-07-20,146702.61888933432
2015-07-21,146515.51963647897
2015-07-22,147555.28186467616
2015-07-23,147359.18093255538
2015-07-24,147972.6140681786
2015-07-27,145754.2717901801
2015-07-28,147016.17402512408
2015-07-29,147646.40630683146
2015-07-30,148599.66084647013
2015-07-31,148767.4869815059
2015-08-03,148194.47314336384
2015-08-04,149956.6786315944
2015-08-05,150101.8228500723
2015-08-06,148825.6354622982
2015-08-07,148176.7421236351
2015-08-10,149585.63034646606
2015-08-11,148254.42928649927
2015-08-12,148163.82303484023
2015-08-13,148384.2319064382
2015-08-14,149296.9774957399
2015-08-17,149954.32404495592
2015-08-18,149734.96263959326
2015-08-19,147996.27686784088
2015-08-20,144073.9969140279
2015-08-21,141700.34677052125
2015-08-24,138885.70537067173
2015-08-25,139556.94136382258
2015-08-26,139556.94136382258
2015-08-27,139556.94136382258
2015-08-28,139556.94136382258
2015-08-31,139556.94136382258
2015-09-01,139556.94136382258
2015-09-02,139556.94136382258
2015-09-03,139556.94136382258
2015-09-04,139556.94136382258
2015-09-08,139556.94136382258
2015-09-09,139556.94136382258
2015-09-10,139556.94136382258
2015-09-11,139556.94136382258
2015-09-14,139556.94136382258
2015-09-15,139556.94136382258
2015-09-16,139556.94136382258
2015-09-17,139556.94136382258
2015-09-18,139556.94136382258
2015-09-21,139556.94136382258
2015-09-22,139556.94136382258
2015-09-23,139556.94136382258
2015-09-24,139556.94136382258
2015-09-25,139556.94136382258
2015-09-28,139556.94136382258
2015-09-29,139556.94136382258
2015-09-30,139556.94136382258
2015-10-01,139556.94136382258
2015-10-02,139556.94136382258
2015-10-05,139556.94136382258
2015-10-06,139556.94136382258
2015-10-07,139556.94136382258
2015-10-08,139556.94136382258
2015-10-09,139556.94136382258
2015-10-12,139556.94136382258
2015-10-13,139556.94136382258
2015-10-14,139556.94136382258
2015-10-15,139556.94136382258
2015-10-16,139556.94136382258
2015-10-19,139507.73474494842
2015-10-20,138540.5797555624
2015-10-21,138836.50841739826
2015-10-22,140925.0735425356
2015-10-23,142023.912674582
2015-10-26,142216.534019755
2015-10-27,141355.31518801342
2015-10-28,142586.17771819947
2015-10-29,142413.0644617211
2015-10-30,142015.37533552392
2015-11-02,143373.8525326982
2015-11-03,143005.89091187817
2015-11-04,142180.96449158242
2015-11-05,142533.29072012467
2015-11-06,142547.39749577607
2015-11-09,140293.9020464574
2015-11-10,141339.2688829301
2015-11-11,141478.18159159395
2015-11-12,140427.7862808362
2015-11-13,139213.20192859482
2015-11-16,140178.432969679
2015-11-17,140510.3982398976
2015-11-18,141806.15474472128
2015-11-19,141339.11499782687
2015-11-20,140716.36511031247
2015-11-23,140746.99764629576
2015-11-24,140360.18212396934
2015-11-25,140507.11557663506
2015-11-27,141035.58540565643
2015-11-30,139688.46866382885
2015-12-01,141497.32419973565
2015-12-02,140324.21237840055
2015-12-03,138742.37312345774
2015-12-04,141183.1854737466
2015-12-07,139912.44619150274
2015-12-08,139199.6182274712
2015-12-09,137619.19124186676
2015-12-10,137754.8513314988
2015-12-11,136000.55192579975
2015-12-14,137229.42641545337
2015-12-15,137810.86538414843
2015-12-16,139045.29360604563
2015-12-17,137021.53946761793
2015-12-18,134711.73578999867
2015-12-21,135972.0804366658
2015-12-22,136431.09628626835
2015-12-23,137119.1406646033
2015-12-24,138153.43836436188
2015-12-28,138526.63551333421
2015-12-29,139650.1303577144
2015-12-30,139122.34809917104
2015-12-31,137001.68455736974
2016-01-04,135540.31833920587
2016-01-05,137911.63552380103
2016-01-06,138062.1754510283
2016-01-07,135950.5150578852
2016-01-08,135360.20359135195
2016-01-11,135511.22463787172
2016-01-12,135500.94945146868
2016-01-13,133762.86992112966
2016-01-14,134349.16562596854
2016-01-15,132927.45777148684
2016-01-19,133383.2495935434
2016-01-20,131366.6950201955
2016-01-21,131282.37583190989
2016-01-22,132152.2611632472
2016-01-25,132056.9931145178
2016-01-26,132056.5581416731
2016-01-27,131625.12363372018
2016-01-28,131908.7494118343
2016-01-29,131908.7494118343
2016-02-01,131908.7494118343
2016-02-02,131908.7494118343
2016-02-03,131908.7494118343
2016-02-04,131908.7494118343
2016-02-05,131908.7494118343
2016-02-08,131908.7494118343
2016-02-09,131908.7494118343
2016-02-10,131908.7494118343
2016-02-11,131908.7494118343
2016-02-12,131908.7494118343
2016-02-16,131908.7494118343
2016-02-17,131908.7494118343
2016-02-18,131908.7494118343
2016-02-19,131908.7494118343
2016-02-22,131908.7494118343
2016-02-23,131908.7494118343
2016-02-24,131908.7494118343
2016-02-25,131908.7494118343
2016-02-26,131908.7494118343
2016-02-29,131908.7494118343
2016-03-01,131908.7494118343
2016-03-02,131908.7494118343
2016-03-03,131908.7494118343
2016-03-04,131452.69974706948
2016-03-07,131674.8554314915
2016-03-08,130667.42203201706
2016-03-09,132028.72935474344
2016-03-10,132335.84236218935
2016-03-11,132819.72296552817
2016-03-14,132299.50809496324
2016-03-15,132777.82677848946
2016-03-16,133698.0745244739
2016-03-17,135445.7109980235
2016-03-18,134618.97822595702
2016-03-21,134758.21035794343
2016-03-22,134369.37620354383
2016-03-23,133987.57945932107
2016-03-24,134138.56234607034
2016-03-28,134103.54869613115
2016-03-29,136331.79714993763
2016-03-30,136452.85497248813
2016-03-31,136270.71641295962
2016-04-01,137739.59736789332
2016-04-04,135482.61203927413
2016-04-05,135575.69561010366
2016-04-06,136239.59208296819
2016-04-07,134800.0129337781
2016-04-08,135441.74523993337
2016-04-11,136364.27917311134
2016-04-12,137353.09860014918
2016-04-13,138408.95388717446
2016-04-14,137576.69568968928
2016-04-15,138216.58159094068
2016-04-18,138864.27102473032
2016-04-19,139399.13200512642
2016-04-20,138941.8925422582
2016-04-21,137516.10952824127
2016-04-22,137804.03983777884
2016-04-25,137226.67230575508
2016-04-26,138184.6304358528
2016-04-27,138930.86111617164
2016-04-28,137547.70967804003
2016-04-29,138219.3456969016
2016-05-02,139224.11552422788
2016-05-03,136907.32859090707
2016-05-04,136310.42561007143
2016-05-05,136554.99387279057
2016-05-06,138026.9391737406
2016-05-09,136766.97098788313
2016-05-10,138462.85732237934
2016-05-11,137608.25018429715
2016-05-12,137888.17670243833
2016-05-13,137738.91011698396
2016-05-16,139011.6876657236
2016-05-17,136993.09321398605
2016-05-18,136536.84428147235
2016-05-19,137023.72790574984
2016-05-20,137315.66479099658
2016-05-23,136564.18503064621
2016-05-24,138386.27360784117
2016-05-25,138872.13745640143
2016-05-26,138923.85857963693
2016-05-27,140000.08728989147
2016-05-31,140179.39216275245
2016-06-01,141199.54851599576
2016-06-02,141505.2523853979
2016-06-03,141594.82573012463
2016-06-06,141583.63053178613
2016-06-07,141868.13675065446
2016-06-08,143143.58728261528
2016-06-09,144110.10370521227
2016-06-10,143009.27968000525
2016-06-13,141816.04057101207
2016-06-14,142278.50949632804
2016-06-15,142324.4116022373
2016-06-16,142756.02713684225
2016-06-17,142746.45120307888
2016-06-20,143227.14785202942
2016-06-21,143070.20648911278
2016-06-22,142938.91983738568
2016-06-23,144533.35231111626
2016-06-24,141774.30774965126
2016-06-27,140159.48403195827
2016-06-28,140928.41980010434
2016-06-29,142284.7797602888
2016-06-30,143790.14213960693
2016-07-01,145276.90625557228
2016-07-05,146086.22436512721
2016-07-06,147998.73685525486
2016-07-07,145991.87827290583
2016-07-08,148408.74042232445
2016-07-11,149248.02473077027
2016-07-12,147883.2955790752
2016-07-13,149492.94932642902
2016-07-14,148677.20744086895
2016-07-15,148500.2412051922
2016-07-18,150216.31253789223
2016-07-19,150168.50242830638
2016-07-20,148828.7343205931
2016-07-21,148720.9578454346
2016-07-22,149988.3681992965
2016-07-25,151427.0921122618
2016-07-26,153454.0624263098
2016-07-27,153563.93039901124
2016-07-28,153692.32823888268
2016-07-29,154109.7082035511
2016-08-01,154156.69865046733
2016-08-02,151857.93671604205
2016-08-03,152117.94603735162
2016-08-04,152647.82175596326
2016-08-05,154168.93153477996
2016-08-08,154246.5455928009
2016-08-09,152883.44809079258
2016-08-10,151360.34477870516
2016-08-11,152070.42420525567
2016-08-12,152060.45124441298
2016-08-15,152846.59514032622
2016-08-16,151870.33554916122
2016-08-17,152036.08107627134
2016-08-18,152854.2335430392
2016-08-19,153268.02069225197
2016-08-22,152859.96405063063
2016-08-23,154006.66305606838
2016-08-24,152119.23620372007
2016-08-25,153084.62662242042
2016-08-26,152847.77730488722
2016-08-29,153690.91950173676
2016-08-30,153304.4949127501
2016-08-31,152926.93008599986
2016-09-01,153597.80888366996
2016-09-02,154500.08892029457
2016-09-06,154764.5654695307
2016-09-07,154900.43385085685
2016-09-08,154717.87563718183
2016-09-09,150002.50224073796
2016-09-12,152452.19731355348
2016-09-13,149757.47299873034
2016-09-14,150559.99014069187
2016-09-15,152703.01542245905
2016-09-16,152864.59143090365
2016-09-19,152037.09534100367
2016-09-20,152328.75858595266
2016-09-21,155203.93584797432
2016-09-22,155932.57014804258
2016-09-23,154047.88231640682
2016-09-26,153535.87897061429
2016-09-27,154258.37767167244
2016-09-28,151970.4041919256
2016-09-29,150503.28566169148
2016-09-30,151080.80256793738
2016-10-03,150274.23980997587
2016-10-04,149771.40267499012
2016-10-05,150318.2440978918
2016-10-06,150539.5898712374
2016-10-07,149278.91093576653
2016-10-10,149792.73174403238
2016-10-11,147059.89234590763
2016-10-12,145559.50251574995
2016-10-13,145068.39988273883
2016-10-14,144400.47488114366
2016-10-17,143924.74435170201
2016-10-18,144607.9890662785
2016-10-19,145527.79821613093
2016-10-20,145485.23183402198
2016-10-21,145122.93843566632
2016-10-24,146186.8816997171
2016-10-25,144515.47556776222
2016-10-26,143490.3305412075
2016-10-27,143086.96382351054
2016-10-28,144859.29829885685
2016-10-31,143659.34996831324
2016-11-01,142099.94159771793
2016-11-02,140817.69370200977
2016-11-03,139867.07869966803
2016-11-04,140950.8617443401
2016-11-07,142566.43651566465
2016-11-08,142428.95880906537
2016-11-09,144682.23370728144
2016-11-10,143264.2617973771
2016-11-11,143617.79879572924
2016-11-14,145371.9661106023
2016-11-15,147197.49594821347
2016-11-16,147234.87998960444
2016-11-17,149548.22085546303
2016-11-18,149789.78444271398
2016-11-21,151529.53962869162
2016-11-22,150704.52153233418
2016-11-23,153447.90074014437
2016-11-25,154127.06785883638
2016-11-28,152108.06797226725
2016-11-29,152847.37468051276
2016-11-30,153150.12346302488
2016-12-01,150650.96249107065
2016-12-02,151261.89991194298
2016-12-05,152555.27922168886
2016-12-06,155358.4051504088
2016-12-07,156833.8795971817
2016-12-08,159494.49320291993
2016-12-09,158327.9425870789
2016-12-12,156004.8841099495
2016-12-13,154843.24030625826
2016-12-14,153045.7813839272
2016-12-15,155022.31747119385
2016-12-16,153708.77093345707
2016-12-19,154180.29493059876
2016-12-20,155603.33874088005
2016-12-21,155067.42937433612
2016-12-22,154764.55614374732
2016-12-23,154381.04434639978
2016-12-27,155339.5007362268
2016-12-28,153734.33085376478
2016-12-29,153150.84391710928
2016-12-30,152918.4456134971
2017-01-03,153016.23031223525
2017-01-04,154121.76675242037
2017-01-05,153093.35508048465
2017-01-06,153265.04961081315
2017-01-09,151580.6396883771
2017-01-10,150994.28450054288
2017-01-11,152004.24232515393
2017-01-12,151630.58762978922
2017-01-13,152119.49593087268
2017-01-17,150034.95441292675
2017-01-18,150370.72386348274
2017-01-19,150081.0968304414
2017-01-20,151089.9558067691
2017-01-23,150942.2642203145
2017-01-24,153992.7733098104
2017-01-25,154522.2181897722
2017-01-26,155401.1637528672
2017-01-27,154113.40098445423
2017-01-30,153032.9376102944
2017-01-31,152632.29043079115
2017-02-01,153196.47712316163
2017-02-02,152302.28990138002
2017-02-03,152972.25778468495
2017-02-06,154574.50989136906
2017-02-07,154462.24712147942
2017-02-08,154956.76409506515
2017-02-09,156563.15723841824
2017-02-10,156947.78273048723
2017-02-13,156690.69065603794
2017-02-14,156336.97271860513
2017-02-15,157667.89062447887
2017-02-16,156772.73019526925
2017-02-17,157433.40266828673
2017-02-21,159422.60070378453
2017-02-22,158687.89087340434
2017-02-23,156344.9096439142
2017-02-24,156500.6688394986
2017-02-27,158943.04796896875
2017-02-28,155989.4274481549
2017-03-01,159406.03580496178
2017-03-02,157310.18545280164
2017-03-03,159445.278546125
2017-03-06,158020.36824866734
2017-03-07,156643.086043583
2017-03-08,156542.31333186294
2017-03-09,155978.86961989035
2017-03-10,158147.58975814478
2017-03-13,159136.10946455787
2017-03-14,157881.1208793383
2017-03-15,159867.69564411268
2017-03-16,158414.62159932256
2017-03-17,157943.75618736126
2017-03-20,158165.68013118976
2017-03-21,154572.87564433247
2017-03-22,155011.70855556446
2017-03-23,154780.08962898672
2017-03-24,154481.94305179908
2017-03-27,154657.85679655496
2017-03-28,155255.6562201532
2017-03-29,155767.08677490504
2017-03-30,155828.5474661652
2017-03-31,156026.55638397066
2017-04-03,155776.7246842093
2017-04-04,157026.19597294854
2017-04-05,156047.07905734415
2017-04-06,157727.0922686286
2017-04-07,157863.29229111195
2017-04-10,157810.56670755334
2017-04-11,157491.62078064127
2017-04-12,155728.35121131194
2017-04-13,155167.4609481507
2017-04-17,156406.09611619395
2017-04-18,155902.17162567086
2017-04-19,156843.8051647271
2017-04-20,158563.37258061685
2017-04-21,158950.43426754075
2017-04-24,160630.1957049008
2017-04-25,161157.62093476843
2017-04-26,161478.05279511373
2017-04-27,162620.31733204512
2017-04-28,161386.52261229823
2017-05-01,161460.16946804483
2017-05-02,161506.8682066675
2017-05-03,161096.55791811718
2017-05-04,162334.61019913043
2017-05-05,164276.85576224723
2017-05-08,163170.45099077356
2017-05-09,163795.74137969705
2017-05-10,163732.5970086017
2017-05-11,164000.7596555362
2017-05-12,163863.56759097907
2017-05-15,164770.0739085284
2017-05-16,164438.75674772682
2017-05-17,159332.4628522857
2017-05-18,159994.98799972312
2017-05-19,161146.04194091092
2017-05-22,161983.51740398127
2017-05-23,162174.4149444312
2017-05-24,162539.713262828
2017-05-25,163701.38761937543
2017-05-26,164383.4004828563
2017-05-30,165136.51134505606
2017-05-31,164437.43279897212
2017-06-01,165948.61461891123
2017-06-02,166459.2518944366
2017-06-05,166471.66959282503
2017-06-06,168588.4416969868
2017-06-07,169699.9300254688
2017-06-08,172320.81429066148
2017-06-09,168119.71862064287
2017-06-12,166904.57138439547
2017-06-13,169237.96023195493
2017-06-14,168909.89194376464
2017-06-15,169220.62548731358
2017-06-16,169221.8454426867
2017-06-19,170608.6679885706
2017-06-20,169338.651714487
2017-06-21,170494.7765468662
2017-06-22,171366.59526934617
2017-06-23,171980.32388610806
2017-06-26,172091.92022175348
2017-06-27,168402.11009473752
2017-06-28,169789.5342095277
2017-06-29,168075.50518542918
2017-06-30,168416.28371866906
2017-07-03,168315.6438190429
2017-07-05,169134.61980053433
2017-07-06,167620.58478161966
2017-07-07,169388.78121118
2017-07-10,170569.7248060849
2017-07-11,169623.74248753412
2017-07-12,171624.95113077728
2017-07-13,171765.00344082757
2017-07-14,171738.30183164743
2017-07-17,172056.33635474194
2017-07-18,173916.92530899483
2017-07-19,175580.20153628144
2017-07-20,175423.40128289975
2017-07-21,175022.95025073862
2017-07-24,175799.70807866484
2017-07-25,175358.25688756246
2017-07-26,174349.31112247545
2017-07-27,172205.82846163883
2017-07-28,171822.6870239877
2017-07-31,168194.83098495848
2017-08-01,167692.71504628262
2017-08-02,164893.8370149747
2017-08-03,165147.49283528898
2017-08-04,165961.95957373208
2017-08-07,167339.7552806654
2017-08-08,166228.51507774653
2017-08-09,164955.86481248325
2017-08-10,162880.181168833
2017-08-11,162866.98917783462
2017-08-14,165609.1001994529
2017-08-15,166698.6551777187
2017-08-16,167861.33332476974
2017-08-17,164628.19823948859
2017-08-18,164430.74070299292
2017-08-21,165157.31220896848
2017-08-22,166509.57578654762
2017-08-23,166658.82702404098
2017-08-24,166703.5563252347
2017-08-25,166384.79581513177
2017-08-28,166132.74839654364
2017-08-29,165691.9857019742
2017-08-30,166693.65031073114
2017-08-31,168395.46162510975
2017-09-01,168336.47610700678
2017-09-05,168320.4138620369
2017-09-06,167788.40836856578
2017-09-07,165551.01371592912
2017-09-08,165343.81370541893
2017-09-11,167562.4040585364
2017-09-12,168105.89821407717
2017-09-13,166903.8228572393
2017-09-14,166512.66612556146
2017-09-15,167063.98186108778
2017-09-18,169371.77231129212
2017-09-19,169551.35026668396
2017-09-20,170069.03968103853
2017-09-21,168115.97075300466
2017-09-22,168434.93118282425
2017-09-25,163813.07883353104
2017-09-26,162707.48931998672
2017-09-27,165017.96369544708
2017-09-28,165314.5874345445
2017-09-29,166212.66727394564
2017-10-02,168553.10058426877
2017-10-03,169258.17054941258
2017-10-04,169728.95161259887
2017-10-05,170818.33772313205
2017-10-06,170490.4183364954
2017-10-09,169126.33412236668
2017-10-10,168686.99755573773
2017-10-11,170928.39724898705
2017-10-12,170927.37997010106
2017-10-13,170696.0486107933
2017-10-16,170417.14423001072
2017-10-17,169190.99956884992
2017-10-18,169385.8480010444
2017-10-19,168294.71220950942
2017-10-20,168334.6374554483
2017-10-23,167237.44712047695
2017-10-24,167590.8987554521
2017-10-25,165699.63068201442
2017-10-26,166349.3652338367
2017-10-27,166039.14567156832
2017-10-30,166160.61530532246
2017-10-31,165315.5849641243
2017-11-01,165253.5069463499
2017-11-02,166875.21822114818
2017-11-03,169249.937520404
2017-11-06,171448.79377716524
2017-11-07,172549.47982682026
2017-11-08,172643.63640052325
2017-11-09,171386.30444310204
2017-11-10,171822.9476763241
2017-11-13,172665.2885129957
2017-11-14,173307.3639488272
2017-11-15,172302.328381925
2017-11-16,174035.9560597644
2017-11-17,175672.23299711887
2017-11-20,176135.1924702919
2017-11-21,178376.74342521955
2017-11-22,177816.3697760368
2017-11-24,179276.5522714964
2017-11-27,175983.46667143703
2017-11-28,177166.36462260655
2017-11-29,172669.8689301383
2017-11-30,173635.6238655058
2017-12-01,172358.85678283026
2017-12-04,168798.80099522628
2017-12-05,168595.59781344817
2017-12-06,168300.01023308584
2017-12-07,170089.89301606803
2017-12-08,172151.38526488034
2017-12-11,172635.9444749616
2017-12-12,173744.547967913
2017-12-13,174564.59143871343
2017-12-14,172640.63034530188
2017-12-15,173083.47828896102
2017-12-18,175794.12907017337
2017-12-19,174787.15769316748
2017-12-20,175977.15280020025
2017-12-21,176618.91546900198
2017-12-22,176839.742888098
2017-12-26,178077.97785751513
2017-12-27,177767.19035414787
2017-12-28,178423.1404134846
2017-12-29,177249.16176724536
2018-01-02,178117.4630502408
2018-01-03,177467.34478809906
2018-01-04,177809.0470699421
2018-01-05,177705.30841549393
2018-01-08,179346.135629768
2018-01-09,179373.64175154193
2018-01-10,178204.15974597196
2018-01-11,180324.6543445653
2018-01-12,181414.1076113736
2018-01-16,179128.0474720371
2018-01-17,180749.53982809756
2018-01-18,180045.2827290945
2018-01-19,181613.6654354795
2018-01-22,183715.5060384011
2018-01-23,184580.04245253015
2018-01-24,180901.8746216528
2018-01-25,182977.89177466946
2018-01-26,184578.3644266914
2018-01-29,182699.9913880247
2018-01-30,180526.80397312765
2018-01-31,179953.56423298045
2018-02-01,180019.66048547614
2018-02-02,175356.4525644122
2018-02-05,169715.4171643722
2018-02-06,169994.20844358343
2018-02-07,170882.048658568
2018-02-08,164346.09444413916
2018-02-09,167315.0855158126
2018-02-12,168205.0464524
2018-02-13,170130.25088067315
2018-02-14,172606.0522147092
2018-02-15,174084.6267057126
2018-02-16,170551.30271094793
2018-02-20,169854.94719135045
2018-02-21,170359.5826848849
2018-02-22,170161.6837865006
2018-02-23,171643.16690088715
2018-02-26,172609.68990037448
2018-02-27,170969.88075722006
2018-02-28,169482.51231174788
2018-03-01,168154.64023967317
2018-03-02,173548.46906332314
2018-03-05,174128.42923041226
2018-03-06,176376.0353155536
2018-03-07,177443.9305891854
2018-03-08,177521.38752918452
2018-03-09,180123.7327810986
2018-03-12,181063.1583643904
2018-03-13,179720.6482711602
2018-03-14,182571.07218075555
2018-03-15,181582.75793991573
2018-03-16,181640.04091885968
2018-03-19,179816.51980651246
2018-03-20,182934.21973489271
2018-03-21,182774.65384729468
2018-03-22,179232.77651504625
2018-03-23,175159.97012909033
2018-03-26,179220.73893873452
2018-03-27,175433.4453554397
2018-03-28,171525.56690374616
2018-03-29,172771.44526705705
2018-04-02,171917.2576780928
2018-04-03,172289.75143629982
2018-04-04,172681.31015591542
2018-04-05,173264.1281966923
2018-04-06,173021.7915300666
2018-04-09,172824.8957780449
2018-04-10,173337.32884712843
2018-04-11,173418.10236341818
2018-04-12,173476.16348128414
2018-04-13,173552.5774097905
2018-04-16,173552.5774097905
2018-04-17,173552.5774097905
2018-04-18,172637.53709161357
2018-04-19,171374.44743482175
2018-04-20,170406.9307776976
2018-04-23,169835.34678669137
2018-04-24,167363.62095087493
2018-04-25,167095.39107686607
2018-04-26,168596.7722935275
2018-04-27,168951.13178995956
2018-04-30,168415.2188008896
2018-05-01,168903.86581569636
2018-05-02,168335.16562518536
2018-05-03,168628.7095823747
2018-05-04,169294.18619424407
2018-05-07,169812.64720360615
2018-05-08,169737.24338109506
2018-05-09,169629.180557642
2018-05-10,170659.2645989623
2018-05-11,171829.4177923467
2018-05-14,171022.4213678129
2018-05-15,170519.87879878868
2018-05-16,171429.3715693584
2018-05-17,173300.08971184804
2018-05-18,174540.28684173466
2018-05-21,175251.03848485328
2018-05-22,173262.9685757755
2018-05-23,172774.62911762143
2018-05-24,174432.46490833125
2018-05-25,174473.19499782383
2018-05-29,174485.6570199864
2018-05-30,176801.65739946318
2018-05-31,176251.7011222969
2018-06-01,179273.7559928026
2018-06-04,178734.2467065756
2018-06-05,179765.59095179485
2018-06-06,179278.7862057153
2018-06-07,176004.7177924061
2018-06-08,178190.64570648392
2018-06-11,179095.68616339905
2018-06-12,182044.1859689488
2018-06-13,182254.9622628619
2018-06-14,183590.39042932805
2018-06-15,183972.71670520003
2018-06-18,186658.5087982495
2018-06-19,185542.52331898213
2018-06-20,185876.08825095903
2018-06-21,183584.18205786837
2018-06-22,181065.96588691408
2018-06-25,178279.1094504425
2018-06-26,179343.75508593454
2018-06-27,178794.85147431667
2018-06-28,180181.5553267633
2018-06-29,179044.13538841714
2018-07-02,181047.66432954636
2018-07-03,181284.9632218778
2018-07-05,182943.51722132813
2018-07-06,183744.59565045557
2018-07-09,181700.5767478509
2018-07-10,181988.74519904092
2018-07-11,183071.0489752823
2018-07-12,184172.5976827492
2018-07-13,183735.09813505583
2018-07-16,183550.9120092839
2018-07-17,182425.6948765149
2018-07-18,181094.6717102729
2018-07-19,181450.62840939913
2018-07-20,180442.96906605523
2018-07-23,180852.96672871042
2018-07-24,178447.67061186134
2018-07-25,181366.43954554814
2018-07-26,180464.10124278598
2018-07-27,176519.60503111788
2018-07-30,172686.8961706836
2018-07-31,173421.47988692758
2018-08-01,174091.0008197494
2018-08-02,176260.71430353564
2018-08-03,175414.1407712379
2018-08-06,178004.8319704635
2018-08-07,178404.86268811143
2018-08-08,177966.6207083534
2018-08-09,178708.1468435491
2018-08-10,177953.74274848867
2018-08-13,176222.83380645202
2018-08-14,179240.72839519312
2018-08-15,176396.8557256874
2018-08-16,178405.90702307562
2018-08-17,179364.27626266476
2018-08-20,179817.2042956418
2018-08-21,180079.9775602252
2018-08-22,181586.72036117586
2018-08-23,182630.97832026856
2018-08-24,184315.23977309465
2018-08-27,184093.12375152932
2018-08-28,183988.07159229903
2018-08-29,185415.2802992641
2018-08-30,184336.74654326978
2018-08-31,187994.55796085563
2018-09-04,189832.5541521278
2018-09-05,186547.4476899734
2018-09-06,184275.56222858044
2018-09-07,185833.5652727544
2018-09-10,187124.32432742047
2018-09-11,187778.69554518652
2018-09-12,188300.28552314645
2018-09-13,188406.3420210244
2018-09-14,188768.94734696625
2018-09-17,185358.84077774055
2018-09-18,186773.5247441349
2018-09-19,183617.40111376473
2018-09-20,184294.3790828464
2018-09-21,183819.89745332138
2018-09-24,185671.56287794234
2018-09-25,187748.1043213566
2018-09-26,186976.27369803915
2018-09-27,188045.94118993494
2018-09-28,186963.3520932453
2018-10-01,186913.41624064068
2018-10-02,181951.1827775947
2018-10-03,182679.02405456832
2018-10-04,176898.99661990005
2018-10-05,175679.13909158864
2018-10-08,174085.50038648018
2018-10-09,174528.48852037155
2018-10-10,169328.44835361128
2018-10-11,167645.8875177868
2018-10-12,168525.65461548517
2018-10-15,168923.2310071388
2018-10-16,170663.69519287138
2018-10-17,171222.4803608975
2018-10-18,170687.57567775517
2018-10-19,170836.1021485283
2018-10-22,170902.9757475343
2018-10-23,171630.6719383058
2018-10-24,170763.03186186758
2018-10-25,170245.34200684965
2018-10-26,169609.71613669675
2018-10-29,169502.89525344115
2018-10-30,169502.89525344115
2018-10-31,169502.89525344115
2018-11-01,169502.89525344115
2018-11-02,169502.89525344115
2018-11-05,169502.89525344115
2018-11-06,169502.89525344115
2018-11-07,169502.89525344115
2018-11-08,167997.5785171927
2018-11-09,167895.4232866773
2018-11-12,163480.14831463646
2018-11-13,163134.09371664748
2018-11-14,161637.7170255197
2018-11-15,161959.41454576747
2018-11-16,163036.73391457502
2018-11-19,162088.2469378424
2018-11-20,160859.89103023976
2018-11-21,161026.17096516318
2018-11-23,161482.58151281887
2018-11-26,161192.3295443446
2018-11-27,162046.2645065204
2018-11-28,163745.9564202804
2018-11-29,164073.70511972415
2018-11-30,164519.7500512155
2018-12-03,164519.7500512155
2018-12-04,164519.7500512155
2018-12-06,164519.7500512155
2018-12-07,164519.7500512155
2018-12-10,164519.7500512155
2018-12-11,164519.7500512155
2018-12-12,164519.7500512155
2018-12-13,164519.7500512155
2018-12-14,164519.7500512155
2018-12-17,164519.7500512155
2018-12-18,164519.7500512155
2018-12-19,164519.7500512155
2018-12-20,164519.7500512155
2018-12-21,164519.7500512155
2018-12-24,164519.7500512155
2018-12-26,164519.7500512155
2018-12-27,164519.7500512155
2018-12-28,164519.7500512155
2018-12-31,164519.7500512155
2019-01-02,164519.7500512155
2019-01-03,164519.7500512155
2019-01-04,164519.7500512155
2019-01-07,164519.7500512155
2019-01-08,164519.7500512155
2019-01-09,164519.7500512155
2019-01-10,164519.7500512155
2019-01-11,164519.7500512155
2019-01-14,164519.7500512155
2019-01-15,164519.7500512155
2019-01-16,164519.7500512155
2019-01-17,164519.7500512155
2019-01-18,164519.7500512155
2019-01-22,164519.7500512155
2019-01-23,164519.7500512155
2019-01-24,164519.7500512155
2019-01-25,164519.7500512155
2019-01-28,164519.7500512155
2019-01-29,164519.7500512155
2019-01-30,164519.7500512155
2019-01-31,164519.7500512155
2019-02-01,165747.5493499972
2019-02-04,167044.68781953357
2019-02-05,168023.3020025933
2019-02-06,168005.60036285283
2019-02-07,166915.47607934027
2019-02-08,168683.40965074726
2019-02-11,168811.6363643233
2019-02-12,170262.21572558416
2019-02-13,168548.45873007964
2019-02-14,168777.1858764179
2019-02-15,169309.16394216227
2019-02-19,170417.74537758884
2019-02-20,170398.8532844507
2019-02-21,170168.56711612665
2019-02-22,172708.49395804465
2019-02-25,172754.54629858537
2019-02-26,173299.52522244354
2019-02-27,177406.74232323974
2019-02-28,178094.19761425856
2019-03-01,179177.41330129968
2019-03-04,178855.7226332185
2019-03-05,180188.33499724226
2019-03-06,176690.68202768065
2019-03-07,175056.162422736
2019-03-08,174869.73781956773
2019-03-11,178509.6468483601
2019-03-12,179229.501560648
2019-03-13,179853.7023611713
2019-03-14,180052.81133401065
2019-03-15,180938.3396966126
2019-03-18,182082.35773107337
2019-03-19,181753.07168050323
2019-03-20,181976.837705016
2019-03-21,185978.1676712928
2019-03-22,182997.53564758456
2019-03-25,183127.78056532115
2019-03-26,184184.92640026743
2019-03-27,182399.04038985496
2019-03-28,183321.84356537275
2019-03-29,184890.58669573444
2019-04-01,185059.38193190657
2019-04-02,185909.14985697292
2019-04-03,185916.08505449677
2019-04-04,183402.13259090102
2019-04-05,185119.304942182
2019-04-08,184832.5757441606
2019-04-09,184626.408531576
2019-04-10,185177.8725171663
2019-04-11,185297.78280142334
2019-04-12,186652.28843064856
2019-04-15,186286.5800123857
2019-04-16,186573.3738141422
2019-04-17,183788.87265349735
2019-04-18,184326.79367565247
2019-04-22,182549.92224473425
2019-04-23,185341.03778906347
2019-04-24,185896.57319186928
2019-04-25,185029.11491982767
2019-04-26,184836.29165587708
2019-04-29,184815.4081719694
2019-04-30,183605.77715556286
2019-05-01,182671.62767966327
2019-05-02,183970.9117780732
2019-05-03,185075.96745687764
2019-05-06,185356.6351234009
2019-05-07,182642.23920447152
2019-05-08,181895.0758165636
2019-05-09,182569.6402204501
2019-05-10,183027.9065324001
2019-05-13,175918.98987839068
2019-05-14,180167.8190878876
2019-05-15,183297.45434199914
2019-05-16,188043.85449749374
2019-05-17,186402.20554495993
2019-05-20,182580.72338778843
2019-05-21,185947.05055200995
2019-05-22,186152.36185679949
2019-05-23,182885.4295166363
2019-05-24,186176.8492844641
2019-05-28,185657.74151455675
2019-05-29,184948.838020746
2019-05-30,186775.06812406675
2019-05-31,184470.68251065823
2019-06-03,182327.88307140156
2019-06-04,186481.4964457607
2019-06-05,192226.19171849295
2019-06-06,193908.50131374973
2019-06-07,196421.81894985476
2019-06-10,197667.28565440048
2019-06-11,196876.38009241485
2019-06-12,198233.7420216883
2019-06-13,197516.36006570322
2019-06-14,197165.58539607437
2019-06-17,198216.06260903063
2019-06-18,200758.25954066048
2019-06-19,203918.1093042701
2019-06-20,203994.43141645644
2019-06-21,201437.25947019408
2019-06-24,198474.53225579648
2019-06-25,194960.92436619694
2019-06-26,193383.14369107416
2019-06-27,194946.87882269287
2019-06-28,197217.16383677258
2019-07-01,198139.3564074872
2019-07-02,198343.96565626567
2019-07-03,199908.9744403
2019-07-05,198657.77490508484
2019-07-08,196628.68910146525
2019-07-09,196832.32784091364
2019-07-10,196558.61028118254
2019-07-11,197034.75912723108
2019-07-12,198013.99319454868
2019-07-15,197279.2422341815
2019-07-16,196245.9893429923
2019-07-17,194572.51636619229
2019-07-18,196642.21214419583
2019-07-19,194760.61200471513
2019-07-22,196305.89926336773
2019-07-23,195490.66968237108
2019-07-24,199478.72814211933
2019-07-25,199071.9804515502
2019-07-26,201190.42287255081
2019-07-29,201769.12507181524
2019-07-30,202028.86973801168
2019-07-31,201487.8514836943
2019-08-01,200569.21183124676
2019-08-02,197283.000560785
2019-08-05,191459.5053783144
2019-08-06,197530.1007606787
2019-08-07,199016.40476850572
2019-08-08,201059.14283134905
2019-08-09,202282.2614554381
2019-08-12,201415.37824941013
2019-08-13,203400.7597445626
2019-08-14,196361.01450819254
2019-08-15,197333.45009820117
2019-08-16,201329.19557189726
2019-08-19,203805.02996836934
2019-08-20,203519.46596325032
2019-08-21,206978.24701851985
2019-08-22,206038.52707792338
2019-08-23,202015.29422088395
2019-08-26,204640.02878144043
2019-08-27,204924.73617370176
2019-08-28,204587.6095226956
2019-08-29,206827.183819776
2019-08-30,206025.5540199701
2019-09-03,205421.22364825424
2019-09-04,206696.51902183553
2019-09-05,206846.67475374625
2019-09-06,206973.70478276935
2019-09-09,201171.0491072125
2019-09-10,196684.55587128486
2019-09-11,197216.0628384607
2019-09-12,197811.64552205836
2019-09-13,197155.03424361252
2019-09-16,195466.091096668
2019-09-17,196908.8150542181
2019-09-18,196554.70931910325
2019-09-19,196184.72917535403
2019-09-20,194530.58551758924
2019-09-23,195161.833987332
2019-09-24,193726.21069859926
2019-09-25,195979.02607698907
2019-09-26,196214.42852410144
2019-09-27,193083.73722405464
2019-09-30,193246.92131344532
2019-10-01,190100.08150581643
2019-10-02,187139.18250245252
2019-10-03,187578.38014912626
2019-10-04,188653.1093321644
2019-10-07,188913.08177202716
2019-10-08,185532.76125146102
2019-10-09,187041.35037675773
2019-10-10,187545.27008365933
2019-10-11,186246.58913344343
2019-10-14,187063.66859944846
2019-10-15,188955.22280749056
2019-10-16,189476.10345909276
2019-10-17,189779.29346413643
2019-10-18,189467.7913794555
2019-10-21,189076.3134548999
2019-10-22,188176.42518819222
2019-10-23,188618.34609335358
2019-10-24,192012.3178054843
2019-10-25,191545.47154122556
2019-10-28,192005.81195747043
2019-10-29,191535.42229882424
2019-10-30,192360.17266820968
2019-10-31,194979.3583173264
2019-11-01,194424.308653314
2019-11-04,192707.8536794551
2019-11-05,191744.1161436298
2019-11-06,191939.04902744122
2019-11-07,191432.42001701947
2019-11-08,192271.0246754677
2019-11-11,193727.06531672413
2019-11-12,193272.1953406321
2019-11-13,192977.3524293389
2019-11-14,193832.4742832596
2019-11-15,195430.57639472059
2019-11-18,196722.8778984105
2019-11-19,197204.1489619311
2019-11-20,198464.74286185848
2019-11-21,197138.69174207648
2019-11-22,197062.28391665794
2019-11-25,200019.31077276214
2019-11-26,202293.73265358765
2019-11-27,202682.36542518847
2019-11-29,201342.26586475968
2019-12-02,199526.90602939785
2019-12-03,200773.21060202442
2019-12-04,200395.12018421487
2019-12-05,201278.81669440045
2019-12-06,204500.43021228816
2019-12-09,202159.99947275972
2019-12-10,201369.891099244
2019-12-11,201221.75060942583
2019-12-12,202175.42132871863
2019-12-13,201244.5844386101
2019-12-16,203456.3435176224
2019-12-17,203399.63959939923
2019-12-18,202776.18122687913
2019-12-19,205234.21276258913
2019-12-20,206072.47462876377
2019-12-23,206464.66415835364
2019-12-24,207158.09119164787
2019-12-26,207661.162856674
2019-12-27,206909.6166066893
2019-12-30,204338.73190409527
2019-12-31,204290.8737736919
2020-01-02,206830.68520999252
2020-01-03,204561.50144309533
2020-01-06,202174.5372489941
2020-01-07,205775.17980051486
2020-01-08,207637.60142763294
2020-01-09,207906.33863829574
2020-01-10,206842.3184055384
2020-01-13,208501.48758813745
2020-01-14,208626.23733690122
2020-01-15,208392.547502734
2020-01-16,210793.86397468674
2020-01-17,210314.73633142444
2020-01-21,211928.1043239765
2020-01-22,212315.20554241267
2020-01-23,212663.78756362342
2020-01-24,210304.2790020406
2020-01-27,206683.46024792278
2020-01-28,209590.9683707518
2020-01-29,210483.36291296026
2020-01-30,213615.91345075797
2020-01-31,209124.73957777003
2020-02-03,215804.2929673174
2020-02-04,223279.6322815991
2020-02-05,218463.44390859597
2020-02-06,219086.58228061156
2020-02-07,218427.04615281225
2020-02-10,222917.92288932676
2020-02-11,223339.94815205835
2020-02-12,224153.56046962962
2020-02-13,224183.80319800996
2020-02-14,224149.361296104
2020-02-18,222910.69013301408
2020-02-19,223179.68147256825
2020-02-20,223423.71257370056
2020-02-21,220050.4807595791
2020-02-24,211257.93973103247
2020-02-25,208364.7483167863
2020-02-26,208366.8801358213
2020-02-27,205856.2447631306
2020-02-28,205618.1829599105
2020-03-02,206582.0099616458
2020-03-03,205886.29830478085
2020-03-04,205886.29830478085
2020-03-05,205886.29830478085
2020-03-06,205886.29830478085
2020-03-09,205886.29830478085
2020-03-10,205886.29830478085
2020-03-11,205886.29830478085
2020-03-12,205886.29830478085
2020-03-13,205886.29830478085
2020-03-16,205886.29830478085
2020-03-17,205886.29830478085
2020-03-18,205886.29830478085
2020-03-19,205886.29830478085
2020-03-20,205886.29830478085
2020-03-23,205886.29830478085
2020-03-24,205886.29830478085
2020-03-25,205886.29830478085
2020-03-26,205886.29830478085
2020-03-27,205886.29830478085
2020-03-30,205886.29830478085
2020-03-31,205886.29830478085
2020-04-01,205886.29830478085
2020-04-02,205886.29830478085
2020-04-03,205886.29830478085
2020-04-06,205886.29830478085
2020-04-07,205886.29830478085
2020-04-08,205886.29830478085
2020-04-09,205886.29830478085
2020-04-13,205886.29830478085
2020-04-14,205886.29830478085
2020-04-15,205886.29830478085
2020-04-16,205886.29830478085
2020-04-17,205886.29830478085
2020-04-20,205886.29830478085
2020-04-21,205886.29830478085
2020-04-22,205886.29830478085
2020-04-23,205886.29830478085
2020-04-24,205886.29830478085
2020-04-27,205886.29830478085
2020-04-28,205886.29830478085
2020-04-29,205886.29830478085
2020-04-30,205886.29830478085
2020-05-01,205886.29830478085
2020-05-04,205886.29830478085
2020-05-05,205886.29830478085
2020-05-06,205886.29830478085
2020-05-07,205886.29830478085
2020-05-08,205886.29830478085
2020-05-11,205886.29830478085
2020-05-12,205886.29830478085
2020-05-13,205886.29830478085
2020-05-14,205886.29830478085
2020-05-15,205886.29830478085
2020-05-18,205886.29830478085
2020-05-19,205886.29830478085
2020-05-20,205886.29830478085
2020-05-21,205335.83042149327
2020-05-22,208805.37855360052
2020-05-26,205256.40653073875
2020-05-27,203818.38405693744
2020-05-28,202479.3241365074
2020-05-29,204337.21896650424
2020-06-01,208013.5739884452
2020-06-02,211305.38868392544
2020-06-03,213731.99690466042
2020-06-04,208282.9188108474
2020-06-05,207593.8579125824
2020-06-08,206750.3548517953
2020-06-09,205333.7389692537
2020-06-10,208025.83550856175
2020-06-11,197535.58916173078
2020-06-12,201072.97235981014
2020-06-15,203249.31335533506
2020-06-16,203008.77557991626
2020-06-17,200711.83555832686
2020-06-18,203626.27518772642
2020-06-19,202446.3199070028
2020-06-22,204682.0295655298
2020-06-23,204637.2113732794
2020-06-24,200964.40378057607
2020-06-25,203670.04410391703
2020-06-26,200589.38104664363
2020-06-29,199243.46168093558
2020-06-30,202461.14934469986
2020-07-01,207204.93436824894
2020-07-02,211203.35896706616
2020-07-06,215078.39489065815
2020-07-07,216993.0821670757
2020-07-08,222348.96096645985
2020-07-09,223585.41886699141
2020-07-10,222946.35641853072
2020-07-13,214014.73449461698
2020-07-14,218773.49211548682
2020-07-15,219766.63647311233
2020-07-16,219674.47702157355
2020-07-17,224098.2393393527
2020-07-20,225210.37516224603
2020-07-21,221878.0234380875
2020-07-22,223431.1254647862
2020-07-23,217469.62080209344
2020-07-24,219086.64748425342
2020-07-27,221324.77637951527
2020-07-28,218441.22676896842
2020-07-29,221069.9659854646
2020-07-30,224809.36097964074
2020-07-31,223440.49870398155
2020-08-03,226807.8374583825
2020-08-04,227365.5753024849
2020-08-05,231486.11040322308
2020-08-06,229057.20622988118
2020-08-07,227576.51179692126
2020-08-10,224737.08682014898
2020-08-11,220447.6106433411
2020-08-12,225669.04162853962
2020-08-13,228560.32944640942
2020-08-14,227377.53542477963
2020-08-17,229582.82262458964
2020-08-18,230473.4671534466
2020-08-19,229129.83860120983
2020-08-20,226206.59874566633
2020-08-21,226634.73262763247
2020-08-24,226435.26940574448
2020-08-25,228346.87598283566
2020-08-26,229196.0181802027
2020-08-27,226833.9067953149
2020-08-28,228649.7234174547
2020-08-31,229635.2104637252
2020-09-01,241831.42465576262
2020-09-02,236916.12939142218
2020-09-03,221596.32626995014
2020-09-04,220769.91514007884
2020-09-08,211510.1967030597
2020-09-09,220233.4067238493
2020-09-10,216975.04959183582
2020-09-11,216067.05421940144
2020-09-14,219493.80473317532
2020-09-15,218288.04697803236
2020-09-16,218928.95746938707
2020-09-17,219877.01991897306
2020-09-18,217787.29135153897
2020-09-21,212031.57244345042
2020-09-22,215599.66271808432
2020-09-23,206218.67007677813
2020-09-24,203120.81302953366
2020-09-25,207166.50814689233
2020-09-28,207999.1903917984
2020-09-29,206164.65164009805
2020-09-30,208028.6884255477
2020-10-01,211383.9759978934
2020-10-02,211708.12641267505
2020-10-05,211468.55343390346
2020-10-06,208569.1563125457
2020-10-07,210548.24653623483
2020-10-08,210485.46319489376
2020-10-09,212144.1998889995
2020-10-12,213520.6793579453
2020-10-13,215694.59758726583
2020-10-14,212819.59866418922
2020-10-15,213430.14735589913
2020-10-16,212226.77265993968
2020-10-19,211477.1869771884
2020-10-20,207054.8896341338
2020-10-21,203259.99323047246
2020-10-22,204107.7601292966
2020-10-23,206988.45131963343
2020-10-26,201720.48615570518
2020-10-27,203010.78770633883
2020-10-28,197997.52094046483
2020-10-29,205063.4209781935
2020-10-30,202053.83431363606
2020-11-02,202473.28583087533
2020-11-03,206244.87330892376
2020-11-04,209678.08636844938
2020-11-05,214244.22349243975
2020-11-06,214911.10231928356
2020-11-09,207408.3697026134
2020-11-10,204310.4007767758
2020-11-11,205235.70983944944
2020-11-12,200591.96961309313
2020-11-13,202401.60572118047
2020-11-16,205902.23961284573
2020-11-17,205689.29526969456
2020-11-18,202204.0468251363
2020-11-19,204049.11096583502
2020-11-20,204420.89593794348
2020-11-23,205899.80590750635
2020-11-24,206703.5840129705
2020-11-25,205835.84213244185
2020-11-27,207350.15114324755
2020-11-30,204333.73465932344
2020-12-01,204589.27676620343
2020-12-02,204696.95926222776
2020-12-03,205221.6684834145
2020-12-04,207796.341014598
2020-12-07,213149.6764217521
2020-12-08,215990.86574605684
2020-12-09,209143.59518077315
2020-12-10,213377.5432458587
2020-12-11,212788.5836122516
2020-12-14,209490.17521590544
2020-12-15,211371.16306309204
2020-12-16,214116.2324937332
2020-12-17,218968.03140671615
2020-12-18,219770.878791829
2020-12-21,221652.12431206787
2020-12-22,222687.17824475773
2020-12-23,219379.66944995377
2020-12-24,221481.5906863233
2020-12-28,212110.5040664592
2020-12-29,212234.39326238862
2020-12-30,214657.86033185685
2020-12-31,213597.31246826227
2021-01-04,211670.06290317088
2021-01-05,218541.00220262265
2021-01-06,229969.93956001708
2021-01-07,237222.18061943993
2021-01-08,237604.7698274024
2021-01-11,235505.61859224172
2021-01-12,240671.38316777247
2021-01-13,237258.71833999065
2021-01-14,247052.36851877175
2021-01-15,238132.229130328
2021-01-19,245437.6115625322
2021-01-20,240060.54106462002
2021-01-21,235087.23678479588
2021-01-22,248739.3063451016
2021-01-25,254698.53979098937
2021-01-26,298598.5843032938
2021-01-27,400563.54665794596
2021-01-28,304402.4449127512
2021-01-29,376284.3102136989
2021-02-01,325468.66659148043
2021-02-02,247113.88165483382
2021-02-03,252160.1554591814
2021-02-04,231916.83615260737
2021-02-05,243138.6450054005
2021-02-08,243277.97014117113
2021-02-09,233870.6025875443
2021-02-10,237887.3760049024
2021-02-11,239595.34285630207
2021-02-12,242257.46972501226
2021-02-16,239856.65714243392
2021-02-17,240052.83673487676
2021-02-18,235643.10483329624
2021-02-19,239661.20115540232
2021-02-22,238055.2850894372
2021-02-23,239446.6555811339
2021-02-24,246461.81785599998
2021-02-25,236059.16678302042
2021-02-26,234741.17184430218
2021-03-01,241026.04328225987
2021-03-02,237891.7096988965
2021-03-03,240529.59748044444
2021-03-04,236149.7652558099
2021-03-05,244230.83653122495
2021-03-08,245976.34087099208
2021-03-09,243287.17163521657
2021-03-10,247299.28956737637
2021-03-11,250414.32447575993
2021-03-12,254305.75351532543
2021-03-15,257056.28514897026
2021-03-16,252100.23342018967
2021-03-17,255438.22345392563
2021-03-18,250082.5087812814
2021-03-19,253908.4532115528
2021-03-22,249749.37991887057
2021-03-23,237757.1215630179
2021-03-24,233325.34023917807
2021-03-25,235397.2278270029
2021-03-26,239834.1810411829
2021-03-29,237392.50341288192
2021-03-30,239892.74716909407
2021-03-31,238715.23650560004
2021-04-01,239546.88752552
2021-04-05,241818.31368943982
2021-04-06,241557.24084551772
2021-04-07,241117.02249498668
2021-04-08,241184.76089209766
2021-04-09,243235.04230606274
2021-04-12,243011.4044052889
2021-04-13,241713.18702500002
2021-04-14,244682.3968945016
2021-04-15,247172.65694087674
2021-04-16,250284.82627403532
2021-04-19,250298.2085115239
2021-04-20,241711.42136255698
2021-04-21,245228.03021393888
2021-04-22,242791.22982424873
2021-04-23,250539.51949749855
2021-04-26,251925.2089968289
2021-04-27,254372.2973336595
2021-04-28,253810.2858731866
2021-04-29,255803.35292223806
2021-04-30,254296.07107953966
2021-05-03,256042.88319153117
2021-05-04,255644.07999607784
2021-05-05,254035.7960132448
2021-05-06,254312.9151432109
2021-05-07,256494.82734565242
2021-05-10,255266.79804698302
2021-05-11,254191.58806001156
2021-05-12,246550.55198136318
2021-05-13,246558.8823504136
2021-05-14,254850.74073251255
2021-05-17,259434.81180673683
2021-05-18,255718.54476175713
2021-05-19,251654.8031255304
2021-05-20,251468.244367743
2021-05-21,252802.48429656128
2021-05-24,254409.11872379063
2021-05-25,251076.9780993176
2021-05-26,253468.1314045028
2021-05-27,255746.12119222933
2021-05-28,255831.38975889707
2021-06-01,259647.50080138183
2021-06-02,262409.64648685674
2021-06-03,263204.9636008614
2021-06-04,266178.6267231292
2021-06-07,268204.4053337622
2021-06-08,268488.21102831006
2021-06-09,270296.53537016467
2021-06-10,266146.7904073372
2021-06-11,265171.5024789747
2021-06-14,262699.34004244406
2021-06-15,264124.3627233081
2021-06-16,260941.66875212453
2021-06-17,256037.10428662237
2021-06-18,255536.78601602232
2021-06-21,260936.4820354752
2021-06-22,262517.0473103935
2021-06-23,263657.9449933747
2021-06-24,264838.1117721849
2021-06-25,264346.05908629345
2021-06-28,263179.18156673154
2021-06-29,263746.42971990723
2021-06-30,262510.10136362864
2021-07-01,263664.00855421915
2021-07-02,264914.10387935117
2021-07-06,265954.6438949428
2021-07-07,264793.87272354
2021-07-08,261086.22889641082
2021-07-09,265590.5958946876
2021-07-12,267752.52656287374
2021-07-13,263476.9478406813
2021-07-14,262374.1967844352
2021-07-15,260728.88320710114
2021-07-16,258180.61678074527
2021-07-19,252854.4653881718
2021-07-20,256526.9236964247
2021-07-21,257669.74271047232
2021-07-22,259868.4740069389
2021-07-23,263371.1204489876
2021-07-26,262259.0304742375
2021-07-27,262526.56038715143
2021-07-28,263242.5473829603
2021-07-29,264275.50853023876
2021-07-30,264474.29686952103
2021-08-02,264120.21062854386
2021-08-03,271643.9429071932
2021-08-04,274473.15718259045
2021-08-05,272982.9127622131
2021-08-06,272198.74339349417
2021-08-09,277787.9837581166
2021-08-10,276453.9585641687
2021-08-11,270144.5973274396
2021-08-12,274061.45369779837
2021-08-13,274880.9606755091
2021-08-16,273183.6179267822
2021-08-17,267355.1339327967
2021-08-18,265369.46299917443
2021-08-19,261162.81997160817
2021-08-20,263338.92918080156
2021-08-23,266293.35614913906
2021-08-24,267882.04007066455
2021-08-25,266348.7697007694
2021-08-26,264022.7876980201
2021-08-27,266324.8176937429
2021-08-30,266333.99599965976
2021-08-31,261878.4216107988
2021-09-01,262495.72760653164
2021-09-02,269411.17318691226
2021-09-03,272987.8302539311
2021-09-07,269066.90359995386
2021-09-08,265797.2008147375
2021-09-09,263770.61909714335
2021-09-10,260168.39816005563
2021-09-13,259664.15011135687
2021-09-14,259913.04877059418
2021-09-15,268321.2535942004
2021-09-16,268126.99918445694
2021-09-17,263203.2252481622
2021-09-20,258026.61155422218
2021-09-21,258408.47141337677
2021-09-22,263640.85606630694
2021-09-23,269857.59660675254
2021-09-24,268826.24461676186
2021-09-27,267820.44828218955
2021-09-28,259558.8711379421
2021-09-29,262071.02692694915
2021-09-30,262279.67606884945
2021-10-01,265456.7872955156
2021-10-04,268829.64914782887
2021-10-05,271383.9199068006
2021-10-06,268616.42817205476
2021-10-07,273418.81020725844
2021-10-08,276637.07008054445
2021-10-11,276695.6500880864
2021-10-12,277079.064518968
2021-10-13,276327.4651542899
2021-10-14,278261.2352379822
2021-10-15,277472.7508328512
2021-10-18,283333.69824419124
2021-10-19,281070.1716344051
2021-10-20,283188.5751035169
2021-10-21,278042.1381435886
2021-10-22,280832.22376706265
2021-10-25,283774.4278120341
2021-10-26,282793.99825379386
2021-10-27,272865.0110510645
2021-10-28,276263.7346650314
2021-10-29,282048.9974264321
2021-11-01,286602.4332776076
2021-11-02,316502.5600479946
2021-11-03,308418.6408851992
2021-11-04,304460.8092179107
2021-11-05,308230.6259424983
2021-11-08,306804.614818545
2021-11-09,295327.7354864271
2021-11-10,287443.5193953077
2021-11-11,296577.12087973603
2021-11-12,300415.22761681274
2021-11-15,302333.5262414969
2021-11-16,305745.6261417589
2021-11-17,302982.5938409548
2021-11-18,305534.38758875185
2021-11-19,300964.8639998159
2021-11-22,288532.8555745928
2021-11-23,285928.61461102974
2021-11-24,288190.67159083893
2021-11-26,280671.3602685085
2021-11-29,285286.7168610426
2021-11-30,278038.73411803815
2021-12-01,269804.78715455986
2021-12-02,274869.87620295986
2021-12-03,269858.96764281427
2021-12-06,267767.52125324094
2021-12-07,275392.81834809325
2021-12-08,271124.5415673876
2021-12-09,264718.6322552897
2021-12-10,268452.32670767995
2021-12-13,266281.689220459
2021-12-14,262734.79962917947
2021-12-15,270086.48734072695
2021-12-16,263672.597884457
2021-12-17,261811.25795392584
2021-12-20,259912.56863322665
2021-12-21,263289.5780587688
2021-12-22,267334.82478297607
2021-12-23,268215.5414163109
2021-12-27,273740.96124960337
2021-12-28,272481.9271903129
2021-12-29,273180.6764074729
2021-12-30,271590.2567403261
2021-12-31,272017.248362565
2022-01-03,268242.93355004326
2022-01-04,267250.8001020157
2022-01-05,261188.24326744222
2022-01-06,260402.74266264593
2022-01-07,258008.48843301798
2022-01-10,253982.24147540782
2022-01-11,256390.16877990143
2022-01-12,255827.1412133276
2022-01-13,254604.48652229086
2022-01-14,256255.47985230552
2022-01-18,250578.68484242065
2022-01-19,243208.74555607102
2022-01-20,240658.10418101674
2022-01-21,237301.93584010814
2022-01-24,238103.84615532478
2022-01-25,239671.00163773505
2022-01-26,239857.60557759285
2022-01-27,239410.4842409309
2022-01-28,239534.0364072092
2022-01-31,239534.0364072092
2022-02-01,239534.0364072092
2022-02-02,239534.0364072092
2022-02-03,238971.21919047146
2022-02-04,240138.041853641
2022-02-07,241637.0234015848
2022-02-08,242927.24031122614
2022-02-09,242848.7876335107
2022-02-10,242188.9970052066
2022-02-11,241290.84453088572
2022-02-14,238536.9348739224
2022-02-15,241105.2686553887
2022-02-16,242378.9839464173
2022-02-17,239430.76303034995
2022-02-18,238685.291990466
2022-02-22,237354.88859890302
2022-02-23,236522.70287093782
2022-02-24,235022.67748821093
2022-02-25,243770.463570378
2022-02-28,243770.463570378
2022-03-01,243770.463570378
2022-03-02,243770.463570378
2022-03-03,243770.463570378
2022-03-04,243770.463570378
2022-03-07,243770.463570378
2022-03-08,243770.463570378
2022-03-09,243770.463570378
2022-03-10,243770.463570378
2022-03-11,243770.463570378
2022-03-14,243770.463570378
2022-03-15,243770.463570378
2022-03-16,243770.463570378
2022-03-17,243770.463570378
2022-03-18,243770.463570378
2022-03-21,243770.463570378
2022-03-22,243770.463570378
2022-03-23,243770.463570378
2022-03-24,243770.463570378
2022-03-25,243770.463570378
2022-03-28,243974.35607297605
2022-03-29,244263.0169845027
2022-03-30,244539.84747087056
2022-03-31,241774.0450497694
2022-04-01,244932.0146416679
2022-04-04,242204.53894872215
2022-04-05,240018.56147063797
2022-04-06,242972.29185405403
2022-04-07,242601.02916937385
2022-04-08,244405.53278684034
2022-04-11,242178.66077976662
2022-04-12,243190.93356344211
2022-04-13,244561.90464566834
2022-04-14,245326.9212637092
2022-04-18,246610.98623692902
2022-04-19,246748.01647008283
2022-04-20,247594.2423377703
2022-04-21,246953.87593095316
2022-04-22,246219.05164258362
2022-04-25,245293.04630380735
2022-04-26,245517.99803066035
2022-04-27,245517.99803066035
2022-04-28,245517.99803066035
2022-04-29,245517.99803066035
2022-05-02,245517.99803066035
2022-05-03,245517.99803066035
2022-05-04,245517.99803066035
2022-05-05,245517.99803066035
2022-05-06,245517.99803066035
2022-05-09,245517.99803066035
2022-05-10,245517.99803066035
2022-05-11,245517.99803066035
2022-05-12,245517.99803066035
2022-05-13,245517.99803066035
2022-05-16,245517.99803066035
2022-05-17,245517.99803066035
2022-05-18,245517.99803066035
2022-05-19,245517.99803066035
2022-05-20,245517.99803066035
2022-05-23,245517.99803066035
2022-05-24,245517.99803066035
2022-05-25,245517.99803066035
2022-05-26,245517.99803066035
2022-05-27,245517.99803066035
2022-05-31,245517.99803066035
2022-06-01,245517.99803066035
2022-06-02,245517.99803066035
2022-06-03,245517.99803066035
2022-06-06,245517.99803066035
2022-06-07,245517.99803066035
2022-06-08,245517.99803066035
2022-06-09,245517.99803066035
2022-06-10,245517.99803066035
2022-06-13,245517.99803066035
2022-06-14,245517.99803066035
2022-06-15,245517.99803066035
2022-06-16,245517.99803066035
2022-06-17,245517.99803066035
2022-06-21,245517.99803066035
2022-06-22,245517.99803066035
2022-06-23,245517.99803066035
2022-06-24,245517.99803066035
2022-06-27,245517.99803066035
2022-06-28,245517.99803066035
2022-06-29,245517.99803066035
2022-06-30,245517.99803066035
2022-07-01,245517.99803066035
2022-07-05,245517.99803066035
2022-07-06,245517.99803066035
2022-07-07,245517.99803066035
2022-07-08,245517.99803066035
2022-07-11,245517.99803066035
2022-07-12,245517.99803066035
2022-07-13,245517.99803066035
2022-07-14,245517.99803066035
2022-07-15,245517.99803066035
2022-07-18,245517.99803066035
2022-07-19,245517.99803066035
2022-07-20,245517.99803066035
2022-07-21,245517.99803066035
2022-07-22,245517.99803066035
2022-07-25,245517.99803066035
2022-07-26,245517.99803066035
2022-07-27,245517.99803066035
2022-07-28,245517.99803066035
2022-07-29,245517.99803066035
2022-08-01,245051.9849766315
2022-08-02,243228.8459232555
2022-08-03,243637.02914041418
2022-08-04,241432.5777864976
2022-08-05,242396.6341457365
2022-08-08,245579.77409164378
2022-08-09,244017.67593601978
2022-08-10,247708.471476491
2022-08-11,246944.0742746964
2022-08-12,249894.4302913438
2022-08-15,250897.085422114
2022-08-16,250763.87322951554
2022-08-17,250067.46624808272
2022-08-18,251931.73632338148
2022-08-19,250469.65283547132
2022-08-22,247369.1133281311
2022-08-23,247529.50948109516
2022-08-24,249368.71140242333
2022-08-25,249589.20010592672
2022-08-26,244435.33888363128
2022-08-29,242441.67586942832
2022-08-30,238218.80021796463
2022-08-31,236992.57575648517
2022-09-01,236107.60842448846
2022-09-02,236569.0277692282
2022-09-06,236340.31290409598
2022-09-07,237603.57962524326
2022-09-08,237417.72574918956
2022-09-09,237532.567488293
2022-09-12,238907.6433580693
2022-09-13,232964.14216041693
2022-09-14,234691.31344170982
2022-09-15,232542.54206059972
2022-09-16,230241.3518909573
2022-09-19,232529.92782951976
2022-09-20,230419.37862758356
2022-09-21,229244.0508595733
2022-09-22,228820.93379823954
2022-09-23,226922.3883285178
2022-09-26,226657.9662510267
2022-09-27,226364.93845312035
2022-09-28,226881.17024210788
2022-09-29,226704.5063900518
2022-09-30,226986.95642005626
2022-10-03,227409.71862392046
2022-10-04,227409.71862392046
2022-10-05,227409.71862392046
2022-10-06,227409.71862392046
2022-10-07,227409.71862392046
2022-10-10,227409.71862392046
2022-10-11,227409.71862392046
2022-10-12,227409.71862392046
2022-10-13,227409.71862392046
2022-10-14,227409.71862392046
2022-10-17,227409.71862392046
2022-10-18,227409.71862392046
2022-10-19,227409.71862392046
2022-10-20,227409.71862392046
2022-10-21,227409.71862392046
2022-10-24,227409.71862392046
2022-10-25,227409.71862392046
2022-10-26,227409.71862392046
2022-10-27,227409.71862392046
2022-10-28,227409.71862392046
2022-10-31,228042.2645618907
2022-11-01,228695.69680880767
2022-11-02,224194.5360643082
2022-11-03,229176.26308169556
2022-11-04,231050.39284345892
2022-11-07,234140.1413152791
2022-11-08,234720.7715495069
2022-11-09,230866.78066238045
2022-11-10,234813.05200813996
2022-11-11,228356.27778183387
2022-11-14,227349.18926483346
2022-11-15,230753.2312668345
2022-11-16,230294.48511491355
2022-11-17,233081.16418085506
2022-11-18,234053.26295497542
2022-11-21,233556.11958401123
2022-11-22,235435.56537614195
2022-11-23,235879.60067653444
2022-11-25,236828.52005188845
2022-11-28,234037.9344113548
2022-11-29,233783.55666095813
2022-11-30,236482.3142739016
2022-12-01,236678.0386590003
2022-12-02,237858.35718478847
2022-12-05,233575.67479885768
2022-12-06,233389.39432698456
2022-12-07,232989.99540194887
2022-12-08,234905.38599256828
2022-12-09,231962.2254100803
2022-12-12,234184.4571106577
2022-12-13,235345.25464811173
2022-12-14,235577.20318217314
2022-12-15,231708.1101809035
2022-12-16,231519.43684865552
2022-12-19,230551.34762683726
2022-12-20,229785.1147249174
2022-12-21,231486.9002730577
2022-12-22,230342.48124540533
2022-12-23,230988.23667425365
2022-12-27,231613.92310976094
2022-12-28,230545.47952390823
2022-12-29,230699.27572728062
2022-12-30,230404.95931940156
2023-01-03,230391.37096078604
2023-01-04,230742.16370764936
2023-01-05,230247.56592552766
2023-01-06,230727.78007032603
2023-01-09,229536.42479798992
2023-01-10,230130.3321625505
2023-01-11,229811.59879666026
2023-01-12,232596.43929314535
2023-01-13,234502.8860436817
2023-01-17,232242.67985922587
2023-01-18,229370.26095712013
2023-01-19,225596.3582646291
2023-01-20,227446.9248633397
2023-01-23,228921.84127954647
2023-01-24,228697.25963219805
2023-01-25,229164.07679774996
2023-01-26,231777.09719455647
2023-01-27,230583.6287008525
2023-01-30,228058.5530685111
2023-01-31,229984.1455564252
2023-02-01,232461.10108376056
2023-02-02,234076.24564955293
2023-02-03,235532.11531378582
2023-02-06,233827.04118638963
2023-02-07,236701.5040673099
2023-02-08,234370.86256010653
2023-02-09,234036.39387728815
2023-02-10,233032.88913524122
2023-02-13,238008.55532817982
2023-02-14,239705.48904894447
2023-02-15,242242.03163854647
2023-02-16,239782.27600111635
2023-02-17,240081.13676758314
2023-02-21,236195.11032443907
2023-02-22,235918.5456327867
2023-02-23,236940.68610616893
2023-02-24,237200.53536263367
2023-02-27,238578.82179799076
2023-02-28,238673.1826602457
2023-03-01,239823.18404582576
2023-03-02,239034.66927782833
2023-03-03,241369.598016374
2023-03-06,240106.2593063875
2023-03-07,238118.82267806993
2023-03-08,238673.98886597014
2023-03-09,232696.56815856526
2023-03-10,227244.92437562108
2023-03-13,223014.02272238134
2023-03-14,225782.21007304118
2023-03-15,224368.86271504406
2023-03-16,225138.41254916694
2023-03-17,221746.4210872941
2023-03-20,224818.693395867
2023-03-21,226501.98897481788
2023-03-22,224954.45158278264
2023-03-23,226708.69041807484
2023-03-24,225056.4117356329
2023-03-27,225182.38124574546
2023-03-28,224482.45294542168
2023-03-29,226401.3096692471
2023-03-30,227664.1073427673
2023-03-31,230891.5850983331
2023-04-03,231856.73781367549
2023-04-04,228055.06965539037
2023-04-05,226358.22893570623
2023-04-06,224888.6169404846
2023-04-10,226647.12541157613
2023-04-11,227019.92069478834
2023-04-12,226329.0388574825
2023-04-13,227748.61493927694
2023-04-14,227234.36244484625
2023-04-17,226740.14518746777
2023-04-18,229250.47367708254
2023-04-19,228929.93522747167
2023-04-20,230509.2923737001
2023-04-21,230919.15506371338
2023-04-24,231032.28213050167
2023-04-25,228378.71115785075
2023-04-26,226205.8401289865
2023-04-27,229103.4289003203
2023-04-28,230831.2944674382
2023-05-01,231296.02047466658
2023-05-02,230307.35383129318
2023-05-03,231358.22560131806
2023-05-04,229289.4256418636
2023-05-05,233335.83409607472
2023-05-08,235194.02071023948
2023-05-09,233996.9189084808
2023-05-10,235468.93119789197
2023-05-11,234486.8726512634
2023-05-12,231561.76488872236
2023-05-15,234285.03823376965
2023-05-16,234182.23827074736
2023-05-17,235803.27144771157
2023-05-18,239099.36567759537
2023-05-19,237005.2406153911
2023-05-22,237742.8333106772
2023-05-23,231719.43821650004
2023-05-24,233813.64584331412
2023-05-25,241759.7585009044
2023-05-26,244554.636377636
2023-05-30,247186.94848501013
2023-05-31,245182.85580470017
2023-06-01,248193.95273769103
2023-06-02,249901.48594589584
2023-06-05,249635.3911632092
2023-06-06,253264.0746709907
2023-06-07,248374.77190466766
2023-06-08,251632.31548645976
2023-06-09,252748.00205497298
2023-06-12,257347.4752090107
2023-06-13,258680.36841687554
2023-06-14,258184.07974602366
2023-06-15,262908.70528865873
2023-06-16,261822.79431063205
2023-06-20,262331.0190831519
2023-06-21,264067.0386276805
2023-06-22,263603.7338429553
2023-06-23,261873.18695576687
2023-06-26,259601.53516272054
2023-06-27,266246.94617757434
2023-06-28,268781.2456486228
2023-06-29,268535.05735018256
2023-06-30,273293.979876966
2023-07-03,272388.42648079916
2023-07-05,272650.8931780801
2023-07-06,266633.0874861672
2023-07-07,267617.77959919086
2023-07-10,273293.8973975268
2023-07-11,274527.04708698095
2023-07-12,274013.0997445305
2023-07-13,277709.57799083076
2023-07-14,273027.94694676466
2023-07-17,276365.57168946613
2023-07-18,277939.45592657506
2023-07-19,279773.51088157337
2023-07-20,270205.795141485
2023-07-21,269448.1813537935
2023-07-24,263040.2686548409
2023-07-25,261303.35348844255
2023-07-26,263818.09604992176
2023-07-27,259171.6002451345
2023-07-28,263974.39475351194
2023-07-31,262496.61238185765
2023-08-01,263979.01105593244
2023-08-02,258231.23306893298
2023-08-03,256742.1179140347
2023-08-04,258987.81616164933
2023-08-07,262990.87629153713
2023-08-08,261956.48164158885
2023-08-09,254147.6491903495
2023-08-10,251797.6503543572
2023-08-11,252159.88728704792
2023-08-14,254880.57838268118
2023-08-15,253452.35736046114
2023-08-16,251379.3200009219
2023-08-17,246431.74231551692
2023-08-18,250347.56897915306
2023-08-21,252197.41712363472
2023-08-22,247112.40134544656
2023-08-23,249045.69502957666
2023-08-24,244947.50113608115
2023-08-25,247646.09785374295
2023-08-28,250524.95985476286
2023-08-29,252619.20713551657
2023-08-30,256159.4984507205
2023-08-31,257963.23115957942
2023-09-01,259327.91846237576
2023-09-05,257506.93316970867
2023-09-06,256036.96493835293
2023-09-07,256871.3863207748
2023-09-08,257197.24090923255
2023-09-11,255370.77305923763
2023-09-12,252976.78160898454
2023-09-13,251034.46314241338
2023-09-14,250320.3763173208
2023-09-15,244750.5637928042
2023-09-18,244378.69603514436
2023-09-19,240182.4867534374
2023-09-20,238131.98414484286
2023-09-21,233586.4829392496
2023-09-22,235369.2652201542
2023-09-25,236376.44295130257
2023-09-26,232395.41658614198
2023-09-27,233654.73276125878
2023-09-28,233711.6448289532
2023-09-29,231471.29056915763
2023-10-02,231025.96792162897
2023-10-03,229485.26629764706
2023-10-04,230009.68254270626
2023-10-05,230818.60083229083
2023-10-06,231380.53542161026
2023-10-09,231570.86759012175
2023-10-10,231801.98307689445
2023-10-11,231996.85089880685
2023-10-12,231596.99194422294
2023-10-13,231596.99194422294
2023-10-16,231596.99194422294
2023-10-17,231596.99194422294
2023-10-18,231596.99194422294
2023-10-19,231596.99194422294
2023-10-20,231596.99194422294
2023-10-23,231596.99194422294
2023-10-24,231596.99194422294
2023-10-25,231596.99194422294
2023-10-26,231596.99194422294
2023-10-27,231596.99194422294
2023-10-30,231596.99194422294
2023-10-31,231596.99194422294
2023-11-01,231596.99194422294
2023-11-02,231596.99194422294
2023-11-03,231596.99194422294
2023-11-06,231596.99194422294
2023-11-07,231596.99194422294
2023-11-08,231596.99194422294
2023-11-09,231596.99194422294
2023-11-10,231596.99194422294
2023-11-13,232281.54453543056
2023-11-14,238439.38424300295
2023-11-15,236802.03681087116
2023-11-16,236493.7169194539
2023-11-17,238601.56536163765
2023-11-20,241764.25234409477
2023-11-21,241729.86415973655
2023-11-22,243569.94883262215
2023-11-24,244150.71868224855
2023-11-27,243719.8411482772
2023-11-28,242634.98759685832
2023-11-29,243453.71569808506
2023-11-30,243070.99652091292
2023-12-01,244664.22097361938
2023-12-04,242157.43317528538
2023-12-05,240749.2031371281
2023-12-06,238977.31257241042
2023-12-07,239859.29298477658
2023-12-08,242235.55945485833
2023-12-11,242272.49058750647
2023-12-12,244375.67386265658
2023-12-13,251874.89827053045
2023-12-14,252065.04466184368
2023-12-15,249889.09672970127
2023-12-18,251829.66286832571
2023-12-19,257506.1745705403
2023-12-20,250373.4414678382
2023-12-21,255972.43322532641
2023-12-22,258033.2231813925
2023-12-26,260035.2758515138
2023-12-27,261538.37658102982
2023-12-28,261478.99074425764
2023-12-29,258302.7787396405
2024-01-02,255029.48045032215
2024-01-03,252025.33688960766
2024-01-04,253437.28144229282
2024-01-05,252749.37112717776
2024-01-08,253951.13035832183
2024-01-09,254182.38524989938
2024-01-10,255344.47023478625
2024-01-11,255784.8362694831
2024-01-12,256784.6114943166
2024-01-16,256623.96049124832
2024-01-17,257246.8310617452
2024-01-18,259510.06842254917
2024-01-19,261589.15075983392
2024-01-22,265123.98378453904
2024-01-23,265115.9481133119
2024-01-24,262401.5435892546
2024-01-25,262829.70908797474
2024-01-26,261620.34787502562
2024-01-29,263810.3745152671
2024-01-30,259544.5101448784
2024-01-31,255415.80326783005
2024-02-01,259699.60411439178
2024-02-02,260683.18840250824
2024-02-05,261706.8560671765
2024-02-06,260862.92005047548
2024-02-07,263429.61779570376
2024-02-08,265056.4213606779
2024-02-09,266207.467391325
2024-02-12,264044.0965210389
2024-02-13,263156.9328116059
2024-02-14,266811.6327848802
2024-02-15,267163.0040528725
2024-02-16,270019.79863932746
2024-02-20,264364.5422024287
2024-02-21,260167.84875814157
2024-02-22,266422.6131896918
2024-02-23,267693.95482191927
2024-02-26,270325.6039645018
2024-02-27,310768.25360922574
2024-02-28,316905.71084432804
2024-02-29,306991.82411166
2024-03-01,320563.74268393
2024-03-04,323770.016350499
2024-03-05,318170.96879863815
2024-03-06,323565.533246475
2024-03-07,312924.16709603055
2024-03-08,309191.6466462959
2024-03-11,300124.72696024517
2024-03-12,305531.2597296898
2024-03-13,309341.1961436689
2024-03-14,304146.4452500046
2024-03-15,305870.18524152477
2024-03-18,300806.6767459444
2024-03-19,300706.79647645477
2024-03-20,307825.30201627867
2024-03-21,313615.59151811816
2024-03-22,313677.24221688294
2024-03-25,314895.9184847727
2024-03-26,312282.8637594454
2024-03-27,309950.51195259206
2024-03-28,312196.9062256831
2024-04-01,311769.89713874133
2024-04-02,304871.0295288818
2024-04-03,309575.27862410294
2024-04-04,305402.57459113654
2024-04-05,314579.1353831375
2024-04-08,312570.1973281321
2024-04-09,309738.42411780206
2024-04-10,308454.2569616538
2024-04-11,309199.4871996442
2024-04-12,304014.4527479426
2024-04-15,300250.72573895025
2024-04-16,303272.6816264897
2024-04-17,301868.43467416096
2024-04-18,298829.58033391065
2024-04-19,295569.87263483636
2024-04-22,298783.45676800265
2024-04-23,300894.0549450764
2024-04-24,300827.5259429442
2024-04-25,302642.55132413976
2024-04-26,302489.70467591204
2024-04-29,304863.5344685976
2024-04-30,300992.5646535519
2024-05-01,301590.4381775698
2024-05-02,304602.372314916
2024-05-03,307696.4061616993
2024-05-06,312585.0591557098
2024-05-07,308647.0986794403
2024-05-08,312711.27361404296
2024-05-09,317185.34105498245
2024-05-10,316658.0419595385
2024-05-13,313133.16303646646
2024-05-14,311187.76775128336
2024-05-15,313858.23933124694
2024-05-16,306743.48733924644
2024-05-17,307463.43700741767
2024-05-20,307448.16613519256
2024-05-21,309660.84755330713
2024-05-22,308207.5441700479
2024-05-23,306137.0836776354
2024-05-24,314867.5990225935
2024-05-28,320253.7121382877
2024-05-29,322719.6678690084
2024-05-30,321041.26180849865
2024-05-31,309388.39099346125
2024-06-03,310416.3798473147
2024-06-04,304265.3463605777
2024-06-05,309331.6297749987
2024-06-06,309701.30349632923
2024-06-07,307473.832721822
2024-06-10,312687.9570507775
2024-06-11,313166.41801473894
2024-06-12,318858.5837810773
2024-06-13,319475.7129017012
2024-06-14,316959.8122681339
2024-06-17,319739.10817458737
2024-06-18,323914.1044521629
2024-06-20,318096.5309761613
2024-06-21,319632.7055569343
2024-06-24,317660.91772967624
2024-06-25,320275.0364494432
2024-06-26,318235.0507762972
2024-06-27,314932.90805406217
2024-06-28,311971.89136599295
2024-07-01,311122.57186644466
2024-07-02,312084.40149198606
2024-07-03,311336.80880332954
2024-07-05,312465.98870642
2024-07-08,312078.19818078546
2024-07-09,311354.8852051638
2024-07-10,314048.13159286947
2024-07-11,315658.37524096936
2024-07-12,318409.0038649231
2024-07-15,321117.33571783453
2024-07-16,324854.1409515314
2024-07-17,313941.11950978835
2024-07-18,312017.1609596981
2024-07-19,311266.8554907718
2024-07-22,314322.90428081126
2024-07-23,312753.48195232416
2024-07-24,305754.12718079065
2024-07-25,308970.16202394705
2024-07-26,312664.55173159676
2024-07-29,312955.15346211946
2024-07-30,310714.2675373865
2024-07-31,311538.8353579164
2024-08-01,309101.15659921744
2024-08-02,294728.43166095775
2024-08-05,288916.87806308904
2024-08-06,293559.2439441212
2024-08-07,290142.4651444493
2024-08-08,296480.34107384115
2024-08-09,295245.441810587
2024-08-12,295360.9170812877
2024-08-13,298399.6974717559
2024-08-14,300334.165108217
2024-08-15,302039.5787425955
2024-08-16,303312.3240268531
2024-08-19,312935.0917586351
2024-08-20,306264.19107295654
2024-08-21,312795.5813595625
2024-08-22,308924.40848419926
2024-08-23,317035.46236861346
2024-08-26,318233.99054751114
2024-08-27,315262.21613784804
2024-08-28,311958.2427551964
2024-08-29,311123.0820524144
2024-08-30,316617.6822332053
2024-09-03,312537.4041331399
2024-09-04,313465.9941141177
2024-09-05,314100.6723459852
2024-09-06,309527.9929010357
2024-09-09,314139.42686333734
2024-09-10,314413.23024158424
2024-09-11,313723.7352843342
2024-09-12,316338.3152158291
2024-09-13,323313.24157828884
2024-09-16,323155.1480721715
2024-09-17,319585.9365741309
2024-09-18,315328.6215526329
2024-09-19,316381.2342582324
2024-09-20,321429.5849960525
2024-09-23,322928.10351853905
2024-09-24,324914.44334418117
2024-09-25,330625.0894254491
2024-09-26,324930.20342009614
2024-09-27,329232.9480362426
2024-09-30,329395.83182841813
2024-10-01,326417.32501330355
2024-10-02,330449.13133612846
2024-10-03,331676.4598864183
2024-10-04,342785.16541034146
2024-10-07,335287.247642634
2024-10-08,341321.0740294732
2024-10-09,338203.5999116551
2024-10-10,337743.0294096847
2024-10-11,342246.4959053148
2024-10-14,345857.81597699283
2024-10-15,341472.93143902614
2024-10-16,345137.99260133004
2024-10-17,341892.4938525993
2024-10-18,342876.1659199536
2024-10-21,341528.40603494126
2024-10-22,337592.5399636058
2024-10-23,337316.9648775717
2024-10-24,332423.37799758295
2024-10-25,332037.3279444336
2024-10-28,336133.74068930943
2024-10-29,339765.64386007655
2024-10-30,341751.053571462
2024-10-31,340912.101809927
2024-11-01,338230.18009030545
2024-11-04,338601.5166771832
2024-11-05,345584.5826734046
2024-11-06,359421.4418825084
2024-11-07,379864.7875527781
2024-11-08,393277.6996715469
2024-11-11,396454.9329769406
2024-11-12,395630.986169667
2024-11-13,390437.58534882363
2024-11-14,381143.98916821065
2024-11-15,381166.2553722976
2024-11-18,377276.1567970646
2024-11-19,389677.21632610785
2024-11-20,393571.48315599654
2024-11-21,393671.3862690324
2024-11-22,400881.65043661074
2024-11-25,396895.2003749095
2024-11-26,396568.66387310316
2024-11-27,399050.4868395115
2024-11-29,403333.08790208865
2024-12-02,393872.56322909327
2024-12-03,394434.7376057956
2024-12-04,395104.07434443943
2024-12-05,397795.6250247151
2024-12-06,408286.8710006629
2024-12-09,396454.91539399576
2024-12-10,390147.9510197154
2024-12-11,392530.08558265126
2024-12-12,390896.4357499554
2024-12-13,385292.8344652752
2024-12-16,393710.7587724658
2024-12-17,388995.20997092396
2024-12-18,368091.1816692889
2024-12-19,372372.32031932217
2024-12-20,375082.58131664235
2024-12-23,374239.9528899455
2024-12-24,378440.6675761895
2024-12-26,380215.3162996882
2024-12-27,372742.34905369603
2024-12-30,363954.6803128832
2024-12-31,362534.81361049804
2025-01-02,362244.5767132625
2025-01-03,361665.5979896167
2025-01-06,364264.1642251406
2025-01-07,361655.382150068
2025-01-08,360881.4990789471
2025-01-10,358061.51611216046
2025-01-13,358374.0071404994
2025-01-14,363669.84632483876
2025-01-15,367973.5365563385
2025-01-16,371090.5436834695
2025-01-17,370458.5996673228
2025-01-21,376555.61013661587
2025-01-22,378144.206007559
2025-01-23,380839.2546740423
2025-01-24,383175.6300451656
2025-01-27,355271.7960557606
2025-01-28,361094.4191836014
2025-01-29,359918.14029712713
2025-01-30,363915.63156280364
2025-01-31,360685.64312418917
2025-02-03,358978.02768105944
2025-02-04,359718.7469005681
2025-02-05,364425.6716352399
2025-02-06,363771.9749966829
2025-02-07,363850.84268440166
2025-02-10,366026.5783616357
2025-02-11,359114.6003511995
2025-02-12,364954.0311562775
2025-02-13,372273.21190139424
2025-02-14,369252.4967434991
2025-02-18,371023.4458039713
2025-02-19,364312.0841054705
2025-02-20,355590.2330680765
2025-02-21,346546.3980241895
2025-02-24,342484.6821795748
2025-02-25,336311.71688204724
2025-02-26,336313.2192372225
2025-02-27,334625.44902031356
2025-02-28,340124.15451905644
2025-03-03,340066.3625015286
2025-03-04,333035.37338200526
2025-03-05,334167.279966602
2025-03-06,330185.22577888635
2025-03-07,331561.7889572276
2025-03-10,330809.06760486297
2025-03-11,328132.335325111
2025-03-12,327542.5186057652
2025-03-13,327669.63550352986
2025-03-14,329333.6654643485
2025-03-17,330004.45848302386
2025-03-18,329495.0877321982
2025-03-19,329734.16533510265
2025-03-20,329734.16533510265
2025-03-21,329734.16533510265
2025-03-24,329734.16533510265
2025-03-25,329734.16533510265
2025-03-26,329734.16533510265
2025-03-27,329734.16533510265
2025-03-28,329734.16533510265
2025-03-31,329734.16533510265
2025-04-01,329734.16533510265
2025-04-02,329734.16533510265
2025-04-03,329734.16533510265
2025-04-04,329734.16533510265
2025-04-07,329734.16533510265
2025-04-08,329734.16533510265
2025-04-09,329734.16533510265
2025-04-10,329734.16533510265
2025-04-11,329734.16533510265
2025-04-14,329734.16533510265
2025-04-15,329734.16533510265
2025-04-16,329734.16533510265
2025-04-17,329734.16533510265
2025-04-21,329734.16533510265
2025-04-22,329734.16533510265
2025-04-23,329734.16533510265
2025-04-24,329734.16533510265
2025-04-25,329734.16533510265
2025-04-28,329734.16533510265
2025-04-29,329734.16533510265
2025-04-30,329734.16533510265
2025-05-01,329734.16533510265
2025-05-02,329734.16533510265
2025-05-05,329734.16533510265
2025-05-06,329734.16533510265
2025-05-07,329734.16533510265
2025-05-08,329734.16533510265
2025-05-09,329734.16533510265
2025-05-12,329734.16533510265
2025-05-13,332934.8582014189
2025-05-14,330055.5318664354
2025-05-15,331498.9230981341
2025-05-16,335060.18353493494
2025-05-19,335912.2010377322
2025-05-20,333845.7899403248
2025-05-21,326070.727437001
2025-05-22,327120.01386295236
2025-05-23,328218.6113304809
2025-05-27,335416.35843956954
2025-05-28,333197.20292022405
2025-05-29,330746.28972326725
2025-05-30,332035.09725789836
2025-06-02,337114.0166634466
2025-06-03,336893.0603414982
2025-06-04,337664.33765314374
2025-06-05,338619.15292087063
2025-06-06,340188.1468887618
2025-06-09,337860.67638103315
2025-06-10,332978.049348241
2025-06-11,331919.6860279109
2025-06-12,330898.6316097308
2025-06-13,330848.0243350621
2025-06-16,332736.86841754173
2025-06-17,330886.10504588194
2025-06-18,330472.9678480787
2025-06-20,329207.0629150568
2025-06-23,335165.418797479
2025-06-24,336763.16350197385
2025-06-25,334228.06336825906
2025-06-26,341907.35420963925
2025-06-27,344247.37695990945
2025-06-30,349977.6071424854
2025-07-01,343250.71179627086
2025-07-02,349507.5010359044
2025-07-03,352458.1591630968
2025-07-07,354377.940371673
2025-07-08,351199.67792853253
2025-07-09,355854.9327158197
2025-07-10,358474.7230978008
2025-07-11,358515.96828931454
2025-07-14,364343.8394897725
2025-07-15,363557.6429353421
2025-07-16,364805.60050192045
2025-07-17,367828.1402105723
2025-07-18,373048.99435837637
2025-07-21,372895.6795203545
2025-07-22,371592.18772217707
2025-07-23,374792.16699110164
2025-07-24,368718.27866205387
2025-07-25,368344.11232144193
2025-07-28,369606.1283585115
2025-07-29,368137.9870092005
2025-07-30,371138.1519972197
2025-07-31,372633.75655488705
2025-08-01,368723.6611623685
2025-08-04,385568.04044392996
2025-08-05,379061.05126577575
2025-08-06,375901.6903683223
2025-08-07,375307.4711667416
2025-08-08,376765.4041715005
2025-08-11,375732.89889224863
2025-08-12,383650.4583970891
2025-08-13,382352.3517223794
2025-08-14,380371.05154648295
2025-08-15,378468.5184061371
2025-08-18,380994.10436596634
2025-08-19,377508.387694799
2025-08-20,376726.13077807095
2025-08-21,378530.38248227525
2025-08-22,382303.66236336005
2025-08-25,380330.10381757625
2025-08-26,380328.5721341145
2025-08-27,382456.89988672954
2025-08-28,387825.65955648234
2025-08-29,386252.4590092005
2025-09-02,385801.8320886757
2025-09-03,385923.1270883025
2025-09-04,392758.50980356155
2025-09-05,396142.3640452886
2025-09-08,400221.9454816013
2025-09-09,398489.3258724564
2025-09-10,403611.77929933777
2025-09-11,406328.8380438517
2025-09-12,404265.9273827381
2025-09-15,412926.1286621292
2025-09-16,413855.5578114306
2025-09-17,411267.5022308812
2025-09-18,414078.3439740146
2025-09-19,416469.46596173185
2025-09-22,418547.3057774852
2025-09-23,412211.63445431535
2025-09-24,404031.2525364479
2025-09-25,396858.06468113593
2025-09-26,394928.56131160946
2025-09-29,402524.6975141131
2025-09-30,409304.57979194593
2025-10-01,420384.3051822763
2025-10-02,419599.41844756337
2025-10-03,417523.04565167613
2025-10-06,418173.3525183117
2025-10-07,413527.6894833377
2025-10-08,424962.5998851884
2025-10-09,425125.5607741799
2025-10-10,408198.40331788023
2025-10-13,426313.97717117186
2025-10-14,431038.17599466525
2025-10-15,429902.05294945976
2025-10-16,423624.83341735956
2025-10-17,418763.5557955939
2025-10-20,418438.1617536504
2025-10-21,408162.55275337177
2025-10-22,400936.0640786627
2025-10-23,407845.66051062616
2025-10-24,412690.40215539373
2025-10-27,415805.4890300374
2025-10-28,417054.1598964734
2025-10-29,421610.1998907627
2025-10-30,419020.6479308068
2025-10-31,424902.75075001095
2025-11-03,429257.4876399922
2025-11-04,419230.6132297014
2025-11-05,437635.6952239778
2025-11-06,437842.2018418731
2025-11-07,439125.60494014615
2025-11-10,452068.6574315572
2025-11-11,446409.65693167236
2025-11-12,444623.4568300203
2025-11-13,419710.44782511186
2025-11-14,414417.4929749328
2025-11-17,412773.19267734746
2025-11-18,414896.4022035222
2025-11-19,412697.6308974838
2025-11-20,396852.0645664353
2025-11-21,400408.073888512
2025-11-24,401582.1678696702
2025-11-25,409287.1138768387
2025-11-26,412503.64592081343
2025-11-28,413641.90140820545
2025-12-01,408639.7864029201
2025-12-02,407208.8660231738
2025-12-03,408838.36715781596
2025-12-04,405632.6736898945
2025-12-05,411061.57479391736
2025-12-08,413176.45152188546
2025-12-09,412593.4804762728
2025-12-10,423041.0637241784
2025-12-11,430526.9777003211
2025-12-12,419555.33183513663
2025-12-15,417646.04731189186
2025-12-16,412037.78696753905
2025-12-17,405561.76756436663
2025-12-18,410347.6451687668
2025-12-19,415927.8816282387
2025-12-22,418464.62207527243
2025-12-23,416873.49546337244
2025-12-24,417457.5583932504
2025-12-26,416019.24237052945
2025-12-29,409881.28553975816
2025-12-30,408271.27039105823
2025-12-31,403178.86536917347
2026-01-02,411477.2162143553
2026-01-05,414958.10136695893
2026-01-06,425089.0389122184
2026-01-07,419864.35156675486
2026-01-08,417753.2511766929
2026-01-09,428526.7886416323
2026-01-12,429454.78848500934
2026-01-13,426415.0792757752
2026-01-14,426459.29110943084
2026-01-15,434613.0664363407
2026-01-16,443030.0014341412
2026-01-20,440119.5637258735
2026-01-21,442647.63282306335
2026-01-22,443740.0058922325
2026-01-23,438503.235726424
2026-01-26,427224.6062318272
2026-01-27,439366.2766347229
2026-01-28,450524.0552259433
2026-01-29,457136.891055669
2026-01-30,437121.4736402983
2026-02-02,443663.4867953025
2026-02-03,448090.43318554317
2026-02-04,443777.25347128813
2026-02-05,442461.22215159686
2026-02-06,462570.2405612776
2026-02-09,464191.77296240145
2026-02-10,457213.38468533795
2026-02-11,470148.29381077754
2026-02-12,463861.13830935385
2026-02-13,462115.4765480253
2026-02-17,461068.0864882555
2026-02-18,463976.2241896258
2026-02-19,462835.2005899029
2026-02-20,469630.2461417203
2026-02-23,467066.6627383269
2026-02-24,473337.8984997794
2026-02-25,479001.0093301057
2026-02-26,476004.1954218128
2026-02-27,474781.4630859489
2026-03-02,479670.24423317437
2026-03-03,464014.4946240595
2026-03-04,463731.3328631041
2026-03-05,444841.97884760745
2026-03-06,429714.59159627196
2026-03-09,434959.5457783921
2026-03-10,431459.3841647846
2026-03-11,434238.08509811445
2026-03-12,432058.27565239207
2026-03-13,434903.95722139603
2026-03-16,435254.8085174359
2026-03-17,439212.63369436667
2026-03-18,439353.7552851588
2026-03-19,442142.55189634714
2026-03-20,440083.76156096626
2026-03-23,437979.49755195575
2026-03-24,442926.43203830626
2026-03-25,444732.58082719555
2026-03-26,446779.5804460291
2026-03-27,449185.38175425166
2026-03-30,449185.38175425166
2026-03-31,449185.38175425166
2026-04-01,449185.38175425166
2026-04-02,449185.38175425166
2026-04-06,449185.38175425166
2026-04-07,449185.38175425166
2026-04-08,449185.38175425166
2026-04-09,449185.38175425166
2026-04-10,446025.4010481904
2026-04-13,441936.9221396871
2026-04-14,441763.2811906645
2026-04-15,439699.5334407731
2026-04-16,441448.6135482623
2026-04-17,444731.6131173919
2026-04-20,447927.04671534215
2026-04-21,445482.8306570552
2026-04-22,443479.6637558737
2026-04-23,442802.83241164114
2026-04-24,440117.24059482757
2026-04-27,443011.7664600145
2026-04-28,445021.76727428474
2026-04-29,439522.00040746405
2026-04-30,448430.910334427
2026-05-01,447519.7687903182
2026-05-04,451932.51815885754
2026-05-05,462920.2161932668
2026-05-06,468716.30357143644
2026-05-07,458293.21583565586
2026-05-08,473501.3984242681
2026-05-11,483465.6596038914
2026-05-12,468874.09354319144
2026-05-13,475167.97506231396
2026-05-14,475233.80873485754
2026-05-15,460102.2373825864
2026-05-18,449271.62501404656
2026-05-19,446214.45324518124
2026-05-20,455247.81892505346
2026-05-21,456077.5261956355
2026-05-22,462855.14459770545
2026-05-25,440729.8410446834
2026-05-26,475043.02294313064
2026-05-27,466689.0380917614
2026-05-28,466594.60350008606
2026-05-29,466116.98146268073
2026-06-01,466870.5853974039
2026-06-02,467304.7645790549
2026-06-03,466871.17575249675
2026-06-04,467226.97690727294
2026-06-05,465411.2053036168
2026-06-08,465748.0299624774
2026-06-09,465610.7373906615
2026-06-10,465610.7373906615
2026-06-11,465610.7373906615
2026-06-12,465610.7373906615
2026-06-15,465610.7373906615
2026-06-16,465610.7373906615
2026-06-17,465610.7373906615
2026-06-18,465610.7373906615
2026-06-22,465610.7373906615
2026-06-23,465610.7373906615
2026-06-24,465610.7373906615
2026-06-25,465610.7373906615
2026-06-26,465610.7373906615
2026-06-29,465610.7373906615
2026-06-30,465610.7373906615
2026-07-01,465610.7373906615
2026-07-02,465610.7373906615
2026-07-06,465610.7373906615
2026-07-07,465610.7373906615
2026-07-08,465610.7373906615
2026-07-09,465610.7373906615
2026-07-10,465610.7373906615
2026-07-13,465610.7373906615
2026-07-14,465610.7373906615
2026-07-15,465610.7373906615
2026-07-16,465610.7373906615
2026-07-17,465610.7373906615
2026-07-20,465610.7373906615
2026-07-21,465610.7373906615
2026-07-22,465610.7373906615
2026-07-23,465610.7373906615
2026-07-24,465610.7373906615
2026-07-27,465610.7373906615
2026-07-28,465610.7373906615
2026-07-29,465610.7373906615
2026-07-30,465610.7373906615
2026-07-31,465610.7373906615
2026-08-03,465610.7373906615
2026-08-04,465610.7373906615
2026-08-05,465610.7373906615
2026-08-06,465610.7373906615
2026-08-07,465610.7373906615
