ticker,entry_date,exit_date,entry_px,exit_px,ret,hold_days,reason
GOOG,2006-01-04,2006-01-23,10.96491122750594,10.052764090297357,-0.08318782690373483,11,open_exit
GOOGL,2006-01-04,2006-01-23,11.016478508098867,10.100039834637265,-0.08318798723093535,11,open_exit
AON,2006-01-04,2006-01-26,29.438742790090256,28.545265744209292,-0.03035038052581951,15,close_exit
SRPT,2006-01-23,2006-01-27,46.52325,45.75710877990723,-0.016467921310157174,3,open_exit
MSTR,2006-01-04,2006-02-01,8.70034809923172,9.145424618721009,0.05115617380051618,19,close_exit
RGLD,2006-01-04,2006-02-02,29.368121996035125,29.482346560478213,0.0038894064951959795,20,close_exit
EXP,2006-01-27,2006-02-03,45.389305674799914,41.827018226123954,-0.07848296852563963,4,open_exit
FCX,2006-01-04,2006-02-07,18.23918229521889,18.52028577709198,0.01541206603032741,23,close_exit
NEM,2006-01-04,2006-02-07,38.57871414035527,38.18052710914612,-0.010321417913528252,23,close_exit
AU,2006-01-04,2006-02-07,39.77180876176287,43.834238756179815,0.10214345590242857,23,close_exit
RS,2006-02-03,2006-02-10,28.965106143443233,26.912395560560284,-0.07086839498247843,4,open_exit
SCCO,2006-02-03,2006-02-13,5.542989109990953,5.015185445906836,-0.09522004348389901,5,open_exit
FTI,2006-01-23,2006-02-13,7.769654417427642,7.357624107599259,-0.05303071252489466,15,close_exit
AMD,2006-01-04,2006-02-21,32.51625,40.02997423744202,0.23107597700971105,32,close_exit
MU,2006-02-13,2006-03-01,15.951466284640588,15.214278577704013,-0.04621441651708236,10,open_exit
WCC,2006-02-02,2006-03-07,49.4474243997651,54.743561029434204,0.10710642048515395,22,close_exit
BLK,2006-02-14,2006-03-08,87.40481184443061,82.32413563919067,-0.05812810642831534,15,close_exit
URI,2006-01-27,2006-03-09,27.545529734589444,30.158954727172855,0.09487655593356337,28,close_exit
VRTX,2006-02-08,2006-03-09,35.97797908401489,37.96100954246521,0.055117894582672244,20,close_exit
NUE,2006-01-04,2006-03-31,19.47757433421117,29.45918958091736,0.5124670595749745,60,close_exit
FDX,2006-03-10,2006-03-31,72.77821163373399,73.26330729675293,0.006665396856139427,15,close_exit
CIEN,2006-02-10,2006-04-04,28.504244771003723,34.352813932418826,0.20518239330321175,36,close_exit
CSCO,2006-03-01,2006-04-06,13.073481074576398,13.573096493244172,0.03821594384982596,26,close_exit
AKAM,2006-04-03,2006-04-10,33.16657652664184,31.044469466209414,-0.06398330134338082,4,open_exit
APD,2006-03-08,2006-04-11,35.8334620002269,36.946986625671386,0.031074994245251286,24,close_exit
ROK,2006-03-10,2006-04-11,45.86311017484962,46.43157606506348,0.012394839513644618,22,close_exit
CHRW,2006-02-09,2006-04-17,27.196302474034812,31.75774332714081,0.16772283134668586,45,close_exit
RS,2006-02-22,2006-04-25,30.120146485685527,32.41602341270447,0.07622396285854882,43,close_exit
QCOM,2006-03-09,2006-04-26,31.116093821451763,32.03837038421631,0.029639856726769498,33,close_exit
OSK,2006-04-26,2006-05-01,50.42856499723345,47.84754757914295,-0.05118165504475691,2,open_exit
RSG,2006-02-08,2006-05-01,16.689023824113587,18.70538719558716,0.12081973114330258,56,close_exit
SWK,2006-04-10,2006-05-02,30.889738398885438,30.69399019145966,-0.006336997901958408,15,close_exit
AA,2006-04-07,2006-05-03,62.60584471956792,65.0361835975647,0.038819680317118355,17,close_exit
WCC,2006-04-03,2006-05-11,66.35319477030461,72.53305126953126,0.09313577922840799,27,close_exit
CAT,2006-04-12,2006-05-12,46.42011877215045,47.108270019531254,0.014824418066626155,21,close_exit
DE,2006-04-12,2006-05-15,27.809235429477763,29.767762481689456,0.07042721678481167,22,close_exit
CRS,2006-04-18,2006-05-15,38.794196212593796,42.634456714630126,0.09899059336070648,19,close_exit
NEU,2006-04-27,2006-05-16,38.029395392017385,35.57570644428096,-0.0645208508429631,12,open_exit
HXL,2006-05-12,2006-05-16,22.39524147825809,20.546694184585395,-0.0825419674740866,1,open_exit
STLD,2006-05-02,2006-05-18,10.470812203009437,9.532399252414177,-0.0896217917389015,11,open_exit
GRMN,2006-05-04,2006-05-18,25.72395846697952,23.491967611285027,-0.08676700588517827,9,open_exit
LVS,2006-04-05,2006-05-18,36.816994061237985,41.72800403976441,0.13338975936921682,30,close_exit
JLL,2006-05-01,2006-05-22,78.48827235904007,74.40535226058961,-0.05201949253989657,15,close_exit
ADM,2006-05-03,2006-05-24,25.366999761535332,24.429311368942262,-0.03696489144983206,15,close_exit
BWA,2006-05-16,2006-06-06,11.841519925123382,11.412894085305844,-0.03619686007605749,13,open_exit
DGX,2006-05-16,2006-06-07,42.002941159461194,40.905104843139654,-0.026137129591798924,15,close_exit
DINO,2006-06-02,2006-06-08,10.388230302148253,9.569093588421035,-0.07885238292780472,3,open_exit
DIS,2006-05-17,2006-06-08,24.10217547214721,23.752058840751648,-0.014526349781170622,15,close_exit
LECO,2006-06-02,2006-06-13,20.817588432227513,19.054922746431334,-0.08467194418482271,6,open_exit
AES,2006-05-15,2006-06-13,11.375221168041229,11.214412190437317,-0.014136778109924197,20,close_exit
FE,2006-05-16,2006-06-14,21.621056681952094,21.5171634349823,-0.0048051882245199184,20,close_exit
CMCSA,2006-06-02,2006-06-23,6.887617923799955,6.52120237493515,-0.05319916884452425,15,close_exit
VFC,2006-06-02,2006-07-13,8.71810774638066,8.879370997905731,0.018497506135092268,28,close_exit
LH,2006-06-02,2006-07-18,48.83655366801492,50.54211437225342,0.03492385469770665,31,close_exit
WFC,2006-07-31,2006-08-21,20.83659215880133,20.528760560035707,-0.014773605799813905,15,close_exit
AKAM,2006-08-01,2006-08-23,39.03951045799255,38.17090362739563,-0.022249429370574725,16,close_exit
NEU,2006-08-22,2006-08-25,45.18461724760019,42.680435180674685,-0.05542111938678651,2,open_exit
UHS,2006-07-31,2006-08-25,25.458396493365377,25.999124671936038,0.021239679361250374,19,close_exit
MTB,2006-07-31,2006-08-25,67.20624559848122,67.23794776535034,0.0004717145941841583,19,close_exit
USB,2006-07-31,2006-08-25,16.786348794372707,16.938315393447876,0.00905298709902369,19,close_exit
RF,2006-07-31,2006-08-28,19.627948645973028,19.68946827316284,0.0031342871483635015,20,close_exit
MS,2006-07-31,2006-08-29,35.45485705119504,35.349420024871826,-0.002973838709065202,21,close_exit
BDX,2006-07-31,2006-09-07,35.4816875368215,37.29533836364746,0.051115123116504124,27,close_exit
ECL,2006-08-30,2006-09-08,35.549458541441325,33.11723823753885,-0.06841792825246962,5,open_exit
INGR,2006-07-31,2006-09-13,21.13851846777549,21.82883804035187,0.03265695150910086,31,close_exit
ESS,2006-08-28,2006-09-20,61.61757375792898,62.61906161689759,0.01625328291735495,16,close_exit
CAG,2006-08-29,2006-09-20,9.052400212579085,8.83074648809433,-0.024485630250499546,15,close_exit
EXC,2006-08-29,2006-09-20,20.43948942266147,20.005296913146974,-0.021242825617410088,15,close_exit
JNJ,2006-08-25,2006-09-22,36.49776577976497,36.02756665229798,-0.012882956461068629,19,close_exit
BAX,2006-08-01,2006-09-28,15.6556043721681,16.73102735042572,0.06869252394813086,41,close_exit
LIN,2006-08-24,2006-10-06,39.37443684929703,39.95301307296753,0.014694209491426191,30,close_exit
AKAM,2006-09-14,2006-10-17,45.13255561065674,48.975500000000004,0.0851479455871067,23,close_exit
VFC,2006-09-08,2006-10-23,9.62113296981503,10.268247402191163,0.06725969118256292,31,close_exit
RNR,2006-09-29,2006-10-25,44.77012976856985,44.68540979003907,-0.0018923326550253083,18,close_exit
ORCL,2006-09-08,2006-10-27,12.749984483771705,14.36411314058304,0.12659848008958852,35,close_exit
M,2006-09-21,2006-10-27,22.146587684092907,23.25319722080231,0.04996749623438568,26,close_exit
KMX,2006-09-21,2006-11-01,21.41069961833954,21.389299618721008,-0.0009995002498750516,29,close_exit
PTC,2006-09-21,2006-11-01,17.918954847335815,18.930530533790588,0.05645282858699607,29,close_exit
BAX,2006-10-09,2006-11-01,17.064612942073254,16.999140830993653,-0.0038367182016872947,17,close_exit
SRE,2006-08-29,2006-11-03,12.764001185079264,14.381315495491028,0.12670903793885224,47,close_exit
MAT,2006-10-30,2006-11-21,13.720994152155843,14.104328699588777,0.027937811442963367,16,close_exit
CMCSA,2006-09-26,2006-11-22,7.497784854981419,8.192829560279847,0.092700006567493,41,close_exit
AEP,2006-10-18,2006-11-27,18.83127896554826,19.220569462776186,0.020672546880120546,27,close_exit
ED,2006-11-02,2006-11-27,21.478474036611473,21.272353726387024,-0.009596599361439861,16,close_exit
D,2006-11-02,2006-11-27,18.307149084937247,17.829412056922912,-0.02609565398729441,16,close_exit
HAS,2006-11-06,2006-11-28,14.846108361519448,14.520243074893953,-0.02194954251244219,15,close_exit
HOG,2006-10-24,2006-12-06,43.702871070132545,46.53367876625061,0.06477395252992202,30,close_exit
SGI,2006-11-22,2006-12-14,4.750294370635532,4.649351769685746,-0.021249756977962164,15,close_exit
ES,2006-11-29,2006-12-20,14.135579177026617,14.208113794326783,0.005131350926041334,15,close_exit
FFIV,2006-12-15,2006-12-21,39.04451402664184,36.926527194976806,-0.054245439710680965,3,open_exit
OKE,2006-11-29,2006-12-21,6.789011645083073,6.905828996181488,0.017206827327070462,16,close_exit
RL,2006-11-29,2006-12-22,59.24367299121538,59.890133489608765,0.010911890937100432,17,close_exit
ETR,2006-10-26,2006-12-29,19.693582139964935,21.140269151687622,0.07345982063805812,44,close_exit
EQIX,2006-12-07,2006-12-29,58.13126962672004,55.58852102851868,-0.04374149428576368,15,close_exit
NEE,2006-10-30,2007-01-05,7.138055077657261,7.652437126159668,0.07206193324459886,45,close_exit
DTE,2006-11-02,2007-01-05,18.219723542907012,19.061345449447632,0.04619290213480021,42,close_exit
PNW,2006-11-29,2007-01-09,20.52346400118806,21.196387700080873,0.03278801760043337,26,close_exit
ACN,2006-12-22,2007-01-19,25.712743088274802,25.743095829010013,0.0011804551786251949,16,close_exit
TPR,2006-12-21,2007-01-22,28.386007956350305,28.28688440990448,-0.0034919861432523014,18,close_exit
C,2006-12-28,2007-01-23,374.2797851844801,359.96686866760257,-0.03824122243156358,15,close_exit
PPLI,2006-11-24,2007-01-26,5.093018092928452,5.455069105148316,0.07108771373158151,41,close_exit
KMX,2006-12-21,2007-02-05,26.83841326332092,28.560713262557986,0.06417294429216014,28,close_exit
PVH,2007-01-08,2007-02-05,50.592700994321326,52.16600828742981,0.03109751529741578,19,close_exit
ROST,2007-01-08,2007-02-05,6.34203148407803,6.559037642478943,0.034217136724363106,19,close_exit
HAS,2007-01-10,2007-02-09,15.102830610979927,15.551204310894013,0.02968805725650614,21,close_exit
EQIX,2007-01-22,2007-02-12,60.839131502824245,58.88912362480164,-0.03205186908251778,15,close_exit
MS,2007-01-23,2007-02-13,45.130616423973265,44.060596467971806,-0.023709402635880394,15,close_exit
MGM,2007-01-24,2007-02-14,66.90478886981415,66.44140257263184,-0.006926055742945136,15,close_exit
T,2007-01-03,2007-02-21,6.765130538039906,7.149101197242738,0.05675731710479037,33,close_exit
TTWO,2007-02-15,2007-02-27,20.328904760476597,18.74946206404488,-0.07769443140402055,6,open_exit
ICE,2007-01-04,2007-02-27,19.686552553174295,24.57170763397217,0.24814680313390802,36,close_exit
ATI,2007-01-29,2007-02-27,83.59561751090136,82.138506149292,-0.017430475484188523,20,close_exit
AKAM,2007-02-06,2007-02-28,57.87892347335815,51.90403530502319,-0.10323081028079617,14,open_exit
GNTX,2007-02-06,2007-02-28,5.882508453531508,5.580470546515453,-0.05134508677751737,14,open_exit
DE,2007-02-22,2007-02-28,39.98030810843786,37.36668093116127,-0.06537286231480999,3,open_exit
MSTR,2007-02-27,2007-03-06,12.962478328227997,12.383805343151094,-0.04464215641670499,4,open_exit
MTD,2007-02-12,2007-03-06,88.7443469467163,87.1364103050232,-0.01811875006143815,15,close_exit
TSN,2007-02-13,2007-03-07,12.861586912102764,12.623743259429933,-0.01849255883416845,15,close_exit
VMC,2007-02-06,2007-03-13,84.0927329837185,92.67377848052979,0.10204265210969776,24,close_exit
AVT,2007-02-14,2007-03-28,26.615496611878,27.78432057094574,0.04391516626994352,29,close_exit
MTN,2007-03-13,2007-03-30,37.991966978982674,35.829903799726885,-0.056908429628080404,12,open_exit
OKE,2007-03-13,2007-04-03,7.104008529675082,7.211791565656663,0.01517214337952244,15,close_exit
LNT,2007-03-13,2007-04-04,10.885100498930187,11.033186472892762,0.013604465478029182,16,close_exit
M,2007-03-13,2007-04-11,23.859353145448825,23.920812922477722,0.002575919667823001,20,close_exit
ES,2007-03-13,2007-04-17,15.288730888300247,16.72024287414551,0.09363183879053905,24,close_exit
ABT,2007-03-01,2007-04-26,16.53373340116102,17.588447546958925,0.0637916506942009,39,close_exit
PEG,2007-03-13,2007-04-30,18.870998388648058,21.15207736206055,0.12087749288265992,33,close_exit
STLD,2007-03-30,2007-04-30,14.259885250337582,14.530936997413637,0.019007989357392452,20,close_exit
CF,2007-04-27,2007-05-01,5.846986174581699,5.445970484906207,-0.06858502443854009,1,open_exit
AMKR,2007-04-04,2007-05-01,12.576729760249792,12.99132194375992,0.03296502281701974,18,close_exit
EL,2007-03-13,2007-05-03,19.22249374896516,18.48422441005707,-0.038406532916564706,36,close_exit
ARW,2007-04-12,2007-05-03,40.52025,40.28984637260437,-0.005686135386519631,15,close_exit
MLM,2007-05-04,2007-05-11,121.89173222101137,115.2211046626798,-0.054725841013043675,4,open_exit
EQT,2007-03-30,2007-05-17,21.522131529061117,22.92291810703278,0.06508586642917757,33,close_exit
RS,2007-04-05,2007-05-22,36.38676687220796,43.20546394538879,0.1873949696363082,32,close_exit
KO,2007-05-01,2007-05-22,14.52476315415254,14.312843507766724,-0.014590230775999191,15,close_exit
CLF,2007-03-21,2007-05-24,24.8157664413806,28.95019737815857,0.16660500680260104,45,close_exit
IBM,2007-05-01,2007-05-24,52.85716752735217,53.99152634620667,0.021460832502375515,17,close_exit
LBTYA,2007-05-14,2007-06-06,8.19628912782669,8.183756073474884,-0.001529113255565373,16,close_exit
L,2007-05-01,2007-06-07,42.76801285576298,45.0385770816803,0.05309024371964388,26,close_exit
NRG,2007-05-04,2007-06-07,30.276147968506628,30.631370836257936,0.011732762969741461,23,close_exit
TTC,2007-05-25,2007-06-18,11.153925632095168,11.092851869106294,-0.005475539734022927,15,close_exit
CE,2007-05-02,2007-06-20,26.183656191816652,27.869856699943544,0.06439897070806677,34,close_exit
MGM,2007-05-23,2007-06-20,75.71204902093788,76.08949969482423,0.004985344852864282,19,close_exit
CAR,2007-06-11,2007-06-26,29.059301056260022,25.83949127856162,-0.11080134967681143,10,open_exit
SCCO,2007-04-18,2007-06-27,11.390750164896847,13.156635935783386,0.15502804866430253,49,close_exit
CROX,2007-05-18,2007-06-27,38.434208415985104,43.01848091506958,0.11927584014395465,27,close_exit
MLM,2007-05-23,2007-06-27,122.32550614668784,129.177337638855,0.05601310559018424,24,close_exit
HPQ,2007-06-07,2007-06-28,12.629060287701614,12.323599483966827,-0.02418713639622494,15,close_exit
MTN,2007-06-11,2007-07-02,40.07151881200531,40.13802489089966,0.0016596845057548215,15,close_exit
ACN,2007-06-21,2007-07-17,29.41505060130383,29.35762638950348,-0.0019522050999907226,17,close_exit
AMKR,2007-06-28,2007-07-20,14.49159187621925,13.678497257709504,-0.05610802632691014,15,close_exit
GWW,2007-06-28,2007-07-20,68.29718813628149,68.12657946014404,-0.002498033678883127,15,close_exit
PNR,2007-06-29,2007-07-23,18.30247983203,17.845141721725465,-0.024987767477507306,15,close_exit
AXON,2007-05-25,2007-07-24,10.265130228996277,15.2023950381279,0.48097439574464973,40,close_exit
DECK,2007-06-19,2007-07-24,5.3637917196750635,5.643287955999375,0.05210795849866501,24,close_exit
TRMB,2007-06-21,2007-07-24,15.897945343494415,16.42678196620941,0.03326446350700296,22,close_exit
CF,2007-07-03,2007-07-25,8.547413456591865,8.155857424868003,-0.04580988549487908,14,open_exit
LBTYA,2007-06-28,2007-07-25,8.95009620952606,9.257996287822724,0.03440187357639224,18,close_exit
VMI,2007-07-24,2007-07-26,72.12054602464664,67.51395335511893,-0.0638735134916123,1,open_exit
AYI,2007-07-25,2007-07-27,48.82445697677273,45.12658011352406,-0.07573820769799577,1,open_exit
PPG,2007-07-23,2007-07-30,26.775394899520805,25.16895035536763,-0.05999704393461347,4,open_exit
LMT,2007-07-25,2007-08-01,59.23725489551849,56.134823367804884,-0.05237297935540086,4,open_exit
NOV,2007-07-26,2007-08-02,42.64763360788416,40.49068681620704,-0.05057600174276433,4,open_exit
ALGN,2007-07-26,2007-08-02,27.423704847335813,25.67715553379059,-0.06368757698013583,4,open_exit
FTI,2007-07-26,2007-08-02,15.213954730004078,14.361111289618103,-0.05605665689960593,4,open_exit
SGI,2007-07-23,2007-08-03,7.5223464583764335,7.1509470481674695,-0.04937281369105195,8,open_exit
SCCO,2007-07-18,2007-08-06,15.865475977653709,14.855020047056197,-0.06368897674552754,12,open_exit
GME,2007-08-09,2007-08-10,7.256753026472279,6.6455157154247875,-0.08423013830258907,0,open_exit
FAST,2007-08-09,2007-08-13,3.9688693310203518,3.7931638441132867,-0.044270917546658906,1,open_exit
WBD,2007-08-09,2007-08-14,11.987735638618469,11.354720952987671,-0.05280519229933145,2,open_exit
FLS,2007-08-09,2007-08-14,18.90020316937718,17.473586177993294,-0.07548156909209014,2,open_exit
UAA,2007-08-09,2007-08-15,8.112804718494415,7.634930701255799,-0.05890367558696774,3,open_exit
AMAT,2007-08-09,2007-08-15,16.809186791896682,15.218593846157503,-0.09462640670433664,3,open_exit
APD,2007-08-09,2007-08-16,51.17493005401297,47.552292769232984,-0.07078929626198693,4,open_exit
GRMN,2007-06-26,2007-08-16,39.29927906283086,48.62920335578919,0.23740700886756305,36,close_exit
ROP,2007-08-09,2007-09-17,55.82472918843126,55.12750897407532,-0.012489450902709143,26,close_exit
CMI,2007-09-19,2007-09-21,44.883149537932844,42.877839814511155,-0.044678453808748575,1,open_exit
BIIB,2007-07-25,2007-10-02,56.968468626022336,65.62717366027833,0.15199118465158867,48,close_exit
GRMN,2007-09-19,2007-10-03,59.61331479661717,53.64169198337588,-0.10017263481513627,9,open_exit
PH,2007-09-19,2007-10-04,56.4326014673691,52.5100485169931,-0.06950863239299943,10,open_exit
LVS,2007-10-03,2007-10-04,85.3678375299388,79.44647166930666,-0.06936295954030103,0,open_exit
LKQ,2007-09-21,2007-10-16,7.521135901762526,7.597053016424179,0.010093836310531623,17,close_exit
GME,2007-09-19,2007-10-19,8.836432677360095,9.545985842227937,0.08029859908125525,22,close_exit
FCX,2007-09-19,2007-10-19,36.56630642464177,38.153696506500246,0.04341127767798669,22,close_exit
SLB,2007-09-19,2007-10-19,69.22267961416424,65.11493296051026,-0.05934105233356868,22,close_exit
J,2007-09-19,2007-10-22,57.491777125551494,60.53126936531067,0.05286829511499502,23,close_exit
OXY,2007-09-19,2007-10-22,37.25671441247083,37.75805473518372,0.01345637506202313,23,close_exit
MOS,2007-10-17,2007-10-23,45.866804922526235,44.19427319213922,-0.03646497141477578,3,open_exit
ILMN,2007-10-04,2007-10-25,26.545366727828977,26.62578529071808,0.0030294764323144374,15,close_exit
DECK,2007-10-23,2007-10-26,6.626644643783569,7.286910676002503,0.0996380623545774,2,open_exit
IONS,2007-09-19,2007-10-30,14.55727519083023,16.651669847488403,0.14387271169933324,29,close_exit
UTHR,2007-10-23,2007-11-01,36.25812167930603,44.84756393241882,0.23689705520556892,6,open_exit
CROX,2007-11-01,2007-11-02,53.62679847335815,48.53572137260437,-0.09493531677605238,0,open_exit
CRL,2007-10-04,2007-11-05,57.07852423667907,57.091438932418825,0.00022626190695129722,22,close_exit
CIEN,2007-10-03,2007-11-08,43.86192015266418,46.176900762557985,0.05277882504542353,26,close_exit
AAPL,2007-10-23,2007-11-09,5.647447449945554,5.1208862461000715,-0.09323879655587752,12,open_exit
NDAQ,2007-10-26,2007-11-12,11.830478148973778,11.058218342267553,-0.06527714239286386,10,open_exit
STLD,2007-10-23,2007-11-13,17.169943754739226,15.541201810817212,-0.0948600628626084,14,open_exit
MOS,2007-10-26,2007-11-13,47.37984944863482,44.611751577650914,-0.05842352610226931,11,open_exit
PKG,2007-10-23,2007-11-13,16.96646004820747,16.921750727653503,-0.002635159038888002,15,close_exit
AME,2007-10-23,2007-11-15,18.138116713253943,17.931034346580507,-0.011416971780874974,17,close_exit
PH,2007-11-06,2007-11-23,59.23234959781848,55.981887189866306,-0.05487647256984529,11,open_exit
UTHR,2007-11-02,2007-11-30,48.524249999999995,50.014980915069586,0.030721359218732758,19,close_exit
CF,2007-12-07,2007-12-12,13.434289870413867,12.755999288942446,-0.050489500227712814,2,open_exit
AGCO,2007-10-31,2007-12-17,46.4062756680586,50.446127386093146,0.08705399560463278,32,close_exit
BLK,2007-12-07,2007-12-18,135.54253677475256,130.63762300746544,-0.03618726551826468,6,open_exit
DECK,2007-12-07,2007-12-31,8.884996384620665,8.610136557102203,-0.03093527736198365,15,close_exit
FLS,2007-12-07,2007-12-31,24.340643770501774,23.759514751434327,-0.02387484178917698,15,close_exit
APD,2007-12-07,2007-12-31,59.23131569869364,57.25390572357178,-0.03338453572736477,15,close_exit
LIN,2007-12-07,2008-01-02,61.55570942281145,61.64875233650208,0.001511523700450601,16,close_exit
GAP,2007-12-07,2008-01-02,12.477588797235951,11.84156942510605,-0.050972938960033076,16,close_exit
MA,2007-12-07,2008-01-04,18.795144925014,18.28291100883484,-0.02725352308922291,18,close_exit
EOG,2007-12-07,2008-01-04,30.491981188195496,30.3966002035141,-0.0031280678055225497,18,close_exit
FSLR,2007-12-24,2008-01-07,268.4041240081787,249.4851956100464,-0.07048672768364705,7,open_exit
STLD,2007-12-24,2008-01-08,19.007929996496237,18.195297201505397,-0.042752303651193646,8,open_exit
KO,2007-12-13,2008-01-16,18.019856043002598,17.73851895809174,-0.015612615563602494,22,close_exit
ADM,2008-04-22,2008-05-01,29.707204573740164,27.293656826138097,-0.0812445257718909,6,open_exit
BKNG,2008-04-21,2008-05-08,5.047359529819004,4.780803163651477,-0.05281105191590851,12,open_exit
GIS,2008-04-21,2008-05-12,16.566892244757298,16.31073207950592,-0.015462173681514702,15,close_exit
HAS,2008-04-22,2008-05-20,19.438913342486803,19.913582158088687,0.02441848508910316,20,close_exit
AME,2008-04-22,2008-05-20,19.227076903249323,19.657846899986268,0.022404341486986334,20,close_exit
LIN,2008-04-21,2008-05-21,65.33743594924313,65.59693061065674,0.0039716076647879905,22,close_exit
RRC,2008-05-21,2008-05-23,69.20152584074083,64.17475477781653,-0.07263959864834224,1,open_exit
EOG,2008-05-21,2008-05-23,49.34129478429757,47.23471542356326,-0.042694042990633285,1,open_exit
FTI,2008-05-22,2008-05-28,25.11864065356869,23.828995909510848,-0.05134213916447017,2,open_exit
OXY,2008-04-22,2008-06-03,49.38002733787743,52.275012138366705,0.058626634219553164,29,close_exit
CE,2008-04-22,2008-06-03,34.41728039123542,36.28539894485474,0.0542785058082349,29,close_exit
CSX,2008-05-01,2008-06-03,5.092579595810031,5.271847868680954,0.03520185978407042,22,close_exit
NSC,2008-04-21,2008-06-06,39.96476017562226,41.996782852172856,0.05084536145396634,33,close_exit
WAB,2008-05-13,2008-06-06,21.35766790647094,20.974458543777466,-0.01794247220116063,17,close_exit
GEN,2008-05-28,2008-06-09,7.57607463883159,7.177636153921587,-0.05259167892404126,7,open_exit
UNP,2008-04-21,2008-06-11,23.367800689713416,25.21236881732941,0.07893631720455319,36,close_exit
LSTR,2008-06-04,2008-06-12,44.41075169267923,42.205600926496096,-0.04965353393346483,5,open_exit
SWKS,2008-06-10,2008-06-19,8.722409547900986,8.08793245131262,-0.07274103481429062,6,open_exit
TTEK,2008-05-23,2008-06-19,4.633759854009203,4.66356871008873,0.006432973874063608,18,close_exit
MDU,2008-05-23,2008-06-20,7.027599541873053,7.266640931606293,0.0340146572537241,19,close_exit
WDC,2008-06-04,2008-06-24,23.22469351434984,21.758556418066913,-0.06312837219475231,13,open_exit
FMC,2008-05-08,2008-06-26,20.42023358184375,23.954664777755738,0.173084758396425,34,close_exit
APH,2008-06-04,2008-06-26,5.2218967957071385,4.962263625383377,-0.049720088404888174,16,close_exit
MOS,2008-06-10,2008-07-01,100.14898921149246,101.71161569976807,0.015603018069165753,15,close_exit
COP,2008-06-10,2008-07-02,38.537733469692576,36.870033086776736,-0.04327448017220259,16,close_exit
STLD,2008-06-16,2008-07-03,26.317925095563115,22.41570010449406,-0.14827251680744857,12,open_exit
NDSN,2008-06-16,2008-07-03,30.589981352567303,28.159795848001433,-0.0794438373974986,12,open_exit
FNF,2009-04-03,2009-04-08,6.31547455889341,5.906972585738125,-0.06468270426013112,2,open_exit
FNF,2009-04-13,2009-04-15,6.9885120920393184,5.756535636129767,-0.17628594465950875,1,open_exit
DRI,2009-04-23,2009-04-29,21.012359274415562,19.861730891028973,-0.054759599736502795,3,open_exit
SMG,2009-04-23,2009-04-29,22.147319575372826,19.957073362193338,-0.09889441499796559,3,open_exit
AN,2009-04-29,2009-05-11,17.64881938934326,16.341825381278994,-0.07405560560348057,7,open_exit
AU,2009-05-29,2009-06-08,33.38063862742659,30.715850249239917,-0.07983035938674943,5,open_exit
DLTR,2009-05-28,2009-06-16,15.090874681949614,14.122935114383699,-0.06414072000237869,12,open_exit
FFIV,2009-06-12,2009-06-23,35.08753469467163,32.94351908493042,-0.0611047663621348,6,open_exit
VRTX,2009-06-29,2009-07-06,35.90794438934326,33.693144084930424,-0.06167995250293801,3,open_exit
FFIV,2009-06-29,2009-07-08,35.667826526641846,32.823580152511596,-0.07974263225727418,5,open_exit
ROST,2009-07-10,2009-08-04,8.643361373004655,8.881306941986084,0.02752928620161499,17,close_exit
SWKS,2009-07-16,2009-08-06,8.753724401442994,8.846662979602813,0.010617032693478246,15,close_exit
OSK,2009-07-06,2009-08-10,16.694536022737687,21.284038021087646,0.274910425309163,25,close_exit
FFIV,2009-07-21,2009-08-11,37.08853469467163,36.26185877990723,-0.022289257895194425,15,close_exit
ADM,2009-07-23,2009-08-13,18.742817690117683,17.855412849416094,-0.04734639451620337,14,open_exit
SMG,2009-07-21,2009-08-14,22.853304446119054,23.19992873287201,0.015167359607455744,18,close_exit
F,2009-07-24,2009-08-17,3.4689367098698805,3.701523175239563,0.067048345018208,16,close_exit
MTCH,2009-07-22,2009-08-28,4.5661720811985615,4.866758480548859,0.06582896877408029,27,close_exit
SBUX,2009-07-23,2009-08-31,6.347438550088204,7.001009100675583,0.10296603038060081,27,close_exit
TDC,2009-08-07,2009-09-01,26.97347908401489,25.63717461872101,-0.0495414203385357,17,close_exit
AGO,2009-08-31,2009-09-02,14.463004286246,13.376342017427756,-0.07513392427406229,1,open_exit
CTSH,2009-08-05,2009-09-02,14.700416668015482,15.053411225318909,0.0240125545605423,20,close_exit
DXC,2009-08-13,2009-09-03,15.308514569049608,14.537732648236698,-0.05034988321932021,14,open_exit
BALL,2009-08-13,2009-09-03,10.528684555037504,10.164155377864839,-0.03462248064011508,15,close_exit
NVR,2009-08-19,2009-09-11,628.314,654.9423845214844,0.04238069583279125,16,close_exit
CVS,2009-09-01,2009-09-23,24.92921314057315,24.0127164106369,-0.03676396542354632,15,close_exit
MSI,2009-09-14,2009-09-25,27.824294512514992,25.69211286684551,-0.07663021409978454,8,open_exit
BR,2009-09-03,2009-09-25,14.796246381259575,14.290354719638826,-0.0341905405320565,15,close_exit
JBL,2009-09-24,2009-09-28,10.787221185649951,9.98405451681211,-0.07445538151255116,1,open_exit
GAP,2009-09-04,2009-09-29,12.701446593924318,12.960649002075195,0.020407313941300576,16,close_exit
SWKS,2009-09-08,2009-09-29,9.881217902714306,10.16857726097107,0.029081370442992416,15,close_exit
CAG,2009-09-08,2009-09-30,8.842295041745302,9.132540248394013,0.032824646234765664,16,close_exit
MU,2009-07-23,2009-10-01,5.89277525160544,7.31961821770668,0.24213429244777473,49,close_exit
BKNG,2009-08-11,2009-10-01,5.839340299053991,6.334603959798813,0.08481500227432504,36,close_exit
FIS,2009-08-20,2009-10-01,18.60465013776689,18.661124517440797,0.003035498074713372,29,close_exit
CIEN,2009-09-08,2009-10-01,13.82690969467163,15.042475190639497,0.08791302777050025,17,close_exit
AES,2009-09-30,2009-10-02,9.580115398498094,8.524443493667018,-0.11019406979132806,1,open_exit
CTAS,2009-09-25,2009-10-16,6.015365383172519,5.826105036735535,-0.03146281803037665,15,close_exit
ISRG,2009-09-29,2009-10-21,28.839968579292297,28.02042758655548,-0.028416847628789155,16,close_exit
WSM,2009-09-30,2009-10-21,6.92148546051979,6.993178106784821,0.010357985532725156,15,close_exit
TNL,2009-10-01,2009-10-26,4.42555636351583,4.6916484780311585,0.06012625140400085,17,close_exit
CL,2009-10-05,2009-10-26,25.74169095188166,26.058720484733584,0.01231580059929005,15,close_exit
KO,2009-10-05,2009-10-26,16.12450302382563,15.934767163753511,-0.011766927625103452,15,close_exit
AMP,2009-10-02,2009-10-27,25.522241217969494,25.377098499298096,-0.0056869111702152475,17,close_exit
NTAP,2009-10-06,2009-10-27,19.7119179115976,20.409082803726196,0.0353676844259998,15,close_exit
OSK,2009-10-22,2009-10-28,28.62156641714247,26.615343541878676,-0.07009479656089668,3,open_exit
JBL,2009-10-06,2009-10-28,11.438460242252555,11.41868717622757,-0.0017286475282700664,16,close_exit
R,2009-10-19,2009-10-29,28.57105123379266,26.24282911481199,-0.08148885037267872,7,open_exit
FCX,2009-10-22,2009-10-29,28.825790977408058,26.756360565894273,-0.07179093240271128,4,open_exit
BBWI,2009-10-27,2009-10-29,6.422306687152758,6.030234696961158,-0.0610484689209726,1,open_exit
RGA,2009-10-28,2009-11-02,36.36398814581099,34.468703261778046,-0.05211983010315868,2,open_exit
OGE,2009-10-30,2009-11-03,9.291346741906182,8.722582144480725,-0.06121444105192986,1,open_exit
SYY,2009-10-28,2009-11-19,17.078912278073894,16.62974249267578,-0.02629967167023639,16,close_exit
TDC,2009-10-27,2009-11-27,29.054520915985105,28.815584923744204,-0.008223711309224946,22,close_exit
LHX,2009-10-29,2009-11-27,29.15154719931644,30.68601192855835,0.05263750560992153,20,close_exit
MTD,2009-11-02,2009-11-27,97.05850713729858,98.89053244018555,0.018875473741785553,18,close_exit
V,2009-10-29,2009-12-03,17.076204746107965,17.755585005760192,0.039785202259716046,24,close_exit
AXP,2009-10-30,2009-12-03,28.526713382315865,30.659427250862123,0.07476199027779895,23,close_exit
EL,2009-11-03,2009-12-09,17.74522355085827,19.42442218208313,0.09462820383255433,25,close_exit
AMZN,2009-12-01,2009-12-17,6.8504236221313475,6.464765935182572,-0.05629691070532472,11,open_exit
EW,2009-09-28,2009-12-22,5.776219739198685,7.269696406126022,0.2585560685637147,60,close_exit
WBD,2009-12-01,2009-12-22,16.51310662937164,16.067588560104372,-0.026979664049091245,15,close_exit
RCL,2009-12-17,2010-01-04,21.813349853847633,21.350488173348346,-0.021219192998806813,9,open_exit
VTR,2009-12-01,2010-01-04,23.935947081352513,24.307159111976624,0.01550855829361808,22,close_exit
NTAP,2009-11-20,2010-01-05,22.333334352460476,24.571368295669558,0.10021047049620324,29,close_exit
GOOGL,2009-10-27,2010-01-07,13.673685324917118,14.729324082374573,0.07720221230583668,49,close_exit
AMD,2009-12-04,2010-01-11,8.094045152664185,9.135430343151093,0.1286606598857596,24,close_exit
WSM,2010-01-08,2010-01-15,7.951792028394747,7.479795758741603,-0.059357220104312436,4,open_exit
CE,2009-10-28,2010-01-15,21.78578383425676,25.15760571575165,0.1547716578456506,54,close_exit
A,2009-12-04,2010-01-15,18.961189230300533,19.213742662429812,0.013319493258665993,28,close_exit
ROK,2009-12-10,2010-01-21,33.89675436333947,34.14213059997559,0.007238930134901178,27,close_exit
UAL,2009-12-23,2010-01-21,12.966480038166045,13.123435114383698,0.012104678814579106,18,close_exit
DD,2010-01-06,2010-01-22,36.36136486616944,33.39368332403713,-0.08161634066969359,10,open_exit
LULU,2009-12-23,2010-01-22,15.217605038166045,15.01249045753479,-0.013478768841537425,19,close_exit
STX,2010-01-22,2010-01-25,10.012911711901996,9.703385032927343,-0.030912754239781126,0,open_exit
JCI,2010-01-19,2010-01-27,12.529834824562743,11.919240376766982,-0.04873124477257973,5,open_exit
NYT,2010-01-05,2010-01-27,11.50287929318736,11.649883318424225,0.01277975900554984,15,close_exit
TXT,2010-01-12,2010-01-29,20.583773631607013,19.024592389518705,-0.07574807564411501,11,open_exit
HUN,2010-01-05,2010-01-29,7.051177740582603,7.2157926120758065,0.023345727132330296,17,close_exit
USB,2010-01-15,2010-02-05,15.26242216403761,14.406817582160556,-0.056059554157339986,13,open_exit
FITB,2010-01-22,2010-02-05,7.30847556574025,6.873485666877715,-0.05951855417039709,9,open_exit
ISRG,2010-01-25,2010-02-05,37.8678128414154,35.732125,-0.05639849997039259,8,open_exit
EFX,2010-02-02,2010-02-05,27.8527937602361,26.360036311836105,-0.0535945320692075,2,open_exit
HUM,2010-01-19,2010-02-09,42.96349352735055,41.222882631207874,-0.0405137188165251,14,open_exit
SIRI,2010-01-28,2010-03-01,5.90207591025308,6.9967940614223485,0.185480188295702,21,close_exit
STX,2010-02-17,2010-03-10,10.307563415935714,9.899619247436524,-0.039577167953048886,15,close_exit
COR,2010-01-27,2010-03-12,18.69457690710722,19.11431272697449,0.02245227704017716,31,close_exit
CAG,2010-02-17,2010-03-25,10.299782706114174,10.696946062088013,0.03856036261212337,26,close_exit
CAH,2010-02-02,2010-03-26,22.358295051978274,23.42727967643738,0.04781154475213523,37,close_exit
UAL,2010-03-11,2010-04-05,18.899444389343262,19.340325381278994,0.023327722384491212,16,close_exit
EL,2010-01-22,2010-04-06,21.88200770429731,25.861086425781252,0.18184248791314106,50,close_exit
NOC,2010-02-17,2010-04-08,38.599951591832976,42.33029521179199,0.09664114762123921,35,close_exit
LBTYA,2010-01-26,2010-04-16,5.450433892250061,6.282677097320557,0.1526930188537572,56,close_exit
INCY,2010-03-02,2010-04-16,11.575784694671631,13.843075381278993,0.1958649669469925,32,close_exit
CLF,2010-03-15,2010-04-16,53.2724093946071,58.673903072357184,0.10139383104937782,23,close_exit
LULU,2010-03-26,2010-04-20,19.519755228996274,20.949519084930422,0.07324701765779618,16,close_exit
EMR,2010-02-17,2010-04-27,30.35420099506494,32.84710125350952,0.08212702613552181,48,close_exit
DRI,2010-02-17,2010-04-28,21.596768765928932,24.396906467437745,0.12965540039148404,49,close_exit
AVY,2010-04-28,2010-05-03,29.21441386759101,27.58055636916272,-0.05592641720739111,2,open_exit
UAL,2010-04-09,2010-05-04,20.33015969467163,19.76011545753479,-0.0280393388786927,17,close_exit
ORI,2010-04-29,2010-05-06,5.19941037494479,4.812486346199339,-0.07441690515716592,4,open_exit
SWKS,2010-05-03,2010-05-06,13.663019192555662,12.749834435811755,-0.06683623464727761,2,open_exit
JLL,2010-03-29,2010-05-06,68.7357830903709,72.19650392913819,0.05034816922384189,27,close_exit
DDS,2010-04-06,2010-05-06,17.5134246609486,16.91732026576996,-0.034036997715691464,22,close_exit
CRM,2010-04-07,2010-05-06,19.3746611948355,19.871103865623475,0.02562329559188914,21,close_exit
LPX,2010-04-20,2010-05-07,9.8331867049621,9.11607591509959,-0.07292760845277524,12,open_exit
UDR,2010-05-05,2010-05-07,11.922177995557107,11.288704647521996,-0.05313402872119333,1,open_exit
WY,2010-04-19,2010-05-10,9.926338145831815,9.894966207008645,-0.0031604745236635257,14,open_exit
ZION,2010-04-21,2010-05-10,20.162006233557303,20.53657224391336,0.01857781443062123,12,open_exit
ICE,2010-05-11,2010-05-19,20.834887740254995,19.369459810174245,-0.07033529281990814,5,open_exit
CRUS,2010-05-12,2010-05-19,14.277135457992554,13.103444656848907,-0.08220772329274195,4,open_exit
OC,2010-04-19,2010-05-19,23.273771067811182,26.848221548080446,0.15358278079880705,22,close_exit
NEM,2010-05-12,2010-05-20,41.48846182689983,37.664999947164546,-0.09215723387595609,5,open_exit
VTR,2010-05-11,2010-05-21,27.52755499931251,24.736984631295844,-0.1013737096551568,7,open_exit
DOC,2010-05-11,2010-05-21,12.983181035993987,11.31725470722458,-0.12831418772879066,7,open_exit
MO,2010-05-11,2010-05-26,7.924643969421341,7.6144998929396515,-0.039136657454699075,10,open_exit
SO,2010-05-11,2010-05-27,17.415494241443987,16.55050646256336,-0.04966771352501731,11,open_exit
HAS,2010-05-11,2010-06-03,24.148856968935995,23.683918565750123,-0.019253019046986286,16,close_exit
CHD,2010-05-11,2010-06-04,13.344916402608483,12.909166806221009,-0.03265285320950373,17,close_exit
CTSH,2010-08-03,2010-08-16,27.104850838997066,25.379376002351687,-0.06365926331396199,8,open_exit
MTCH,2010-08-03,2010-08-16,6.498113949602977,6.136914554645478,-0.05558526639557737,8,open_exit
SPG,2010-08-03,2010-08-24,43.718450168609614,41.65169486236572,-0.04727421256410058,15,close_exit
BXP,2010-08-03,2010-08-24,45.87714192051848,43.24544486045838,-0.05736401506047362,15,close_exit
BWA,2010-08-03,2010-08-24,16.87137531651876,15.957020512104036,-0.05419562941732903,15,close_exit
LIN,2010-08-03,2010-08-24,64.85907135125431,63.91900564956666,-0.014493974121161712,15,close_exit
SBAC,2010-08-03,2010-08-24,33.10038315955473,33.04907236099243,-0.0015501572388139095,15,close_exit
DUK,2010-08-03,2010-08-26,26.48392227592845,26.185133534431458,-0.011281891646712894,17,close_exit
PCG,2010-08-03,2010-09-10,33.748402829659085,32.954358846664434,-0.023528342570831917,27,close_exit
FDS,2010-09-07,2010-10-04,66.09758121290393,67.33003426742555,0.018645963012652755,19,close_exit
NEE,2010-09-13,2010-10-04,8.857494061698041,8.597050108909608,-0.029403796488518874,15,close_exit
ADM,2010-09-13,2010-10-04,21.37512890085353,20.553965007781983,-0.038416792566745905,15,close_exit
FFIV,2010-10-05,2010-10-07,107.90392347335815,98.15089694976807,-0.09038620848664636,1,open_exit
CCI,2010-08-03,2010-10-08,24.61605876120154,25.67797909641266,0.0431393321535638,47,close_exit
SBAC,2010-09-13,2010-10-15,35.01634292095829,36.35761318588257,0.03830412181968601,24,close_exit
PPG,2010-09-13,2010-11-12,26.719440985267923,28.8671815032959,0.08038119207704075,44,close_exit
UAL,2010-10-07,2010-11-12,25.102545152664185,27.856065838813784,0.10969089665624443,26,close_exit
BWA,2010-09-07,2010-11-16,17.63042970899416,20.69358556175232,0.1737425521282383,50,close_exit
AXS,2010-09-07,2010-11-16,21.005550147722992,22.966197085380557,0.09333947094311634,50,close_exit
LVS,2010-10-05,2010-11-16,23.167158631056243,28.923732803344727,0.24847993938158774,30,close_exit
F,2010-11-16,2010-11-19,8.642179040640624,8.045917295645129,-0.0689943753990192,2,open_exit
DLTR,2010-11-18,2010-11-22,28.209097194671628,26.811588262557986,-0.04954107260042395,1,open_exit
BKNG,2010-10-18,2010-11-30,13.848103811433148,15.426429807662965,0.11397415976378888,30,close_exit
KO,2010-09-10,2010-12-06,17.8820271545368,19.899575874328615,0.11282550363871624,60,close_exit
TKR,2010-09-13,2010-12-07,19.178233103057874,24.473785656929017,0.27612306751171944,60,close_exit
DIS,2010-11-15,2010-12-08,31.617667102446195,31.2062366104126,-0.01301267708020637,16,close_exit
CRM,2010-11-22,2010-12-14,33.26638759126703,33.48366940689087,0.006531572297344246,15,close_exit
UAA,2010-10-11,2010-12-15,5.791644546747207,6.844076097488403,0.18171549414790644,46,close_exit
HUN,2010-12-08,2010-12-16,10.140900591881405,9.624872478950463,-0.05088582697912081,5,open_exit
AME,2010-12-01,2010-12-22,24.103496043792596,23.673889021873475,-0.01782343196765257,15,close_exit
AZO,2010-10-05,2010-12-30,232.35612549591062,275.36225,0.18508711320737836,60,close_exit
MAT,2010-11-17,2010-12-30,17.365333364771512,18.961471323966983,0.09191519250839741,29,close_exit
DKS,2010-11-17,2011-01-04,23.785887751092353,26.300439927101138,0.10571613732993024,32,close_exit
LULU,2010-12-07,2011-01-04,27.993989542007444,33.583198474884036,0.19965746305968612,19,close_exit
NOV,2010-11-19,2011-01-06,43.966857164652616,45.753909849166874,0.04064544977190154,32,close_exit
VRSN,2010-12-16,2011-01-07,30.69060860756329,30.33240807247162,-0.011671340235442584,15,close_exit
BWA,2011-01-04,2011-01-10,27.16068593797917,25.33489670076279,-0.06722176462647256,3,open_exit
REGN,2010-12-16,2011-01-12,31.585040389663657,32.32669355773926,0.023481153068853233,18,close_exit
SIRI,2010-12-23,2011-01-14,12.748481362854431,12.028199371547549,-0.05649943478017594,14,open_exit
AIG,2010-12-15,2011-01-14,31.95266496421614,33.50280198669434,0.048513544150830645,21,close_exit
AGCO,2011-01-04,2011-01-26,41.48072975598038,40.77644224739075,-0.016978667268699454,15,close_exit
ON,2011-01-05,2011-01-28,10.195094580173492,10.924535305023195,0.07154820576831655,16,close_exit
RCL,2011-01-18,2011-01-31,40.5852631838026,37.11423077617932,-0.08552445235857331,8,open_exit
ILMN,2011-01-14,2011-02-09,66.71621802520751,67.51486307144165,0.011970778168696405,17,close_exit
CF,2011-02-10,2011-02-22,20.937902511132666,19.149264506437042,-0.08542584452977597,6,open_exit
HUN,2011-01-07,2011-02-22,10.248162895255943,10.538313031196594,0.028312404760366006,30,close_exit
CE,2011-01-10,2011-02-22,32.933515825793684,32.12096685218811,-0.02467240296795703,29,close_exit
WY,2011-01-10,2011-02-22,11.65241151158749,13.68430890274048,0.174375698037476,29,close_exit
DAR,2011-01-31,2011-02-22,13.666829847335814,13.983004771232606,0.023134474302277663,15,close_exit
URI,2010-12-09,2011-02-24,22.142552305252806,28.944499163627626,0.30718892585662827,52,close_exit
DINO,2011-01-27,2011-02-24,11.596079339958706,13.705560440540314,0.181913303517387,19,close_exit
HAL,2011-01-31,2011-02-24,33.84498994925241,35.010196105957036,0.034427729435043464,17,close_exit
NOV,2011-01-13,2011-03-01,48.49506801697589,55.31110243415833,0.14055108479890066,31,close_exit
LNG,2011-02-28,2011-03-04,9.987717386912797,9.282056051228201,-0.07065291380883931,3,open_exit
BX,2011-01-05,2011-03-10,6.78560081586787,8.037547018527984,0.18450042032129055,44,close_exit
XOM,2011-02-23,2011-03-11,48.017516900681784,45.191758154348705,-0.058848497979972714,11,open_exit
NOV,2011-03-04,2011-03-11,58.65838770231676,52.57600856754353,-0.10369154988780915,4,open_exit
EXEL,2011-02-22,2011-03-15,10.515255228996276,11.14442461872101,0.05983396275439623,15,close_exit
HUM,2011-02-23,2011-03-16,55.312225594636416,54.75198729515076,-0.010128652272852645,15,close_exit
RVTY,2011-02-25,2011-03-17,25.537727071564394,24.081441687318005,-0.05702486286917541,13,open_exit
BKNG,2011-02-25,2011-03-18,18.2590581623625,17.5987744884491,-0.03616197878565541,15,close_exit
UHS,2011-03-02,2011-03-23,44.089651146190604,42.937451503753664,-0.02613310862035456,15,close_exit
KR,2011-03-11,2011-04-01,8.787769411356503,8.883724250793458,0.010919134873174086,15,close_exit
AGNC,2011-03-17,2011-04-07,3.800097748306681,3.72558688390255,-0.01960761784018139,15,close_exit
THC,2011-04-04,2011-04-12,30.535260457992553,26.42678053379059,-0.13454871065711094,5,open_exit
OLED,2011-03-17,2011-04-12,43.33574141030561,48.62202005958557,0.12198426696405473,18,close_exit
KBR,2011-03-21,2011-04-12,29.517799416244184,29.07389190864563,-0.015038638258184744,16,close_exit
JEF,2011-03-24,2011-04-14,22.63500290764822,22.2592600812912,-0.016600078554885545,15,close_exit
IRM,2011-04-15,2011-04-25,12.825914471652998,11.733936037578049,-0.08513844657925707,4,open_exit
JAZZ,2011-03-14,2011-04-27,28.68433507633209,32.913535305023196,0.14743936777466682,31,close_exit
HSY,2011-02-23,2011-05-04,35.5750165151248,39.5805721282959,0.11259462413652366,49,close_exit
HUN,2011-04-08,2011-05-04,11.853381687963342,12.0203930850029,0.014089767919069907,17,close_exit
HAL,2011-04-25,2011-05-05,38.66605205616894,36.07841401863099,-0.06692273712813945,7,open_exit
IPGP,2011-04-28,2011-05-17,68.03399999999999,63.48824045753479,-0.06681599703773411,12,open_exit
PSKY,2011-05-05,2011-05-17,20.37158002637482,19.268539344941814,-0.0541460544545348,7,open_exit
ULTA,2011-03-14,2011-05-17,45.19710966919342,51.62621636772156,0.1422459698326739,45,close_exit
AZO,2011-04-13,2011-05-17,276.35811122131344,281.33927098083495,0.01802429368730385,23,close_exit
ESS,2011-02-23,2011-05-19,71.76320265503968,82.96177899932862,0.15604900464266702,60,close_exit
BIIB,2011-04-12,2011-05-19,79.02949286270142,96.67164122009278,0.22323499390336732,26,close_exit
CI,2011-04-13,2011-05-24,40.37074128802632,42.78067339515686,0.059695017486471214,28,close_exit
TTWO,2011-05-18,2011-05-25,17.048520915985108,16.121934161186218,-0.05434997906065275,4,open_exit
SGI,2011-03-16,2011-06-01,11.669503379132196,14.903217804908753,0.2771081442556669,53,close_exit
SPGI,2011-05-05,2011-06-01,30.41048872590422,31.02017055606842,0.020048406181807366,18,close_exit
CTAS,2011-05-05,2011-06-03,6.395926073785556,6.528030605077744,0.020654480644114015,20,close_exit
EHC,2011-05-17,2011-06-07,17.829729770238384,16.85503892072807,-0.05466660807934842,13,open_exit
CRS,2011-06-03,2011-06-08,41.15402317242042,38.99149034967096,-0.0525473005078807,2,open_exit
FE,2011-05-17,2011-06-08,22.870331516950937,22.377717744827272,-0.021539424199362944,15,close_exit
LH,2011-05-18,2011-06-09,81.68013964016217,78.62831449127198,-0.03736312354918658,15,close_exit
GME,2011-05-20,2011-06-13,4.622831910748654,4.416322152137757,-0.04467169964167128,15,close_exit
FLO,2011-05-20,2011-06-13,8.148577786296448,8.147126600742341,-0.00017809065485596687,15,close_exit
WTW,2011-06-03,2011-06-24,83.3418092380762,79.54215635299683,-0.045591197501186786,15,close_exit
NOC,2011-05-25,2011-07-12,48.45508883209148,49.9944528541565,0.03176888246762455,32,close_exit
AZO,2011-05-25,2011-07-20,294.5872224426269,295.4422013397217,0.0029022945734222816,38,close_exit
MNST,2011-07-01,2011-07-25,6.763380228996277,6.595033715486527,-0.024890884115609357,15,close_exit
COO,2011-07-01,2011-07-25,19.76896307324739,19.724183725357058,-0.0022651338729511306,15,close_exit
AXP,2011-07-01,2011-07-25,42.03851056831868,42.0939975566864,0.0013199085223905005,15,close_exit
TDG,2011-07-01,2011-07-26,39.17741716715008,39.18117475891113,9.591218698812298e-05,16,close_exit
BEN,2011-07-01,2011-07-27,23.75159268723042,23.048719203948977,-0.02959268847934271,17,close_exit
PAG,2011-07-27,2011-07-29,16.7595928293349,15.649688910622206,-0.06622499305412655,1,open_exit
CNP,2011-07-01,2011-07-29,11.462010982754338,11.533019401073457,0.006195109952865874,19,close_exit
HAL,2011-07-01,2011-08-02,39.37582640352871,40.6247923412323,0.03171910412505419,21,close_exit
VFC,2011-07-22,2011-08-03,19.253966700315043,17.950395961394367,-0.06770400921589559,7,open_exit
NRG,2011-07-26,2011-08-03,18.796444825542874,17.561883961211276,-0.06568055160377606,5,open_exit
AEE,2011-07-26,2011-08-03,17.98386821810949,17.00075985531743,-0.05466612359859735,5,open_exit
ISRG,2011-07-01,2011-08-03,41.49295748519897,42.13225509071351,0.01540737619733612,22,close_exit
EXC,2011-07-26,2011-08-05,17.803769225672024,16.93577376620067,-0.04875346610423126,7,open_exit
RGLD,2011-07-13,2011-09-22,52.953822587722364,63.8344227180481,0.20547336525708082,50,close_exit
HXL,2011-10-24,2011-11-02,23.37813501767242,22.38204127921024,-0.04260792136366709,6,open_exit
NI,2011-10-24,2011-11-02,5.58680951901169,5.318555455280652,-0.048015609413240234,6,open_exit
CL,2011-10-24,2011-11-02,33.227698020889314,31.553022361601627,-0.050399990340434186,6,open_exit
COST,2011-10-24,2011-11-14,61.31291488167433,60.42750428771973,-0.01444084978936866,15,close_exit
CB,2011-10-24,2011-11-14,52.59002476168998,52.56738068199158,-0.000430577467894544,15,close_exit
KMB,2011-10-24,2011-11-16,40.878085958184606,40.49735746383667,-0.00931375541255508,17,close_exit
WMT,2011-10-24,2011-11-16,14.149567477443163,14.085723237991333,-0.00451209830644006,17,close_exit
TSCO,2011-10-24,2011-11-17,6.046423746410806,5.951059694290161,-0.015771976315297698,18,close_exit
MCD,2011-10-24,2011-11-17,62.06673237605145,62.15285272979737,0.0013875445097404349,18,close_exit
DPZ,2011-10-24,2011-11-21,25.56634288016245,24.78355577373505,-0.0306178756225155,20,close_exit
HUM,2011-11-03,2011-11-25,76.23169797923258,71.77521523492148,-0.05845970721425042,14,open_exit
FCN,2011-11-03,2011-11-25,42.691333168029786,39.80008969497681,-0.0677243660129625,14,open_exit
KEX,2011-11-16,2011-11-25,64.02199667930603,60.02997137260437,-0.06235396447721231,5,open_exit
MA,2011-11-03,2011-11-25,32.689012009044944,31.81547277927399,-0.026722717392904105,15,close_exit
EXR,2011-11-16,2011-12-13,13.578417937349348,13.785457453250885,0.015247690626169819,18,close_exit
FTI,2011-12-01,2011-12-14,35.637020351804146,33.20299662578289,-0.06830042753274224,8,open_exit
MA,2011-12-01,2012-01-03,34.258410187469934,33.85289616966248,-0.011836918747495595,21,close_exit
DG,2011-12-01,2012-01-06,34.79127544853183,35.03079279708862,0.0068844083888537355,24,close_exit
LLY,2011-12-14,2012-01-06,28.87457715019333,29.042337259292605,0.005809958990105946,15,close_exit
V,2011-12-01,2012-01-10,21.615167272750377,22.46702662944794,0.039410259747167276,26,close_exit
CLH,2011-12-01,2012-01-17,59.929951526641844,61.969,0.034023863217237826,30,close_exit
JAZZ,2012-01-10,2012-01-18,49.12454847335815,46.47675,-0.053899700977285026,4,open_exit
ISRG,2012-01-04,2012-01-23,52.474000682830805,49.681815519332886,-0.05321083064305987,11,open_exit
MCD,2011-12-01,2012-01-24,64.82249873058696,67.00359082031251,0.03364714616742148,35,close_exit
GWW,2011-12-01,2012-01-26,148.6406921942729,153.0207718963623,0.029467567981751985,37,close_exit
MNST,2012-01-18,2012-02-16,8.45422480916977,8.827251112937928,0.044123064170657145,21,close_exit
DG,2012-01-25,2012-02-16,35.92381759840645,35.94790603256226,0.000670542157436893,16,close_exit
INTC,2012-01-23,2012-02-23,18.21981418488281,18.562895610809328,0.01883012759873126,22,close_exit
VMC,2012-02-17,2012-02-29,43.48319212777059,41.06849701264461,-0.055531689302631304,6,open_exit
FAST,2011-12-01,2012-02-29,7.178037652747505,9.070370802402497,0.2636282005194932,60,close_exit
TJX,2011-12-01,2012-02-29,12.704048327456407,15.161724961280823,0.19345617794233383,60,close_exit
REGN,2012-01-11,2012-03-06,73.5297372806248,103.30466033172608,0.404937160831486,37,close_exit
TFC,2012-02-17,2012-03-07,17.9047982005459,16.67243479385839,-0.06882866776180352,11,open_exit
AGNC,2011-12-14,2012-03-08,4.191997295437007,4.630133878707886,0.10451738214330208,57,close_exit
ITT,2012-02-24,2012-03-16,19.89897959712472,19.513351694107058,-0.019379280285979128,15,close_exit
AZO,2012-01-10,2012-03-21,340.9703877868652,375.2323034210205,0.10048355183140378,49,close_exit
MSI,2012-03-07,2012-03-28,40.3981442927271,39.77080746841431,-0.01552885250785474,15,close_exit
TOL,2012-03-29,2012-04-05,22.393474339491977,21.064162833695356,-0.059361557105603535,4,open_exit
LEN,2012-03-09,2012-04-05,21.071833903676197,22.01525487136841,0.04477165926823412,19,close_exit
CNC,2012-04-09,2012-04-10,11.438216135501861,10.70714336872101,-0.06391492852733849,0,open_exit
GAP,2012-02-29,2012-04-10,14.971419929112743,16.120065894126892,0.07672258011950794,28,close_exit
LOW,2012-03-01,2012-04-10,21.85010552570592,23.30346885585785,0.06651516297905724,27,close_exit
WMB,2012-03-01,2012-04-10,14.038863947590164,14.441117198944093,0.02865283493419546,27,close_exit
ULTA,2012-03-08,2012-04-10,88.03938650630963,91.81407061004639,0.04287494783333412,22,close_exit
PVH,2012-03-19,2012-04-10,87.19420158140466,85.35473170471192,-0.021096240843210157,15,close_exit
EXP,2012-03-22,2012-04-11,32.79020704048148,30.13927008175087,-0.08084538641240868,12,open_exit
EQIX,2012-01-18,2012-04-13,83.69428292047006,114.38944719696046,0.3667534173828608,60,close_exit
LVS,2012-04-10,2012-04-24,38.260639572481374,35.49580460299351,-0.07226316654352138,9,open_exit
SHW,2012-01-27,2012-04-24,28.203856346091612,34.290295616149905,0.21580166894098252,60,close_exit
SBUX,2012-04-12,2012-05-03,22.652195456320573,21.567368346214295,-0.04789059463124057,15,close_exit
TSCO,2012-04-13,2012-05-04,8.04283531604639,7.9198738365173345,-0.015288324912451245,15,close_exit
LNG,2012-04-16,2012-05-07,16.693887213612832,15.390676047830475,-0.07806517134725033,14,open_exit
HD,2012-04-13,2012-05-07,36.40711241445531,36.93856798553467,0.014597575469026847,16,close_exit
PM,2012-04-05,2012-05-08,45.63665960313592,44.884933086395264,-0.01647198816210027,22,close_exit
VRSK,2012-04-12,2012-05-09,45.40161377655575,45.79334934806824,0.008628230120638847,19,close_exit
SBAC,2012-04-12,2012-05-11,46.99560242544663,48.35225373458863,0.02886762248221375,21,close_exit
SRE,2012-04-12,2012-05-15,20.219916372838696,20.705658761024477,0.024022967218513047,23,close_exit
ALGN,2012-04-25,2012-05-16,31.925954847335813,30.874554389953616,-0.032932467091737916,15,close_exit
EXR,2012-04-25,2012-05-16,17.9321532096378,17.448460965156556,-0.026973461514999686,15,close_exit
AAL,2012-05-04,2012-05-18,10.120672522934248,9.639424258244777,-0.04755101635774939,9,open_exit
MHK,2012-05-07,2012-05-18,73.02649286270142,68.30582633972169,-0.06464320464978579,8,open_exit
SHW,2012-05-09,2012-05-18,35.489485549640065,33.77468480779469,-0.04831855732162804,6,open_exit
TOL,2012-05-10,2012-05-21,24.59493361593368,23.119202237116177,-0.06000143777015354,6,open_exit
ALL,2012-05-14,2012-05-21,25.48782522852147,24.10827902184558,-0.054125693122383245,4,open_exit
EQR,2012-05-07,2012-05-30,32.39661174973475,31.33473525619507,-0.03277739356642373,16,close_exit
VRTX,2012-05-08,2012-06-01,57.58878137397766,59.53022137260437,0.03371212156789927,17,close_exit
OKE,2012-06-20,2012-06-26,17.314622088463445,16.371801988424963,-0.05445224823397521,3,open_exit
TDG,2012-07-02,2012-07-12,57.962818839192565,54.37300232152111,-0.06193309072201536,6,open_exit
FIS,2012-06-21,2012-07-18,26.226794481878773,25.620585169792175,-0.023114121419049338,18,close_exit
LPX,2012-06-20,2012-07-19,9.378675429438006,9.33437504863739,-0.004723522115027579,20,close_exit
DLR,2012-06-20,2012-07-19,43.65758945331656,42.40937628746033,-0.028590977685356456,20,close_exit
PHM,2012-07-02,2012-07-24,9.07933700988018,8.900405206680299,-0.019707584706368686,15,close_exit
DINO,2012-07-02,2012-07-24,20.19980725487245,19.484744331359863,-0.03539949240555773,15,close_exit
SWKS,2012-07-20,2012-07-25,22.346277860426408,21.056773651896822,-0.05770554794779503,2,open_exit
DHI,2012-07-02,2012-07-25,15.876918901019195,15.457002663612366,-0.026448219583704802,16,close_exit
TOL,2012-07-02,2012-07-25,26.70615752198176,26.41808165359497,-0.01078687071135831,16,close_exit
PHM,2012-07-27,2012-08-01,10.124988460688671,9.681736123913485,-0.0437780584635884,2,open_exit
BRK-B,2012-06-20,2012-08-02,83.02149335861206,84.03796183013917,0.012243437577501348,30,close_exit
RF,2012-07-27,2012-08-03,4.635807711155249,4.442810431813272,-0.041631856057697036,4,open_exit
WEC,2012-07-19,2012-08-09,26.01390906020389,24.821254734039307,-0.04584679385956292,15,close_exit
CHTR,2012-06-20,2012-08-21,68.98447194671631,77.24135877990723,0.11969196255598713,43,close_exit
MPC,2012-08-03,2012-08-24,16.404436723806743,16.447249022483827,0.002609799982644656,15,close_exit
GAP,2012-07-27,2012-09-11,19.220493352890013,22.552356867790223,0.17334953134276487,31,close_exit
EQIX,2012-07-27,2012-09-11,133.988850163022,138.99331952667237,0.03734989409612455,31,close_exit
STZ,2012-07-16,2012-09-12,24.415096032918967,27.222727118492127,0.11499570109360291,41,close_exit
REG,2012-08-22,2012-09-20,29.33596876808229,29.240804412841797,-0.003243947932751845,20,close_exit
CRUS,2012-08-01,2012-09-21,36.878430610656736,41.93901908493042,0.13722353122074926,36,close_exit
DDS,2012-08-10,2012-09-24,51.340269634451644,52.402252563476566,0.020685184097908982,30,close_exit
EBAY,2012-07-20,2012-09-25,16.30671897473625,17.871827438354494,0.09597936078024305,46,close_exit
SJM,2012-08-27,2012-09-26,56.71998160136504,57.656929056167606,0.01651882508332858,21,close_exit
LEN,2012-09-21,2012-09-27,31.056910714061427,29.0073971548039,-0.06599219021258229,3,open_exit
DHI,2012-09-12,2012-10-08,17.574789586277763,18.23780761051178,0.03772551705265914,18,close_exit
ALGN,2012-09-12,2012-10-09,38.349166831970216,37.01148377990723,-0.034881671821558546,19,close_exit
PHM,2012-09-13,2012-10-09,13.244948491077707,13.393073710918427,0.011183525548664974,18,close_exit
EXPE,2012-09-24,2012-10-10,53.613620851504656,50.56117812250104,-0.056934090265197024,11,open_exit
MPC,2012-10-09,2012-10-11,19.76994720365127,19.058565871251858,-0.03598296571414361,1,open_exit
SHW,2012-07-27,2012-10-11,38.94677669343846,43.58768088340759,0.11916016122461315,53,close_exit
UTHR,2012-09-25,2012-10-15,58.399183931350706,55.262355915069584,-0.05371355907932751,13,open_exit
GILD,2012-08-03,2012-10-15,19.87196017090775,23.089891615867614,0.16193326764366534,50,close_exit
GOOGL,2012-09-27,2012-10-18,18.860042040633832,17.23090507888794,-0.08638034624927815,15,close_exit
GOOG,2012-09-27,2012-10-18,18.77176419924483,17.150251227378845,-0.08638042512441202,15,close_exit
RMD,2012-09-26,2012-10-19,33.21788651497582,33.28424905586243,0.001997795400279223,17,close_exit
OVV,2012-10-19,2012-10-24,86.9496624824573,82.46876280557277,-0.05153441139335746,2,open_exit
WPC,2012-10-22,2012-10-26,23.362882954871296,22.023633667444354,-0.057323802461104245,3,open_exit
LLY,2012-10-16,2012-10-31,39.916903971166285,38.34501717820798,-0.0393789757365387,8,open_exit
CTAS,2012-10-10,2012-11-02,8.937692452796657,8.800333769321442,-0.015368472813386491,15,close_exit
WMT,2012-10-11,2012-11-05,19.538639713971488,18.515122816795962,-0.052384245380380334,14,open_exit
OSK,2012-10-12,2012-11-07,24.687128124096343,23.937331834793092,-0.030371952765595234,16,close_exit
NWL,2012-10-15,2012-11-08,11.969564391061487,12.215718499660493,0.020565001411649186,16,close_exit
CMCSA,2012-10-31,2012-11-15,12.737897376976795,11.980607767355623,-0.05945169655628879,10,open_exit
HCA,2012-11-06,2012-11-15,28.028789692185033,26.357253598991107,-0.059636399271995044,6,open_exit
EXP,2012-10-19,2012-11-15,47.06033292468419,47.994095500946045,0.01984181832619547,17,close_exit
DVA,2012-10-11,2012-11-21,55.142559179306026,54.97749856758118,-0.002993343330115028,27,close_exit
LAMR,2012-10-10,2012-11-26,20.943729313375684,22.107007754325867,0.05554304219388739,30,close_exit
BMRN,2012-11-06,2012-12-04,48.54426045799255,48.0659551525116,-0.009852973368393414,19,close_exit
WHR,2012-10-24,2012-12-05,59.472707847502086,61.717599884033206,0.03774659197101626,27,close_exit
RCL,2012-10-26,2012-12-05,27.904094231267425,28.625786148071292,0.02586329844009727,25,close_exit
PVH,2012-11-29,2012-12-11,114.44270456647784,109.17252572226904,-0.04605080650770044,7,open_exit
EBAY,2012-11-27,2012-12-19,19.02202060083664,19.10347296524048,0.004282003795130995,16,close_exit
LOW,2012-11-29,2012-12-21,27.958009572369953,27.34478405570984,-0.02193380451754845,16,close_exit
VMC,2012-11-29,2012-12-27,45.31185009680154,46.83372626876832,0.03358671448452277,19,close_exit
BAX,2012-11-26,2012-12-28,28.93852039873238,28.016950322151185,-0.031845791142160906,23,close_exit
AFL,2012-12-06,2012-12-28,19.441908170975235,18.965129695892337,-0.024523234596626642,15,close_exit
AMGN,2012-12-11,2012-12-31,62.16956463882183,58.735345156210535,-0.055239561392501635,12,open_exit
BAC,2012-12-06,2013-01-14,8.17003637708295,8.907386425018311,0.09025052201770323,25,close_exit
CRM,2012-11-27,2013-01-16,38.69523107042258,41.66791828346253,0.07682308984354869,34,close_exit
GM,2013-01-02,2013-01-24,21.843194484534678,21.353922647476196,-0.022399280352738415,15,close_exit
FLS,2012-12-05,2013-01-28,36.937259205356,40.117801853179934,0.08610662285854565,35,close_exit
LPX,2013-01-02,2013-01-28,17.53366958516017,17.81302659225464,0.015932603596620076,17,close_exit
IPGP,2012-12-20,2013-01-29,65.2325969467163,65.68714122009278,0.006968054234415488,25,close_exit
APTV,2013-01-02,2013-01-31,29.919973079017478,29.599130409240725,-0.01072336091110171,20,close_exit
WHR,2013-02-01,2013-02-07,71.82117283952478,68.01954135601568,-0.05293190480199139,3,open_exit
DPZ,2012-11-29,2013-02-13,35.82426144283325,38.754477813720705,0.08179418787358306,51,close_exit
MHK,2012-12-24,2013-02-20,91.34565305328368,103.44825,0.13249231399830963,38,close_exit
CRM,2013-01-29,2013-02-20,42.95371657113712,42.021615552902226,-0.02170012498665186,15,close_exit
BC,2013-01-02,2013-02-21,24.667189832937286,28.981643362998962,0.1749065685747766,34,close_exit
BPOP,2013-01-25,2013-02-21,19.44100583559589,20.338248792648315,0.04615208516678693,18,close_exit
LAMR,2013-01-15,2013-02-25,22.699653250050858,23.85563899803162,0.05092526018996213,27,close_exit
GS,2013-01-17,2013-02-25,109.39433859687493,114.528553024292,0.04693309080954333,25,close_exit
AGO,2013-02-07,2013-02-26,15.457998482128279,14.401859315849135,-0.06832315111818621,11,open_exit
TSN,2013-02-14,2013-02-27,17.947172899730468,17.246357347227026,-0.03904879929662719,7,open_exit
MTZ,2013-01-30,2013-03-12,28.72435408401489,29.92503053379059,0.04179994600623149,28,close_exit
AON,2013-02-21,2013-03-18,51.715354838710574,51.79543560981751,0.0015484911851941785,17,close_exit
VTR,2013-02-21,2013-03-19,44.49249690384992,45.00185228919983,0.011448118689554532,18,close_exit
CAG,2013-01-29,2013-04-03,15.524819547851392,16.676918142318726,0.07421011180943382,44,close_exit
OSK,2013-03-20,2013-04-04,34.684054035661156,32.58937917006565,-0.06039302278337544,9,open_exit
BMRN,2013-03-13,2013-04-04,62.031,60.86955152511597,-0.018723678078445105,15,close_exit
KR,2013-02-22,2013-04-08,11.220877404390391,12.417091952323915,0.10660615073340707,30,close_exit
MPT,2013-02-27,2013-04-12,5.5432655185425235,5.860101778030396,0.05715696973706885,31,close_exit
PKG,2013-02-22,2013-04-15,27.635522405684572,28.897638069152833,0.04567004903835814,35,close_exit
DPZ,2013-03-19,2013-04-15,43.01895817172291,43.12142624282837,0.0023819282349057946,18,close_exit
BBY,2013-04-05,2013-04-16,15.563183496829714,14.408926457471551,-0.07416586970097017,6,open_exit
TFX,2013-02-27,2013-04-17,70.83447543365455,75.51475211715699,0.06607342900260638,34,close_exit
KKR,2013-04-17,2013-04-19,13.659805583781857,12.946001395481224,-0.05225580876115288,1,open_exit
PCG,2013-04-04,2013-05-02,38.17904847800741,39.52159208106995,0.03516440709191304,20,close_exit
GIS,2013-02-27,2013-05-06,28.34822085008239,30.738178520202638,0.08430714868348788,47,close_exit
FSLR,2013-05-07,2013-05-08,46.6433089313507,43.51823091506958,-0.06699949227188384,0,open_exit
CPB,2013-02-27,2013-05-09,26.080057688009408,29.777847311019897,0.14178609829956734,50,close_exit
ABT,2013-04-18,2013-05-09,28.942878231425965,27.93341972064972,-0.034877613162887955,15,close_exit
PENN,2013-04-19,2013-05-10,13.131137902736663,13.095415874481201,-0.002720406146067278,15,close_exit
APO,2013-05-08,2013-05-13,12.462833468404751,11.698646449815689,-0.06131727752973648,2,open_exit
REGN,2013-04-17,2013-05-23,213.60340163050938,252.6557744445801,0.1828265491840031,26,close_exit
KMX,2013-04-09,2013-05-24,42.58128137397766,46.68664408493042,0.09641238071012204,33,close_exit
BYD,2013-05-03,2013-05-24,11.58656329498381,11.752193816661835,0.014295051730286001,15,close_exit
GILD,2013-04-17,2013-05-31,35.500357806489596,37.371883934021,0.05271851449309284,31,close_exit
MOH,2013-04-15,2013-06-03,33.316649236679076,37.04147137260437,0.11180062284968773,34,close_exit
MGM,2013-05-10,2013-06-03,14.316490394433044,14.33993719291687,0.0016377476488891318,15,close_exit
TTWO,2013-05-13,2013-06-04,16.60830038166046,16.071959923744203,-0.03229351863773522,15,close_exit
FSLR,2013-05-13,2013-06-05,50.025,51.00448377990723,0.019579885655317097,16,close_exit
AXP,2013-05-28,2013-06-18,63.27858502481109,62.440886131286625,-0.013238268415705079,15,close_exit
NOC,2013-04-04,2013-06-20,55.97769164580669,65.70988069915772,0.17385834905323527,54,close_exit
BSX,2013-05-10,2013-06-20,8.494244771003723,9.105444656848908,0.07195458835040869,28,close_exit
CMI,2013-06-03,2013-06-21,85.72438074043646,80.81145519055944,-0.05731071496162554,13,open_exit
TSLA,2013-05-24,2013-06-21,6.1764198346137995,6.633348441362381,0.07397952519157935,19,close_exit
APTV,2013-06-19,2013-06-25,40.20721284941755,37.56688275275792,-0.06566807071527414,3,open_exit
AMAT,2013-06-04,2013-06-25,13.026260942042533,12.86162989473343,-0.01263839623984142,15,close_exit
J,2013-06-04,2013-06-25,43.69771438427794,42.1550288848877,-0.03530357413717,15,close_exit
IONS,2013-06-25,2013-06-26,28.33415969467163,26.766610686302187,-0.0553236455663878,0,open_exit
MU,2013-06-06,2013-07-09,11.883108211866011,12.806895389080049,0.07773952409955998,22,close_exit
SCHW,2013-06-24,2013-07-16,17.734001060969657,17.981712043762208,0.013968138489499182,15,close_exit
GME,2013-06-21,2013-07-23,7.378167343313986,7.550569864749908,0.023366577825339352,21,close_exit
ILMN,2013-06-26,2013-07-23,72.75036151885986,71.72481606292725,-0.014096774703542203,18,close_exit
TMUS,2013-06-21,2013-07-24,21.98662080571698,23.14030051136017,0.05247189715225398,22,close_exit
CHTR,2013-06-05,2013-07-29,114.67731274795531,125.62715744018556,0.09548396653047209,37,close_exit
RF,2013-07-10,2013-07-31,6.687249369185547,6.549698690176011,-0.020569096711625767,15,close_exit
WBS,2013-06-26,2013-08-06,17.362791413890825,18.59899701213837,0.07119855147591858,28,close_exit
USB,2013-06-26,2013-08-07,23.237062145360984,23.987407111167908,0.03229087055468072,29,close_exit
TDG,2013-06-21,2013-08-08,73.03336275215906,76.67624230957031,0.0498796634871308,33,close_exit
KR,2013-07-17,2013-08-09,14.962566353633909,15.20970987558365,0.01651745536885918,17,close_exit
AAL,2013-07-30,2013-08-14,18.23230655691125,15.123435809287479,-0.17051439640506183,10,open_exit
MTG,2013-07-24,2013-08-14,6.461878715020577,6.07469322013855,-0.05991840948391969,15,close_exit
TSLA,2013-08-09,2013-08-15,10.165079847335814,9.090785432815553,-0.10568479841324863,3,open_exit
EWBC,2013-05-28,2013-08-15,19.60034231412575,23.073231630325317,0.17718513587881035,56,close_exit
THO,2013-08-07,2013-08-16,42.556692204369114,40.11631211105438,-0.057344214667703786,6,open_exit
MU,2013-08-14,2013-08-19,14.458760038375853,13.645094252737099,-0.05627493529729766,2,open_exit
ZG,2013-08-12,2013-08-20,28.89501355934143,24.951659774780275,-0.13647177484318262,5,open_exit
TSN,2013-08-21,2013-08-27,24.06668288607669,21.82400919115762,-0.0931858247991677,3,open_exit
WEN,2013-07-24,2013-08-27,4.927014232452098,5.089734724283218,0.03302618668307278,24,close_exit
LNC,2013-08-01,2013-08-27,28.80443939478266,27.33557044887543,-0.05099453336950843,18,close_exit
AIZ,2013-08-08,2013-08-29,42.80472239408167,41.90237436103821,-0.021080572015769516,15,close_exit
EA,2013-07-25,2013-08-30,24.526008633011777,25.840053170204165,0.053577594171751786,26,close_exit
INCY,2013-08-27,2013-09-03,35.867923473358154,34.52273091506958,-0.037504054542988774,3,open_exit
TSLA,2013-09-03,2013-09-10,11.565780419826506,10.757951653957367,-0.06984645536623957,4,open_exit
INCY,2013-09-10,2013-09-17,37.708843626022336,35.59219561004639,-0.05613134247678919,4,open_exit
NXPI,2013-08-29,2013-09-23,33.021581720897636,32.601103860855105,-0.012733425781855656,16,close_exit
ZG,2013-08-30,2013-09-23,29.85277331256866,27.7659677066803,-0.06990324094980382,15,close_exit
BBY,2013-08-15,2013-09-30,19.641937283435183,23.714737346649173,0.20735225881454888,31,close_exit
MSCI,2013-08-20,2013-10-03,33.27878485197179,34.91657304954529,0.049214182695028974,31,close_exit
IONS,2013-09-24,2013-10-04,38.70934362602234,35.242368322372435,-0.08956430099009038,7,open_exit
REGN,2013-10-01,2013-10-08,314.1436396323086,295.5598063320791,-0.05915712099720061,4,open_exit
CPAY,2013-08-15,2013-10-08,98.20908366394042,104.51771469497682,0.06423673651842399,37,close_exit
A,2013-08-16,2013-10-08,30.050770604688477,32.22421339035034,0.07232569221778196,36,close_exit
CRM,2013-09-03,2013-10-08,48.64317915065299,49.262656459808355,0.012735132036431729,25,close_exit
JAZZ,2013-09-17,2013-10-08,91.0054790840149,83.73810877990724,-0.0798564040017693,15,close_exit
ALNY,2013-09-24,2013-10-09,64.04200713729858,57.0614551525116,-0.10899958163118617,10,open_exit
COP,2013-08-16,2013-10-09,44.350606144725056,45.88462753868103,0.03458851022126175,37,close_exit
ULTA,2013-10-04,2013-10-16,124.22208366394042,118.44075000000001,-0.04654030502000539,7,open_exit
EOG,2013-08-29,2013-10-31,56.30081495635697,63.280138383865356,0.12396487391734179,44,close_exit
EWBC,2013-10-11,2013-11-01,24.79689176490245,25.24209332752228,0.01795392611464175,15,close_exit
LYV,2013-11-04,2013-11-07,19.60980038166046,17.991,-0.08255057931004739,2,open_exit
LNG,2013-10-11,2013-11-07,34.43710950414367,35.58439845466614,0.033315483414321445,19,close_exit
SPGI,2013-10-11,2013-11-07,56.01552510799521,57.958699939727786,0.034689933335199985,19,close_exit
SCHW,2013-10-16,2013-11-07,20.007507192424498,19.591527232170105,-0.020791193838075817,16,close_exit
NXPI,2013-11-01,2013-11-22,37.03247215578906,36.15887532424927,-0.023590021964094543,15,close_exit
UI,2013-11-11,2013-11-26,37.66393107638755,35.10430645620749,-0.06795957158557864,10,open_exit
HXL,2013-11-07,2013-12-03,40.041370186221215,39.579214775085454,-0.011541947964977317,17,close_exit
CAH,2013-10-04,2013-12-04,38.45848434683131,45.436883993148804,0.18145279942350245,42,close_exit
LUV,2013-10-10,2013-12-04,13.082706515408828,15.513685504913331,0.18581621368952161,38,close_exit
MCK,2013-10-09,2013-12-05,122.41982103568445,146.16754129028322,0.19398590892953926,40,close_exit
PRU,2013-11-08,2013-12-05,49.24057653251218,51.643251913070685,0.04879462325084849,18,close_exit
HII,2013-10-11,2013-12-10,55.97841028915535,64.43478461837769,0.1510649245939839,41,close_exit
PTC,2013-11-08,2013-12-10,30.455220534324646,32.36381106758118,0.06266874774738396,21,close_exit
ZBH,2013-10-10,2013-12-11,74.54786494345242,78.8736598968506,0.058027080409069676,43,close_exit
LNG,2013-12-06,2013-12-13,42.88899519397584,40.501778852364225,-0.05566034668834863,4,open_exit
JAZZ,2013-11-26,2013-12-18,116.99847244262695,113.68312786483766,-0.028336648407226384,15,close_exit
AAPL,2013-12-06,2013-12-30,17.525595482079396,17.15933710575104,-0.020898483974645554,15,close_exit
LVS,2013-12-05,2014-01-06,51.54540327983899,53.73783093070984,0.04253391207297774,20,close_exit
NXST,2013-11-25,2014-01-09,36.17191278925312,38.33852912330627,0.05989775400257158,30,close_exit
ICE,2013-12-12,2014-01-13,37.00280196763254,37.58800049209595,0.015814978686622183,20,close_exit
GNTX,2013-12-13,2014-01-13,12.244145423672087,12.938305099964143,0.05669319109441551,19,close_exit
DECK,2014-01-07,2014-01-15,14.677335076332092,13.844741570472719,-0.056726476675045046,5,open_exit
ALNY,2014-01-14,2014-01-16,91.84590305328369,84.37778816986085,-0.08131135559841218,1,open_exit
SMG,2013-12-05,2014-01-21,38.83551158849553,40.21364014053345,0.03548629838176698,30,close_exit
CAH,2013-12-11,2014-01-23,48.08030429801362,48.358331321716314,0.005782555409371115,28,close_exit
MGM,2013-12-11,2014-01-24,19.69344297814245,22.449232338905336,0.1399343610876731,29,close_exit
VMC,2013-12-31,2014-01-27,53.903946558807654,52.61712996482849,-0.02387240037378857,17,close_exit
HALO,2014-01-22,2014-01-28,17.218604084014892,15.962015266895294,-0.07297855337101156,3,open_exit
CW,2014-01-10,2014-02-03,59.59252111371985,55.40039797401428,-0.07034646397499744,15,close_exit
PB,2014-01-28,2014-02-04,46.43794520244737,43.079890118902334,-0.07231274055959003,4,open_exit
OSK,2014-01-29,2014-02-04,45.79638662616114,41.99867141917038,-0.08292608842683924,3,open_exit
INCY,2014-01-15,2014-02-06,63.531749999999995,62.54871183013916,-0.015473179471064968,15,close_exit
OKE,2013-12-04,2014-02-25,24.4867749380094,27.804143265724182,0.1354759185769876,55,close_exit
JAZZ,2014-01-16,2014-02-28,148.11401328277586,151.87402194976806,0.02538590767784865,29,close_exit
MU,2014-02-07,2014-03-03,23.775979112442368,23.859421285629274,0.003509515750846237,15,close_exit
PANW,2014-02-07,2014-03-03,11.19392672395706,11.294350190639497,0.008971245672665606,15,close_exit
ILMN,2013-12-19,2014-03-07,102.59017936706542,163.68270510864258,0.5955007206195579,52,close_exit
NFLX,2014-01-24,2014-03-10,5.48388356924057,6.281857347488404,0.14551253106898843,30,close_exit
HCA,2014-03-04,2014-03-12,48.192631729539315,45.18173674707267,-0.062476251543265304,5,open_exit
VMC,2014-02-07,2014-03-13,59.89327480003765,59.68898975753785,-0.003410817711702041,23,close_exit
AAL,2014-01-29,2014-03-14,30.40917848105504,34.242098138809204,0.1260448275556696,31,close_exit
DAL,2014-02-26,2014-03-19,28.905605447832304,29.109737853050234,0.0070620352715440315,15,close_exit
NXPI,2014-02-07,2014-03-24,43.35295409425214,49.70302606964112,0.14647380110669062,30,close_exit
UI,2014-03-17,2014-03-25,49.16745665269044,46.22684249372844,-0.05980814057017303,5,open_exit
PANW,2014-03-10,2014-03-26,12.80806804704666,12.287186387062073,-0.040668245833117234,11,open_exit
ZBRA,2014-03-04,2014-03-26,70.13504847335815,68.75560591506958,-0.019668376771887153,16,close_exit
TKO,2014-03-11,2014-03-27,24.390735102883806,22.247077973274134,-0.08788817231491397,11,open_exit
PODD,2014-03-03,2014-03-27,47.133555610656735,48.52572423744202,0.02953667739996524,18,close_exit
TDG,2014-01-14,2014-04-04,91.1352697299638,98.41336178207398,0.07986032272330301,56,close_exit
AEE,2014-03-14,2014-04-04,27.966822131073148,27.651406714439393,-0.011278200117106119,15,close_exit
MTZ,2014-03-25,2014-04-08,43.52175,41.24936545753479,-0.05221261880474026,9,open_exit
FSLR,2014-03-20,2014-04-11,70.20508316802979,67.55620133972168,-0.03773062731039345,16,close_exit
MSFT,2014-03-25,2014-04-15,33.854229641656595,33.063469455718995,-0.02335779588865894,15,close_exit
HPQ,2014-03-26,2014-04-17,9.993745507797295,9.727844482898712,-0.026606743656932386,16,close_exit
TFX,2014-03-27,2014-04-17,97.59583508043812,93.3461029777527,-0.04354419529463338,15,close_exit
GRMN,2014-03-27,2014-04-24,38.688389617520954,38.70552921676636,0.0004430166107933786,19,close_exit
NXPI,2014-04-25,2014-04-29,54.1691551189385,51.5171356470474,-0.04895811031329722,1,open_exit
INTC,2014-04-08,2014-05-01,19.79950095257691,19.84724151992798,0.002411200538105396,16,close_exit
PEG,2014-04-07,2014-05-02,25.06662875796299,25.295237899780275,0.009120059343626696,18,close_exit
AA,2014-03-12,2014-05-08,26.805663212501717,29.529930178642275,0.10163027657789891,40,close_exit
FANG,2014-03-28,2014-05-08,52.271208849812616,54.83220458221436,0.048994385030583176,28,close_exit
MTDR,2014-04-16,2014-05-08,24.4411005864071,23.28122313308716,-0.04745602388973447,15,close_exit
ALSN,2014-04-21,2014-05-09,25.32836670256633,23.980759885632434,-0.05320543692212709,13,open_exit
ATI,2014-04-15,2014-05-15,38.126486824209444,38.173244680404665,0.001226387744845514,21,close_exit
NRG,2014-04-07,2014-05-19,24.936068104600135,25.630923549652103,0.027865477513825843,29,close_exit
KDP,2014-04-29,2014-06-03,6.655435497544646,6.824003188371659,0.02532782278322765,24,close_exit
MSI,2014-05-09,2014-06-03,55.231850302612045,54.767078317642216,-0.008414926938412726,16,close_exit
PPC,2014-05-05,2014-06-09,14.831051998415402,15.68664223432541,0.057689113085263255,24,close_exit
SPG,2014-05-16,2014-06-10,92.00798025856018,92.77349056243897,0.008320042475963074,16,close_exit
ALK,2014-05-02,2014-06-11,43.57956963688475,44.02726887130738,0.010273144919809019,27,close_exit
UNP,2014-04-21,2014-06-24,72.51785262609472,76.35426745224,0.05290303955807962,45,close_exit
AVGO,2014-05-09,2014-06-24,5.056382031158788,5.27744361448288,0.04371931985396893,31,close_exit
GD,2014-06-04,2014-06-25,90.97224294099364,90.03638781356813,-0.010287260126503939,15,close_exit
SWKS,2014-06-04,2014-06-26,35.72044203454716,36.35922599601746,0.017882868326559054,16,close_exit
FLEX,2014-05-09,2014-06-30,7.0796498494148254,8.337953876495362,0.17773534762945142,35,close_exit
AMKR,2014-06-10,2014-07-01,10.420189138231807,10.214763491630555,-0.0197141955751593,15,close_exit
EA,2014-06-11,2014-07-07,34.43932926976824,35.074182346343996,0.018433955888131903,17,close_exit
ZG,2014-05-20,2014-07-08,34.101854570388795,40.609556432724,0.1908313182470125,33,close_exit
IDXX,2014-05-09,2014-07-15,65.30763902664184,66.37179627990723,0.016294529539358837,45,close_exit
EQIX,2014-06-25,2014-07-17,154.50411021709232,153.2910834503174,-0.007851097068359625,15,close_exit
ZBRA,2014-07-02,2014-07-18,84.99247194671631,80.80957347488403,-0.04921492899341284,10,open_exit
JNJ,2014-07-08,2014-07-18,76.36301061222642,72.30753550828123,-0.05310784726048856,7,open_exit
SLB,2014-06-26,2014-07-18,82.7995333425826,80.87415451049804,-0.023253498593021282,15,close_exit
VRTX,2014-06-25,2014-07-24,92.30613213729858,95.72211164474488,0.037007070151799715,20,close_exit
MU,2014-06-12,2014-07-28,30.31266004986797,31.169298301696777,0.028260081775058232,31,close_exit
PPC,2014-07-09,2014-07-30,19.117001296331004,19.16189634513855,0.0023484357254379695,15,close_exit
HUM,2014-07-18,2014-07-31,119.19145341933788,109.33305581860925,-0.08271060816789377,8,open_exit
RGLD,2014-07-01,2014-07-31,65.99466466956763,65.16979900741578,-0.01249897497444552,21,close_exit
AA,2014-06-27,2014-08-05,33.20988447364957,36.5566255683899,0.10077545127854326,26,close_exit
LUV,2014-07-16,2014-08-06,24.469521203041076,24.523552097320557,0.0022080895588902916,15,close_exit
ELV,2014-07-18,2014-08-08,95.72537233718398,90.48279715792788,-0.05476682985143799,14,open_exit
URI,2014-07-18,2014-08-08,106.62193575345339,103.37320666885377,-0.030469612670621538,15,close_exit
ZG,2014-07-25,2014-08-12,44.768241617202754,42.320580223083496,-0.0546740570033627,11,open_exit
APD,2014-07-29,2014-08-21,94.37560171112369,91.95358059310914,-0.025663636301129777,17,close_exit
AMT,2014-08-08,2014-09-03,72.65239277002138,73.26681506347657,0.008457013871520092,17,close_exit
HCA,2014-08-06,2014-09-04,61.6865787670983,63.03224222183228,0.021814525649325178,20,close_exit
CAR,2014-08-11,2014-09-04,59.18325532413671,62.37184413146973,0.053876536359307226,17,close_exit
ALL,2014-08-07,2014-09-09,46.16133519339704,47.2015804271698,0.02253499014737237,22,close_exit
AVB,2014-07-31,2014-09-10,100.8486327019935,99.84972362518312,-0.00990503341539728,28,close_exit
SWKS,2014-07-21,2014-09-12,41.372936701398004,43.242367938995365,0.045184881389727316,38,close_exit
TSLA,2014-08-12,2014-09-15,17.213936376571656,16.915537786483764,-0.017334709711952723,23,close_exit
INTC,2014-08-22,2014-09-15,26.843961339923506,26.31430704402924,-0.019730854518350993,15,close_exit
UAA,2014-09-05,2014-09-16,35.857920152664185,33.483250000000005,-0.06622442524703276,6,open_exit
NWL,2014-08-01,2014-09-25,20.325196739804515,21.477190145492553,0.05667809371960453,38,close_exit
STLD,2014-09-04,2014-09-25,18.58520684424241,18.05305124950409,-0.028633288787053734,15,close_exit
ADM,2014-09-05,2014-10-01,35.590396497494815,35.796313318252565,0.005785741127448452,18,close_exit
LUV,2014-09-10,2014-10-01,29.039328986632615,28.442333761215213,-0.020558161853264978,15,close_exit
DECK,2014-09-11,2014-10-02,16.154740814208985,15.149088422298432,-0.06225122417476525,14,open_exit
TAP,2014-09-16,2014-10-02,57.06420953130876,53.844262528174845,-0.056426734543081114,11,open_exit
GPK,2014-09-16,2014-10-02,10.283104044946377,9.692842709067694,-0.05740108563510704,11,open_exit
VRTX,2014-09-29,2014-10-02,113.04649286270141,107.08642938995362,-0.052722232435697736,2,open_exit
XPO,2014-09-15,2014-10-06,13.263209597110748,12.838592064857483,-0.032014689140233754,15,close_exit
PPC,2014-10-06,2014-10-08,21.18630224889136,20.000308704267887,-0.05597926106645312,1,open_exit
NSC,2014-10-06,2014-10-10,87.05592872730368,81.23928258255174,-0.06681504901259694,3,open_exit
PANW,2014-10-06,2014-10-13,17.45372219467163,15.767112118721009,-0.09663326006561046,4,open_exit
FDX,2014-10-06,2014-10-13,111.08996547536951,105.42558012249559,-0.05098917196197894,4,open_exit
EW,2014-07-31,2014-10-13,15.362677042007446,17.213055502891542,0.12044635552934246,51,close_exit
ZTS,2014-10-06,2014-10-14,34.11816213565468,32.29917476266676,-0.0533143422484359,5,open_exit
MO,2014-09-16,2014-10-15,20.81444838583178,21.48252233219147,0.032096644310518396,21,close_exit
MNST,2014-10-09,2014-10-16,16.129728695869446,15.00082903957367,-0.06998875663574355,4,open_exit
DGX,2014-10-27,2014-11-06,50.38767831569738,47.785280994641305,-0.05164749415027803,7,open_exit
GILD,2014-10-27,2014-11-14,76.06140540398887,70.99834469412453,-0.06656543726706932,13,open_exit
MCO,2014-10-27,2014-12-01,85.78683020066742,88.66244896697998,0.033520515440261356,24,close_exit
ROP,2014-10-27,2014-12-01,141.47222385029363,144.85485872650148,0.023910240357763568,24,close_exit
NKE,2014-09-29,2014-12-09,37.75607502204822,41.46153577804566,0.09814210703399584,50,close_exit
CTAS,2014-10-27,2014-12-10,15.438708628023617,15.968198658943177,0.03429626425868637,31,close_exit
EPAM,2014-11-06,2014-12-10,48.274125,48.98549332237244,0.014736016911180538,23,close_exit
GD,2014-11-14,2014-12-10,110.80361391995523,109.55184798049928,-0.011297158054431544,17,close_exit
EW,2014-10-27,2014-12-15,19.436379592895506,21.157748887062073,0.08856429696381163,34,close_exit
IONS,2014-12-11,2014-12-16,62.73135076332092,55.52222423744202,-0.11492063279616294,2,open_exit
STE,2014-12-10,2014-12-17,59.67918515476616,56.323004491136935,-0.056237039009926715,4,open_exit
CAG,2014-10-07,2014-12-30,16.84942739915762,18.57048687553406,0.10214349933710398,58,close_exit
KR,2014-10-06,2014-12-31,21.258113089906114,25.684600006103516,0.2082257676152457,60,close_exit
CME,2014-12-11,2015-01-06,55.8564805943278,55.61014717292786,-0.004410113540611382,16,close_exit
AZO,2014-12-16,2015-01-08,604.1819448852539,605.697,0.0025076140185451568,15,close_exit
TJX,2014-12-16,2015-01-13,28.14483873758772,28.65864477157593,0.018255781771526536,18,close_exit
RCL,2014-12-18,2015-01-14,70.10231985862893,71.01153457641603,0.012969823532525737,17,close_exit
AXON,2014-12-02,2015-01-15,22.97147908401489,25.21738454246521,0.09776930123812422,30,close_exit
CBOE,2014-12-11,2015-01-21,54.867775120234306,55.132091947555544,0.004817341813879494,26,close_exit
SHW,2014-10-27,2015-01-23,67.94979676823384,81.97094165802002,0.20634564865013694,60,close_exit
AFG,2014-12-31,2015-01-23,28.15827238899541,27.336031796455384,-0.02920067613456878,15,close_exit
IRM,2014-12-02,2015-01-30,20.27538132029058,21.049578130722047,0.03818408138428886,40,close_exit
WELL,2015-01-07,2015-02-03,51.15945735955991,52.887193687438966,0.03377159213664349,18,close_exit
BMRN,2015-01-20,2015-02-04,99.9999719467163,91.28433683013917,-0.08715637561599665,10,open_exit
CASY,2015-01-14,2015-02-05,84.56583407481222,84.28720390701294,-0.0032948314274625634,15,close_exit
MNST,2015-01-15,2015-02-06,19.77488188934326,19.51523711872101,-0.013130028896009338,15,close_exit
KR,2015-02-03,2015-02-27,28.01264194209824,28.534294441223146,0.018622038585405676,17,close_exit
TSCO,2015-01-02,2015-03-04,13.26413693106842,14.342358314514161,0.08128846897834996,41,close_exit
PENN,2015-02-04,2015-03-04,15.667829847335815,16.121934161186218,0.028983229858576598,19,close_exit
MANH,2015-02-09,2015-03-04,49.08453137397766,50.15491030502319,0.021806848330490514,16,close_exit
CVS,2015-01-22,2015-03-06,71.75833641610912,73.09985299301148,0.01869492304173881,30,close_exit
BBWI,2015-02-04,2015-03-06,46.48623988345476,49.50341507911683,0.06490469444778513,21,close_exit
EA,2015-02-06,2015-03-06,54.65435388739098,54.66761025428772,0.00024254914666177463,19,close_exit
NBIX,2015-01-09,2015-03-24,27.22360408401489,40.99949045753479,0.5060272817297105,50,close_exit
MNST,2015-03-02,2015-03-25,23.70851505088806,22.660331265449525,-0.04421127949973713,17,close_exit
DLTR,2015-01-26,2015-03-26,72.14605561065673,80.97948664474488,0.12243817017188885,42,close_exit
AVGO,2015-03-05,2015-03-26,9.740266865313316,9.408447071552278,-0.03406680723940969,15,close_exit
BMY,2015-03-05,2015-03-26,44.85246982229214,44.135441534042364,-0.015986372458209885,15,close_exit
BX,2015-03-05,2015-03-26,22.081727972677474,21.393766302108766,-0.031155246157363536,15,close_exit
BURL,2015-01-26,2015-04-01,51.35566683197021,58.01098091506958,0.1295925940339706,46,close_exit
HBAN,2015-03-09,2015-04-01,7.023296928652303,7.035152634382248,0.0016880541788826253,17,close_exit
VLO,2015-03-26,2015-04-06,41.71414022827677,39.04568991741856,-0.06396992233941212,5,open_exit
COO,2015-03-09,2015-04-07,44.683158552524375,46.14722200584412,0.032765442299670156,20,close_exit
WBS,2015-03-09,2015-04-08,25.14927028517681,25.820432553291322,0.026687146804020845,21,close_exit
TGT,2015-03-25,2015-04-16,58.574785264897464,58.402173160552984,-0.0029468670446483047,15,close_exit
KDP,2015-03-27,2015-04-20,9.798929563443487,9.578578523635866,-0.02248725622334069,15,close_exit
MKC,2015-03-27,2015-04-20,30.762431095716423,30.76353166675568,3.577646499497433e-05,15,close_exit
ACN,2015-03-27,2015-04-21,76.95202165525706,76.93620595169068,-0.00020552681042262932,16,close_exit
CI,2015-04-02,2015-04-24,117.95401989183212,117.98965119934083,0.00030207794139935906,15,close_exit
KMX,2015-04-06,2015-04-27,74.19708366394043,69.965,-0.057038409799349155,14,open_exit
UTHR,2015-04-17,2015-04-28,187.12351377868652,167.916,-0.10264617947161625,6,open_exit
INCY,2015-04-21,2015-04-28,106.81338213729858,101.67913835525513,-0.04806742076047976,4,open_exit
LULU,2015-04-09,2015-04-29,68.284125,64.54771183013916,-0.05471862120018145,13,open_exit
ZBRA,2015-04-08,2015-04-29,92.86640969467163,94.11292366027833,0.013422657015653039,15,close_exit
RVTY,2015-03-27,2015-04-30,48.747194794019315,49.44034390830994,0.014219261584579757,23,close_exit
AMZN,2015-04-27,2015-05-01,22.20409729385376,21.18040448474884,-0.046103779656391786,3,open_exit
RITM,2015-04-02,2015-05-05,4.597306385510683,5.033561367034912,0.09489360615580744,22,close_exit
PANW,2015-04-22,2015-05-06,25.796224491119382,24.454433841705324,-0.0520150012602032,9,open_exit
VTRS,2015-04-27,2015-05-07,60.695486002947504,57.13666169499793,-0.058634085371303324,7,open_exit
JLL,2015-04-29,2015-05-13,165.9869160738831,158.14252456653696,-0.04725909543288631,9,open_exit
VRSK,2015-04-28,2015-05-19,69.22960572378422,69.74956211853028,0.00751060748230481,15,close_exit
AXON,2015-05-04,2015-05-26,32.84641683197021,31.28434923744202,-0.04755671227455749,15,close_exit
CRM,2015-04-30,2015-05-28,70.99778667220114,71.40827824401856,0.005781751672241153,19,close_exit
AKAM,2015-04-28,2015-05-29,77.13854847335816,76.23186164474488,-0.01175400427616835,22,close_exit
EL,2015-05-06,2015-05-29,75.33483878525224,75.87210203933716,0.007131670588908179,16,close_exit
KEY,2015-05-06,2015-05-29,9.23012251779556,9.377006805896759,0.01591357945877836,16,close_exit
EQIX,2015-05-01,2015-06-04,199.4391939520318,203.70127529144287,0.021370329747903982,23,close_exit
CRUS,2015-04-21,2015-06-05,34.627305610656734,35.65216316986084,0.02959680348010396,32,close_exit
EA,2015-05-07,2015-06-08,59.382827459054816,59.80847496795655,0.007167855205197471,21,close_exit
INCY,2015-06-01,2015-06-11,111.68581225204467,105.63715744018555,-0.05415777250389642,7,open_exit
HUM,2015-06-01,2015-06-17,194.39936980586026,182.67939791994274,-0.06028811666221878,11,open_exit
ALNY,2015-05-27,2015-06-17,128.12402755737304,128.88552194976808,0.005943415976788824,15,close_exit
PANW,2015-05-29,2015-06-26,27.678833415985107,29.19539408493042,0.05479135071023156,20,close_exit
MHK,2015-05-20,2015-06-29,189.2945969467163,188.6456354904175,-0.0034283147367458744,27,close_exit
TMUS,2015-06-05,2015-06-29,37.61071586489394,36.9709538230896,-0.017010100102920256,16,close_exit
FTNT,2015-06-08,2015-06-29,8.298146671772002,8.115939885616303,-0.021957527790574805,15,close_exit
ZBRA,2015-06-11,2015-06-30,116.12803469467163,109.49522805023194,-0.0571163256304037,12,open_exit
CNC,2015-06-01,2015-07-02,37.798888778686525,37.20139122009277,-0.015807278412127812,23,close_exit
COTY,2015-06-17,2015-07-09,26.483608767837136,25.86308051490784,-0.023430653215316122,15,close_exit
RARE,2015-05-13,2015-07-27,72.0760209159851,117.00146755981446,0.6233064210938668,51,close_exit
NBIX,2015-06-09,2015-07-27,42.25111454200744,49.3153301525116,0.16719595890140804,33,close_exit
DXCM,2015-06-29,2015-07-27,19.632310715675352,20.414786737442018,0.039856542263356776,19,close_exit
INCY,2015-07-14,2015-07-28,113.66680561065674,104.49772805023194,-0.08066627289440742,9,open_exit
MPC,2015-07-14,2015-07-28,42.14302223408415,38.93600688765972,-0.076098371127989,9,open_exit
EA,2015-06-18,2015-07-31,62.567526383660834,69.40148490142823,0.10922532682308583,30,close_exit
SBUX,2015-07-14,2015-08-10,44.66081412643692,44.98702816200257,0.00730425635865295,19,close_exit
TFX,2015-07-29,2015-08-19,129.31766007711255,125.57487646484375,-0.028942555951267268,15,close_exit
TECH,2015-07-29,2015-08-19,25.34358560151073,24.496654770851137,-0.033417956084679123,15,close_exit
NFLX,2015-07-14,2015-08-20,10.13220647764206,11.24337509584427,0.1096669931326546,27,close_exit
AMZN,2015-07-14,2015-08-20,23.12755722141266,25.77610505771637,0.11451913450900708,27,close_exit
MDLZ,2015-07-29,2015-08-20,33.11468029046405,34.14471185874939,0.031104983024158983,16,close_exit
GPN,2015-07-29,2015-08-21,52.02553032565504,52.793898530960085,0.014769060507320741,17,close_exit
MAS,2015-07-29,2015-08-21,21.919855054829075,22.535004860877994,0.028063589130047584,17,close_exit
EEFT,2015-08-03,2015-08-24,68.784375,61.22936832237244,-0.10983608817594925,14,open_exit
DINO,2015-08-11,2015-08-24,35.494419468932136,30.041803280531283,-0.15361897081239673,8,open_exit
NVR,2015-07-29,2015-08-24,1463.7314999999999,1488.2354904785157,0.016740768698709996,18,close_exit
PAYC,2015-10-19,2015-10-21,41.109256473978874,37.667744357132406,-0.08371623356955771,1,open_exit
SUI,2015-10-19,2015-11-04,49.629951909303536,46.53035217425831,-0.0624542159684055,11,open_exit
PGR,2015-10-19,2015-11-09,23.89777460867621,23.152896062850953,-0.031169368613713,15,close_exit
PEP,2015-10-19,2015-11-09,71.87300578022479,71.21065371704103,-0.009215588745642767,15,close_exit
EXPE,2015-10-20,2015-11-10,123.2041034200786,121.7316223564148,-0.011951558615245106,15,close_exit
EXR,2015-10-20,2015-11-10,53.23295561340621,51.65536514663697,-0.02963559788462966,15,close_exit
HRL,2015-10-20,2015-11-12,24.99020463993054,25.033055213928225,0.001714694802027239,17,close_exit
MANH,2015-10-20,2015-11-13,68.63429847335816,71.35430438995361,0.039630417693440556,18,close_exit
POOL,2015-11-04,2015-11-16,73.64766553136776,69.86064130988039,-0.051420831796418764,7,open_exit
BYD,2015-10-20,2015-11-16,16.91768850504229,18.26254308509827,0.07949399113567712,19,close_exit
CDNS,2015-11-11,2015-11-23,22.91144961833954,21.50924045753479,-0.06120124148243966,7,open_exit
GE,2015-10-19,2015-11-30,120.79242028508767,125.44826133728029,0.03854414905508263,29,close_exit
OZK,2015-10-21,2015-12-03,35.15453724756267,37.849077468872075,0.07664843380910158,30,close_exit
UHAL,2015-11-18,2015-12-04,41.167869112830886,38.6039599917311,-0.06227937409324602,10,open_exit
FWONA,2015-11-13,2015-12-07,27.883042754173278,26.658979439735415,-0.043899918858556264,15,close_exit
LDOS,2015-11-11,2015-12-09,34.367117815423995,34.76993314933777,0.011720951872577157,19,close_exit
JKHY,2015-11-17,2015-12-09,68.7849372006901,68.31079821777344,-0.0068930641243922786,15,close_exit
TAP,2015-11-12,2015-12-11,69.93986794830796,70.80886954116822,0.0124249818930533,20,close_exit
TTWO,2015-11-18,2015-12-11,34.387183931350705,34.99249332237244,0.01760276131451044,16,close_exit
DD,2015-12-10,2015-12-14,79.17544219713075,73.6995441200263,-0.06916157239097664,1,open_exit
GOOG,2015-11-23,2015-12-15,37.5602807837166,36.826719793319704,-0.01953023180579938,15,close_exit
VRSN,2015-12-04,2015-12-21,90.75919710593993,85.4601444882737,-0.05838584723794815,10,open_exit
CASY,2015-12-11,2015-12-21,115.67477130384144,110.00779626767958,-0.04899058776849874,5,open_exit
TYL,2015-12-01,2015-12-31,179.45968011474608,174.23284732055666,-0.029125387891293486,21,close_exit
HRL,2015-12-04,2016-01-04,28.626520461585056,29.475925822258,0.029671973644606497,19,close_exit
PSA,2015-12-08,2016-01-04,159.3137846772657,161.2755993270874,0.012314155073246846,17,close_exit
MCD,2015-11-12,2016-01-07,87.2420149124685,89.5098415260315,0.02599466112558657,37,close_exit
ULTA,2015-12-15,2016-01-07,186.27308267211913,182.8885057296753,-0.018169973320307453,15,close_exit
ADBE,2015-12-15,2016-01-07,94.02699335861206,89.0654456100464,-0.05276727002896586,15,close_exit
BWXT,2015-12-16,2016-01-08,27.966505841995822,26.86535431957245,-0.03937393997822325,15,close_exit
FSLR,2015-12-22,2016-01-14,65.50273622131347,60.76959923744202,-0.0722586147833526,14,open_exit
EXR,2015-12-15,2016-01-14,58.57234440704266,58.72251995658875,0.002563932706918237,20,close_exit
CCL,2015-12-22,2016-01-14,46.752209589025156,44.59342623329163,-0.046175001667520976,15,close_exit
CUBE,2016-01-06,2016-01-22,20.00283159962459,19.082715232488457,-0.04599930577595823,10,open_exit
NOC,2016-01-06,2016-01-28,160.70787936173184,148.93000397543236,-0.07328747932631896,14,open_exit
AU,2016-03-04,2016-03-07,11.330362497303561,11.029866428798139,-0.0265213110857605,0,open_exit
AU,2016-03-08,2016-03-15,11.13187452413721,10.459783529462158,-0.060375365641946455,4,open_exit
NI,2016-01-06,2016-04-04,14.038893229633752,16.932071949958804,0.20608310591165657,60,close_exit
SMG,2016-03-07,2016-04-04,50.84942818250813,51.63807033157349,0.015509361211197392,19,close_exit
SON,2016-03-07,2016-04-05,32.22815423145047,33.623411970138555,0.0432931321064145,20,close_exit
MTSI,2016-03-08,2016-04-05,43.021499999999996,42.868554389953616,-0.0035550971036895085,19,close_exit
ETR,2016-03-11,2016-04-05,25.7798854585228,26.04808661365509,0.010403504529288954,16,close_exit
CME,2016-03-15,2016-04-06,64.49627119589809,63.74293101119996,-0.011680368038796685,15,close_exit
PEG,2016-03-04,2016-04-07,30.436577874988703,32.24783362388611,0.05950917860531901,23,close_exit
PNW,2016-03-11,2016-04-14,47.45763953782498,48.83361464881897,0.028993753680001344,23,close_exit
EVRG,2016-03-11,2016-04-21,32.553941422763174,34.587792362213136,0.062476334679026024,28,close_exit
HON,2016-03-04,2016-04-25,82.21501902072238,86.24516303634644,0.049019559487157194,35,close_exit
OC,2016-04-05,2016-04-27,40.705609099287024,41.122399553298955,0.010239140581223438,16,close_exit
CHD,2016-04-06,2016-04-27,41.067740989198846,40.35764159011841,-0.017290929132605437,15,close_exit
AYI,2016-04-07,2016-04-28,246.5656772407551,238.21251445770264,-0.033878043677977754,15,close_exit
CRL,2016-04-07,2016-04-28,81.90093061065673,79.98998377990723,-0.02333241901528338,15,close_exit
EW,2016-04-07,2016-04-29,35.867923473358154,35.385630090713505,-0.013446370348227266,16,close_exit
CAG,2016-04-08,2016-04-29,24.174861969125512,23.338819137573243,-0.03458314809077323,15,close_exit
AU,2016-05-02,2016-05-04,13.654325933605708,12.541825030281691,-0.08147607642688215,1,open_exit
BURL,2016-04-15,2016-05-06,57.28862832069397,54.492740457534794,-0.04880353998891673,15,close_exit
STLD,2016-04-28,2016-05-10,20.433043951388665,19.279947645181128,-0.0564329186072724,7,open_exit
BAX,2016-04-26,2016-05-17,37.54416405505518,38.018075569152835,0.012622774431805484,15,close_exit
EL,2016-04-29,2016-05-19,84.8227893918885,78.90999021954822,-0.06970767189726157,13,open_exit
NEM,2016-04-22,2016-05-24,24.920743784703205,24.809848773002624,-0.004449907781992057,22,close_exit
INGR,2016-04-29,2016-05-31,87.1179284853167,89.68922566604614,0.02951513225159874,21,close_exit
PPC,2016-05-09,2016-05-31,21.197560157019133,21.057834727287293,-0.00659158076197619,15,close_exit
VMC,2016-05-04,2016-06-02,103.93270003856662,105.94096054077148,0.01932270114660395,20,close_exit
CHTR,2016-05-19,2016-06-14,225.91290305328369,222.1288854904175,-0.016749895697518835,17,close_exit
BSX,2016-04-28,2016-06-17,22.08103469467163,22.478754771232605,0.01801184057090177,35,close_exit
MKTX,2016-05-19,2016-06-17,120.5223543717503,127.62440355682374,0.05892723571568492,20,close_exit
OLED,2016-05-25,2016-06-21,60.47502216441998,63.23391974449158,0.045620447605139836,18,close_exit
TXRH,2016-05-10,2016-06-22,37.689334116320985,38.30814500045776,0.016418726906316072,30,close_exit
AMD,2016-06-22,2016-06-23,5.462730038166046,5.167415076255798,-0.05405995900346394,0,open_exit
EVRG,2016-05-02,2016-06-24,35.816274480383825,38.899821365356445,0.08609345694682569,38,close_exit
ALB,2016-06-20,2016-06-27,73.10282578051601,67.72150939381808,-0.07361297363326014,4,open_exit
HII,2016-04-07,2016-06-27,115.13597902740626,131.4085365447998,0.14133338383755878,56,close_exit
OKE,2016-06-01,2016-06-27,23.338480828254042,24.0536886510849,0.030645003335650456,18,close_exit
WEC,2016-06-15,2016-07-12,45.748837878418804,46.07921327209473,0.007221503517836236,18,close_exit
DLR,2016-06-20,2016-07-15,73.01912700931653,75.59947993469238,0.03533804129220308,18,close_exit
NEM,2016-06-27,2016-07-20,29.511017360687255,30.733073194503785,0.04141015604038367,16,close_exit
CNP,2016-06-29,2016-07-27,17.309830902827358,17.416416372299196,0.006157510727295978,19,close_exit
FLEX,2016-07-21,2016-07-29,10.027618153095245,9.550610756397248,-0.04756936187790106,5,open_exit
HR,2016-06-01,2016-08-03,13.239570388224434,14.64031640815735,0.10579996018441573,44,close_exit
EPR,2016-06-03,2016-08-03,38.834743720682454,44.102990879058844,0.13565808998941975,42,close_exit
MPT,2016-06-29,2016-08-03,7.386960837565369,7.345948868274689,-0.005551940803871447,24,close_exit
CLF,2016-07-29,2016-08-11,7.550799749428972,6.69144356808815,-0.11380995521776482,8,open_exit
DGX,2016-06-23,2016-08-16,65.42290503902419,69.92055812072755,0.06874737645814655,37,close_exit
HII,2016-08-04,2016-08-17,143.9333902822453,135.95122825027252,-0.05545733353685489,8,open_exit
RGLD,2016-06-27,2016-08-17,62.569239207093425,74.06717304611206,0.18376336335115817,36,close_exit
NEM,2016-07-28,2016-08-22,33.23807507254731,33.88537732696533,0.01947472147545204,17,close_exit
TREX,2016-08-11,2016-09-08,15.12755988550186,15.087452766895295,-0.0026512615987065447,19,close_exit
PG,2016-07-18,2016-09-09,65.03297000152892,65.64455235671997,0.009404189216280168,38,close_exit
PAYC,2016-08-04,2016-09-09,49.86752338265022,48.22951240158081,-0.03284724947137241,25,close_exit
CTAS,2016-08-17,2016-09-09,25.737498382503187,25.576926818847657,-0.006238817824062104,16,close_exit
DOC,2016-08-18,2016-09-09,21.369484270090698,20.612920271873474,-0.03540394277442305,15,close_exit
OSK,2016-07-13,2016-09-13,42.45994590630618,46.89579467582703,0.10447137119084338,43,close_exit
ACGL,2016-08-17,2016-09-16,25.369974592616956,25.32877519989014,-0.001623943003033479,21,close_exit
MKTX,2016-06-24,2016-09-20,126.34252636155259,157.26677100372316,0.2447651280430716,60,close_exit
EXEL,2016-08-04,2016-09-29,10.035014732837677,12.273859733104706,0.22310330974809967,39,close_exit
BPOP,2016-09-09,2016-09-30,30.240301123569232,28.76603689293994,-0.048751638570167954,14,open_exit
CME,2016-09-13,2016-10-04,73.46112809480536,71.02985121917725,-0.03309610046404987,15,close_exit
DPZ,2016-08-23,2016-10-05,134.09659436085414,134.72172897338868,0.004661823184355374,30,close_exit
AIZ,2016-09-13,2016-10-06,74.13781589503257,74.46943000793458,0.004472941492793758,17,close_exit
ANET,2016-09-15,2016-10-11,5.160703986167907,5.185531070947647,0.0048107941951880395,18,close_exit
GEN,2016-09-19,2016-10-11,12.156489784438314,12.072081171512604,-0.006943502147615188,16,close_exit
CDW,2016-09-21,2016-10-12,40.9901492809495,39.55822536659241,-0.03493336666189184,15,close_exit
TFC,2016-09-13,2016-10-13,25.72398530950699,25.449627295494082,-0.01066545524388518,22,close_exit
LVS,2016-09-13,2016-10-14,43.97328396942004,45.496817237854,0.03464679302763618,23,close_exit
ETSY,2016-10-05,2016-10-17,15.437715305328368,14.402794847488405,-0.06703844690559602,7,open_exit
ON,2016-09-30,2016-10-18,12.166079847335816,11.644174618721008,-0.04289838922346845,11,open_exit
OVV,2016-10-06,2016-10-26,44.58710179355826,41.011242191147424,-0.08019941773671102,13,open_exit
NXPI,2016-10-07,2016-10-27,91.51898948062161,88.38051435476441,-0.03429315755853868,13,open_exit
EEFT,2016-10-12,2016-11-01,83.92193725204467,79.46025,-0.05316473139370914,13,open_exit
QCOM,2016-09-30,2016-11-02,52.530642618420245,51.473071847915655,-0.020132454464468097,23,close_exit
BBY,2016-10-13,2016-11-03,27.73277578941576,26.764002737998965,-0.03493242287656362,15,close_exit
PKG,2016-10-17,2016-11-04,62.9696601288496,59.20013553482846,-0.05986255263737916,13,open_exit
MRVL,2016-10-27,2016-11-04,12.536546639679354,11.730767975863722,-0.06427437211977227,5,open_exit
SMG,2016-10-13,2016-11-10,61.89951297002328,61.23440501785279,-0.010744962605644282,20,close_exit
DPZ,2016-10-19,2016-11-10,142.08304146326188,143.77039451599123,0.011875823007108544,16,close_exit
ADM,2016-11-09,2016-11-14,35.12095437737532,31.371334060193256,-0.10676305310192669,2,open_exit
DXC,2016-10-14,2016-12-01,43.50819264840331,48.32218607330323,0.11064567686832172,33,close_exit
MCHP,2016-11-09,2016-12-01,25.919281441219205,25.626388236045837,-0.011300205441173272,15,close_exit
BKNG,2016-11-09,2016-12-01,61.32854721053203,57.92633697891236,-0.05547514797538533,15,close_exit
EXEL,2016-11-11,2016-12-07,15.55777519083023,16.601695610046388,0.06709959530919596,17,close_exit
LVS,2016-11-09,2016-12-08,46.37066092011996,43.085227615356445,-0.07085155224384532,20,close_exit
HPE,2016-11-09,2016-12-16,9.898244019689738,10.378562852859497,0.048525660936859394,26,close_exit
XPO,2016-11-11,2016-12-16,13.609236329555511,15.697374284744264,0.15343535115588325,24,close_exit
BKR,2016-10-26,2016-12-23,29.29647164269535,35.138591806411746,0.1994137804363565,41,close_exit
THO,2016-12-02,2016-12-23,84.67061260954915,84.69232808685304,0.0002564700624527738,15,close_exit
ODFL,2016-12-02,2016-12-23,28.588165866158125,27.754561745643617,-0.029159062684091408,15,close_exit
LNC,2016-12-02,2016-12-28,44.89728864429221,45.390829303741455,0.010992660678452504,17,close_exit
UNH,2016-10-19,2016-12-30,122.56794459998312,136.79738130187988,0.11609427528817928,50,close_exit
STX,2016-12-08,2016-12-30,27.057419467180853,26.027436543464663,-0.038066561556821865,15,close_exit
CGNX,2016-11-14,2017-01-03,25.810693701808063,29.32042499828339,0.13597973526102725,33,close_exit
CRUS,2016-12-09,2017-01-03,58.82939923667907,57.20138454246521,-0.027673488346602437,15,close_exit
MPC,2017-01-04,2017-01-10,39.73349564488659,37.107508927419644,-0.06608999975578256,3,open_exit
HALO,2017-01-10,2017-01-11,13.936965305328368,12.823584923744203,-0.07988685895332592,0,open_exit
OKE,2016-12-19,2017-01-11,32.46253733124426,31.68310796451569,-0.02401011845671086,15,close_exit
EXEL,2017-01-11,2017-01-18,18.919454847335814,17.811089694976808,-0.05858335566762296,3,open_exit
FTI,2017-01-04,2017-01-20,24.751537797260944,23.370878303079614,-0.05578075614898226,10,open_exit
STT,2017-01-12,2017-01-20,63.03822905914429,59.99303378999499,-0.04830711957806133,4,open_exit
TRGP,2016-12-19,2017-01-23,36.911602351415546,38.88739929580689,0.053527802060198804,22,close_exit
TXT,2017-01-04,2017-01-26,48.86739354618594,46.11406994920048,-0.05634275530540045,14,open_exit
AGO,2017-01-04,2017-01-31,33.15582398865978,33.07167839241028,-0.002537882824998894,18,close_exit
JPM,2017-01-04,2017-01-31,67.75786440350716,65.87644623947143,-0.027766786639431662,18,close_exit
GNTX,2017-01-04,2017-02-01,17.105752171791565,17.41760405635834,0.018230819752026894,19,close_exit
TKR,2017-01-04,2017-02-08,34.08247133913165,36.49523965072632,0.07079205869747063,24,close_exit
MU,2017-01-26,2017-02-16,23.21986778659513,22.397448932647706,-0.03541875696735053,15,close_exit
DE,2017-01-04,2017-02-23,90.3993878826474,93.24322628021241,0.0314586023663872,34,close_exit
CHTR,2017-01-18,2017-02-23,306.3030688934326,324.2677776794434,0.05865011033324308,25,close_exit
SLM,2017-02-01,2017-02-23,10.384348953209914,10.330637036800384,-0.005172391321935144,15,close_exit
URI,2017-02-02,2017-02-24,122.8598102174608,115.04548117610216,-0.06360362292215294,14,open_exit
COHR,2017-02-09,2017-02-28,38.769375,36.481750000000005,-0.05900598088052722,11,open_exit
NFLX,2017-01-20,2017-02-28,13.942967870235442,14.205893797397614,0.018857242561926002,26,close_exit
PTC,2017-01-24,2017-02-28,50.67532652664184,53.86305438995362,0.06290492990974372,24,close_exit
MAN,2017-02-01,2017-02-28,71.78700842404957,72.01208690643311,0.0031353651214156564,18,close_exit
AMD,2017-02-28,2017-03-01,15.457724809169768,15.072459923744203,-0.024923776958237776,0,open_exit
CSX,2017-01-20,2017-03-08,13.042084640391826,14.003944613456726,0.07375047774847165,32,close_exit
EXEL,2017-02-17,2017-03-13,22.491239542007445,21.83907538127899,-0.028996363651295876,15,close_exit
MS,2017-02-24,2017-03-17,35.020603977088896,34.322330677032475,-0.019938927966897557,15,close_exit
BA,2017-02-24,2017-03-20,165.3647754195049,167.66700956726075,0.0139221556822815,16,close_exit
XYZ,2017-02-24,2017-03-21,16.958475763320923,16.501745228767398,-0.026932286894638113,17,close_exit
ZBRA,2017-02-24,2017-03-21,90.03499286270142,86.10692652511597,-0.04362821845918885,17,close_exit
STX,2017-03-01,2017-03-22,33.20675228087071,30.70188764587224,-0.07543238838329391,14,open_exit
PRI,2017-03-01,2017-03-22,72.78574576605371,70.67350024795533,-0.02902004363447075,15,close_exit
DPZ,2017-03-01,2017-03-22,171.58851123946246,165.10623310089113,-0.037778042898949704,15,close_exit
RNR,2017-03-01,2017-03-22,138.402595324455,136.75713349151613,-0.011888952147764642,15,close_exit
MO,2017-03-22,2017-03-31,39.53387592536091,37.39683957335565,-0.0540558268569451,6,open_exit
ALB,2017-03-14,2017-04-10,92.00009663954707,92.65923649978639,0.007164556172389869,19,close_exit
RCL,2017-03-20,2017-04-10,88.6725731008977,88.62920906448365,-0.0004890355032858285,15,close_exit
MU,2017-03-21,2017-04-11,25.658932709867866,26.490976477622986,0.03242706067174539,15,close_exit
ANET,2017-03-09,2017-04-12,7.705100701332092,8.212766638755799,0.06588699578396673,24,close_exit
TSLA,2017-04-11,2017-04-13,20.902446198463437,19.770110686302186,-0.0541723921406142,1,open_exit
AEE,2017-03-22,2017-04-13,42.811794605382616,42.1935113735199,-0.01444189008103347,16,close_exit
MAR,2017-03-23,2017-04-13,85.13445820307655,84.50474644851685,-0.007396673072818549,15,close_exit
ACN,2017-03-23,2017-04-13,104.7838487288437,98.99911307144166,-0.05520636746576846,15,close_exit
PNW,2017-03-22,2017-05-01,57.59585125289499,58.01999435043335,0.007364125858232651,27,close_exit
NLY,2017-03-23,2017-05-03,13.639585500678116,14.461290670394899,0.06024414522537591,28,close_exit
EXEL,2017-05-02,2017-05-04,24.022005228996274,22.6586650762558,-0.056753803012865256,1,open_exit
FMC,2017-04-12,2017-05-04,51.988259208144285,49.03824327087403,-0.05674388760468674,15,close_exit
AGNC,2017-04-17,2017-05-08,6.3894916189348905,6.349956158399582,-0.00618757530225833,15,close_exit
DRI,2017-03-31,2017-05-16,63.319470576540006,66.09309658813477,0.043803682916805586,31,close_exit
ILMN,2017-05-04,2017-05-17,183.6131687850952,172.0734508743286,-0.06284798626983523,8,open_exit
HUBS,2017-05-04,2017-05-18,70.68532652664184,66.16689694976807,-0.06392316197578485,9,open_exit
ETN,2017-04-11,2017-05-18,62.22332625849147,63.28080943489075,0.016994963785867512,26,close_exit
GMED,2017-04-13,2017-05-18,30.48523431301117,30.314834923744204,-0.005589571250047332,24,close_exit
APO,2017-04-18,2017-05-19,18.357787541927873,18.84027417087555,0.02628239529658516,23,close_exit
DXC,2017-04-13,2017-05-24,62.023211266226745,63.811286708831794,0.028829133579200805,28,close_exit
MTSI,2017-05-17,2017-06-09,55.907941068649286,54.82257347488404,-0.01941347817535488,16,close_exit
SBAC,2017-05-18,2017-06-09,121.43499431190288,122.40733261108399,0.008007068347066992,15,close_exit
VEEV,2017-05-19,2017-06-12,60.009989542007446,59.97999332237244,-0.0004998537720792839,15,close_exit
QRVO,2017-05-19,2017-06-12,76.12804133605957,74.59268225479127,-0.020168114853902686,15,close_exit
OLLI,2017-04-18,2017-06-15,34.767375,40.87955152511597,0.17580207091032807,41,close_exit
EA,2017-05-25,2017-06-16,109.24073011241875,107.1915937614441,-0.018757988424884187,15,close_exit
XYZ,2017-05-05,2017-06-27,19.759874999999997,23.30833969497681,0.17957930882542583,36,close_exit
LITE,2017-05-17,2017-06-27,54.427201526641845,59.320323474884034,0.08990214104333538,28,close_exit
NVR,2017-05-22,2017-06-29,2327.1730147705075,2338.83,0.005009075455716383,27,close_exit
SPGI,2017-06-12,2017-07-03,128.27179345460706,127.19214756393433,-0.008416861272426246,15,close_exit
PAYC,2017-06-19,2017-07-05,68.33010893550646,64.40345993903462,-0.0574658676481552,10,open_exit
MAA,2017-06-13,2017-07-05,77.07189107280982,75.55997943115234,-0.019616900800178527,15,close_exit
W,2017-05-09,2017-07-06,57.388680610656735,74.20287786483765,0.29298804355259245,40,close_exit
NYT,2017-06-12,2017-07-06,16.371871267318724,16.079078402519226,-0.017883897327238718,17,close_exit
MDT,2017-06-13,2017-07-06,68.59341164038018,68.62993635940552,0.0005324814461311611,16,close_exit
ED,2017-06-16,2017-07-10,61.2760024777437,58.22283096122742,-0.0498265453531378,15,close_exit
DRI,2017-06-28,2017-07-20,71.70073080460418,69.35355813217163,-0.03273568687645545,15,close_exit
STZ,2017-06-30,2017-07-25,166.98459981448022,165.99487242126466,-0.005927057910221301,16,close_exit
EG,2017-07-05,2017-07-26,219.64100963664967,215.46069720458985,-0.01903247685382292,15,close_exit
AAL,2017-07-07,2017-07-28,50.78608913754378,48.979480552673344,-0.03557290225631682,15,close_exit
EXEL,2017-07-06,2017-08-01,24.812399236679077,26.456764313697818,0.06627190951320605,18,close_exit
CNH,2017-07-11,2017-08-01,8.824587627038246,8.58514371919632,-0.027133722045920572,15,close_exit
IT,2017-07-10,2017-08-02,125.69281225204467,126.74659255981446,0.008383775403614235,17,close_exit
W,2017-07-27,2017-08-03,79.67981938934325,73.80307633972168,-0.07375447252089973,4,open_exit
ICE,2017-06-28,2017-08-03,58.694431685786306,58.0388981628418,-0.011168581143332856,25,close_exit
AVY,2017-07-07,2017-08-04,76.35390171140462,79.10865739059449,0.03607878074917559,20,close_exit
CGNX,2017-08-02,2017-08-07,49.14833525935624,46.708079421394245,-0.049650834053376114,2,open_exit
ALB,2017-08-03,2017-08-10,106.26383247373153,99.69721751994061,-0.06179538984173372,4,open_exit
PYPL,2017-07-06,2017-08-10,53.781336190522204,57.49307059669495,0.06901528799923828,25,close_exit
PPLI,2017-08-04,2017-08-11,19.73317975902557,18.13259367275238,-0.08111141264707289,4,open_exit
ALGN,2017-07-31,2017-08-21,173.42666633605955,167.8960057296753,-0.031890485605409524,15,close_exit
CTSH,2017-08-07,2017-08-28,62.44343436056199,61.520551088333136,-0.01477950855329202,15,close_exit
BBY,2017-08-29,2017-08-30,41.694965226513,39.62681762153823,-0.04960185465413636,0,open_exit
RCL,2017-07-21,2017-09-05,104.61557866492439,108.1825226097107,0.034095724463858,31,close_exit
ANET,2017-08-07,2017-09-08,10.63343925333023,10.787103292465211,0.014451019606554372,23,close_exit
XEL,2017-08-11,2017-09-13,37.00252632067287,37.337698459625244,0.00905808798155272,22,close_exit
IQV,2017-08-22,2017-09-14,93.34665305328369,95.40227194976808,0.022021345482103216,16,close_exit
RNG,2017-08-10,2017-09-20,37.81612590554789,40.41287366485596,0.0686677362401924,28,close_exit
W,2017-09-21,2017-09-25,83.93194438934326,74.29283683013917,-0.11484432571334491,1,open_exit
TTWO,2017-07-26,2017-09-25,80.98047244262695,97.57119274520875,0.20487309844155321,42,close_exit
FMC,2017-08-03,2017-09-25,58.315770623284465,59.7653599395752,0.024857586563589606,36,close_exit
FSLR,2017-09-25,2017-09-26,51.23560408401489,47.09643893241883,-0.08078689078806911,0,open_exit
ALGN,2017-09-06,2017-09-28,180.09,182.94847328948975,0.015872470928367743,16,close_exit
CORT,2017-09-11,2017-10-10,17.738864542007445,18.68065553379059,0.053091954648669004,21,close_exit
LYV,2017-08-11,2017-10-11,39.319649236679076,42.768605915069585,0.08771585569418483,42,close_exit
ALNY,2017-09-26,2017-10-17,117.45870152664185,118.64064694976807,0.01006264676660118,15,close_exit
AGCO,2017-09-26,2017-10-17,59.93112548870823,58.13323421096802,-0.029999291070863632,15,close_exit
BIIB,2017-10-18,2017-10-24,346.733277557373,318.8405,-0.0804444781125967,3,open_exit
BA,2017-09-14,2017-10-25,230.45418268360433,244.83310387420656,0.06239383908402907,29,close_exit
IPGP,2017-08-02,2017-10-26,166.98344389343262,208.64562500000002,0.24949887327246545,60,close_exit
SAM,2017-10-18,2017-10-30,179.8899030532837,167.16637500000002,-0.07072952865795334,7,open_exit
PODD,2017-10-11,2017-11-01,59.789878320693965,58.39078816986084,-0.02340011704537759,15,close_exit
THO,2017-09-26,2017-11-07,97.43862135420446,106.57949609375001,0.09381161815002548,30,close_exit
CAT,2017-08-30,2017-11-15,96.376407454447,111.8512805747986,0.1605670259878269,54,close_exit
ALB,2017-11-08,2017-11-16,127.64839840440935,120.38644405346123,-0.05689028959016906,5,open_exit
CACC,2017-10-27,2017-11-17,294.75729034423824,285.8670047607422,-0.030161376409429397,15,close_exit
ALLY,2017-11-02,2017-11-27,20.387965412005403,20.290234329223633,-0.004793567224918971,16,close_exit
XYZ,2017-09-15,2017-11-29,28.244114542007445,39.110436067581176,0.3847287019535437,52,close_exit
PYPL,2017-10-26,2017-11-29,70.8818507290202,72.5847603263855,0.02402462096927316,23,close_exit
FSLR,2017-10-30,2017-11-29,57.35866683197021,59.989990457534795,0.045874909074733905,21,close_exit
ALGN,2017-10-12,2017-12-04,192.88638828277587,225.68710305023194,0.17005199309019914,36,close_exit
COHR,2017-11-20,2017-12-05,47.923951526641844,43.078448474884034,-0.10110817028650276,9,open_exit
H,2017-11-16,2017-12-12,67.73847738371498,68.33725135421753,0.008839495566318911,17,close_exit
BLDR,2017-11-16,2017-12-14,18.60930038166046,19.72013454246521,0.05969241927544355,19,close_exit
TSN,2017-11-30,2017-12-21,64.86349285882584,64.22888633728027,-0.009783724150143613,15,close_exit
FAF,2017-09-29,2017-12-26,37.31893140765614,42.48430523490906,0.1384116219949756,60,close_exit
IBKR,2017-10-24,2017-12-29,12.05181027148435,14.043752046585084,0.16528154113194482,46,close_exit
GAP,2017-11-28,2018-01-03,22.30018127086304,24.716992087364197,0.10837628569678559,24,close_exit
CAR,2017-12-13,2018-01-16,39.62977471608769,40.36886263084412,0.01864981368305374,21,close_exit
LULU,2017-12-15,2018-01-16,75.33765305328369,76.66164694976807,0.017574132493189953,19,close_exit
STZ,2017-12-27,2018-01-19,194.7000526004236,188.04432801818848,-0.03418450325688627,15,close_exit
NVR,2017-11-30,2018-01-25,3469.734,3348.3250000000003,-0.03499086673502916,37,close_exit
MTDR,2017-12-22,2018-01-30,27.73071379907135,29.66002066421509,0.06957292477658283,24,close_exit
CACC,2017-11-30,2018-01-31,307.10348721313477,329.5451364593506,0.07307520161970982,41,close_exit
URI,2017-12-05,2018-02-01,154.12954847592553,173.15616120147706,0.1234455879076517,39,close_exit
ON,2018-01-04,2018-02-02,23.18158507633209,23.67815553379059,0.021420901798707703,20,close_exit
CAT,2018-01-22,2018-02-05,142.86412631046807,129.82520819824512,-0.09126796522653391,9,open_exit
SRPT,2018-01-26,2018-02-05,67.87391633605957,62.46875,-0.07963539792366381,5,open_exit
STX,2018-02-01,2018-02-05,39.753702786710036,37.202824826673655,-0.06416705316037019,1,open_exit
BA,2017-12-05,2018-02-05,266.02747995811455,313.2636084442139,0.1775610868980022,41,close_exit
UNH,2018-01-17,2018-02-06,203.8241152784695,184.12339050701794,-0.09665551470460665,13,open_exit
IBKR,2018-02-02,2018-02-06,15.857458960508684,14.503890248938355,-0.08535848744374797,1,open_exit
ROP,2018-02-05,2018-02-06,271.0489158588837,248.21072488004035,-0.08425855866818366,0,open_exit
MTCH,2018-01-03,2018-02-06,30.143766326640943,30.378512328147888,0.007787547148661256,23,close_exit
ABBV,2018-01-17,2018-02-08,72.02078536691495,75.77675941467285,0.0521512509010118,16,close_exit
MTCH,2018-02-08,2018-02-09,33.14259857757199,31.054402929785855,-0.06300639471279246,0,open_exit
NOW,2018-02-08,2018-02-09,30.61530038166046,28.413785496711732,-0.07190897549604014,0,open_exit
BG,2018-02-07,2018-02-15,63.91797316065598,59.37277139907935,-0.07110991692668978,5,open_exit
ANET,2018-02-13,2018-02-20,17.82140625,15.49225,-0.13069430197182108,3,open_exit
LPLA,2018-02-05,2018-03-01,57.97559753385499,58.76651573944092,0.01364226052390527,17,close_exit
DECK,2018-02-05,2018-03-05,15.592792538166046,15.773775922298432,0.011606861547692526,19,close_exit
TKO,2018-01-31,2018-03-15,31.896767556043855,33.55960111808777,0.05213172648677489,30,close_exit
MSI,2018-02-05,2018-03-22,92.21524926033497,95.82655158615113,0.039161660948516364,32,close_exit
HUBS,2018-02-15,2018-03-23,103.5017219467163,111.54419847488404,0.07770379445772013,25,close_exit
CRM,2018-03-02,2018-03-23,116.69052561795334,112.42772103118897,-0.03653085427621494,15,close_exit
CHH,2018-03-16,2018-03-26,78.8368932760338,75.36417362307068,-0.044049422911732306,5,open_exit
MTCH,2018-02-13,2018-03-27,34.69687210232415,40.39812198066711,0.16431596086037592,29,close_exit
XYZ,2018-03-06,2018-03-27,49.574774236679076,51.03447137260437,0.029444352665257467,15,close_exit
FTNT,2018-02-07,2018-03-28,9.340668442726134,10.450772327899934,0.11884630013157915,34,close_exit
WING,2018-02-13,2018-03-29,38.62982202196725,40.22651211929322,0.041333094841027096,31,close_exit
TPR,2018-02-07,2018-04-02,39.1449788561432,41.420060249328614,0.0581193670214073,36,close_exit
EL,2018-02-20,2018-04-20,126.5726176627795,133.97994306945802,0.058522337164689464,42,close_exit
NFLX,2018-04-18,2018-04-24,33.646816068649294,31.906039884567264,-0.05173672838851495,3,open_exit
ADBE,2018-04-18,2018-04-25,231.8158469467163,218.05092366027833,-0.0593786985132293,4,open_exit
PAYC,2018-04-18,2018-04-25,113.8770182488185,107.71260418219879,-0.05413220473643432,4,open_exit
FIVE,2018-04-18,2018-04-25,77.20858316802978,72.74360877990723,-0.057830026208425256,4,open_exit
RNG,2018-04-18,2018-04-26,68.86516561553478,65.46586597219466,-0.0493616709254423,5,open_exit
HUM,2018-04-18,2018-05-09,276.51380309544726,259.00793690428003,-0.06330919467743368,14,open_exit
PLNT,2018-04-18,2018-05-09,40.92045152664184,38.67065362739563,-0.05497979165213873,15,close_exit
CPRT,2018-04-18,2018-05-22,12.848920982837676,13.243375,0.03069938850812437,24,close_exit
IBKR,2018-04-18,2018-05-29,17.82735398057047,17.593387016296386,-0.013124043227563664,28,close_exit
VLO,2018-05-10,2018-06-08,83.52714013375115,87.06342588043213,0.04233696665560882,20,close_exit
DINO,2018-05-31,2018-06-13,59.72677826945743,56.23927901446719,-0.058390881879755496,8,open_exit
PEN,2018-05-10,2018-06-13,152.37615305328367,159.27033110046386,0.04524446843574936,23,close_exit
RYN,2018-05-23,2018-06-14,25.018632649724523,24.987541940689088,-0.0012427021680490036,15,close_exit
ENPH,2018-06-15,2018-06-18,6.443220057249069,5.72713501906395,-0.11113775904324008,0,open_exit
UA,2018-06-11,2018-06-20,22.451220534324644,21.059464694976807,-0.06199020838176905,6,open_exit
VKTX,2018-06-14,2018-06-22,11.245619771003723,10.72463454246521,-0.046327836006144096,5,open_exit
NTNX,2018-06-13,2018-06-25,60.70033316802978,54.592688932418824,-0.10061961634879113,7,open_exit
AXON,2018-05-10,2018-06-25,54.46721862602234,61.939016220092775,0.13717971621375757,31,close_exit
FTNT,2018-05-10,2018-06-25,11.7878905878067,12.417787786483766,0.05343595565169457,31,close_exit
GDDY,2018-05-10,2018-06-25,68.63429847335816,70.53471469497681,0.027689016481407425,31,close_exit
AKAM,2018-05-10,2018-06-25,77.36866683197022,77.61117652511597,0.0031344690696613053,31,close_exit
NFLX,2018-06-20,2018-06-26,41.53575688934326,39.30833511543274,-0.05362660851094314,3,open_exit
WEX,2018-05-10,2018-06-27,172.43618110656737,187.12639122009278,0.08519215642131805,33,close_exit
SRPT,2018-05-10,2018-07-16,90.54525,136.61165267944338,0.5087666407618665,45,close_exit
ENPH,2018-06-25,2018-07-17,6.723359790086746,6.626685114383698,-0.014378923443244762,15,close_exit
EXR,2018-06-26,2018-07-18,74.05130122891744,69.16875506933624,-0.06593464366666035,14,open_exit
FE,2018-06-26,2018-07-18,25.859140532668796,25.483134093284608,-0.01454056212383259,15,close_exit
EXC,2018-06-26,2018-07-18,22.649788402833206,22.61096326160431,-0.0017141502842489276,15,close_exit
AES,2018-06-27,2018-07-19,9.699462515541239,9.60133897304535,-0.010116389680218663,15,close_exit
FIVE,2018-07-19,2018-07-25,106.45320152664183,96.75160305023194,-0.09113486806671478,3,open_exit
SAM,2018-06-22,2018-07-26,295.1475,311.54416220092776,0.05555412870150622,23,close_exit
W,2018-06-29,2018-07-26,118.94944438934326,118.41076622009278,-0.004528631235025227,18,close_exit
TWLO,2018-07-18,2018-07-30,65.0325,60.379794847488405,-0.07154430711585125,7,open_exit
TKO,2018-06-18,2018-07-30,56.71164464722471,71.1472622718811,0.25454415428177546,29,close_exit
USFD,2018-06-27,2018-07-30,38.28913545799255,33.493243322372436,-0.1252546467360628,22,close_exit
XYZ,2018-07-20,2018-07-31,70.9854719467163,65.84705725479127,-0.07238684974556586,6,open_exit
MA,2018-07-25,2018-07-31,200.80132924349437,190.1120946979907,-0.053232887380649574,3,open_exit
CMG,2018-07-30,2018-08-01,9.407701377868651,8.695649809360505,-0.07568815589568212,1,open_exit
PSX,2018-07-31,2018-08-16,89.63002134000581,84.55216511127526,-0.05665352024706127,11,open_exit
FCN,2018-07-27,2018-08-20,75.97797244262695,76.39178530502319,0.005446484673024443,16,close_exit
WAB,2018-08-01,2018-08-22,104.75783052954355,105.09849410629273,0.0032519151554317727,15,close_exit
GWW,2018-07-19,2018-08-30,307.67445513885883,320.10317401123046,0.04039568012483308,30,close_exit
MRK,2018-07-31,2018-09-04,48.48519492315191,50.71304174423218,0.04594901236576154,24,close_exit
TWLO,2018-09-05,2018-09-06,86.75335408401489,81.959,-0.05526419277543859,0,open_exit
VKTX,2018-08-31,2018-09-07,12.906449618339538,11.674160305023195,-0.09547856689924317,3,open_exit
CBSH,2018-07-17,2018-09-12,44.516069186579365,45.45164330291748,0.021016548258492085,40,close_exit
TREX,2018-08-01,2018-09-17,38.88943393135071,41.98399856758118,0.07957340396605228,32,close_exit
KEYS,2018-08-23,2018-09-17,64.38217347335815,64.10792938995361,-0.004259627605116889,16,close_exit
RARE,2018-09-06,2018-09-18,87.34365305328369,82.83855725479127,-0.051578971579584576,7,open_exit
FICO,2018-07-18,2018-09-19,206.19304133605957,227.84602671051027,0.10501317228819573,44,close_exit
AMD,2018-07-27,2018-10-02,19.07953469467163,29.00549045753479,0.520240976612244,46,close_exit
MOH,2018-09-07,2018-10-02,141.25058267211912,146.42675,0.036645281243874006,17,close_exit
ILMN,2018-08-01,2018-10-04,315.4689349365234,335.15335389709475,0.06239732912063789,45,close_exit
LULU,2018-08-21,2018-10-05,137.36865305328368,153.7630763397217,0.11934617485168775,32,close_exit
FTNT,2018-09-13,2018-10-05,17.85492367172241,17.211389313697815,-0.036042403196816064,16,close_exit
ULTA,2018-09-20,2018-10-08,288.2840846557617,270.23481011962895,-0.062609333975843,11,open_exit
BSX,2018-08-16,2018-10-08,35.0175,37.28134923744202,0.06464908224293642,36,close_exit
SNA,2018-09-18,2018-10-09,152.90150461214725,145.3971137084961,-0.04907990227229564,15,close_exit
COP,2018-09-18,2018-10-10,57.61477661789626,57.81899169158936,0.0035444912864535105,16,close_exit
CF,2018-10-03,2018-10-11,46.15801577241784,41.84549247091475,-0.09342956427689597,5,open_exit
HPQ,2018-10-05,2018-10-11,19.956289655402408,18.266759480743872,-0.08466153798289655,3,open_exit
APA,2018-10-10,2018-10-11,39.56570547531449,37.24098589191169,-0.05875592398708063,0,open_exit
ATO,2018-09-18,2018-10-11,78.84332482414099,77.49440602111817,-0.017108852347761494,17,close_exit
BRK-B,2018-10-09,2018-10-12,221.96093110656736,209.93497328948976,-0.05418051617067565,2,open_exit
WING,2018-10-09,2018-10-25,60.48446137611007,56.86262860418473,-0.05988038397835316,11,open_exit
SCI,2018-10-08,2018-10-29,39.21137603413627,37.54406190109253,-0.04252118394397142,15,close_exit
TWLO,2018-11-08,2018-11-13,94.69732652664185,84.08793225479127,-0.11203478135009193,2,open_exit
PLNT,2018-11-08,2018-11-13,55.59778469467163,51.1544103050232,-0.07991998987100424,2,open_exit
HUM,2018-11-08,2018-11-14,329.41972508253065,311.11635088501123,-0.055562471837209526,3,open_exit
CRL,2018-11-08,2018-11-15,136.42818061065674,127.78607347488403,-0.06334546936776819,4,open_exit
MKC,2018-10-03,2018-11-21,57.17295310990398,61.876410209655766,0.0822671708195708,35,close_exit
VZ,2018-10-09,2018-12-03,35.3552523993164,37.70568225288391,0.0664803584774567,38,close_exit
UAL,2018-11-08,2018-12-04,92.13604133605956,91.89403244018555,-0.0026266474266166684,17,close_exit
HCA,2018-11-08,2018-12-07,132.38517204513016,127.28976261138916,-0.038489276064875066,19,close_exit
ELV,2018-11-08,2018-12-07,260.2058996392961,252.9590132522583,-0.02785058446823685,19,close_exit
MRK,2018-11-08,2018-12-17,56.33023538288653,56.925662639617926,0.010570295910964589,25,close_exit
YUM,2019-02-01,2019-02-25,82.32783283968841,81.7489076499939,-0.007031949824572892,15,close_exit
PG,2019-02-01,2019-02-28,79.60820300165292,81.34454602813722,0.021811106908772304,18,close_exit
WDAY,2019-02-01,2019-03-01,180.76033316802977,189.04542938995363,0.04583470320461425,19,close_exit
TEAM,2019-02-01,2019-03-04,98.2591040840149,104.65764408493042,0.0651190549777918,20,close_exit
TWLO,2019-02-01,2019-03-06,111.36565255737304,114.57268225479126,0.028797296327662814,22,close_exit
NOW,2019-02-01,2019-03-06,43.73785760307312,46.598690647125245,0.06540862312037699,22,close_exit
LLY,2019-02-01,2019-03-11,109.14957913942989,112.52899635696411,0.03096133988036076,25,close_exit
TDC,2019-02-01,2019-03-20,44.452215305328366,45.35731106758118,0.02036109462792779,32,close_exit
ETSY,2019-02-26,2019-03-22,65.25261122131347,65.98698664474487,0.01125434537693315,18,close_exit
LSCC,2019-03-04,2019-03-25,12.496244771003722,12.22388454246521,-0.021795366010315065,15,close_exit
AWK,2019-03-05,2019-03-29,88.48092267723081,90.53738078308106,0.023241824832139324,18,close_exit
AES,2019-03-07,2019-04-01,13.42739004487385,13.565373687267304,0.01027628168484851,17,close_exit
ED,2019-03-07,2019-04-01,64.49655872277671,65.01813385009766,0.008086867542232978,17,close_exit
EXC,2019-02-01,2019-04-04,26.141256822919473,27.400462226867678,0.04816927558143225,43,close_exit
BALL,2019-02-01,2019-04-09,48.11991821919854,53.004810630798346,0.10151497742261051,46,close_exit
CCI,2019-03-21,2019-04-15,91.77112401514628,93.21590382766725,0.01574329428810861,17,close_exit
AMT,2019-03-26,2019-04-16,160.6616445887852,157.59009558868408,-0.019118122486314504,15,close_exit
IONS,2019-03-12,2019-04-17,74.03699999999999,72.63366316986084,-0.018954533951121122,26,close_exit
AZO,2019-03-01,2019-04-22,945.8627096557617,1034.6823511962891,0.09390331242982675,35,close_exit
SO,2019-03-25,2019-04-23,39.31681673014113,39.15666614532471,-0.004073335486838747,20,close_exit
NVR,2019-04-23,2019-04-29,3283.290727294922,3126.0062833251955,-0.04790451319530631,3,open_exit
UI,2019-04-01,2019-05-07,142.3715855420355,153.1534264831543,0.0757302863494167,25,close_exit
CHD,2019-04-02,2019-05-07,65.95229664940214,66.79371961212159,0.012758054009739617,24,close_exit
DLTR,2019-04-16,2019-05-08,107.10352805328368,106.0569456100464,-0.00977168971237452,15,close_exit
LULU,2019-04-05,2019-05-09,172.12601328277586,173.62315171051026,0.00869792078013698,23,close_exit
ENPH,2019-05-08,2019-05-10,14.277135457992554,13.443274809360505,-0.058405318846032284,1,open_exit
DECK,2019-04-18,2019-05-10,25.40269438934326,24.341155853271484,-0.04178842290513496,15,close_exit
OKTA,2019-04-10,2019-05-13,91.84590305328369,100.00996755981446,0.08888871724408265,22,close_exit
RNG,2019-05-10,2019-05-14,121.44947763215482,116.34730967458542,-0.04201062085275331,1,open_exit
CDNS,2019-04-24,2019-05-20,66.8233959159851,64.58769274520874,-0.03345689245705563,18,close_exit
PPC,2019-04-17,2019-05-21,20.71444973797341,23.191557752609253,0.11958357793568841,23,close_exit
SUI,2019-04-02,2019-05-29,95.67271569831904,98.05036130523682,0.02485186700892994,39,close_exit
CPAY,2019-05-21,2019-05-30,274.06695767211914,260.5296736602783,-0.04939407554571462,5,open_exit
LPLA,2019-05-08,2019-05-31,79.42547485329912,76.46063666534424,-0.03732855476698138,16,close_exit
PCTY,2019-04-29,2019-06-03,96.59827805328369,89.82506774520874,-0.07011729861622218,24,close_exit
PLNT,2019-05-09,2019-06-03,76.44820866394042,76.35180438995361,-0.0012610403261453795,16,close_exit
PAYC,2019-05-10,2019-06-03,201.7620428809621,192.27498445892334,-0.04702102678270381,15,close_exit
ZS,2019-05-13,2019-06-04,71.65581274795532,67.96600000000001,-0.05149355797461952,14,open_exit
MTCH,2019-05-14,2019-06-04,66.63806925516188,63.5677412171424,-0.04607468482111898,13,open_exit
VEEV,2019-05-31,2019-06-25,152.47619389343262,157.08142366027832,0.030202942828336576,17,close_exit
OKTA,2019-06-05,2019-06-26,115.15754847335815,119.66014122009278,0.039099414727262305,15,close_exit
MKTX,2019-06-05,2019-06-26,279.6136037996316,290.627684753418,0.03939036157081599,15,close_exit
PGR,2019-06-05,2019-06-26,67.15374401456143,64.39104429244995,-0.04113992097763641,15,close_exit
APD,2019-06-05,2019-07-18,180.7681905369225,190.5174560699463,0.05393241755679612,30,close_exit
LDOS,2019-06-05,2019-07-19,71.21858927349888,72.45541524124145,0.01736661706387954,31,close_exit
BAH,2019-06-05,2019-07-19,56.62647127285546,58.68950882148743,0.0364323875787913,31,close_exit
ACM,2019-06-27,2019-07-19,35.25557476384685,34.81035634803772,-0.012628312509194495,15,close_exit
IEX,2019-06-27,2019-07-19,154.12482350137,150.666724899292,-0.022436999592393758,15,close_exit
WING,2019-05-14,2019-07-23,71.82895334429101,84.75141870498658,0.17990607908144685,48,close_exit
GLOB,2019-05-22,2019-07-23,87.76386122131348,104.27783683013917,0.1881637313926119,42,close_exit
ENPH,2019-07-19,2019-07-24,20.730359313011167,19.64017461872101,-0.05258879876751177,2,open_exit
ERIE,2019-05-31,2019-07-26,179.10801662134773,204.3044739074707,0.1406774401359756,39,close_exit
WWD,2019-07-24,2019-08-01,113.28583397107919,107.34530391630884,-0.052438419231542355,5,open_exit
ALLY,2019-06-27,2019-08-01,24.16116724213413,26.042428433418277,0.07786300936667723,24,close_exit
KBR,2019-07-22,2019-08-05,23.99624694984039,22.137418727212427,-0.07746328942661285,9,open_exit
BX,2019-07-23,2019-08-06,37.08375685145037,35.126007732950335,-0.052792631726671035,9,open_exit
HXL,2019-07-24,2019-08-06,79.99942847257499,74.33481312344097,-0.07080819772451175,8,open_exit
SAM,2019-07-29,2019-08-06,398.69925,375.8619627990723,-0.057279483723452485,5,open_exit
LSCC,2019-08-01,2019-08-06,19.60980038166046,19.10044561004639,-0.025974500591573135,2,open_exit
RGEN,2019-08-02,2019-08-06,95.05750713729857,88.16589408493043,-0.0724994086202374,1,open_exit
FICO,2019-08-09,2019-08-14,366.4631387786865,331.4541851196289,-0.09553199204627272,2,open_exit
GNTX,2019-07-22,2019-08-14,22.464388610869868,23.292815920829774,0.03687735839643791,17,close_exit
MANH,2019-07-24,2019-08-14,80.03999999999999,81.75910305023194,0.02147804910334772,15,close_exit
TRU,2019-07-24,2019-08-14,79.32585078851304,76.97575983428956,-0.029625789460348106,15,close_exit
OLED,2019-08-09,2019-08-28,201.9792373609116,188.94459241583053,-0.0645345784814001,12,open_exit
ENPH,2019-08-20,2019-08-30,33.266625,31.604190838813782,-0.04997303336861536,7,open_exit
LSCC,2019-08-09,2019-09-03,19.169579847335815,18.53073091506958,-0.033326183325558034,16,close_exit
BALL,2019-06-26,2019-09-05,62.886860568554035,72.69429415512086,0.15595362048445027,49,close_exit
SBAC,2019-08-05,2019-09-09,224.4859400946609,230.00583493804933,0.024589044824191664,24,close_exit
PODD,2019-08-09,2019-09-09,145.67280610656738,147.3063148803711,0.01121354642271899,20,close_exit
WRB,2019-08-14,2019-09-09,27.30878658084898,27.2776732339859,-0.0011393163431472342,17,close_exit
HEI,2019-08-30,2019-09-10,145.68566635295647,130.9027505159222,-0.1014713129102166,5,open_exit
HEI-A,2019-08-30,2019-09-10,110.38511822134716,100.96973438935773,-0.0852957716012901,5,open_exit
RGLD,2019-09-04,2019-09-10,125.94477955679454,114.08515050546696,-0.09416530874135609,3,open_exit
ROKU,2019-08-09,2019-09-10,121.80086786270141,144.06792938995363,0.1828152944883159,21,close_exit
LSCC,2019-09-10,2019-09-11,20.78038545799255,19.300344466209413,-0.07122298066968169,0,open_exit
RMD,2019-08-20,2019-09-11,128.59657081868392,125.94331398010254,-0.020632407393835983,15,close_exit
SPGI,2019-08-20,2019-09-11,231.75175564047115,225.1636069946289,-0.02842761051641307,15,close_exit
LAD,2019-09-11,2019-09-16,129.9873009637369,121.73766796916054,-0.0634649149064016,2,open_exit
NVR,2019-09-10,2019-09-24,3754.8765,3502.0181345214846,-0.06734132679956728,9,open_exit
WU,2019-09-12,2019-09-24,14.752621928738941,14.114218462605383,-0.04327389864779985,7,open_exit
FSLR,2019-09-24,2019-09-27,67.8238959159851,62.43876622009277,-0.07939870783245784,2,open_exit
GNRC,2019-09-06,2019-09-27,80.5802709159851,78.82057061004639,-0.021837855419640007,15,close_exit
APO,2019-09-10,2019-10-01,33.96557758650133,31.761003104672263,-0.06490613846370208,14,open_exit
SAIA,2019-09-10,2019-10-01,93.54674999999999,91.89403244018555,-0.01766728998938427,15,close_exit
ALLY,2019-09-10,2019-10-01,27.572118406614848,26.082588549613956,-0.054023047305771676,15,close_exit
FNF,2019-09-10,2019-10-02,31.71391416321348,31.102019717216493,-0.019294195060499786,16,close_exit
CPB,2019-09-11,2019-10-02,35.502470062007795,35.67566139411927,0.0048782896460155545,15,close_exit
MEDP,2019-09-16,2019-10-03,86.0329928627014,79.86005152511598,-0.07175086129383779,12,open_exit
TFC,2019-09-30,2019-10-03,39.60858116419183,37.427539915421185,-0.055064866871384455,2,open_exit
VMC,2019-09-12,2019-10-03,137.92716653750063,137.12871274566652,-0.005788952328089847,15,close_exit
NTRA,2019-10-07,2019-10-10,35.87793061065673,33.983000000000004,-0.052816050937282366,2,open_exit
NOC,2019-09-27,2019-10-14,341.49362646414943,324.9346833979504,-0.04848975729840577,10,open_exit
EQIX,2019-09-24,2019-10-15,513.4386276381672,503.6220559234619,-0.019119269930783722,15,close_exit
CB,2019-10-07,2019-10-18,145.29748513473092,137.80440344416863,-0.051570622049061154,8,open_exit
RNG,2019-10-07,2019-10-21,170.27209789584302,161.79068693010842,-0.049810926573082726,9,open_exit
TDY,2019-10-01,2019-10-22,323.1615,311.49416889953613,-0.03610371625476383,15,close_exit
PEP,2019-10-07,2019-10-28,113.04472650381237,110.72643891906739,-0.020507702185177057,15,close_exit
PHM,2019-10-07,2019-11-04,34.49423496283484,35.598158813476566,0.03200314057787135,20,close_exit
CHDN,2019-10-14,2019-11-04,63.69380846487872,60.6110443687439,-0.04839974513118783,15,close_exit
FCN,2019-10-16,2019-11-06,111.01547908401488,108.84555152511598,-0.019546171189845807,15,close_exit
NEE,2019-10-23,2019-11-08,50.2435637799854,47.14011922370197,-0.061768002163884894,11,open_exit
SUI,2019-10-21,2019-11-11,125.93402659642723,125.60581344223023,-0.002606230921598396,15,close_exit
SGI,2019-10-18,2019-11-19,19.57931108291141,20.07266319179535,0.025197623491182597,22,close_exit
T,2019-10-29,2019-11-19,18.37159953812491,18.119588246345522,-0.0137174387704464,15,close_exit
ARMK,2019-11-20,2019-11-22,29.90204624833063,28.196332415365184,-0.057043381539839344,1,open_exit
WSM,2019-11-12,2019-11-25,31.33886538131436,29.704948848565145,-0.052137067276322946,8,open_exit
AN,2019-11-05,2019-11-26,52.61629515266418,51.974000000000004,-0.012207152761337103,15,close_exit
ODFL,2019-11-05,2019-11-29,61.83098852505381,61.88548464965821,0.0008813723652876249,17,close_exit
WU,2019-11-07,2019-11-29,17.195106518749608,16.772338929176332,-0.024586505998801966,15,close_exit
AAPL,2019-10-07,2019-12-03,54.35709782116857,62.45260664749146,0.14893195462635989,40,close_exit
EW,2019-10-07,2019-12-06,75.9646295928955,79.62017366027833,0.048121659869512445,43,close_exit
DXCM,2019-11-08,2019-12-10,48.54926402664184,53.85555844497681,0.10929711345208215,21,close_exit
PODD,2019-11-27,2019-12-13,184.01195816802976,172.72359255981445,-0.06134582622020357,10,open_exit
REXR,2019-12-04,2019-12-13,39.581261173407405,37.31850139774705,-0.057167450166559775,6,open_exit
ALNY,2019-11-20,2019-12-17,98.02899335861206,116.49172805023194,0.18833953159224093,18,close_exit
TDY,2019-11-25,2019-12-17,351.1755,344.12783779907227,-0.020068775301602004,15,close_exit
LW,2019-12-03,2020-01-02,74.45920150773576,74.50881612777711,0.0006663329586766853,20,close_exit
GNRC,2019-10-10,2020-01-07,84.31213164138794,102.84855152511597,0.21985471749867003,60,close_exit
CVNA,2019-12-13,2020-01-07,19.32565798473358,18.1729082069397,-0.059648669075304195,15,close_exit
TGT,2019-12-18,2020-01-10,107.57013033023038,104.30171252059937,-0.03038406479193878,15,close_exit
DOCU,2019-11-22,2020-01-13,70.33515305328369,74.11292652511597,0.05371102937631145,33,close_exit
LITE,2019-12-03,2020-01-15,72.00598622131348,75.85205438995362,0.05341317257733391,29,close_exit
TSLA,2020-01-14,2020-01-17,36.302142396926875,33.82374739074707,-0.06827131520451557,2,open_exit
CRUS,2019-12-09,2020-01-21,73.81688877868652,82.708625,0.12045666470680128,28,close_exit
LRCX,2019-12-13,2020-01-27,26.407771219923156,27.301364004135134,0.033838250747106446,28,close_exit
SNX,2020-01-13,2020-01-28,68.30224955615049,65.38189147942745,-0.04275639668825604,9,open_exit
XPO,2020-01-17,2020-01-28,32.65455611801147,31.208082000732425,-0.04429624191036563,5,open_exit
AMD,2020-01-03,2020-01-29,48.05401377868652,47.48624332237244,-0.011815255618998988,17,close_exit
DAR,2019-12-18,2020-01-30,27.11355038166046,27.856065838813784,0.027385401273584575,28,close_exit
ENTG,2020-01-08,2020-01-30,50.1644921227544,51.98265122032166,0.03624394508207418,15,close_exit
AAPL,2020-01-30,2020-02-21,77.23487619014348,75.5335796737671,-0.022027568377114837,15,close_exit
PHM,2020-01-28,2020-02-24,42.458169604942256,42.35022466468811,-0.002542383274138582,18,close_exit
DHI,2020-01-28,2020-02-24,56.20006163721384,56.446612276077275,0.004387017232382773,18,close_exit
LLY,2020-01-31,2020-02-24,132.51347661155634,128.68908701324463,-0.028860382325658462,15,close_exit
FBIN,2020-01-31,2020-02-24,54.52278861334978,53.73977164077759,-0.01436127887964389,15,close_exit
PODD,2020-01-16,2020-02-25,186.85337450408935,196.6316307296753,0.05233117277939203,26,close_exit
LEN,2020-01-28,2020-02-25,59.802055445407035,58.43208068466187,-0.0229084895250099,19,close_exit
GLOB,2020-02-24,2020-02-26,127.74384030532836,115.93200286483766,-0.09246502541538215,1,open_exit
TSLA,2020-01-22,2020-02-26,38.145062450408936,51.89403816986084,0.3604391980567989,24,close_exit
GEN,2019-12-11,2020-02-27,13.226931463044814,16.56741672229767,0.2525517931793897,52,close_exit
NNN,2020-02-25,2020-02-28,41.366197035759825,36.3320162292503,-0.12169793617135338,2,open_exit
DXCM,2020-01-08,2020-03-09,57.72384719467163,66.59668225479126,0.15371177583150875,41,close_exit
OKTA,2020-05-21,2020-05-28,189.844875,177.85103244018555,-0.06317706790775601,3,open_exit
NVDA,2020-05-26,2020-05-28,9.114924264120862,8.365455545036342,-0.08222434957958558,1,open_exit
GNRC,2020-05-28,2020-06-01,123.0114719467163,111.75409255981445,-0.09151487425317617,1,open_exit
MOH,2020-05-27,2020-06-05,184.01195816802976,172.69360877990724,-0.06150877095600071,6,open_exit
SRPT,2020-05-28,2020-06-05,156.24808316802978,144.8075648803711,-0.0732202152864525,5,open_exit
GLOB,2020-05-27,2020-06-10,144.11201328277588,137.14140171051025,-0.04836939970152199,9,open_exit
KNSL,2020-06-08,2020-06-12,158.09259101750635,153.66554468995355,-0.028002870337311192,3,open_exit
AXON,2020-06-10,2020-06-12,101.5907709159851,97.55119847488403,-0.039763183256496526,1,open_exit
TWLO,2020-05-21,2020-06-12,192.9964438934326,191.79405438995363,-0.0062301122198028525,15,close_exit
TYL,2020-05-21,2020-06-12,359.35958267211913,342.5386364593506,-0.04680811928734907,15,close_exit
QGEN,2020-05-21,2020-06-12,42.437856812209844,42.385576852798465,-0.0012319179934726643,15,close_exit
APPF,2020-05-27,2020-06-18,155.18755561065672,157.44124427032472,0.014522354262233472,16,close_exit
ZS,2020-06-19,2020-06-22,114.85740305328369,110.23485591506959,-0.04024596600072572,0,open_exit
VRT,2020-06-08,2020-06-23,14.16179739947939,13.690306461969017,-0.0332931565260004,10,open_exit
MRVL,2020-05-21,2020-06-24,28.12036368035297,32.780815900802615,0.1657322882956096,23,close_exit
THO,2020-06-16,2020-06-25,104.65625815212219,96.68007838615756,-0.07621311813356568,6,open_exit
META,2020-05-21,2020-06-26,232.79305374293307,214.09190562438965,-0.080333789251266,25,close_exit
RNG,2020-06-29,2020-06-30,286.63629671291,272.40163811524485,-0.04966104698150753,0,open_exit
ADSK,2020-06-17,2020-07-13,242.41113828277585,231.7440706100464,-0.044004032769674795,17,close_exit
ZM,2020-06-01,2020-07-15,183.27158267211914,256.0918912200928,0.39733551424746727,31,close_exit
CRWD,2020-06-17,2020-07-15,25.422704847335815,25.774606631278992,0.01384202767000442,19,close_exit
EA,2020-06-16,2020-07-23,123.44561961697093,131.29538819122314,0.06358887904332766,26,close_exit
LLY,2020-06-17,2020-07-23,153.8570222146518,151.16693243408204,-0.017484348402484473,25,close_exit
HALO,2020-06-30,2020-07-23,26.263125,27.206389313697816,0.03591592065673144,16,close_exit
MRNA,2020-07-16,2020-07-24,80.20008366394042,69.01547805023193,-0.1394587773820155,5,open_exit
REGN,2020-06-22,2020-07-24,629.2101419117893,603.6498063354493,-0.04062289189852786,23,close_exit
DOCU,2020-06-23,2020-07-24,170.42516633605956,190.85452194976807,0.11987288058985412,22,close_exit
AU,2020-07-27,2020-07-31,31.468393468420988,28.008997589123958,-0.10993239558824597,3,open_exit
KNX,2020-07-24,2020-08-04,42.619682987926936,40.48619696462547,-0.05005870231146081,6,open_exit
ADT,2020-08-04,2020-08-05,11.737213291411217,11.020908838655041,-0.06102849415545142,0,open_exit
TSLA,2020-07-16,2020-08-06,98.52657173538208,99.25568333053589,0.0074001518809769795,15,close_exit
RGEN,2020-07-31,2020-08-12,152.076,142.42875,-0.06343703148425783,7,open_exit
ENTG,2020-07-24,2020-08-20,65.90301758397469,67.76994634246826,0.028328426025632236,19,close_exit
TSCO,2020-06-25,2020-08-28,23.801234966907096,26.645930166244508,0.11951880662043957,45,close_exit
SAM,2020-07-15,2020-09-03,629.504597442627,812.8633845214844,0.291274738617884,36,close_exit
LII,2020-07-24,2020-09-03,247.36552815648676,259.6097542114258,0.04949851398531635,29,close_exit
WHR,2020-07-24,2020-09-03,121.58660109986374,131.04160889434814,0.07776356694697495,29,close_exit
POOL,2020-07-27,2020-09-03,284.54180698986886,287.5749211273193,0.010659643198085433,28,close_exit
ENPH,2020-08-05,2020-09-03,69.02449286270141,67.76610305023193,-0.018231062051735414,21,close_exit
LAD,2020-08-12,2020-09-03,237.01262043123722,236.66526905822755,-0.0014655395665330584,16,close_exit
XYZ,2020-06-26,2020-09-04,105.08251377868652,146.31680438995363,0.3923991645090479,49,close_exit
HUBS,2020-08-07,2020-09-04,258.7893336639404,279.96993035888676,0.08184493694184147,20,close_exit
CORT,2020-09-08,2020-09-09,20.009999999999998,18.520735686302185,-0.07442600268354893,0,open_exit
CHWY,2020-08-31,2020-09-14,60.12004515266418,54.13291984748841,-0.09958617446098939,8,open_exit
BF-B,2020-09-08,2020-09-21,71.88960057051948,67.39805195745048,-0.06247841937392673,8,open_exit
NWSA,2020-09-21,2020-09-22,14.690976995718545,13.962466351608029,-0.049588985424375065,0,open_exit
DAR,2020-09-08,2020-09-24,33.99698954200745,32.08394847488403,-0.05627089612624725,11,open_exit
VIRT,2020-09-08,2020-09-24,22.34224404441536,18.15266723662399,-0.1875181740680426,11,open_exit
CAT,2020-09-10,2020-09-24,136.61815004451046,129.30784343254732,-0.05350904407343704,9,open_exit
RH,2020-09-11,2020-09-24,388.444125,352.8134952392578,-0.09172652504589218,8,open_exit
ALGN,2020-09-11,2020-09-24,329.11448721313474,305.9969188995361,-0.07024172198967238,8,open_exit
AVTR,2020-09-22,2020-09-25,22.851420152664183,21.499245228767396,-0.05917246783190144,2,open_exit
SHW,2020-09-11,2020-10-02,223.4924750609152,218.09975787353517,-0.02412930093467447,15,close_exit
DKNG,2020-09-29,2020-10-08,57.348659694671625,54.1309219455719,-0.056108333938948096,6,open_exit
ZG,2020-09-28,2020-10-19,102.69131938934325,98.7705896949768,-0.03817975772130666,15,close_exit
NTRA,2020-09-28,2020-10-20,70.19508366394042,70.31482347488404,0.0017058147763862053,16,close_exit
GAP,2020-10-08,2020-10-22,16.23488530851965,15.091462281984318,-0.07043000334195726,9,open_exit
AN,2020-10-21,2020-10-22,67.79388213729858,64.35780438995361,-0.050684186227690886,0,open_exit
UPS,2020-09-28,2020-10-23,133.3129902580715,134.73958808135987,0.010701116376781616,19,close_exit
MCD,2020-09-11,2020-10-26,190.7836977361921,196.3539528656006,0.02919670388772322,31,close_exit
NKE,2020-09-24,2020-10-26,115.75604767959081,117.40550128173828,0.014249394612306565,22,close_exit
WHR,2020-09-29,2020-10-26,140.75300478343087,148.2276831893921,0.05310492957121693,19,close_exit
PYPL,2020-10-22,2020-10-27,210.18564174442852,196.98461619713424,-0.06280650494359563,2,open_exit
TWLO,2020-10-05,2020-10-27,290.145,286.1468635406494,-0.013779787552260392,16,close_exit
FDX,2020-09-14,2020-10-28,174.72235280894512,188.30933216857912,0.07776325776983462,32,close_exit
ZM,2020-08-21,2020-10-29,291.14549999999997,489.4351526794434,0.6810672075626909,48,close_exit
MTCH,2020-10-28,2020-11-02,118.20405899975725,112.76941137609643,-0.045976827442719026,2,open_exit
SAM,2020-10-26,2020-11-04,1081.3304340820312,1025.0072595214845,-0.05208692254034342,6,open_exit
PWR,2020-11-03,2020-11-05,66.3111599727613,64.38468816154072,-0.029051999874710632,1,open_exit
PEN,2020-10-30,2020-11-10,260.6602637786865,233.78304389953615,-0.10311207197262118,6,open_exit
ALGN,2020-11-05,2020-11-12,486.7132362213134,455.4921412200928,-0.0641467966715088,4,open_exit
RH,2020-11-12,2020-11-13,415.45762499999995,396.80150000000003,-0.04490500084093996,0,open_exit
TMO,2020-10-27,2020-11-17,477.7370823317251,471.3554214324951,-0.013358102469422262,15,close_exit
DHR,2020-10-27,2020-11-17,203.6079387567844,197.81545624542238,-0.02844919774116128,15,close_exit
CELH,2020-11-13,2020-11-27,10.702015050888061,10.341493956089021,-0.03368721620038495,8,open_exit
TT,2020-10-30,2020-11-27,123.22973942606212,133.48792540740968,0.08324440211530648,19,close_exit
XYZ,2020-11-27,2020-12-02,215.1075,200.0299398803711,-0.07009314003290856,2,open_exit
INSP,2020-11-04,2020-12-16,162.081,186.9964513397217,0.15372222123334445,29,close_exit
INSM,2020-11-18,2020-12-16,39.16957652664184,36.45176622009278,-0.0693857464785328,19,close_exit
CROX,2020-10-28,2020-12-24,54.147058931350706,62.65865362739563,0.15719403535538623,40,close_exit
PINS,2020-10-20,2020-12-28,46.151062351226805,67.75610591506958,0.4681375132693659,47,close_exit
NET,2020-11-18,2020-12-28,66.78337499999999,77.46125,0.15988822068366582,26,close_exit
ETSY,2020-11-30,2021-01-04,162.02097244262694,171.99396183013917,0.061553694174028895,23,close_exit
NYT,2020-12-28,2021-01-06,48.60047895174042,45.615514470455196,-0.06141841697175976,5,open_exit
EVR,2020-10-22,2021-01-20,73.7849181204596,107.17464972305298,0.4525278668478301,60,close_exit
FRHC,2020-12-17,2021-01-25,45.372673473358155,51.02447423744202,0.1245639794049711,24,close_exit
CNH,2020-12-29,2021-01-25,9.796815642251568,9.986758654594421,0.019388239942341068,17,close_exit
ENPH,2021-01-06,2021-01-27,197.9989438934326,179.91,-0.09135878978813372,13,open_exit
ZG,2021-01-21,2021-01-27,158.07899999999998,142.63865171051026,-0.09767488590824669,3,open_exit
SCCO,2020-10-30,2021-01-27,39.17176835688413,50.892509765625,0.29921399774337853,59,close_exit
DAR,2020-11-10,2021-01-27,47.10354183197021,60.659653627395635,0.2877938954948096,52,close_exit
CELH,2020-12-02,2021-01-27,11.612469898223877,18.937193384170534,0.6307636144716269,37,close_exit
AGCO,2020-12-17,2021-01-27,82.39407790967324,86.07980233764648,0.044732880341397996,26,close_exit
TPR,2021-01-05,2021-01-27,28.466209887216987,26.874958737373355,-0.055899649308712496,15,close_exit
MRVL,2021-01-26,2021-01-28,53.7956433125636,50.48212006672064,-0.06159463930175002,1,open_exit
M,2021-01-28,2021-01-29,14.643109347243739,13.88633007724108,-0.05168159658283955,0,open_exit
KEYS,2021-01-28,2021-02-01,152.076,142.8085648803711,-0.060939498143223636,1,open_exit
AR,2021-01-29,2021-02-01,7.493744771003723,7.22638501906395,-0.035677723235823744,0,open_exit
MRNA,2021-02-01,2021-02-02,173.1165137786865,158.44074427032473,-0.084773943213317,0,open_exit
NTAP,2021-01-28,2021-02-03,60.63484299612954,57.56181176046593,-0.0506809465287108,3,open_exit
MSTR,2020-12-29,2021-02-23,36.71835076332092,69.0884395980835,0.8815779620226856,37,close_exit
NVST,2021-01-27,2021-02-23,35.677829847335815,37.641169847488406,0.055029692348263826,18,close_exit
UI,2021-01-28,2021-02-23,284.76748207857645,311.13695623779296,0.09260001867748491,17,close_exit
PPLI,2021-01-27,2021-02-25,112.67766382598876,129.4492505645752,0.1488457088042514,20,close_exit
DKS,2021-01-28,2021-02-25,59.90327279421637,62.05227514457703,0.03587453990607581,19,close_exit
SWKS,2021-02-01,2021-02-25,150.12301506018864,151.9586658859253,0.01222764427560108,17,close_exit
PK,2021-02-24,2021-03-03,14.856940677632533,14.295386779570864,-0.0377974113410241,4,open_exit
TNL,2021-03-01,2021-03-05,50.379071938684845,48.04068203347458,-0.046415898809256784,3,open_exit
CZR,2021-03-01,2021-03-05,96.048,91.77408969497681,-0.04449765018556551,3,open_exit
AR,2021-03-05,2021-03-10,10.095045152664184,9.295350190639496,-0.07921658099901019,2,open_exit
OVV,2021-02-24,2021-03-18,20.66750552252661,21.377146350860595,0.03433606574148529,16,close_exit
ORCL,2021-02-26,2021-03-19,60.81019882414001,61.41679744911194,0.009975277777436453,15,close_exit
EXP,2021-02-02,2021-03-22,114.70193442791465,123.88812870788576,0.08008752708302613,33,close_exit
EVR,2021-02-24,2021-03-23,110.76682438464613,116.69119034194946,0.053485021261695964,19,close_exit
AA,2021-03-03,2021-03-24,27.52921846019707,28.282027232854862,0.027345809825521705,14,open_exit
WBD,2021-03-19,2021-03-24,75.89793061065673,70.72462213516236,-0.06816139035506175,2,open_exit
WAL,2021-03-22,2021-03-24,88.78110417794251,83.95220414178344,-0.05439107883227701,1,open_exit
PSKY,2021-01-26,2021-03-24,42.48731328208016,61.85082257652283,0.45574802920309865,40,close_exit
SLM,2021-02-03,2021-03-24,13.238955215143642,14.61434177684784,0.1038893582879512,34,close_exit
COTY,2021-03-10,2021-03-25,8.68434030532837,7.936030057191849,-0.08616777116361807,10,open_exit
NWSA,2021-01-28,2021-03-29,18.78767948153952,23.91439409065247,0.272876414255969,41,close_exit
TPL,2021-03-05,2021-04-13,124.34815539098501,160.8271237258911,0.293361555868731,26,close_exit
MHK,2021-03-26,2021-04-20,194.53722244262696,195.95197805023196,0.007272415992380266,16,close_exit
AZO,2021-03-25,2021-04-26,1350.1447056884765,1443.1580648803713,0.06889140015881834,21,close_exit
SNX,2021-03-23,2021-04-30,103.15770552479145,113.41559964752197,0.09943895194785313,27,close_exit
CARR,2021-03-30,2021-05-04,39.00445787482857,40.05612997627259,0.02696286934224279,24,close_exit
LPX,2021-05-05,2021-05-06,68.56986555087323,65.24866380433727,-0.04843529617353415,0,open_exit
ACN,2021-03-25,2021-05-11,243.7066824853816,264.1902570037842,0.08405011429931264,32,close_exit
CHRD,2021-05-06,2021-05-12,49.38824740459273,46.6368956453927,-0.055708633202970814,3,open_exit
HD,2021-03-24,2021-05-12,254.20550456241045,278.3053272857666,0.09480448806504649,34,close_exit
ODFL,2021-03-25,2021-05-12,114.09307292470493,124.88544779205323,0.09459272671593899,33,close_exit
PWR,2021-04-14,2021-05-12,92.74841157541272,93.81512189102173,0.011501116811490464,20,close_exit
CLF,2021-05-12,2021-05-13,21.390689160346984,19.97000954246521,-0.06641579461195479,0,open_exit
LH,2021-03-25,2021-05-17,202.9751401158324,218.13732147979738,0.07469969650131691,36,close_exit
MAN,2021-04-21,2021-05-18,92.16224896692275,97.88449731826783,0.06208885325051927,19,close_exit
AA,2021-04-27,2021-05-19,34.33055963952841,34.41995335006714,0.002603910669600751,16,close_exit
FCX,2021-05-12,2021-05-20,41.056094678962765,38.185155427400645,-0.06992723672359402,5,open_exit
XRAY,2021-05-03,2021-05-25,60.92755033404022,60.167243247985844,-0.012478871740057351,16,close_exit
STLD,2021-05-18,2021-05-26,59.46692207347645,55.54050826188263,-0.06602685450480184,5,open_exit
AR,2021-05-20,2021-05-26,12.966480038166045,12.263865457534791,-0.05418699435491747,3,open_exit
ELV,2021-03-25,2021-06-01,335.61612232843004,365.65780839538576,0.08951204685440373,46,close_exit
CME,2021-05-13,2021-06-10,172.83112237250003,172.4597932510376,-0.002148508418883588,19,close_exit
AGNC,2021-05-19,2021-06-11,8.971256246864447,8.744057943344117,-0.025325138115382506,16,close_exit
GEN,2021-05-13,2021-06-16,22.684397792859887,24.994761458396912,0.101848137501108,23,close_exit
CAR,2021-06-14,2021-06-17,89.79200420382888,82.99785419352945,-0.07566542333632109,2,open_exit
SLB,2021-05-13,2021-06-17,28.289325714752895,29.08182060527802,0.02801391940253417,24,close_exit
DXC,2021-05-20,2021-06-17,36.99848954200744,37.87105438995361,0.023583796494056175,19,close_exit
CZR,2021-05-26,2021-06-17,108.2540969467163,103.77808683013916,-0.041347258374713314,15,close_exit
MGM,2021-05-26,2021-06-17,42.32809804770944,41.329594182968144,-0.02358962275167309,15,close_exit
BLK,2021-05-26,2021-06-17,779.8654998386639,769.7842878723145,-0.012926859783430555,15,close_exit
PR,2021-06-11,2021-06-18,5.758810582243381,5.302513371455844,-0.07923462740630438,4,open_exit
CBOE,2021-05-13,2021-07-07,105.03884618641712,110.24366345977784,0.04955135611565553,37,close_exit
AR,2021-06-02,2021-07-07,13.506749999999998,13.97300954246521,0.034520483644489675,24,close_exit
AFG,2021-06-17,2021-07-09,82.75844018210142,79.94930291110252,-0.03394381606054542,14,open_exit
KR,2021-06-18,2021-07-12,35.12130644342013,34.42132595443726,-0.019930365919346715,15,close_exit
NVDA,2021-06-18,2021-07-15,18.728614141984895,18.891418934822084,0.00869283715297553,18,close_exit
ANET,2021-06-18,2021-07-16,22.99399132633209,22.704267950057986,-0.012599960231450602,19,close_exit
AMG,2021-07-08,2021-07-20,172.31001214074544,161.84523821950972,-0.06073224527828325,7,open_exit
BBWI,2021-07-13,2021-07-20,54.661575265222496,50.676215923320726,-0.07290970526488627,4,open_exit
EXR,2021-06-18,2021-07-21,132.64342370774003,137.07884145355226,0.03343865547066249,22,close_exit
GNRC,2021-06-17,2021-07-28,369.1945147705078,430.82448854064944,0.1669309030998225,28,close_exit
MCO,2021-06-18,2021-07-30,335.2450586287985,360.29336549377444,0.07471640884858122,29,close_exit
AMT,2021-07-19,2021-08-09,242.0921681834681,239.4222516937256,-0.011028512445388605,15,close_exit
DOCU,2021-07-20,2021-08-11,291.7458061065674,292.9134675598145,0.004002324725177253,16,close_exit
NET,2021-08-10,2021-08-12,125.79286835861205,117.34130152511597,-0.06718637506064529,1,open_exit
MRNA,2021-07-22,2021-08-16,319.1595,373.67305535888676,0.1708034865291077,17,close_exit
BX,2021-07-16,2021-08-17,85.12568791437171,94.67649976348878,0.11219658933886412,22,close_exit
RH,2021-08-12,2021-08-18,734.176902557373,687.6560000000001,-0.06336470460365307,3,open_exit
AN,2021-08-17,2021-08-18,120.98045816802978,114.94250000000001,-0.04990854109383236,0,open_exit
GOOGL,2021-07-29,2021-08-19,135.02080667407787,134.42019829559328,-0.004448265369458082,15,close_exit
JCI,2021-07-08,2021-09-07,61.99261750994113,66.80314482879639,0.0775983901322419,42,close_exit
EXP,2021-08-12,2021-09-07,151.2035423187082,145.067780166626,-0.040579486816183175,17,close_exit
REGN,2021-08-18,2021-09-09,644.99777256782,640.4968521118165,-0.006978195348000593,15,close_exit
KR,2021-07-20,2021-09-10,36.88411301868292,38.52690382194519,0.0445392519654777,37,close_exit
ISRG,2021-08-18,2021-09-10,344.6488923797607,340.9860989074707,-0.010627608424906954,16,close_exit
FTNT,2021-06-18,2021-09-13,47.42370152664184,59.35430687141419,0.25157473922759754,59,close_exit
ZBRA,2021-08-02,2021-09-14,555.2774999999999,576.5015830383301,0.03822247982014426,30,close_exit
CUBE,2021-07-12,2021-09-16,38.739546207852136,41.94784188079834,0.08281706904186503,47,close_exit
CACC,2021-08-20,2021-09-16,581.6106673278808,598.540606842041,0.029108715615451475,18,close_exit
EW,2021-08-18,2021-09-17,117.56875713729858,119.36028816986085,0.015238155749746518,21,close_exit
JBL,2021-09-08,2021-09-21,61.7839638104577,58.98425162780129,-0.0453145445838572,8,open_exit
CELH,2021-09-17,2021-09-21,32.41620152664184,30.048301844596864,-0.07304679667970593,1,open_exit
NET,2021-09-17,2021-09-28,133.0665,119.27033683013917,-0.10367871079393254,6,open_exit
WING,2021-09-08,2021-09-29,170.12082002624646,157.77028055445965,-0.07259863589818905,14,open_exit
TECH,2021-09-20,2021-09-29,128.5545876364287,121.1056209170341,-0.05794399761493818,6,open_exit
TEAM,2021-09-22,2021-09-29,406.1629714508056,384.8075,-0.05257857794009224,4,open_exit
NTAP,2021-09-10,2021-10-01,82.45910231248764,80.7978072052002,-0.02014689780385659,15,close_exit
CROX,2021-09-15,2021-10-04,150.57524999999998,140.1998692703247,-0.06890495436451394,12,open_exit
AN,2021-09-30,2021-10-04,125.90291633605956,119.03045133972168,-0.054585431349293945,1,open_exit
AVTR,2021-09-13,2021-10-04,41.85091683197021,40.259858779907226,-0.03801728068350374,15,close_exit
PANW,2021-09-13,2021-10-04,78.70766912841796,78.21753975677491,-0.006227212380579661,15,close_exit
PCTY,2021-09-21,2021-10-12,281.6807785491943,276.78155342102053,-0.0173928272756394,15,close_exit
AR,2021-09-14,2021-10-21,16.658324618339538,19.5702099237442,0.17480061003246994,27,close_exit
CF,2021-10-04,2021-10-25,55.583527306855245,53.49248933792114,-0.037619742219494046,15,close_exit
HLI,2021-10-06,2021-10-27,89.52353632101409,91.64492762374879,0.023696464526689276,15,close_exit
AR,2021-10-26,2021-10-28,21.40069438934326,19.740125000000003,-0.07759418265279094,1,open_exit
MTDR,2021-09-29,2021-10-28,34.16489908440501,39.17583304023743,0.1466690694286208,21,close_exit
OVV,2021-09-30,2021-10-29,29.906826254269987,33.30310711479187,0.11356206210737518,21,close_exit
COP,2021-10-04,2021-11-02,59.76267123329013,61.90966917610169,0.0359254012329957,21,close_exit
TRGP,2021-09-28,2021-11-03,45.14258793417661,49.541085443496705,0.09743565246488828,26,close_exit
CAR,2021-11-03,2021-11-05,295.6406131917405,258.4329216773939,-0.1258544660446067,1,open_exit
ETSY,2021-11-05,2021-11-11,262.1110009918213,251.87400000000002,-0.03905597610586631,3,open_exit
TSLA,2021-10-28,2021-11-16,356.281384185791,334.26945768737795,-0.061782421073491856,12,open_exit
DVN,2021-10-04,2021-11-19,29.8047274534134,32.23633806228638,0.08158472888818502,34,close_exit
TEAM,2021-10-22,2021-11-19,418.8793484344482,429.64505535888674,0.025701211971120408,20,close_exit
NET,2021-11-01,2021-11-22,194.847375,186.35677194976807,-0.04357566043798089,15,close_exit
SNOW,2021-11-16,2021-11-23,395.1975,342.8285,-0.1325134900903978,4,open_exit
DDOG,2021-10-14,2021-11-23,157.57874999999999,179.33028816986084,0.13803598625995472,28,close_exit
WCC,2021-10-06,2021-11-26,116.61488407085461,127.2378705406189,0.09109460215481424,36,close_exit
CHRD,2021-10-29,2021-11-26,77.97246555297443,77.53690337753297,-0.005586102380532587,19,close_exit
CDNS,2021-11-22,2021-11-29,188.30411171722412,181.27931011962892,-0.03730561979519775,3,open_exit
DDS,2021-11-23,2021-11-29,292.6471747919706,287.6429443889539,-0.017099876007940273,2,open_exit
U,2021-11-11,2021-11-30,180.0399719467163,169.165375,-0.06040101444769541,11,open_exit
DKS,2021-11-23,2021-11-30,119.35014750487076,108.82516181963895,-0.08818577861248378,3,open_exit
PFE,2021-11-29,2021-11-30,42.72168092499,40.48119520679435,-0.05244376320607458,0,open_exit
INTU,2021-11-22,2021-12-01,668.335037923515,644.4517310125498,-0.035735530169373586,5,open_exit
ENTG,2021-11-30,2021-12-01,151.3247279308186,144.66937125364117,-0.0439806287325365,0,open_exit
ENPH,2021-10-28,2021-12-01,216.32811122131346,236.7415706100464,0.09436341524680092,23,close_exit
ACI,2021-11-04,2021-12-01,22.893064031415772,22.612692361831666,-0.012247013733039713,18,close_exit
NVDA,2021-11-30,2021-12-02,33.07702847710308,31.10014898942428,-0.05976593360093552,1,open_exit
AMD,2021-11-30,2021-12-02,163.3616387786865,147.60615267944337,-0.0964454459261872,1,open_exit
TTEK,2021-11-24,2021-12-10,36.76510553058513,34.118040099748335,-0.0719993970542172,10,open_exit
P,2021-11-30,2021-12-31,31.705845534324645,32.533724237442016,0.026111232460938938,22,close_exit
TMO,2021-11-30,2022-01-03,633.1426864384293,636.1975502014161,0.004824921504141599,23,close_exit
PFE,2021-12-02,2022-01-03,41.69140992244851,43.839790178298955,0.051530525349147815,21,close_exit
NVR,2021-12-02,2022-01-03,5432.194720458984,5754.131260742188,0.05926454349486243,21,close_exit
COST,2021-11-30,2022-01-05,523.2738774089921,521.726189025879,-0.0029577023618617693,25,close_exit
AAPL,2021-12-01,2022-01-05,163.81652157772868,170.92278137969973,0.043379384042159685,24,close_exit
LRCX,2021-12-02,2022-01-05,65.01427184467312,65.94496969985963,0.014315285379340459,23,close_exit
LOW,2021-12-10,2022-01-07,235.52538850223226,228.62490343475343,-0.029298264239625338,19,close_exit
ON,2022-01-04,2022-01-10,70.58527805328369,62.97849332237244,-0.10776729851753242,3,open_exit
FWONK,2021-12-01,2022-01-18,59.60694846153259,60.0788704032898,0.00791723035548042,32,close_exit
HPQ,2021-12-02,2022-01-18,30.49638793919599,31.66655283069611,0.03837060617910559,31,close_exit
LPLA,2022-01-10,2022-01-20,173.7314100210629,162.05252571218696,-0.06722379279290958,6,open_exit
F,2022-01-04,2022-01-24,16.78602672938055,14.840636231379221,-0.11589344693442638,12,open_exit
AIG,2022-01-10,2022-01-24,55.22305912376369,51.1421990022441,-0.07389775550778044,8,open_exit
EMN,2022-01-19,2022-01-24,107.92844981087943,98.41051999851784,-0.08818740405370074,2,open_exit
HUN,2022-01-04,2022-01-26,29.742664437340594,29.08496425056458,-0.02211302178934249,15,close_exit
PG,2022-01-06,2022-02-01,145.49819542656456,142.04710498046876,-0.0237191288591454,17,close_exit
CHD,2022-01-06,2022-02-01,97.19285817937622,96.7452661933899,-0.004605194191946271,17,close_exit
AR,2022-02-03,2022-02-09,20.83040969467163,19.450269084930422,-0.06625604728716616,3,open_exit
MPC,2022-01-06,2022-02-22,63.18115009657344,68.91443911743164,0.09074366345175378,31,close_exit
CTSH,2022-02-10,2022-02-23,83.38497631548515,79.54333292982753,-0.046071169596821004,7,open_exit
MET,2022-02-03,2022-02-25,60.70364335984189,59.811605268478395,-0.014694967912809331,15,close_exit
WRB,2022-02-03,2022-03-01,35.554562096869724,35.34268663787842,-0.005959163789277966,17,close_exit
MCK,2022-02-03,2022-03-08,264.38933865619197,266.97472222900393,0.009778698286219356,22,close_exit
DVN,2022-01-04,2022-03-14,37.47601486057426,43.34885916137696,0.15670941327811994,47,close_exit
ABBV,2022-01-19,2022-04-13,116.16656403473442,136.3756104812622,0.17396612023822255,59,close_exit
MOS,2022-02-03,2022-04-21,38.591155893950265,61.29388835334778,0.5882884804431707,53,close_exit
MTDR,2022-03-28,2022-04-21,51.07107505692416,50.76028983688355,-0.006085347130331709,17,close_exit
AM,2022-03-28,2022-04-21,8.39585343668565,8.187055089950562,-0.024869222445301986,17,close_exit
ADM,2022-02-03,2022-04-22,66.81116066446262,81.37318008041382,0.2179578871423027,54,close_exit
KMI,2022-03-28,2022-04-22,14.752567785722142,15.068301123142243,0.021401924194218935,18,close_exit
EXC,2022-02-03,2022-04-26,35.92158409906537,41.52735215759277,0.15605570297422533,56,close_exit
NFG,2022-03-28,2022-04-26,59.35953505033991,61.52100862312317,0.03641324971548765,20,close_exit
EIX,2022-03-28,2022-04-26,55.55348007720621,57.21766515541077,0.0299564505390435,20,close_exit
WPC,2022-08-01,2022-08-05,68.9984863170394,64.60596060843501,-0.06366118944147958,3,open_exit
ALSN,2022-08-01,2022-08-05,39.283379901616435,35.37071619273925,-0.09960099458540184,3,open_exit
CELH,2022-08-05,2022-08-10,34.48723622131347,32.217216920852664,-0.0658220126974951,2,open_exit
SIRI,2022-08-01,2022-08-22,57.90239906591396,54.96158016967774,-0.050789240923998724,15,close_exit
O,2022-08-01,2022-08-22,59.38559808170056,57.8515147895813,-0.025832581327356885,15,close_exit
HEI,2022-08-01,2022-08-26,157.37345758006202,155.21486473083496,-0.013716371759379453,19,close_exit
GWW,2022-08-01,2022-08-26,521.4812501293366,547.0066333007812,0.04894784455838819,19,close_exit
CELH,2022-08-24,2022-08-30,38.119048473358156,35.395627225875856,-0.07144515292362896,3,open_exit
SO,2022-08-01,2022-08-30,66.38471872433588,67.69644337844849,0.019759436799899444,21,close_exit
RSG,2022-08-01,2022-08-30,131.42605488082893,136.91045339965822,0.041729918194701066,21,close_exit
CHRW,2022-08-01,2022-08-30,100.46840226197753,104.24686935043336,0.03760851176475599,21,close_exit
SRPT,2022-08-05,2022-08-31,100.65029847335815,109.32530725479127,0.08618959817321725,18,close_exit
NBIX,2022-08-10,2022-08-31,108.05399999999999,104.57768225479127,-0.0321720412498262,15,close_exit
LNG,2022-08-01,2022-09-01,142.19933278140536,150.95812880706788,0.06159519777161604,23,close_exit
OXY,2022-08-24,2022-09-02,69.65099493790073,66.25948480893096,-0.048692917193696394,6,open_exit
WCC,2022-09-12,2022-09-14,141.57608814473627,133.4646386174035,-0.05729392324387628,1,open_exit
GPC,2022-09-12,2022-09-16,146.43073890355396,137.12318277250046,-0.06356285709371368,3,open_exit
CLH,2022-09-12,2022-09-19,123.50172244262694,114.29282347488405,-0.07456494359437715,4,open_exit
ALB,2022-09-12,2022-09-22,285.166541138867,274.5465450227472,-0.03724138208398087,7,open_exit
SRE,2022-09-12,2022-09-23,76.90232683372452,72.20929362915311,-0.06102589346507703,8,open_exit
IONS,2022-09-12,2022-09-26,47.143558931350704,43.04846469497681,-0.08686434221771577,9,open_exit
RGA,2022-09-13,2022-09-26,120.62300127528245,113.68082781701965,-0.05755265069569582,8,open_exit
PFG,2022-09-13,2022-09-26,68.58789151332073,62.90860411064891,-0.08280306155159789,8,open_exit
HUBB,2022-09-12,2022-10-12,213.23034026981915,213.95684135437014,0.003407118722559277,22,close_exit
POST,2022-10-31,2022-11-04,90.55525713729858,86.7765896949768,-0.0417277534378,3,open_exit
PCG,2022-09-13,2022-11-09,12.66546180249578,14.322814906597138,0.13085611325871827,41,close_exit
KNSL,2022-10-31,2022-11-14,312.4918666682309,281.0460056133674,-0.1006293744222444,9,open_exit
FNB,2022-10-31,2022-11-21,12.66264563624882,12.183427028656007,-0.0378450618740348,15,close_exit
RJF,2022-10-31,2022-11-23,112.22741289122317,113.8460636291504,0.01442295332510346,17,close_exit
TMUS,2022-10-31,2022-11-29,143.515803752901,142.05335795593263,-0.010190137662374532,20,close_exit
WFRD,2022-10-31,2022-12-05,39.57787623933238,40.216675121307375,0.016140302175692733,24,close_exit
AXON,2022-11-11,2022-12-06,178.25908316802978,169.34527767944337,-0.05000477580255536,16,close_exit
SMCI,2022-11-14,2022-12-07,8.298146671772002,8.605694656848907,0.037062249830205785,16,close_exit
ELF,2022-10-31,2022-12-09,43.84190969467163,53.79308969497681,0.22697870757930527,28,close_exit
LLY,2022-10-31,2022-12-09,348.25043080403634,351.14904467773437,0.008323360482299202,28,close_exit
FICO,2022-11-11,2022-12-15,584.1519153442382,597.91091696167,0.023553807247766345,23,close_exit
STLD,2022-11-22,2022-12-15,98.62431273071685,96.60165364837647,-0.020508726766624297,16,close_exit
ERIE,2022-11-25,2022-12-16,254.3156428726084,252.5151740036011,-0.007079662299456779,15,close_exit
GILD,2022-10-31,2022-12-19,68.85343037157061,76.78278691101075,0.11516283933348004,34,close_exit
CASY,2022-12-08,2022-12-28,240.52710827065872,227.28180193915696,-0.05506783175806185,12,open_exit
SAIC,2022-12-06,2022-12-28,108.3356816802344,105.1245812149048,-0.029640284858386323,15,close_exit
BMRN,2022-12-13,2022-12-29,107.1335418319702,101.81906774520874,-0.04960607103886061,10,open_exit
GIS,2022-12-08,2022-12-30,74.40656192519663,71.5586012992859,-0.0382756648368443,15,close_exit
UTHR,2022-12-12,2023-01-04,279.44965255737304,272.6935715789795,-0.024176379954548133,15,close_exit
ELF,2023-01-09,2023-01-11,57.97897576332092,50.98449332237244,-0.12063825462355582,1,open_exit
ROIV,2023-01-09,2023-01-20,9.264630228996277,8.755620228767395,-0.05494121056615853,7,open_exit
FIVE,2023-01-11,2023-01-20,192.26608316802978,181.99895133972169,-0.053400639671507766,5,open_exit
RLI,2022-11-30,2023-01-20,55.223040482232186,57.836686849594116,0.04732891098603775,34,close_exit
TKO,2023-01-09,2023-01-31,79.47085026733917,79.59836450195313,0.0016045409629441565,15,close_exit
CAT,2023-01-09,2023-02-01,235.27044911271605,236.65883306884766,0.005901225425325007,16,close_exit
ARMK,2023-01-09,2023-02-02,30.503192946861237,30.61137465953827,0.0035465701202328503,17,close_exit
AFL,2023-01-09,2023-02-02,68.11021634211573,63.783720237731934,-0.06352198446488455,17,close_exit
EHC,2023-01-09,2023-02-03,59.69613809173963,59.82131644439698,0.0020969254738887333,18,close_exit
WTW,2023-01-09,2023-02-03,242.81404916851716,241.0907285614014,-0.007097285404271458,18,close_exit
AXON,2023-02-01,2023-02-09,197.2585836639404,186.90650000000002,-0.05247976271378241,5,open_exit
KD,2023-02-09,2023-02-10,16.548270915985107,15.562214694976808,-0.05958666171314608,0,open_exit
SCCO,2023-02-02,2023-02-13,65.40593151303514,61.75967064237159,-0.05574816819078354,6,open_exit
FOUR,2023-02-03,2023-02-17,64.30213164138793,59.62017652511597,-0.07281181815842674,9,open_exit
CROX,2023-02-17,2023-02-22,131.35563828277589,118.58067938995362,-0.09725474338087392,1,open_exit
URI,2023-01-09,2023-02-22,369.2645221238684,427.4937267761231,0.1576896808752235,30,close_exit
CDW,2023-01-23,2023-02-24,189.45300349076416,193.23791217803955,0.019978087533776723,23,close_exit
KMPR,2023-02-06,2023-02-28,55.558445246405775,56.49818025970459,0.016914350448991478,15,close_exit
LOPE,2023-02-22,2023-03-01,119.45970152664184,113.44325,-0.05036385868836313,4,open_exit
JBL,2023-01-23,2023-03-09,78.98580004638093,82.72281620407105,0.047312506241574015,32,close_exit
H,2023-01-23,2023-03-09,107.82842553872248,110.68742645263673,0.026514352775071748,32,close_exit
IBKR,2023-02-06,2023-03-09,20.633370185393638,21.007538309097292,0.018134125464803086,22,close_exit
WYNN,2023-02-10,2023-03-09,104.34990964720224,105.99560544586183,0.015770936498398003,18,close_exit
COTY,2023-02-13,2023-03-09,10.50525,11.01449045753479,0.04847485376690619,17,close_exit
ELF,2023-03-01,2023-03-10,75.10753469467163,70.9645,-0.055161372444375356,6,open_exit
WING,2023-02-23,2023-03-13,172.58479269146613,160.49228044288736,-0.07006707868054651,11,open_exit
FTI,2023-02-27,2023-03-14,14.796397972768556,13.557154868016777,-0.08375302604272306,10,open_exit
AXON,2023-03-01,2023-03-28,208.84437549591064,215.49220610046387,0.03183150414641367,19,close_exit
LSCC,2023-03-17,2023-04-10,93.06650664138793,91.39428244018555,-0.017968055980074005,15,close_exit
WING,2023-03-17,2023-04-10,178.71587191033257,175.74818729400636,-0.016605601867388686,15,close_exit
AVGO,2023-03-17,2023-04-10,60.66353394747842,60.165455049514776,-0.008210515701160381,15,close_exit
ALGM,2023-03-17,2023-04-11,46.033003320693965,45.33732061004639,-0.01511269438148588,16,close_exit
DUOL,2023-03-17,2023-04-14,127.49371530532837,134.83254389953615,0.057562277298393694,19,close_exit
FIVE,2023-04-11,2023-04-17,217.1085,205.89700000000002,-0.05164007857822228,3,open_exit
PEN,2023-03-17,2023-04-17,265.96290156555176,271.80403244018555,0.021962201646360535,20,close_exit
TXRH,2023-03-17,2023-04-24,101.80843659270842,102.5213150177002,0.007002154721653442,25,close_exit
CDNS,2023-03-17,2023-04-25,206.8833887786865,203.79804389953614,-0.014913449056322858,26,close_exit
IOT,2023-04-18,2023-04-26,21.720854084014892,20.149919847488405,-0.07232377835835613,5,open_exit
GE,2023-02-03,2023-05-02,65.49362132846314,79.60445734024049,0.21545359266376174,60,close_exit
CHE,2023-04-12,2023-05-03,552.8137925227544,543.2593623657227,-0.0172832702191279,15,close_exit
ELF,2023-04-11,2023-05-04,84.18206938934325,89.37528816986084,0.06169031978174444,17,close_exit
CRS,2023-05-03,2023-05-05,53.397656724455636,49.7782057717148,-0.06778295481050878,1,open_exit
AU,2023-05-05,2023-05-12,25.290173200220742,22.32062656434811,-0.11741899165193193,4,open_exit
PCG,2023-04-25,2023-05-16,16.775834132187935,16.56259926223755,-0.012710835614501481,15,close_exit
PHM,2023-04-17,2023-05-22,58.50813332555668,65.71078814315796,0.12310518911146184,25,close_exit
SSD,2023-04-26,2023-05-22,119.36374974153819,121.27880017471314,0.016043819311320817,18,close_exit
VKTX,2023-03-29,2023-05-24,15.727860267162322,21.84907061004639,0.3891953666236685,39,close_exit
FTAI,2023-04-18,2023-05-24,26.783460774787045,26.732093499183655,-0.0019178729752409307,26,close_exit
DUOL,2023-05-23,2023-05-26,155.0374867172241,143.61815744018554,-0.07365527859637266,2,open_exit
BLDR,2023-04-12,2023-06-01,93.59677805328369,115.8020706100464,0.23724419812957098,35,close_exit
SPOT,2023-04-26,2023-06-07,138.59926377868652,148.23584255981447,0.06952835475746477,29,close_exit
HUBS,2023-05-05,2023-06-14,453.72675,503.68803244018557,0.11011315167154145,27,close_exit
SMCI,2023-05-04,2023-06-20,13.2886405878067,22.228879771232606,0.6727730443420397,31,close_exit
AVGO,2023-06-15,2023-06-26,84.89802825824228,79.53735287685265,-0.06314251922416336,5,open_exit
GE,2023-06-02,2023-06-26,82.81620898734535,81.91002852630616,-0.010942066439888043,15,close_exit
NU,2023-06-21,2023-06-27,7.713855038166046,7.386304866552353,-0.04246257804859743,3,open_exit
NVDA,2023-05-17,2023-06-29,29.538185244085646,40.72225868988037,0.37863102805322413,29,close_exit
BSY,2023-05-25,2023-07-06,46.699642059942576,50.513278242111205,0.08166307093475234,27,close_exit
UBER,2023-06-27,2023-07-07,44.71234362602234,42.04896469497681,-0.05956697222856944,6,open_exit
TOL,2023-05-12,2023-07-20,63.4912218431472,76.66111315917969,0.20742853789407678,46,close_exit
META,2023-05-23,2023-07-21,244.78378502720568,291.5526065826416,0.19106176314022583,40,close_exit
ELF,2023-05-26,2023-07-21,103.38166683197021,111.56419274520874,0.07914871334525753,37,close_exit
VRT,2023-06-08,2023-07-26,20.32645392003233,25.235783160209657,0.24152413694446917,32,close_exit
MDB,2023-06-26,2023-07-26,388.69424999999995,404.9374446411133,0.04178913025112507,21,close_exit
JBL,2023-06-30,2023-07-27,107.42714188134008,108.21368072891237,0.007321602658302728,18,close_exit
DV,2023-05-25,2023-08-01,33.006496679306025,35.88205152511597,0.0871208742251286,45,close_exit
RS,2023-07-07,2023-08-02,261.07224989703053,272.0646137542725,0.042104681219767626,18,close_exit
ABNB,2023-07-24,2023-08-09,147.13352755737304,140.06992938995361,-0.04800808003916757,11,open_exit
TDC,2023-08-02,2023-08-09,56.60829183197021,46.346813932418826,-0.18127164002776175,4,open_exit
SMCI,2023-07-28,2023-08-10,33.465725812911984,26.528728816986085,-0.20728661421260486,8,open_exit
NVT,2023-06-27,2023-08-10,47.93907920587901,51.7104142074585,0.07866932498605417,31,close_exit
XP,2023-07-21,2023-08-11,22.581825678370794,22.26901701068878,-0.01385223108783562,15,close_exit
ECL,2023-07-24,2023-08-14,183.91605714407402,178.40411574554443,-0.029969875845107463,15,close_exit
PRI,2023-07-07,2023-08-15,190.4074909513759,200.2362118148804,0.051619402232522704,27,close_exit
XPO,2023-07-27,2023-08-17,71.70583316802978,69.49523377990722,-0.030828724672125607,15,close_exit
SAIA,2023-07-27,2023-08-17,423.9418759918213,403.5181412200928,-0.04817578995692917,15,close_exit
ELF,2023-08-11,2023-08-18,132.99645767211913,116.07193225479126,-0.1272554601345286,4,open_exit
CXT,2023-08-09,2023-08-22,60.05728814102309,57.413001021466904,-0.04402941260596094,8,open_exit
DKS,2023-08-16,2023-08-23,139.04111415040396,101.17872945515805,-0.2723107113072274,4,open_exit
ALSN,2023-08-15,2023-09-07,57.30383507022573,56.5404107208252,-0.013322395411493049,16,close_exit
VRT,2023-08-03,2023-09-13,33.9937226777902,36.87770442008972,0.08483865593760842,28,close_exit
APP,2023-08-14,2023-09-13,38.41920152664184,40.78959637260437,0.06169818090359791,21,close_exit
ANET,2023-08-23,2023-09-14,47.02850356864929,46.86655438995361,-0.0034436387808783886,15,close_exit
PR,2023-08-18,2023-09-15,11.054061362958867,12.191844715595247,0.10292898829465402,19,close_exit
CSCO,2023-08-18,2023-09-15,50.49725675321912,51.74881281471253,0.024784634690351304,19,close_exit
CVNA,2023-09-15,2023-09-18,11.117556465625762,10.52673358821869,-0.05314323153957712,0,open_exit
BRBR,2023-08-22,2023-09-18,39.279628320693966,40.29983969497681,0.025973040425776084,18,close_exit
TJX,2023-08-21,2023-09-19,86.38340109149415,87.75319770431518,0.015857173895829746,20,close_exit
AMZN,2023-09-14,2023-09-20,145.1525418319702,138.48072805023193,-0.04596415396887521,3,open_exit
APP,2023-09-19,2023-09-20,43.621798473358155,39.65016316986084,-0.09104703250424162,0,open_exit
CELH,2023-08-10,2023-09-20,58.42586581420898,60.43976622009278,0.03446932925714585,28,close_exit
LLY,2023-08-09,2023-09-21,509.652127612809,539.4144840087891,0.05839739458242987,30,close_exit
LII,2023-09-08,2023-09-27,374.9841143466425,358.44570741390635,-0.04410428682172851,12,open_exit
BX,2023-09-18,2023-09-27,103.27676992038617,96.58606331257253,-0.06478423572862857,6,open_exit
KKR,2023-09-18,2023-10-03,63.23210556854413,59.25274507765411,-0.06293259500233406,10,open_exit
FICO,2023-09-20,2023-10-03,913.8467096557616,860.9992776794434,-0.0578296462830461,8,open_exit
CRS,2023-09-14,2023-10-04,68.14663739619765,63.40889438114398,-0.06952277025070086,13,open_exit
SFM,2023-09-18,2023-10-16,40.82039923667907,41.979,0.028382886620076597,20,close_exit
ARES,2023-09-21,2023-10-19,96.69606078851695,96.71900369644166,0.00023726827895176328,20,close_exit
EG,2023-09-20,2023-10-23,372.1124616173088,370.65433232116703,-0.003918517777674824,23,close_exit
CBOE,2023-09-20,2023-10-27,152.07554959495505,157.14683588409426,0.03334715082500961,27,close_exit
NU,2023-11-13,2023-11-17,8.55427519083023,7.916040076255799,-0.07461007511876505,3,open_exit
ADBE,2023-11-13,2023-12-05,590.2749704589844,601.9188607177734,0.019726213784289515,15,close_exit
AVGO,2023-11-13,2023-12-05,92.18427571614993,88.51236993026734,-0.03983223556682236,15,close_exit
KLAC,2023-11-13,2023-12-05,51.83713930617067,52.63623966789246,0.015415595312889163,15,close_exit
INTC,2023-11-13,2023-12-05,37.86209277950309,41.34530669021607,0.09199739515187733,15,close_exit
FTAI,2023-11-13,2023-12-06,39.151688372848724,40.328736829757695,0.03006379816113469,16,close_exit
HRB,2023-11-13,2023-12-06,41.199479241248326,41.50035379219055,0.007302872669346705,16,close_exit
SNPS,2023-11-13,2023-12-06,516.4880954589844,527.2262452392579,0.020790701421164126,16,close_exit
DKNG,2023-11-17,2023-12-08,37.51875,35.03247423744202,-0.06626755322493372,13,open_exit
GWRE,2023-12-06,2023-12-12,101.92093774795532,95.85205152511597,-0.059545039095375674,3,open_exit
IOT,2023-12-06,2023-12-21,35.167576526641845,33.62317938995361,-0.04391537004314883,10,open_exit
ZS,2023-11-13,2024-01-02,175.7178198852539,212.2638101196289,0.20798112711755712,33,close_exit
BRBR,2023-11-13,2024-01-02,46.47322576332092,54.642663169860846,0.17578804295069328,33,close_exit
GTLB,2023-12-06,2024-01-02,60.019996679306026,60.00998091506958,-0.00016687378858015744,17,close_exit
UBER,2023-12-07,2024-01-02,59.699833168029784,58.35081106758118,-0.022596748246375697,16,close_exit
FERG,2023-12-06,2024-01-03,166.41548637396096,176.6598711166382,0.06155908302702384,18,close_exit
S,2023-12-07,2024-01-03,22.921454847335813,23.798094466209413,0.03824537424488539,17,close_exit
WING,2023-12-07,2024-01-03,246.0681550266285,241.91667036437988,-0.01687127967371216,17,close_exit
AFRM,2023-12-08,2024-01-03,39.29963877868652,43.468256677627565,0.10607267721762925,16,close_exit
INTU,2023-12-12,2024-01-04,575.8197288003248,573.8261026000977,-0.0034622401778082734,15,close_exit
MSTR,2024-01-03,2024-01-09,64.35415959548949,59.970000000000006,-0.06812550459903399,3,open_exit
ESI,2023-12-21,2024-01-16,22.258376189131546,21.39208867454529,-0.03891961871905347,15,close_exit
ALLY,2024-01-03,2024-01-18,31.8665245885849,29.923680306503194,-0.06096818862944542,9,open_exit
FLEX,2024-01-04,2024-01-18,23.841914923667908,22.358815838813783,-0.06220553548665886,8,open_exit
MPC,2024-01-04,2024-01-19,151.96823371226665,144.68285772044004,-0.04794012415529281,9,open_exit
KMI,2024-01-04,2024-01-22,15.973082453805047,15.130685709116424,-0.0527385210165211,10,open_exit
SFM,2024-01-03,2024-01-26,49.29463545799255,49.725125000000006,0.008732989665261037,16,close_exit
AMGN,2024-01-03,2024-02-07,278.1667008905994,274.01740274047853,-0.014916588279028864,24,close_exit
NBIX,2024-01-05,2024-02-07,132.86640305328368,136.22184828948974,0.02525427917891654,22,close_exit
DELL,2024-01-22,2024-02-15,80.65600292905827,79.59394929122925,-0.013167694892631365,18,close_exit
NTNX,2024-02-16,2024-02-21,59.19958316802978,55.052461830139165,-0.07005321855256297,1,open_exit
CRWD,2024-01-09,2024-02-21,66.45696370697021,73.05345133972169,0.09925953978032287,29,close_exit
ESTC,2024-01-19,2024-02-21,118.95945152664184,121.21935877990724,0.018997290457070326,22,close_exit
PANW,2024-02-08,2024-02-22,181.70080561065672,136.99646994018556,-0.246032677291824,8,open_exit
ALL,2024-01-04,2024-03-01,139.91507123947474,148.29971441650392,0.05992666195822638,39,close_exit
WING,2024-01-17,2024-03-11,267.9017557806762,330.65593942260745,0.23424327122852606,37,close_exit
BAH,2024-01-29,2024-03-11,139.45814468654112,137.8853380279541,-0.01127798352776166,29,close_exit
RL,2024-02-21,2024-03-14,176.25239392839302,176.02792406463624,-0.0012735705811064424,16,close_exit
COHR,2024-03-04,2024-03-15,64.05200664138793,59.010480915069586,-0.07870987952875008,8,open_exit
M,2024-03-15,2024-03-25,19.41423874762491,18.633541652993042,-0.040212603995476104,5,open_exit
VNT,2024-02-22,2024-04-03,42.01259994606382,43.564079713821414,0.03692891584308988,28,close_exit
NVDA,2024-03-25,2024-04-04,93.825608217562,90.20469054382734,-0.038591997883333895,6,open_exit
TOL,2024-02-22,2024-04-04,106.56885716844684,120.7993723449707,0.1335335252214498,29,close_exit
CRH,2024-02-22,2024-04-04,75.21522979589204,82.19517945861817,0.09279968540503414,29,close_exit
NU,2024-03-12,2024-04-04,11.395695343494415,11.784104961872101,0.03408388928187889,16,close_exit
PGR,2024-01-18,2024-04-09,154.03891214454663,188.2855861129761,0.22232482358933536,56,close_exit
MLI,2024-03-12,2024-04-10,25.195548267821586,25.17525321388245,-0.0008055015800174647,20,close_exit
JLL,2024-04-05,2024-04-11,195.4976938934326,183.71809255981447,-0.060254426019159535,3,open_exit
CNM,2024-04-04,2024-04-12,60.23010076332092,56.93151908493042,-0.05476633172759482,5,open_exit
NTRA,2024-01-18,2024-04-15,67.92394438934326,90.37478816986085,0.3305291526038048,60,close_exit
APP,2024-02-08,2024-04-15,47.82589913749695,71.3942853050232,0.492795464226786,45,close_exit
VST,2024-03-15,2024-04-15,61.77285816482875,67.18302833938598,0.08758167155097896,20,close_exit
GPK,2024-04-10,2024-04-16,27.525370581444296,26.058077986210563,-0.05330691519273789,3,open_exit
HUBS,2024-04-05,2024-04-17,670.3650443115234,633.5330505981445,-0.05494318957398203,7,open_exit
DPZ,2024-04-11,2024-04-18,489.78835678284,465.3603331811612,-0.04987465149668635,4,open_exit
FERG,2024-04-05,2024-04-19,212.9804536664291,202.4774844421749,-0.04931424007906382,9,open_exit
VRT,2024-04-12,2024-04-22,84.44147310009254,75.55555263808573,-0.10523170825636707,5,open_exit
FTAI,2024-04-04,2024-04-30,69.97630927010678,68.66432009887696,-0.018749047855118772,18,close_exit
PGR,2024-04-22,2024-05-15,197.90642560276385,192.36739123535156,-0.027988148189438733,17,close_exit
CMG,2024-04-11,2024-05-22,59.65381254959106,63.03606645011902,0.05669803414016905,29,close_exit
SCHW,2024-04-17,2024-05-22,71.37650272521972,73.26204907608033,0.026416905828511306,25,close_exit
DAL,2024-04-23,2024-05-22,47.10210903174794,50.22142061233521,0.066224456711371,21,close_exit
WSM,2024-05-16,2024-05-23,153.92762359222533,135.58579379766005,-0.11915879272686769,4,open_exit
WFC,2024-04-19,2024-05-23,55.76369693010096,56.673976564407354,0.01632387528838719,24,close_exit
AXP,2024-04-22,2024-05-23,226.54847168714173,229.66765572357178,0.013768285494053512,23,close_exit
ETR,2024-04-22,2024-05-23,49.68074173348436,51.61564350128174,0.038946716580386065,23,close_exit
ELV,2024-04-19,2024-05-24,512.3218823443061,500.9719229125977,-0.02215396184088947,25,close_exit
KMI,2024-04-22,2024-05-28,16.81020106606285,17.31052757072449,0.029763267119494508,25,close_exit
IR,2024-05-23,2024-05-30,96.12521930820925,90.64209360967627,-0.057041489611090235,3,open_exit
DELL,2024-05-24,2024-06-03,150.85851702211994,135.76446070684355,-0.10005438614422546,4,open_exit
VST,2024-05-28,2024-06-03,103.7735849255925,98.35195502766815,-0.05224479718814523,3,open_exit
GAP,2024-06-03,2024-06-05,27.25357264646641,25.235535454312153,-0.0740467027326015,1,open_exit
DKS,2024-06-03,2024-06-06,217.3927163861412,208.40480109285636,-0.04134414180335344,2,open_exit
SFM,2024-05-24,2024-06-10,81.23059744262694,76.50173091506959,-0.058215336048677346,9,open_exit
FLEX,2024-05-23,2024-06-14,31.65581938934326,31.244370228767398,-0.012997583651692679,15,close_exit
LNC,2024-05-23,2024-06-14,28.36556599772499,27.082723379135132,-0.045225348885784444,15,close_exit
TXN,2024-05-23,2024-06-14,190.57581576083766,182.2098291244507,-0.04389846950405196,15,close_exit
THC,2024-05-01,2024-06-21,112.87640969467162,134.182875,0.18875923997726307,35,close_exit
NVDA,2024-05-24,2024-06-24,104.32069197092332,117.85668396377564,0.12975366379495568,19,close_exit
HOOD,2024-05-30,2024-06-24,21.310649236679076,21.35931583881378,0.0022836752458457177,16,close_exit
RTX,2024-06-05,2024-06-25,104.18101788281399,97.69796608093634,-0.0622287239424939,12,open_exit
IP,2024-06-25,2024-06-28,43.399488972287045,39.1060478004524,-0.09892838080596389,2,open_exit
P,2024-06-06,2024-06-28,63.26161454200744,64.17789408493043,0.014483973410361672,15,close_exit
MRK,2024-06-25,2024-07-01,124.66873715294778,117.30274046728019,-0.05908455362494569,3,open_exit
CVNA,2024-06-28,2024-07-02,26.698341965675354,24.9875,-0.06408045742596646,1,open_exit
PINS,2024-06-10,2024-07-02,43.851916831970215,43.23836832237244,-0.013991372645094313,15,close_exit
SRPT,2024-06-24,2024-07-03,162.331125,153.923,-0.05179613583038978,6,open_exit
INSM,2024-05-29,2024-07-03,46.022999999999996,61.969,0.3464789344458208,24,close_exit
NFLX,2024-06-17,2024-07-11,66.94445861434936,65.24236402511598,-0.025425473959521216,16,close_exit
ROL,2024-06-17,2024-07-15,47.24316444751939,47.10820138931275,-0.0028567743034353388,18,close_exit
TLN,2024-06-17,2024-07-17,115.47770816802978,119.44025,0.03431434425598745,20,close_exit
AMZN,2024-07-03,2024-07-18,200.03997244262695,189.4952013397217,-0.05271332011370666,9,open_exit
HOOD,2024-07-16,2024-07-19,24.072029465675353,22.92853053379059,-0.04750322084456138,2,open_exit
ALNY,2024-07-03,2024-07-24,247.4236530532837,232.9934456100464,-0.05832185914791943,13,open_exit
MEDP,2024-07-12,2024-07-24,436.4381112213135,357.1213377990723,-0.18173658849426289,7,open_exit
FANG,2024-07-18,2024-07-24,199.60003924410165,188.7819912280377,-0.05419862669883535,3,open_exit
WMB,2024-06-25,2024-07-24,40.22164769322365,39.68642280197144,-0.013306886265188611,20,close_exit
CRUS,2024-07-01,2024-07-24,127.8939168319702,129.88502194976806,0.015568411439097707,16,close_exit
TRGP,2024-07-02,2024-07-24,125.89991698714486,125.55463817596436,-0.0027424864085952017,15,close_exit
GE,2024-07-24,2024-07-25,169.62528492697263,161.35346938290877,-0.048765227115904586,0,open_exit
INSM,2024-07-08,2024-07-30,69.62479133605957,72.87354866027833,0.046660927262789365,16,close_exit
UTHR,2024-07-18,2024-08-01,332.3360984344482,312.13386354064943,-0.060788566120161036,9,open_exit
FTAI,2024-07-25,2024-08-05,107.22448254644162,91.13463123195129,-0.15005762613516382,6,open_exit
ASTS,2024-08-01,2024-08-05,20.380185839653013,17.941025762557985,-0.11968291635247208,1,open_exit
HALO,2024-07-24,2024-08-06,55.04751045799255,52.21388167762757,-0.05147605689683932,8,open_exit
HWM,2024-07-31,2024-08-06,93.8865995300483,87.86984051528071,-0.0640853864649974,3,open_exit
EHC,2024-07-25,2024-08-07,88.218255192969,84.57136516043876,-0.04133940333044461,8,open_exit
ASTS,2024-08-09,2024-08-12,22.841414923667905,20.949519084930422,-0.08282743626259037,0,open_exit
GMED,2024-08-09,2024-08-14,72.58627805328369,67.30632633972168,-0.07274035609989726,2,open_exit
CRS,2024-07-24,2024-09-03,123.63499554627444,133.18050778198244,0.07720720329653985,28,close_exit
GDDY,2024-08-05,2024-09-03,145.71281938934325,159.42025,0.0940715488733399,20,close_exit
NTRA,2024-08-12,2024-09-03,114.69731938934325,113.92301335525514,-0.006750864259169931,15,close_exit
SFM,2024-07-01,2024-09-04,83.76186122131347,97.62116316986085,0.16546076873732174,45,close_exit
AU,2024-08-14,2024-09-05,27.863353413125118,26.87278124263915,-0.03555107512720834,14,open_exit
THC,2024-07-25,2024-09-06,146.2831117172241,153.32329389953614,0.0481271016159488,30,close_exit
RKT,2024-08-05,2024-09-06,15.148510967093403,18.264085358619692,0.2056686890410646,23,close_exit
FOX,2024-09-05,2024-09-12,37.76722641894121,35.99750094908983,-0.046858761885776645,4,open_exit
FOXA,2024-09-05,2024-09-13,40.75351000814773,38.505698677167935,-0.05515626336309176,5,open_exit
SMMT,2024-09-13,2024-09-19,27.513749999999998,25.077455152511597,-0.08854826577578123,3,open_exit
VIRT,2024-07-19,2024-09-20,26.858795245184442,29.658251529693604,0.10422866174576773,44,close_exit
ADC,2024-09-04,2024-09-25,67.8229476291599,68.79782112503052,0.014373800165704997,15,close_exit
SO,2024-09-04,2024-09-26,84.49969943365113,83.96214831542969,-0.006361574323036856,16,close_exit
CAVA,2024-09-23,2024-09-30,130.56525,123.23835305023194,-0.05611674583986215,4,open_exit
LITE,2024-09-27,2024-10-02,65.05250664138794,61.46925,-0.055082529888374476,2,open_exit
WELL,2024-09-04,2024-10-02,118.78166244393562,123.30268244171143,0.03806159894343719,20,close_exit
IOT,2024-09-09,2024-10-02,43.65181606864929,45.62717652511597,0.04525265233776565,17,close_exit
HIW,2024-07-25,2024-10-04,25.286146685482613,28.953234265327456,0.14502358249587344,50,close_exit
VFC,2024-10-07,2024-10-08,20.54974138697374,18.901887804717944,-0.08018853138951676,0,open_exit
TLN,2024-09-12,2024-10-09,149.59476427459717,170.57467366027834,0.14024494431616796,19,close_exit
CRS,2024-09-19,2024-10-14,150.87412559448765,156.2365399169922,0.03554230588827001,17,close_exit
SN,2024-08-09,2024-10-16,88.044,105.06744274520875,0.19335153724511334,47,close_exit
GEN,2024-09-30,2024-10-21,26.60770631100966,25.932791659355164,-0.02536538263635424,15,close_exit
CEG,2024-09-26,2024-10-22,261.32342418971103,263.20948542785646,0.007217344729021358,18,close_exit
VST,2024-10-02,2024-10-23,118.93340639463342,124.81215834426881,0.049428937821969665,15,close_exit
UTHR,2024-10-17,2024-10-25,370.185,350.97441889953615,-0.05189454218961831,5,open_exit
NEM,2024-10-23,2024-10-25,56.08796756351789,46.46952027796663,-0.17148860447935943,1,open_exit
CIEN,2024-10-03,2024-10-25,65.5227428627014,64.08794274520875,-0.021897741987071395,16,close_exit
TRU,2024-10-24,2024-10-28,108.12061649991813,103.79657186585206,-0.039992785594867075,1,open_exit
GWRE,2024-09-09,2024-10-31,163.2916117172241,186.16686450958252,0.14008835207023385,38,close_exit
FTAI,2024-10-03,2024-10-31,131.8262299980897,132.3639606933594,0.004079087259625691,20,close_exit
AUR,2024-10-25,2024-11-01,6.493244771003723,5.287354961872101,-0.1857145158791259,4,open_exit
TSLA,2024-10-28,2024-11-01,270.135,251.91397328948975,-0.06745155833383398,3,open_exit
CPNG,2024-10-08,2024-11-01,25.552770915985107,25.38729961872101,-0.00647566942184663,18,close_exit
ETR,2024-11-01,2024-11-04,73.60870046803083,68.68075393623502,-0.06694788116706507,0,open_exit
GLW,2024-10-10,2024-11-13,45.61905932083279,45.87469522094727,0.005603708272821306,24,close_exit
RKLB,2024-11-14,2024-11-15,19.439715305328367,17.021485686302185,-0.12439634948580514,0,open_exit
LBRDK,2024-11-04,2024-11-25,84.82703740310669,80.20332462692261,-0.054507535777911564,15,close_exit
GILD,2024-11-04,2024-11-25,85.32522517345859,86.1924474029541,0.010163726233743064,15,close_exit
IP,2024-11-01,2024-12-04,51.34618422710436,54.07637617301941,0.0531722461369164,22,close_exit
CVNA,2024-10-25,2024-12-09,40.019999999999996,48.78159675598145,0.21893045367269992,30,close_exit
SFM,2024-10-28,2024-12-09,120.71032652664184,144.13790171051025,0.1940809527898819,29,close_exit
NCLH,2024-11-01,2024-12-09,25.262625,25.94701908493042,0.02709117064954336,25,close_exit
FOX,2024-11-15,2024-12-09,43.529826601931575,43.053326002120976,-0.01094653108012733,15,close_exit
APP,2024-10-22,2024-12-10,161.35063927459717,320.89946755981447,0.9888329479357474,34,close_exit
GEN,2024-11-01,2024-12-10,27.876585416644946,28.977523643493655,0.03949329555230774,26,close_exit
COLB,2024-11-26,2024-12-11,28.9887663593407,27.64180431154373,-0.04646496615620743,9,open_exit
LITE,2024-12-05,2024-12-11,94.1270418319702,87.956,-0.06556077522319637,3,open_exit
BNY,2024-10-15,2024-12-11,73.98760663977478,76.94833824920654,0.040016588505785045,40,close_exit
AAL,2024-12-11,2024-12-17,17.618805610656736,16.441775762557985,-0.06680531439581949,3,open_exit
EXEL,2024-11-26,2024-12-18,36.3881839313507,33.64316984748841,-0.07543696297240299,15,close_exit
WHR,2024-12-10,2024-12-19,114.77741217891766,107.51485365671331,-0.06327515479163537,6,open_exit
NOW,2024-12-11,2024-12-19,227.3215965499878,213.94098014831545,-0.05886205536450184,5,open_exit
PAYC,2024-12-12,2024-12-19,236.7321618526156,210.0932132903136,-0.11252779661973789,4,open_exit
AUR,2024-12-17,2024-12-19,7.993994771003723,7.346324904680253,-0.08101955090998259,1,open_exit
CCL,2024-12-23,2024-12-30,26.11362365344926,24.13981167001792,-0.07558552614625835,3,open_exit
OLLI,2024-12-20,2024-12-31,117.22858316802977,110.9445,-0.05360538358654787,5,open_exit
PLTR,2024-12-23,2025-01-02,80.69032652664184,76.16189694976806,-0.05612109619334116,5,open_exit
RH,2024-12-10,2025-01-02,392.90634645080564,394.9024561004639,0.00508037008739981,15,close_exit
STT,2024-12-10,2025-01-03,94.70407720825801,93.6882474937439,-0.010726356715141883,16,close_exit
BLK,2024-12-11,2025-01-03,1028.787618763458,988.7174301147461,-0.03894894137321947,15,close_exit
JEF,2024-12-10,2025-01-10,75.76317468735581,68.48277029418945,-0.09609423606138034,20,close_exit
DRI,2024-12-20,2025-01-16,173.99043333631778,172.944688621521,-0.0060103575509544704,16,close_exit
FOX,2024-12-23,2025-01-16,45.79546714563347,45.208448310852056,-0.012818273758724685,15,close_exit
VST,2025-01-13,2025-01-28,160.46557579348058,140.94482426227404,-0.12165071190303012,9,open_exit
CEG,2025-01-17,2025-01-28,317.6157208305678,279.033393933606,-0.12147486527451679,5,open_exit
FIX,2025-01-17,2025-01-28,506.4374662906897,414.40506854680757,-0.18172509711407592,5,open_exit
EXE,2025-01-03,2025-01-28,97.05567606338761,97.83035570144654,0.0079818066235815,15,close_exit
KD,2025-01-06,2025-01-30,38.56927423667908,37.69114408493042,-0.022767608909621706,16,close_exit
BRBR,2025-01-28,2025-02-05,79.13954847335815,75.91202194976808,-0.04078272603079858,5,open_exit
EQT,2025-01-03,2025-02-06,46.84400292670347,50.35102877998352,0.07486605828215565,22,close_exit
CHWY,2025-01-06,2025-02-07,37.108545152664185,37.14141984748841,0.0008859063239741172,22,close_exit
HOOD,2025-02-10,2025-02-12,57.208590305328364,53.14341316986084,-0.0710588587093518,1,open_exit
TWLO,2025-01-31,2025-02-18,150.075,126.70661164474488,-0.15571140000169992,10,open_exit
HUBS,2025-01-28,2025-02-19,766.7031673278808,770.5645372009278,0.0050363296221986875,15,close_exit
ROKU,2025-02-18,2025-02-20,99.97996530532836,94.17289122009278,-0.05808237747934186,1,open_exit
MMM,2025-01-28,2025-02-20,147.16542628076414,145.55645782470705,-0.010933060140005169,16,close_exit
ALK,2024-12-11,2025-02-21,62.031,70.1449103050232,0.1308041189892668,47,close_exit
PLTR,2025-02-07,2025-02-24,111.71583366394043,95.83205725479127,-0.14218017167494956,9,open_exit
DASH,2025-01-29,2025-02-24,185.00245866394042,195.77206011962892,0.05821328826365302,17,close_exit
CART,2025-02-20,2025-02-25,52.52625,48.64566316986084,-0.0738790001216374,2,open_exit
PEN,2025-02-20,2025-02-25,303.37161122131346,288.0359026794434,-0.05055090184652278,2,open_exit
DUOL,2025-02-05,2025-02-27,389.6047086639404,375.5921087799072,-0.03596619746225904,15,close_exit
BROS,2025-01-03,2025-03-04,56.84840969467163,72.3238206100464,0.27222240689743105,39,close_exit
PRMB,2025-02-24,2025-03-07,33.49251713701157,31.348591559103557,-0.0640120767614335,8,open_exit
FOX,2025-02-25,2025-03-07,53.71535263761237,50.7731951695024,-0.054773120228011396,7,open_exit
V,2025-03-03,2025-03-07,359.737834792847,337.4691088846714,-0.061902651749152104,3,open_exit
UGI,2025-02-12,2025-03-10,29.766777931299597,30.468726750373843,0.02358161910215184,17,close_exit
FOXA,2025-02-25,2025-03-11,57.35770769029992,53.582004083040104,-0.06582731003907161,9,open_exit
VRSN,2025-01-02,2025-03-13,206.96526574843128,229.95472830200197,0.11107884441592564,47,close_exit
T,2025-02-24,2025-03-18,24.917871604495133,24.883612913131714,-0.0013748642703993452,16,close_exit
GILD,2025-02-25,2025-03-18,106.81988853185871,106.62057509231568,-0.001865883238434507,15,close_exit
CNP,2025-02-24,2025-04-07,33.42784120999285,34.49236204338074,0.0318453359491746,30,close_exit
LOAR,2025-05-13,2025-05-14,98.15905561065674,89.64515744018556,-0.08673573841461102,0,open_exit
UI,2025-05-13,2025-05-21,433.29555162635455,399.21955612168273,-0.07864376953968066,5,open_exit
PLTR,2025-05-14,2025-05-22,129.07449950408935,121.88902194976808,-0.05566922654690298,5,open_exit
AS,2025-05-21,2025-06-02,38.40919438934326,36.411785305023194,-0.05200341001878073,6,open_exit
UBER,2025-05-13,2025-06-04,87.45370866394042,83.14840744018555,-0.049229487114136106,14,open_exit
TOST,2025-05-14,2025-06-04,44.23710765266418,41.68914408493042,-0.05759787886087775,13,open_exit
PLTR,2025-06-02,2025-06-06,131.50071505737304,123.66813835525514,-0.05956299704302437,3,open_exit
NRG,2025-05-13,2025-06-09,147.48830193210952,152.67798683166504,0.03518709505479545,18,close_exit
RBRK,2025-05-14,2025-06-10,83.54175,87.50622805023194,0.04745505151893448,18,close_exit
BA,2025-06-10,2025-06-13,217.6887918319702,200.57965267944337,-0.07859448806961566,2,open_exit
HWM,2025-05-14,2025-06-18,158.43455768077598,169.67918656921387,0.0709733346880943,24,close_exit
AU,2025-06-13,2025-06-25,46.88496680837457,43.85448205799571,-0.06463659796891563,6,open_exit
VEEV,2025-06-04,2025-06-26,285.1425,281.0494074401856,-0.0143545510045483,15,close_exit
AXON,2025-05-14,2025-07-01,725.3625,774.9923148803712,0.06842070672301248,32,close_exit
AXS,2025-06-06,2025-07-01,104.16121593346678,101.52928808593751,-0.02526782952697504,16,close_exit
SPOT,2025-06-27,2025-07-02,780.6901377868652,724.6375,-0.0717988291049323,2,open_exit
ASTS,2025-06-20,2025-07-10,45.67282652664184,43.258358779907226,-0.05286442575053263,12,open_exit
NEU,2025-06-11,2025-07-24,645.9142498202219,707.149788269043,0.09480443954575213,29,close_exit
APG,2025-05-22,2025-07-30,30.762041195869443,34.40278816986084,0.11835193090113472,46,close_exit
SGI,2025-07-02,2025-07-30,69.8300647183391,72.13947221755981,0.03307182240967044,19,close_exit
HOOD,2025-06-25,2025-08-01,84.98247244262694,99.85005152511597,0.17494877067181558,26,close_exit
FERG,2025-07-02,2025-08-01,218.02874421002318,218.6770600204468,0.002973533663061856,21,close_exit
WWD,2025-06-04,2025-08-05,231.00582514612879,252.02054839324953,0.09097053389812726,42,close_exit
NRG,2025-07-31,2025-08-07,164.89552721192345,149.17110346256663,-0.09535991676201028,4,open_exit
APPF,2025-08-04,2025-08-08,321.9608877868652,299.85,-0.06867569517171401,3,open_exit
TEL,2025-05-13,2025-08-08,159.0926319073495,199.77661811828614,0.2557251440445696,60,close_exit
RBLX,2025-05-14,2025-08-11,77.43870152664184,130.6746354904175,0.6874590213197271,60,close_exit
AXON,2025-08-06,2025-08-13,860.1898897705078,776.5914904785157,-0.09718598217225682,4,open_exit
TPR,2025-07-10,2025-08-14,94.70800303083584,94.42586220550538,-0.0029790600192318717,25,close_exit
FIX,2025-07-31,2025-08-22,709.8834072001525,688.0831544799805,-0.03070962428344992,16,close_exit
APH,2025-07-25,2025-08-29,104.13259214351031,108.06893197250366,0.03780122772290628,25,close_exit
OSK,2025-07-02,2025-09-02,116.39765529340164,136.0643648147583,0.1689613890570485,42,close_exit
NVT,2025-08-04,2025-09-02,90.00287994506064,88.84065114212036,-0.01291324015020101,20,close_exit
ALAB,2025-08-07,2025-09-02,175.08749999999998,174.1528854904175,-0.0053379853477973915,17,close_exit
MNST,2025-08-11,2025-09-02,64.46221530532837,62.63866316986084,-0.028288697911329708,15,close_exit
CELH,2025-08-08,2025-09-05,51.17557652664184,58.340813932418826,0.14001283213774407,19,close_exit
TIGO,2025-09-03,2025-09-08,45.43421405251957,43.08646965592615,-0.05167348980395148,2,open_exit
NXST,2025-08-12,2025-09-09,188.10320025389112,197.1723758468628,0.04821382932736196,19,close_exit
ALNY,2025-08-15,2025-09-17,440.8803336639404,451.504145980835,0.024096816087497697,22,close_exit
ELF,2025-09-18,2025-09-22,147.59376427459716,139.1703854904175,-0.0570713730731065,1,open_exit
AFRM,2025-09-02,2025-09-23,85.39267347335814,82.68863835525514,-0.03166589132434938,15,close_exit
U,2025-08-13,2025-09-25,37.668826526641844,42.08894561004639,0.11734156571822973,30,close_exit
MP,2025-09-26,2025-09-29,77.0385,69.28533969497681,-0.10064007353496218,0,open_exit
AVGO,2025-09-08,2025-09-29,340.4270317681019,325.9096260223389,-0.04264469149339545,15,close_exit
ANET,2025-09-08,2025-09-29,143.8719030532837,143.29831011962892,-0.00398683079518547,15,close_exit
SOFI,2025-08-25,2025-09-30,25.192590305328366,26.4067900762558,0.04819670213390581,25,close_exit
AMG,2025-09-03,2025-10-01,228.640148768291,230.8701181564331,0.009753183770021101,20,close_exit
APP,2025-09-24,2025-10-07,653.076375,594.9174193420411,-0.08905383487185392,8,open_exit
CVNA,2025-09-22,2025-10-09,77.60678479385376,72.41177404785157,-0.06694016199487784,12,open_exit
STX,2025-10-01,2025-10-10,233.27012032738043,219.17448494432102,-0.06042623617322718,6,open_exit
APH,2025-09-10,2025-10-10,117.25972086204152,120.98304206085206,0.031752772149194364,22,close_exit
MU,2025-10-09,2025-10-13,192.87780871575185,190.5082414758527,-0.012285328497231185,1,open_exit
CLF,2025-10-10,2025-10-13,14.17708507633209,13.693149809360506,-0.034135033003327986,0,open_exit
MP,2025-10-13,2025-10-20,86.84340305328368,83.45825,-0.038979967784158354,4,open_exit
AU,2025-09-03,2025-10-21,57.73003680768037,64.1893095779419,0.11188755676320983,34,close_exit
HOOD,2025-09-30,2025-10-21,135.73783316802977,131.7740763397217,-0.029201562569525774,15,close_exit
WDC,2025-09-30,2025-10-22,117.68717634208106,120.22412147903444,0.021556682858795417,16,close_exit
FE,2025-10-13,2025-11-03,44.822518694017,44.23961839294434,-0.01300463066459645,15,close_exit
CVS,2025-10-13,2025-11-03,75.19217944072685,76.61012090682983,0.01885756572890318,15,close_exit
VRT,2025-10-02,2025-11-04,164.24755297529202,180.581630569458,0.09944792052167228,23,close_exit
P,2025-10-07,2025-11-06,91.28561786270141,93.04345133972168,0.01925641210715301,22,close_exit
BWXT,2025-11-04,2025-11-07,203.54786326597053,188.47358656617237,-0.07405765139426201,2,open_exit
IONS,2025-09-03,2025-11-10,59.009489542007444,69.50523091506959,0.17786531377449855,48,close_exit
GE,2025-10-22,2025-11-13,306.5729533217921,302.85139772033693,-0.012139216982878676,16,close_exit
APH,2025-10-23,2025-11-13,128.96541233745774,134.4532323074341,0.042552649353895244,15,close_exit
AMKR,2025-11-04,2025-11-14,35.49606958500009,30.349333712836103,-0.14499452847418615,7,open_exit
WDC,2025-11-11,2025-11-14,171.37115569471578,150.27267357096608,-0.12311571359963858,2,open_exit
AXP,2025-10-20,2025-11-14,344.75673723892356,354.1181709442139,0.027153736806607043,19,close_exit
ECG,2025-11-07,2025-11-17,96.38816633605957,89.26534255981446,-0.07389728477053115,5,open_exit
COHR,2025-11-07,2025-11-18,146.57325,136.7915706100464,-0.06673577470618686,6,open_exit
DDS,2025-11-14,2025-11-18,628.7700666213437,560.1128958067754,-0.10919281063027264,1,open_exit
CIEN,2025-09-29,2025-11-18,145.88290255737303,186.90650000000002,0.28120908429617497,36,close_exit
VLO,2025-11-17,2025-11-21,178.0459342086523,167.85013894334196,-0.05726497103473249,3,open_exit
TIGO,2025-11-18,2025-12-08,50.64747562364073,48.405276722762,-0.04427069411199125,12,open_exit
GILD,2025-11-14,2025-12-08,122.54714036334603,118.87383718109132,-0.02997461361696041,15,close_exit
JAZZ,2025-11-18,2025-12-10,170.17504133605956,164.88751622009278,-0.03107109641022532,15,close_exit
BIIB,2025-11-17,2025-12-11,167.0835,172.41375000000002,0.031901713813752064,17,close_exit
NTRA,2025-11-19,2025-12-15,214.54722244262695,228.28579389953615,0.06403518675513542,17,close_exit
AMKR,2025-12-11,2025-12-16,46.2025358498092,43.49579414092398,-0.058584267272342894,2,open_exit
CSCO,2025-11-14,2025-12-17,75.51724472518713,74.87038299560547,-0.008565748551018215,22,close_exit
RVMD,2025-11-17,2025-12-18,67.68382652664184,75.92201908493043,0.12171582165269368,22,close_exit
DTM,2025-11-21,2025-12-18,114.33623568820128,116.12645515060426,0.01565749870657762,18,close_exit
DD,2025-11-05,2025-12-30,112.81533303510157,121.01124908065796,0.07264895493422241,37,close_exit
M,2025-12-08,2025-12-30,22.109721013978763,21.7158784198761,-0.017813096504187498,15,close_exit
WBD,2025-10-22,2026-01-05,20.69034030532837,28.515735686302186,0.3782149189183972,50,close_exit
ROIV,2025-12-12,2026-01-06,21.780885457992554,21.599195610046387,-0.008341710822389659,15,close_exit
CIEN,2025-12-09,2026-01-08,213.03645767211913,225.09740171051027,0.05661446012660387,20,close_exit
CRH,2025-12-16,2026-01-08,127.15203716931424,123.7004631881714,-0.02714525113385924,15,close_exit
LITE,2026-01-07,2026-01-09,378.2089990081787,334.13485095214844,-0.11653384285305479,1,open_exit
RIVN,2025-12-19,2026-01-12,20.32015446567535,18.715637881278994,-0.07896183009369806,13,open_exit
UTHR,2025-12-18,2026-01-12,507.3335265655517,482.14881964111333,-0.049641321942448635,15,close_exit
GMED,2026-01-09,2026-01-14,95.81788164138793,89.49523091506958,-0.0659861251157875,2,open_exit
TPR,2025-12-19,2026-01-20,124.2734307784065,128.38360628509523,0.03307364640168031,19,close_exit
GM,2026-01-09,2026-01-21,83.17410285073692,78.86229313781502,-0.05184077212903415,6,open_exit
FIVE,2026-01-13,2026-01-21,201.99094438934324,192.8835057296753,-0.045088351298130935,4,open_exit
AU,2026-01-21,2026-01-22,104.47341281389618,95.8423369289267,-0.08261504676165266,0,open_exit
ROST,2025-12-16,2026-01-22,184.14924385551112,186.15512111663818,0.010892671721752789,24,close_exit
AIZ,2025-12-31,2026-01-23,240.1578380949267,231.53496195983888,-0.03590503730167438,15,close_exit
RVMD,2026-01-14,2026-01-27,119.87990969467162,98.08593463516236,-0.18179839403464249,7,open_exit
ASTS,2026-01-23,2026-01-27,115.58776377868652,106.22685877990723,-0.08098525910322496,1,open_exit
AMKR,2026-01-06,2026-01-30,49.24480297496534,48.15926174736023,-0.022043772378518067,17,close_exit
NEM,2026-01-21,2026-02-02,120.52458423121288,110.52220537201175,-0.08299036186685937,7,open_exit
AU,2026-01-27,2026-02-02,104.12344531117726,90.72440002953762,-0.12868422900909626,3,open_exit
FTAI,2025-12-31,2026-02-04,198.14848568595167,263.3461968231201,0.3290346172036924,23,close_exit
MU,2026-01-12,2026-02-04,340.5248219537171,378.99278186035156,0.11296668385561293,16,close_exit
SCCO,2026-01-09,2026-02-17,158.52663840502964,185.07538476562502,0.16747183077688388,25,close_exit
SEB,2026-01-27,2026-02-18,4914.396673317037,4912.231132324219,-0.00044065246189339824,15,close_exit
STX,2026-01-22,2026-02-19,349.31614556064915,407.76299649047854,0.1673179200921926,19,close_exit
ONTO,2026-02-20,2026-02-24,227.0134438934326,215.39225000000002,-0.05119165497038991,1,open_exit
GILD,2026-02-02,2026-02-24,139.40741962382612,145.77482392883303,0.04567478777089895,15,close_exit
WDC,2026-02-19,2026-02-25,294.9594232112664,280.15257929364844,-0.05019959612211644,3,open_exit
MKSI,2026-01-21,2026-02-26,215.69678456575093,244.37314414978027,0.132947552471687,25,close_exit
WFRD,2026-01-26,2026-03-03,89.82668401212938,97.22708082962036,0.08238528338073459,25,close_exit
NOV,2026-02-05,2026-03-03,18.604504987462082,19.167644125938416,0.03026896651406985,17,close_exit
SLB,2026-02-05,2026-03-03,49.84833478641537,48.30245869827271,-0.031011589349298485,17,close_exit
FTAI,2026-02-25,2026-03-04,304.1228601105556,281.83434771776825,-0.07328785604832533,4,open_exit
CAH,2026-02-02,2026-03-04,214.9677435923473,222.04561415863037,0.032925267986741114,21,close_exit
HAL,2026-02-05,2026-03-04,33.48154881226843,34.267003282547,0.023459323064253246,18,close_exit
AU,2026-02-24,2026-03-06,114.32095884033949,101.20305650722511,-0.11474625883286038,7,open_exit
TPR,2026-02-27,2026-03-06,156.9984378962822,145.8403607703421,-0.07107126208040027,4,open_exit
MRNA,2026-03-05,2026-03-06,56.98347933197021,52.1888926525116,-0.08413994258803781,0,open_exit
LITE,2026-02-18,2026-03-09,602.3910718688965,577.711,-0.040970182031960456,12,open_exit
KNX,2026-03-05,2026-03-09,62.217347105986356,55.67998154369505,-0.10507303616071895,1,open_exit
ALSN,2026-03-05,2026-03-09,124.99066693012671,113.68048933651856,-0.09048817700869505,1,open_exit
ODFL,2026-03-05,2026-03-09,213.22642023802607,190.43324087908934,-0.1068966000249526,1,open_exit
ROIV,2026-03-05,2026-03-16,29.639812499999998,28.460762881278992,-0.03977925362115586,6,open_exit
ROST,2026-03-05,2026-03-30,210.73386344621807,208.2772484893799,-0.011657428553076943,17,close_exit
APA,2026-03-06,2026-04-08,32.459190916275475,38.20421216011047,0.17699212708824374,22,close_exit
NYT,2026-03-06,2026-04-09,80.81440466266108,82.18156017303467,0.016917225537705027,23,close_exit
PR,2026-03-06,2026-04-09,18.711423500339176,20.197366205215456,0.07941366432379371,23,close_exit
SAM,2026-04-10,2026-04-14,259.87987499999997,241.99893511962892,-0.06880463475815912,1,open_exit
LITE,2026-04-13,2026-04-16,889.4445,824.5995179138184,-0.07290503464373721,2,open_exit
CE,2026-04-14,2026-04-20,67.53692904601644,63.01671316840741,-0.06692954419839203,3,open_exit
VIRT,2026-04-14,2026-04-22,50.721566746491696,47.53751422088346,-0.06277512170557054,5,open_exit
ROIV,2026-04-20,2026-04-24,29.754869771003722,28.225879771232606,-0.05138621044347924,3,open_exit
ENTG,2026-04-24,2026-04-29,153.76030525893916,146.37273504321973,-0.048046016839511485,2,open_exit
TJX,2026-04-10,2026-04-30,163.97512762822902,155.5125989007548,-0.0516086119271747,13,open_exit
PVH,2026-04-10,2026-05-04,91.01991475375499,88.28129961013795,-0.030088087327109436,16,close_exit
NTRS,2026-04-22,2026-05-05,171.03157051273462,161.38937559244366,-0.056376696368890755,8,open_exit
RVMD,2026-04-14,2026-05-08,136.56825,141.73909255981445,0.037862699125268406,18,close_exit
BPOP,2026-04-10,2026-05-11,145.67962911046595,146.14066874694825,0.003164750207681477,21,close_exit
SNDK,2026-05-11,2026-05-13,1587.043125,1511.7287428588868,-0.0474557880341866,1,open_exit
MTZ,2026-02-25,2026-05-18,290.145,385.3871965789795,0.3282572388942755,57,close_exit
LITE,2026-05-12,2026-05-19,1018.7390954589844,872.7333979187013,-0.14332001018818408,4,open_exit
MS,2026-04-16,2026-05-19,188.96415669077604,188.44785845184327,-0.0027322548782499068,23,close_exit
JAZZ,2026-04-10,2026-05-26,199.7998469467163,240.5796469497681,0.2041032594680976,31,open_exit
ARW,2026-04-14,2026-05-26,177.26858267211912,218.82052767944336,0.23440106747048262,29,open_exit
BEN,2026-04-29,2026-05-26,29.578071323768672,31.27035568683642,0.057214155194353244,18,open_exit
WDC,2026-04-30,2026-05-26,427.2321895724744,504.4460248170932,0.1807303783029215,17,open_exit
MKSI,2026-05-05,2026-05-26,296.94430750690293,333.6909812011719,0.12374937914381379,15,close_exit
MTSI,2026-05-05,2026-05-26,293.23654133605953,409.4751526794434,0.3963987940035423,15,close_exit
VIRT,2026-05-19,2026-05-27,54.933428074641064,51.32738249337269,-0.06564392042616829,5,open_exit
WMB,2026-05-20,2026-05-28,78.99642633954824,74.32370329254934,-0.05915106877005116,5,open_exit
EBAY,2026-05-13,2026-06-03,109.60107654508509,108.76558969497681,-0.00762298032505726,15,close_exit
FFIV,2026-05-19,2026-06-09,378.21901377868653,395.03239598083496,0.04445409032763936,15,close_exit
