ticker,entry_date,exit_date,entry_px,exit_px,ret,hold_days,reason
GOOG,2006-01-04,2006-01-23,10.96491122750594,10.052764090297357,-0.08318782690373483,11,open_exit
GOOGL,2006-01-04,2006-01-23,11.016478508098867,10.100039834637265,-0.08318798723093535,11,open_exit
RGLD,2006-01-04,2006-01-26,29.368121996035125,30.63102387237549,0.043002473107094374,15,close_exit
AMD,2006-01-04,2006-01-26,32.51625,40.3897948474884,0.24214184746052836,15,close_exit
MSTR,2006-01-04,2006-01-26,8.70034809923172,9.565214694976808,0.09940597616105262,15,close_exit
FCX,2006-01-04,2006-01-26,18.23918229521889,19.726886993408204,0.08156641422347599,15,close_exit
NEM,2006-01-04,2006-01-26,38.57871414035527,39.85647704505921,0.03312093036733277,15,close_exit
NUE,2006-01-04,2006-01-26,19.47757433421117,22.49920848274231,0.15513400676509415,15,close_exit
AU,2006-01-04,2006-01-26,39.77180876176287,46.1261715927124,0.15977052663138358,15,close_exit
AON,2006-01-04,2006-01-26,29.438742790090256,28.545265744209292,-0.03035038052581951,15,close_exit
SRPT,2006-01-23,2006-01-27,46.52325,45.75710877990723,-0.016467921310157174,3,open_exit
EXP,2006-01-27,2006-02-03,45.389305674799914,41.827018226123954,-0.07848296852563963,4,open_exit
ON,2006-01-27,2006-02-06,7.56377994275093,6.846574904680253,-0.09482098150648088,5,open_exit
FCX,2006-01-27,2006-02-08,19.81053225808992,18.507521389654535,-0.06577364259878893,7,open_exit
SCCO,2006-02-03,2006-02-13,5.542989109990953,5.015185445906836,-0.09522004348389901,5,open_exit
FTI,2006-01-23,2006-02-13,7.769654417427642,7.357624107599259,-0.05303071252489466,15,close_exit
HXL,2006-02-06,2006-02-14,21.035731832536843,19.775845090606413,-0.059892698383885556,5,open_exit
URI,2006-01-27,2006-02-17,27.545529734589444,30.25534014987946,0.09837568714052547,15,close_exit
WCC,2006-01-27,2006-02-17,46.965849012983035,54.71451519584656,0.16498511888332978,15,close_exit
CME,2006-01-27,2006-02-17,40.203769347908214,40.441972877502444,0.005924905387176604,15,close_exit
SMG,2006-01-27,2006-02-17,23.591135785244393,23.515482851982117,-0.0032068372608662354,15,close_exit
GS,2006-01-27,2006-02-17,99.72004995092306,105.11671161651611,0.05411812036043906,15,close_exit
ACN,2006-01-27,2006-02-17,21.637041476683375,22.65461970615387,0.04702945319798291,15,close_exit
WDC,2006-02-14,2006-02-24,14.141500841321283,13.463258324382283,-0.047961141080385516,6,open_exit
MU,2006-02-13,2006-03-01,15.951466284640588,15.214278577704013,-0.04621441651708236,10,open_exit
LHX,2006-02-21,2006-03-01,30.24062549487759,28.38041182989715,-0.06151372977703584,5,open_exit
VRTX,2006-02-08,2006-03-02,35.97797908401489,43.968006677627564,0.22208105616367613,15,close_exit
AMKR,2006-03-02,2006-03-08,8.877147211356768,7.986089277833632,-0.10037660887082978,3,open_exit
ATI,2006-03-03,2006-03-08,45.53785451154487,42.59737936082482,-0.06457210560885296,2,open_exit
BLK,2006-02-14,2006-03-08,87.40481184443061,82.32413563919067,-0.05812810642831534,15,close_exit
DE,2006-02-21,2006-03-14,25.71361735375813,26.066959923744204,0.013741457109084365,15,close_exit
LH,2006-02-21,2006-03-14,46.96608356240959,46.731463430404666,-0.004995522602883273,15,close_exit
TXT,2006-02-21,2006-03-14,39.00399295827014,41.03004615592957,0.05194476370219525,15,close_exit
LMT,2006-02-21,2006-03-14,40.277744611766494,41.27486158370972,0.024756027964185856,15,close_exit
RS,2006-02-22,2006-03-15,30.120146485685527,30.482187805175784,0.012019905668862352,15,close_exit
BEN,2006-02-24,2006-03-17,17.1634849843491,17.137888256072998,-0.0014913479575647814,15,close_exit
CSCO,2006-03-01,2006-03-22,13.073481074576398,13.726900625705719,0.0499805329125389,15,close_exit
APD,2006-03-08,2006-03-29,35.8334620002269,37.340237777709966,0.04204940559395354,15,close_exit
PENN,2006-03-08,2006-03-29,8.695279648303986,9.518186790943146,0.09463837575363865,15,close_exit
QCOM,2006-03-09,2006-03-30,31.116093821451763,31.894130635261536,0.02500432150237919,15,close_exit
WCC,2006-03-15,2006-04-05,59.577309982070716,66.50959813308717,0.11635785759885198,15,close_exit
NUE,2006-03-15,2006-04-05,26.873725303944035,31.120629944801333,0.15803185426748456,15,close_exit
FDX,2006-03-15,2006-04-05,74.25867801904425,76.36406632232666,0.028352084354941853,15,close_exit
MCO,2006-03-15,2006-04-05,54.638944979791944,56.47120858383179,0.03353402238490344,15,close_exit
CBRE,2006-03-16,2006-04-06,25.446049109458922,27.346320610046387,0.07467844978264582,15,close_exit
CRS,2006-03-20,2006-04-10,32.63891941070521,36.42691445541382,0.11605761198902265,15,close_exit
FLS,2006-03-23,2006-04-11,14.201981991165942,13.34514821876174,-0.060331985559281764,12,open_exit
AMG,2006-04-06,2006-04-12,103.14976241144451,96.03177335312118,-0.06900635437172453,3,open_exit
AKAM,2006-03-30,2006-04-21,31.565774236679076,33.8230801525116,0.07151118483289287,15,close_exit
RS,2006-03-30,2006-04-21,33.48391939212102,33.059416460037234,-0.01267781489713149,15,close_exit
LVS,2006-03-31,2006-04-24,35.470789386861796,40.226767576217654,0.1340815434775029,15,close_exit
ATI,2006-04-25,2006-04-28,61.77469031832969,56.38515578952515,-0.08724502706580728,2,open_exit
WCC,2006-04-06,2006-04-28,66.57614970691992,72.6298808822632,0.09092942746002697,15,close_exit
SCCO,2006-04-06,2006-04-28,5.985375765374303,6.409728312730789,0.07089822995097261,15,close_exit
NTAP,2006-04-06,2006-04-28,27.09289906260192,27.117019424438478,0.000890283530781355,15,close_exit
ROK,2006-04-07,2006-05-01,48.440482669242755,47.588254516601566,-0.017593304312434332,15,close_exit
DINO,2006-04-11,2006-05-02,9.57627947155248,9.125347280575212,-0.047088453539479214,13,open_exit
GS,2006-04-11,2006-05-03,117.84505257614198,115.18582462692261,-0.022565461095629735,15,close_exit
EQIX,2006-05-01,2006-05-04,48.24894087983428,45.15739087751499,-0.06407498166682879,2,open_exit
CAT,2006-04-12,2006-05-04,46.42011877215045,47.71369149208069,0.02786663959822344,15,close_exit
ILMN,2006-04-24,2006-05-10,14.895576161384582,14.448025021076203,-0.03004590997081502,11,open_exit
AGCO,2006-05-02,2006-05-15,21.076020688539028,19.35495791827429,-0.08165975900757383,8,open_exit
WCC,2006-05-04,2006-05-15,74.30200061233054,68.75628616277723,-0.07463748491091093,6,open_exit
CRS,2006-05-05,2006-05-15,47.83061623456981,43.99694134065017,-0.08015106631950175,5,open_exit
STLD,2006-04-24,2006-05-15,10.206341971200903,10.247693604946138,0.004051562632519712,15,close_exit
AKAM,2006-04-28,2006-05-16,34.36717347335815,32.67365362739563,-0.04927725136532857,11,open_exit
ADM,2006-05-10,2006-05-16,27.818945042083275,26.025075157661966,-0.06448374953498848,3,open_exit
GRMN,2006-05-04,2006-05-18,25.72395846697952,23.491967611285027,-0.08676700588517827,9,open_exit
DE,2006-05-02,2006-05-19,30.47168706468117,28.6895674679227,-0.05848444140869613,12,open_exit
CCI,2006-05-01,2006-05-22,20.332118873660477,19.25546243081701,-0.052953479641427714,14,open_exit
JLL,2006-05-01,2006-05-22,78.48827235904007,74.40535226058961,-0.05201949253989657,15,close_exit
BWA,2006-05-16,2006-06-06,11.841519925123382,11.412894085305844,-0.03619686007605749,13,open_exit
AES,2006-05-15,2006-06-06,11.375221168041229,11.637827276706696,0.023085802446044967,15,close_exit
DGX,2006-05-16,2006-06-07,42.002941159461194,40.905104843139654,-0.026137129591798924,15,close_exit
FE,2006-05-16,2006-06-07,21.621056681952094,21.89156796646118,0.012511473814084795,15,close_exit
DINO,2006-06-02,2006-06-08,10.388230302148253,9.569093588421035,-0.07885238292780472,3,open_exit
DIS,2006-05-17,2006-06-08,24.10217547214721,23.752058840751648,-0.014526349781170622,15,close_exit
LECO,2006-06-02,2006-06-13,20.817588432227513,19.054922746431334,-0.08467194418482271,6,open_exit
CMCSA,2006-06-02,2006-06-23,6.887617923799955,6.52120237493515,-0.05319916884452425,15,close_exit
VFC,2006-06-02,2006-06-23,8.71810774638066,8.910592981338501,0.022078785965653047,15,close_exit
LH,2006-06-02,2006-06-23,48.83655366801492,50.011732418060305,0.024063506979507876,15,close_exit
INGR,2006-07-31,2006-08-21,21.13851846777549,21.123851278305054,-0.0006938608064134266,15,close_exit
UHS,2006-07-31,2006-08-21,25.458396493365377,26.3750733833313,0.036006858884644055,15,close_exit
WFC,2006-07-31,2006-08-21,20.83659215880133,20.528760560035707,-0.014773605799813905,15,close_exit
MTB,2006-07-31,2006-08-21,67.20624559848122,68.05612672805786,0.012645865306242454,15,close_exit
RF,2006-07-31,2006-08-21,19.627948645973028,19.81928805065155,0.009748313903286121,15,close_exit
MS,2006-07-31,2006-08-21,35.45485705119504,36.18952252960205,0.02072115189595003,15,close_exit
USB,2006-07-31,2006-08-21,16.786348794372707,17.049054063796998,0.01564993511348689,15,close_exit
BDX,2006-07-31,2006-08-21,35.4816875368215,37.5239265575409,0.05755755045754363,15,close_exit
AKAM,2006-08-01,2006-08-22,39.03951045799255,38.630676525115966,-0.010472311975235904,15,close_exit
BAX,2006-08-01,2006-08-22,15.6556043721681,16.176192068099976,0.03325248157505545,15,close_exit
NEU,2006-08-22,2006-08-25,45.18461724760019,42.680435180674685,-0.05542111938678651,2,open_exit
TRMB,2006-08-22,2006-08-25,12.841417538166045,11.801596135616304,-0.0809740357292551,2,open_exit
XOM,2006-08-22,2006-09-12,35.38941067390649,33.0921139555665,-0.0649148057171195,13,open_exit
EQR,2006-08-23,2006-09-14,19.76357284399379,20.63203378772736,0.04394250728797244,15,close_exit
MAT,2006-08-23,2006-09-14,11.373018166588347,11.715937044143677,0.030151967800663204,15,close_exit
LIN,2006-08-24,2006-09-15,39.37443684929703,39.90482703399658,0.013470419570179137,15,close_exit
BAX,2006-08-25,2006-09-18,16.1327294079739,16.94329108428955,0.05024330699522017,15,close_exit
JNJ,2006-08-25,2006-09-18,36.49776577976497,36.14021934318543,-0.009796392435006851,15,close_exit
BRK-B,2006-08-25,2006-09-18,64.31213877868652,63.70813167762757,-0.009391805536704045,15,close_exit
RF,2006-08-25,2006-09-18,19.947410104461245,19.81389104652405,-0.006693553560987553,15,close_exit
BDX,2006-08-25,2006-09-18,37.82895719402106,37.404734931945804,-0.011214220362973815,15,close_exit
ESS,2006-08-28,2006-09-19,61.61757375792898,63.09490923690796,0.023975878777422244,15,close_exit
SEIC,2006-09-12,2006-10-03,20.573074982263208,22.162155947685243,0.07724080949454759,15,close_exit
T,2006-09-15,2006-10-06,6.052789978256918,6.021335131645203,-0.005196751700407343,15,close_exit
PVH,2006-09-15,2006-10-06,40.066767177717374,41.95652741622925,0.04716527864925535,15,close_exit
RNR,2006-09-18,2006-10-09,43.70588832109186,44.7813433971405,0.02460664037183391,15,close_exit
L,2006-09-19,2006-10-10,35.00904288575731,34.03245569801331,-0.027895283825120076,15,close_exit
HUM,2006-09-20,2006-10-11,58.606399493981314,57.459559986114506,-0.019568503060567344,15,close_exit
INTU,2006-09-20,2006-10-11,28.826407244498228,29.890074875831605,0.036899070436063,15,close_exit
MS,2006-09-20,2006-10-11,39.514073339165186,40.417117300033574,0.02285372993862711,15,close_exit
VNO,2006-09-20,2006-10-11,38.19815908395573,38.68136375427246,0.01264994653943119,15,close_exit
BXP,2006-09-20,2006-10-11,44.75902418131892,44.48743067359925,-0.006067905024458198,15,close_exit
AKAM,2006-10-04,2006-10-19,50.94545816802978,46.156910305023196,-0.09399361660882233,10,open_exit
FLEX,2006-10-12,2006-10-24,9.899446074485779,9.302054028511048,-0.06034600739069762,7,open_exit
SBAC,2006-10-12,2006-10-25,24.82528915455118,23.342159327265396,-0.05974270100349999,8,open_exit
BAX,2006-10-09,2006-10-30,17.064612942073254,17.226295415878297,0.009474722594288165,15,close_exit
MAT,2006-10-09,2006-10-30,12.357451650176978,14.0127006855011,0.1339474417689035,15,close_exit
PCAR,2006-10-10,2006-10-31,13.622205959989307,13.56049998855591,-0.004529807552068887,15,close_exit
ALGN,2006-10-11,2006-11-01,13.776885457992552,12.9135400762558,-0.06266622339056249,15,close_exit
CMCSA,2006-10-12,2006-11-02,7.828724667032161,8.292009757995606,0.05917759413795731,15,close_exit
VFC,2006-10-12,2006-11-02,10.408633452868589,10.361290914535523,-0.004548391347186764,15,close_exit
XEL,2006-10-12,2006-11-02,10.285161019864955,10.750613939762117,0.0452548014560179,15,close_exit
ILMN,2006-10-19,2006-11-09,21.192498607635496,21.108117800712588,-0.003981635600651012,15,close_exit
SCCO,2006-11-10,2006-11-13,7.7811477591580305,7.122195292024122,-0.08468576712970832,0,open_exit
HOG,2006-10-24,2006-11-14,43.702871070132545,45.239835197448734,0.035168493274726265,15,close_exit
PPL,2006-10-25,2006-11-15,13.729161915773057,13.312387450695038,-0.03035687594296621,15,close_exit
HAS,2006-10-31,2006-11-21,13.928468850897875,14.787619733810425,0.06168308175935411,15,close_exit
VNO,2006-10-31,2006-11-21,40.58447066485309,42.62255318450928,0.05021828512897675,15,close_exit
AES,2006-11-01,2006-11-22,13.74376528962719,14.514596333026887,0.05608587073161564,15,close_exit
AEP,2006-11-02,2006-11-24,19.396040220734513,19.421320477485658,0.0013033720524109338,15,close_exit
SPGI,2006-11-03,2006-11-27,43.24145018231075,43.9336381893158,0.016007511405993657,15,close_exit
ACN,2006-11-03,2006-11-27,23.230527443398795,23.340403351783753,0.004729806873850384,15,close_exit
BBWI,2006-11-03,2006-11-27,9.323248332162699,9.73673209619522,0.044349753358613686,15,close_exit
MAT,2006-11-15,2006-11-28,14.43027951470749,13.597329917484748,-0.05772234670671428,7,open_exit
ADBE,2006-11-22,2006-11-28,42.521249999999995,39.91003530502319,-0.06140964094368817,2,open_exit
SRE,2006-11-13,2006-12-05,14.751684604532636,15.341527554988861,0.03998478589184229,15,close_exit
SGI,2006-11-16,2006-12-08,4.697562680604445,4.667675084829331,-0.0063623623157846865,15,close_exit
HAS,2006-11-22,2006-12-14,14.818798061222994,14.76033540916443,-0.003945168279979816,15,close_exit
PPLI,2006-11-24,2006-12-15,5.093018092928452,5.557693681955338,0.09123776522060223,15,close_exit
ES,2006-11-29,2006-12-20,14.135579177026617,14.208113794326783,0.005131350926041334,15,close_exit
RL,2006-11-29,2006-12-20,59.24367299121538,59.98877799034119,0.012576954829189857,15,close_exit
ETR,2006-11-29,2006-12-20,20.615888258545212,21.360097460746765,0.03609881819635308,15,close_exit
OKE,2006-11-29,2006-12-20,6.789011645083073,6.9507803595066076,0.023828021349866946,15,close_exit
PNW,2006-11-29,2006-12-20,20.52346400118806,21.386657355308532,0.0420588529339152,15,close_exit
CMS,2006-11-29,2006-12-20,8.365720384300879,8.874363851547242,0.060800916583452214,15,close_exit
TTWO,2006-12-15,2006-12-22,20.3389085132983,18.989327262570455,-0.06635465466819124,4,open_exit
ICE,2006-12-06,2006-12-28,18.024457854718754,18.52480202674866,0.02775918011308809,15,close_exit
ADBE,2006-12-18,2007-01-04,42.47122576332092,39.86006106758118,-0.06148079432157105,9,open_exit
FFIV,2006-12-11,2007-01-04,37.87893061065674,38.160910305023194,0.0074442358804902575,15,close_exit
TPR,2006-12-21,2007-01-17,28.386007956350305,29.496051633834842,0.03910531129250261,15,close_exit
KMX,2006-12-21,2007-01-17,26.83841326332092,28.645669847488406,0.06733842893154196,15,close_exit
MGM,2006-12-21,2007-01-17,54.66725721712992,64.37395536804199,0.1775596334083227,15,close_exit
NEE,2006-12-21,2007-01-17,7.765838708204762,7.662298907279968,-0.01333272616329284,15,close_exit
HPQ,2006-12-21,2007-01-17,11.322829636065077,11.694063068389893,0.0327862773049572,15,close_exit
NKE,2006-12-21,2007-01-17,9.466396543184805,9.516044003009796,0.005244599631813784,15,close_exit
ACN,2006-12-22,2007-01-18,25.712743088274802,26.023288228034975,0.01207747997535824,15,close_exit
T,2007-01-03,2007-01-25,6.765130538039906,7.068404451847077,0.04482898180632011,15,close_exit
ICE,2007-01-04,2007-01-26,19.686552553174295,22.972450060844423,0.16691076300915397,15,close_exit
SNPS,2007-01-05,2007-01-29,26.79339068698883,26.17690553379059,-0.023008851712732703,15,close_exit
STT,2007-01-18,2007-02-06,46.792987256379234,44.22578187324847,-0.05486303682782678,12,open_exit
TMO,2007-01-18,2007-02-08,46.221357888491994,46.22240259742737,2.2602298658025433e-05,15,close_exit
BLK,2007-01-18,2007-02-08,108.03226630637607,107.76891115951538,-0.0024377452761550344,15,close_exit
CME,2007-01-18,2007-02-08,57.51915099156367,57.38209934616089,-0.002382713288359928,15,close_exit
SWK,2007-01-18,2007-02-08,31.646991280090482,34.6851672039032,0.09600204635326803,15,close_exit
NWL,2007-01-18,2007-02-08,15.598936512895856,15.557664130210878,-0.002645845930000279,15,close_exit
SPGI,2007-01-19,2007-02-09,46.55857046801365,45.78875493621826,-0.016534346395456034,15,close_exit
AKAM,2007-02-09,2007-02-12,59.20959030532837,56.24186545753479,-0.0501223675504221,0,open_exit
AVT,2007-01-26,2007-02-16,22.751211531707337,26.8858518781662,0.1817327547896339,15,close_exit
ATI,2007-01-29,2007-02-20,83.59561751090136,85.73473722457886,0.02558889780793283,15,close_exit
ALB,2007-01-30,2007-02-21,29.622324131287254,32.50745411491394,0.09739715124443582,15,close_exit
TPR,2007-02-20,2007-02-28,32.19097513429865,29.663279545316712,-0.07852187075528327,5,open_exit
ATI,2007-02-22,2007-02-28,90.2036189860214,83.2789789528177,-0.07676676513695968,3,open_exit
VMC,2007-02-06,2007-02-28,84.0927329837185,93.18503548049927,0.10812233321684461,15,close_exit
BG,2007-02-09,2007-03-05,52.65823260130788,48.597761658591736,-0.07710989796143086,14,open_exit
CE,2007-02-09,2007-03-05,21.60847770210479,22.293769642829897,0.03171403141732454,15,close_exit
MLM,2007-02-09,2007-03-05,99.28724354609145,97.55710067367555,-0.017425631033987976,15,close_exit
NEE,2007-02-09,2007-03-05,8.355183326841313,8.097213367938997,-0.03087543968946549,15,close_exit
MTD,2007-02-12,2007-03-06,88.7443469467163,87.1364103050232,-0.01811875006143815,15,close_exit
FIS,2007-02-12,2007-03-06,18.680339661570258,18.84213481235504,0.008661253152566273,15,close_exit
CF,2007-02-21,2007-03-14,5.1176587395614135,5.581812437772752,0.0906964926409135,15,close_exit
ABT,2007-03-01,2007-03-22,16.53373340116102,16.74768542957306,0.012940333754082323,15,close_exit
MTN,2007-03-13,2007-03-30,37.991966978982674,35.829903799726885,-0.056908429628080404,12,open_exit
AVT,2007-03-13,2007-04-03,28.848687535111463,28.203111696243287,-0.022377996852801396,15,close_exit
EL,2007-03-13,2007-04-03,19.22249374896516,19.265798683166505,0.0022528260259506716,15,close_exit
ES,2007-03-13,2007-04-03,15.288730888300247,17.202513138771057,0.12517600476147694,15,close_exit
LNT,2007-03-13,2007-04-03,10.885100498930187,11.092800396442414,0.01908111896005371,15,close_exit
OKE,2007-03-13,2007-04-03,7.104008529675082,7.211791565656663,0.01517214337952244,15,close_exit
M,2007-03-13,2007-04-03,23.859353145448825,24.28874905586243,0.017996963614058004,15,close_exit
PEG,2007-03-13,2007-04-03,18.870998388648058,20.980797307014466,0.11180112863745295,15,close_exit
CLF,2007-03-21,2007-04-12,24.8157664413806,27.803598036766054,0.12040053658803007,15,close_exit
PWR,2007-03-23,2007-04-16,25.016521686020578,25.97158870315552,0.038177450451420736,15,close_exit
STLD,2007-03-30,2007-04-23,14.259885250337582,15.08515174818039,0.05787329163979571,15,close_exit
AMKR,2007-04-04,2007-04-26,12.576729760249792,13.576349756240845,0.07948171067096199,15,close_exit
SCCO,2007-04-04,2007-04-26,10.849700962765906,11.679649769306183,0.0764950858450848,15,close_exit
WBD,2007-04-04,2007-04-26,9.176371247291565,9.99678915166855,0.08940548308996688,15,close_exit
DLR,2007-04-04,2007-04-26,19.05467836746062,19.297376209259035,0.01273691621123696,15,close_exit
KR,2007-04-04,2007-04-26,10.226840660470957,10.389248196601867,0.015880518874089145,15,close_exit
PPC,2007-04-04,2007-04-26,21.649663250258072,23.790827288627625,0.09890057012060116,15,close_exit
BAX,2007-04-04,2007-04-26,20.40065535985623,21.901974976539613,0.07359173468699587,15,close_exit
CF,2007-04-13,2007-05-01,6.084602823257446,5.445970484906207,-0.10495875522230746,11,open_exit
JBHT,2007-04-17,2007-05-01,23.702634442023776,22.047623510680932,-0.06982392338670085,9,open_exit
MOS,2007-04-27,2007-05-01,22.67402269325128,21.204613875276323,-0.06480582814324842,1,open_exit
AVT,2007-04-24,2007-05-15,29.725198471856384,32.451856012344365,0.09172882539605443,15,close_exit
ALGN,2007-04-27,2007-05-16,23.58178469467163,22.358815838813783,-0.05186074216571823,12,open_exit
FFIV,2007-04-27,2007-05-16,39.66482295799255,37.39629341506958,-0.057192478719128026,12,open_exit
RRC,2007-04-27,2007-05-18,33.8214858377911,34.65240008735657,0.024567644767310215,15,close_exit
BWA,2007-04-27,2007-05-18,14.28332150239433,14.827992413043976,0.03813335088469039,15,close_exit
CMI,2007-04-27,2007-05-18,30.28603085988778,28.54755913734436,-0.05740176818105047,15,close_exit
ZBH,2007-04-27,2007-05-18,78.73829176746442,77.15165145874023,-0.02015080938522218,15,close_exit
DE,2007-05-16,2007-05-21,42.71923362096667,40.355657244306435,-0.05532815493909482,2,open_exit
L,2007-05-01,2007-05-22,42.76801285576298,45.79251434707642,0.07071877530325521,15,close_exit
KO,2007-05-01,2007-05-22,14.52476315415254,14.312843507766724,-0.014590230775999191,15,close_exit
IBM,2007-05-01,2007-05-22,52.85716752735217,55.41984701538086,0.04848310282049395,15,close_exit
PEG,2007-05-16,2007-05-25,22.571726463332116,20.96856669889198,-0.07102512814181394,6,open_exit
EXC,2007-05-21,2007-05-25,27.129479006427513,25.483488314203047,-0.060671666117675827,3,open_exit
CROX,2007-05-16,2007-06-07,37.43370841598511,43.02847423744202,0.1494579633758062,15,close_exit
CHE,2007-05-21,2007-06-12,59.720338663130406,58.03945483016968,-0.028145919306356015,15,close_exit
HON,2007-05-21,2007-06-12,35.90934013245309,34.73286901855469,-0.03276225933305765,15,close_exit
DINO,2007-05-21,2007-06-12,16.83722647875762,16.611692745208742,-0.013394945648169565,15,close_exit
LBTYK,2007-05-21,2007-06-12,7.513464689970016,7.641426265478135,0.017030967840833577,15,close_exit
MGM,2007-05-23,2007-06-14,75.71204902093788,77.6188326072693,0.02518467814553671,15,close_exit
MLM,2007-05-23,2007-06-14,122.32550614668784,130.12609703063964,0.06376912820289204,15,close_exit
PENN,2007-05-23,2007-06-14,11.767128258705139,11.556507140159608,-0.017899109614082476,15,close_exit
TTC,2007-05-25,2007-06-18,11.153925632095168,11.092851869106294,-0.005475539734022927,15,close_exit
AXON,2007-05-25,2007-06-18,10.265130228996277,12.113939885616302,0.1801058160370559,15,close_exit
RRC,2007-06-15,2007-06-21,37.659538656638766,35.70893034453945,-0.05179586319110285,3,open_exit
CAR,2007-06-11,2007-06-26,29.059301056260022,25.83949127856162,-0.11080134967681143,10,open_exit
PCAR,2007-06-15,2007-06-26,21.69424703843788,20.760813766546697,-0.04302676512521153,6,open_exit
WBD,2007-06-13,2007-06-28,11.157316898345947,10.571476677894593,-0.052507267274823355,10,open_exit
CROX,2007-06-21,2007-06-28,46.51324667930603,42.75860877990723,-0.08072190542375657,4,open_exit
CF,2007-06-13,2007-07-05,6.9245017139056015,8.578682946681976,0.2388881252573729,15,close_exit
ADSK,2007-06-13,2007-07-05,45.772875,45.767105915069585,-0.00012603719845893924,15,close_exit
MOS,2007-06-14,2007-07-06,27.263581769959437,28.14325470733643,0.032265494123236094,15,close_exit
L,2007-06-15,2007-07-09,47.86024884689786,46.83975428962708,-0.021322383018426927,15,close_exit
DECK,2007-06-19,2007-07-11,5.3637917196750635,5.478370494127274,0.021361525659529423,15,close_exit
TSN,2007-06-19,2007-07-11,16.25665191211998,16.317776208877564,0.0037599560529442133,15,close_exit
GRMN,2007-06-26,2007-07-18,39.29927906283086,42.68045802497864,0.08603666639131013,15,close_exit
GWW,2007-06-26,2007-07-18,68.31180807079998,69.69087565612793,0.020187836104391232,15,close_exit
CROX,2007-07-10,2007-07-19,48.12404847335815,46.98649332237244,-0.023637977000531718,6,open_exit
AMKR,2007-06-28,2007-07-20,14.49159187621925,13.678497257709504,-0.05610802632691014,15,close_exit
LBTYA,2007-06-28,2007-07-20,8.95009620952606,9.529268664836884,0.06471131055489443,15,close_exit
CSX,2007-07-19,2007-07-26,4.117043970738411,3.825908202318634,-0.07071475808589933,4,open_exit
FIS,2007-07-06,2007-07-27,23.13314298708278,21.416732764174096,-0.07419701784003596,14,open_exit
WMB,2007-07-06,2007-07-27,11.335321226840305,10.824151218891144,-0.045095326168506755,15,close_exit
PPG,2007-07-23,2007-07-30,26.775394899520805,25.16895035536763,-0.05999704393461347,4,open_exit
J,2007-07-09,2007-07-30,45.95229536931485,46.964035989761356,0.022017194403788354,15,close_exit
ALGN,2007-07-12,2007-08-02,25.952970534324646,26.546719466209414,0.02287787947431652,15,close_exit
FCX,2007-07-12,2007-08-02,32.515724796459644,31.401369479179383,-0.03427127410678521,15,close_exit
SGI,2007-07-23,2007-08-03,7.5223464583764335,7.1509470481674695,-0.04937281369105195,8,open_exit
NOV,2007-07-19,2007-08-06,40.41671901847634,38.03324073180867,-0.05897258225186652,11,open_exit
SLB,2007-07-19,2007-08-07,60.251916070543324,56.65138498646455,-0.05975795159548536,12,open_exit
GME,2007-08-09,2007-08-10,7.256753026472279,6.6455157154247875,-0.08423013830258907,0,open_exit
FAST,2007-08-09,2007-08-13,3.9688693310203518,3.7931638441132867,-0.044270917546658906,1,open_exit
IEX,2007-08-09,2007-08-13,30.724128051925867,29.218138605872543,-0.04901650727103135,1,open_exit
WBD,2007-08-09,2007-08-14,11.987735638618469,11.354720952987671,-0.05280519229933145,2,open_exit
FLS,2007-08-09,2007-08-14,18.90020316937718,17.473586177993294,-0.07548156909209014,2,open_exit
UAA,2007-08-09,2007-08-15,8.112804718494415,7.634930701255799,-0.05890367558696774,3,open_exit
AMAT,2007-08-09,2007-08-15,16.809186791896682,15.218593846157503,-0.09462640670433664,3,open_exit
APD,2007-08-09,2007-08-16,51.17493005401297,47.552292769232984,-0.07078929626198693,4,open_exit
GRMN,2007-07-26,2007-08-16,44.82809109904082,48.62920335578919,0.0847930876278089,15,close_exit
ROP,2007-08-09,2007-08-30,55.82472918843126,55.81349088478089,-0.00020131407377610433,15,close_exit
CMI,2007-09-19,2007-09-21,44.883149537932844,42.877839814511155,-0.044678453808748575,1,open_exit
GRMN,2007-09-19,2007-10-03,59.61331479661717,53.64169198337588,-0.10017263481513627,9,open_exit
PH,2007-09-19,2007-10-04,56.4326014673691,52.5100485169931,-0.06950863239299943,10,open_exit
LVS,2007-10-03,2007-10-04,85.3678375299388,79.44647166930666,-0.06936295954030103,0,open_exit
GME,2007-09-19,2007-10-10,8.836432677360095,9.921164370059968,0.12275674271576498,15,close_exit
FCX,2007-09-19,2007-10-10,36.56630642464177,40.70806367301941,0.1132670387946686,15,close_exit
J,2007-09-19,2007-10-10,57.491777125551494,64.72395423126221,0.12579498264450883,15,close_exit
IONS,2007-09-19,2007-10-10,14.55727519083023,15.852069656848908,0.08894483679433907,15,close_exit
SLB,2007-09-19,2007-10-10,69.22267961416424,70.97603750228882,0.025329240328422875,15,close_exit
OXY,2007-09-19,2007-10-10,37.25671441247083,38.91048955154419,0.0443886468560899,15,close_exit
BG,2007-09-19,2007-10-10,65.86045215701421,69.82089179229737,0.06013380572974669,15,close_exit
LKQ,2007-09-21,2007-10-12,7.521135901762526,7.698055251121521,0.023522956062731915,15,close_exit
CIEN,2007-10-11,2007-10-15,48.41419438934326,45.39728816986084,-0.06231449800074507,1,open_exit
SLB,2007-10-11,2007-10-22,71.59832387172978,64.01347604985912,-0.10593610872035364,6,open_exit
BKR,2007-10-11,2007-10-22,47.22578650398677,43.2599642798415,-0.08397577928766686,6,open_exit
BIIB,2007-10-15,2007-10-24,83.39167347335815,77.80107633972169,-0.06704023196539566,6,open_exit
COST,2007-10-11,2007-10-25,47.4582789267972,45.12044756250836,-0.04926077003118601,9,open_exit
ILMN,2007-10-04,2007-10-25,26.545366727828977,26.62578529071808,0.0030294764323144374,15,close_exit
CRL,2007-10-04,2007-10-25,57.07852423667907,58.650660305023194,0.027543390256993705,15,close_exit
DECK,2007-10-23,2007-10-26,6.626644643783569,7.286910676002503,0.0996380623545774,2,open_exit
GRMN,2007-10-25,2007-10-29,66.88189636296529,64.5824224999546,-0.03438111040589431,1,open_exit
VMI,2007-10-11,2007-11-01,81.09037164533372,73.54395151138306,-0.09306185162101077,15,close_exit
RRC,2007-10-11,2007-11-01,40.93620060526731,40.26626045417786,-0.016365469711012826,15,close_exit
BRK-B,2007-10-11,2007-11-01,83.2415969467163,87.49623091506959,0.05111187344323431,15,close_exit
DECK,2007-10-29,2007-11-02,8.114610926628112,7.477926208257675,-0.07846152133815243,3,open_exit
AMZN,2007-10-24,2007-11-05,4.545771696567535,4.215391459703445,-0.07267858108966552,7,open_exit
IONS,2007-10-15,2007-11-05,16.96847908401489,16.561714694976807,-0.02397176476595808,15,close_exit
AAPL,2007-10-23,2007-11-09,5.647447449945554,5.1208862461000715,-0.09323879655587752,12,open_exit
NDAQ,2007-10-26,2007-11-12,11.830478148973778,11.058218342267553,-0.06527714239286386,10,open_exit
XRAY,2007-11-02,2007-11-12,36.934204675441634,34.993927608916735,-0.05253333823145867,5,open_exit
MOS,2007-10-26,2007-11-13,47.37984944863482,44.611751577650914,-0.05842352610226931,11,open_exit
CF,2007-11-05,2007-11-13,11.96411332824144,11.306766972262633,-0.054943173634700804,5,open_exit
YUM,2007-10-26,2007-11-16,19.537623875330656,19.038020707130432,-0.025571337199865596,15,close_exit
AME,2007-11-06,2007-11-19,18.681907986593522,17.568867009355596,-0.0595785493664065,8,open_exit
UTHR,2007-11-02,2007-11-26,48.524249999999995,48.920527194976806,0.008166580523693012,15,close_exit
AON,2007-11-02,2007-11-26,38.40821836473245,38.41892179870606,0.00027867561759742365,15,close_exit
AIZ,2007-11-02,2007-11-26,43.296421820318095,45.62305108642578,0.05373721818775912,15,close_exit
CF,2007-12-07,2007-12-12,13.434289870413867,12.755999288942446,-0.050489500227712814,2,open_exit
BLK,2007-12-07,2007-12-18,135.54253677475256,130.63762300746544,-0.03618726551826468,6,open_exit
UNP,2007-12-07,2007-12-20,22.786135408625505,21.25897671792565,-0.06702139978163046,8,open_exit
DECK,2007-12-07,2007-12-31,8.884996384620665,8.610136557102203,-0.03093527736198365,15,close_exit
FLS,2007-12-07,2007-12-31,24.340643770501774,23.759514751434327,-0.02387484178917698,15,close_exit
MA,2007-12-07,2007-12-31,18.795144925014,19.556058753967285,0.040484594930715545,15,close_exit
APD,2007-12-07,2007-12-31,59.23131569869364,57.25390572357178,-0.03338453572736477,15,close_exit
LIN,2007-12-07,2007-12-31,61.55570942281145,62.337399387359625,0.012698902699324499,15,close_exit
EOG,2007-12-07,2007-12-31,30.491981188195496,30.49225738334656,9.057960168590284e-06,15,close_exit
GAP,2007-12-07,2007-12-31,12.477588797235951,12.40101246404648,-0.006137109856227618,15,close_exit
FSLR,2007-12-24,2008-01-07,268.4041240081787,249.4851956100464,-0.07048672768364705,7,open_exit
KO,2007-12-13,2008-01-07,18.019856043002598,17.925393323898316,-0.005242146156931304,15,close_exit
STLD,2007-12-24,2008-01-08,19.007929996496237,18.195297201505397,-0.042752303651193646,8,open_exit
ADM,2008-04-22,2008-05-01,29.707204573740164,27.293656826138097,-0.0812445257718909,6,open_exit
BKNG,2008-04-21,2008-05-08,5.047359529819004,4.780803163651477,-0.05281105191590851,12,open_exit
NSC,2008-04-21,2008-05-12,39.96476017562226,41.47327917098999,0.03774622914634418,15,close_exit
UNP,2008-04-21,2008-05-12,23.367800689713416,25.049480712890627,0.0719656952533616,15,close_exit
LIN,2008-04-21,2008-05-12,65.33743594924313,66.43005570983887,0.016722721740175528,15,close_exit
GIS,2008-04-21,2008-05-12,16.566892244757298,16.31073207950592,-0.015462173681514702,15,close_exit
OXY,2008-04-22,2008-05-13,49.38002733787743,52.55485566711426,0.06429377423210836,15,close_exit
HAS,2008-04-22,2008-05-13,19.438913342486803,20.821306398391723,0.07111472907713834,15,close_exit
AME,2008-04-22,2008-05-13,19.227076903249323,19.9854894695282,0.039445026932341865,15,close_exit
CE,2008-04-22,2008-05-13,34.41728039123542,36.61394323921204,0.06382441677570827,15,close_exit
FSLR,2008-05-14,2008-05-22,307.87386122131346,280.35975,-0.08936812989633791,5,open_exit
HAS,2008-05-14,2008-05-22,20.949365410670016,19.40052165401337,-0.07393272904905179,5,open_exit
CSX,2008-05-01,2008-05-22,5.092579595810031,5.425637703180313,0.06540066799236843,15,close_exit
FTI,2008-05-22,2008-05-28,25.11864065356869,23.828995909510848,-0.05134213916447017,2,open_exit
FMC,2008-05-08,2008-05-30,20.42023358184375,23.481855951309207,0.1499308201933418,15,close_exit
WAB,2008-05-13,2008-06-04,21.35766790647094,21.568306292533876,0.009862424445653772,15,close_exit
OVV,2008-05-13,2008-06-04,156.79602625233767,148.2391978149414,-0.054572992963644595,15,close_exit
NFG,2008-05-22,2008-06-05,35.68517036359011,33.79078596020991,-0.0530860406179553,8,open_exit
CLF,2008-05-14,2008-06-05,77.28276743440563,89.46831261825562,0.15767480369013143,15,close_exit
OXY,2008-05-14,2008-06-05,52.93424698624867,53.42940672874451,0.009354241737385527,15,close_exit
RS,2008-05-14,2008-06-05,47.57278674482497,50.50146240615845,0.06156199503389548,15,close_exit
CMI,2008-05-14,2008-06-05,46.527158809295415,46.09636320114136,-0.009259013857256804,15,close_exit
UNP,2008-05-28,2008-06-12,26.976579332766484,25.38931244932783,-0.05883870092865029,10,open_exit
WAB,2008-06-06,2008-06-12,21.89637719227833,20.43166073257306,-0.06689309591459702,3,open_exit
FLS,2008-06-02,2008-06-13,34.32218539708971,32.2773396241566,-0.059577959540609515,8,open_exit
MDU,2008-05-23,2008-06-16,7.027599541873053,7.372565954685212,0.04908737482218806,15,close_exit
SWKS,2008-06-05,2008-06-19,8.56581115968337,8.08793245131262,-0.05578907816926648,9,open_exit
TTWO,2008-06-06,2008-06-25,27.662115941533912,25.79550189887483,-0.06747907667671993,12,open_exit
QCOM,2008-06-16,2008-06-25,31.920862762005594,30.20380746933578,-0.05379100513265489,6,open_exit
DAR,2008-06-17,2008-06-25,17.138564160346984,16.261865457534793,-0.05115356774405788,5,open_exit
HAS,2008-06-05,2008-06-26,21.863652422111258,20.71418797206879,-0.052574218975416365,15,close_exit
NDSN,2008-06-05,2008-06-26,29.586773280444536,29.93608381175995,0.011806307095552526,15,close_exit
STLD,2008-06-06,2008-06-27,25.28910908061593,25.53341907310486,0.009660680086045037,15,close_exit
ROST,2008-06-06,2008-06-27,7.698792886870596,7.578071041822434,-0.015680619913030602,15,close_exit
OLN,2008-06-16,2008-07-08,13.451168667837715,14.332113348007203,0.06549205514580025,15,close_exit
FE,2008-06-16,2008-07-08,34.56796786890016,35.434018207550054,0.02505355078824434,15,close_exit
FNF,2009-04-03,2009-04-08,6.31547455889341,5.906972585738125,-0.06468270426013112,2,open_exit
FNF,2009-04-13,2009-04-15,6.9885120920393184,5.756535636129767,-0.17628594465950875,1,open_exit
DRI,2009-04-23,2009-04-29,21.012359274415562,19.861730891028973,-0.054759599736502795,3,open_exit
SMG,2009-04-23,2009-04-29,22.147319575372826,19.957073362193338,-0.09889441499796559,3,open_exit
AN,2009-04-29,2009-05-11,17.64881938934326,16.341825381278994,-0.07405560560348057,7,open_exit
AU,2009-05-29,2009-06-08,33.38063862742659,30.715850249239917,-0.07983035938674943,5,open_exit
DLTR,2009-05-28,2009-06-16,15.090874681949614,14.122935114383699,-0.06414072000237869,12,open_exit
FFIV,2009-06-12,2009-06-23,35.08753469467163,32.94351908493042,-0.0611047663621348,6,open_exit
VRTX,2009-06-29,2009-07-06,35.90794438934326,33.693144084930424,-0.06167995250293801,3,open_exit
FFIV,2009-06-29,2009-07-08,35.667826526641846,32.823580152511596,-0.07974263225727418,5,open_exit
OSK,2009-07-06,2009-07-27,16.694536022737687,21.127475335121154,0.26553234581337737,15,close_exit
ROST,2009-07-10,2009-07-31,8.643361373004655,9.288071574687958,0.07459021714594649,15,close_exit
SWKS,2009-07-16,2009-08-06,8.753724401442994,8.846662979602813,0.010617032693478246,15,close_exit
OSK,2009-08-03,2009-08-07,23.920035496472543,20.888510697210926,-0.12673579851955796,3,open_exit
FFIV,2009-07-21,2009-08-11,37.08853469467163,36.26185877990723,-0.022289257895194425,15,close_exit
SMG,2009-07-21,2009-08-11,22.853304446119054,23.328945918083193,0.020812809503568896,15,close_exit
MTCH,2009-07-22,2009-08-12,4.5661720811985615,4.819812551498413,0.05554772483153414,15,close_exit
ADM,2009-07-23,2009-08-13,18.742817690117683,17.855412849416094,-0.04734639451620337,14,open_exit
SBUX,2009-07-23,2009-08-13,6.347438550088204,7.240641993761063,0.14071872246174744,15,close_exit
MU,2009-07-23,2009-08-13,5.89277525160544,6.832294100046158,0.15943571718347038,15,close_exit
F,2009-07-24,2009-08-14,3.4689367098698805,3.932553937673569,0.1336482232392988,15,close_exit
SCCO,2009-08-14,2009-08-18,13.94215571907097,12.877685964296827,-0.0763490077304253,1,open_exit
MU,2009-08-14,2009-08-18,6.75132297424289,6.461927106467066,-0.04286506050442329,1,open_exit
WDC,2009-07-28,2009-08-18,19.018507300075754,18.90289352607727,-0.006079014097916224,15,close_exit
CROX,2009-08-21,2009-08-25,7.073535171747207,6.756620228767395,-0.04480290763883088,1,open_exit
TDC,2009-08-07,2009-08-28,26.97347908401489,27.036474237442018,0.002335447838631266,15,close_exit
CAR,2009-08-10,2009-08-31,9.059049183188245,9.239920804023743,0.019965850408579122,15,close_exit
KDP,2009-08-21,2009-09-02,2.8766498427246456,2.721638474097169,-0.053886074810084006,7,open_exit
AGO,2009-08-31,2009-09-02,14.463004286246,13.376342017427756,-0.07513392427406229,1,open_exit
DXC,2009-08-13,2009-09-03,15.308514569049608,14.537732648236698,-0.05034988321932021,14,open_exit
BALL,2009-08-13,2009-09-03,10.528684555037504,10.164155377864839,-0.03462248064011508,15,close_exit
MTCH,2009-08-14,2009-09-04,4.858573012415785,4.898055766582489,0.008126409558075753,15,close_exit
NVR,2009-08-19,2009-09-10,628.314,669.4850973205566,0.06552630901198553,15,close_exit
FIS,2009-08-20,2009-09-11,18.60465013776689,18.60104638671875,-0.00019370162950949066,15,close_exit
ROST,2009-08-21,2009-09-14,9.6792177696937,10.038862335205078,0.03715636677143985,15,close_exit
GAP,2009-08-26,2009-09-17,11.981692760216125,13.419859513282777,0.12003034811925106,15,close_exit
CROX,2009-09-15,2009-09-18,7.163579847335815,6.716639790296555,-0.06239060170530242,2,open_exit
CVS,2009-09-01,2009-09-23,24.92921314057315,24.0127164106369,-0.03676396542354632,15,close_exit
AU,2009-09-08,2009-09-24,34.74764363327205,32.83503542101922,-0.05504281764940866,11,open_exit
MSI,2009-09-14,2009-09-25,27.824294512514992,25.69211286684551,-0.07663021409978454,8,open_exit
BR,2009-09-03,2009-09-25,14.796246381259575,14.290354719638826,-0.0341905405320565,15,close_exit
CRM,2009-09-18,2009-09-28,14.462151327103397,13.595374764750728,-0.05993413723504959,5,open_exit
JBL,2009-09-24,2009-09-28,10.787221185649951,9.98405451681211,-0.07445538151255116,1,open_exit
CIEN,2009-09-08,2009-09-29,13.82690969467163,16.251870228767395,0.17537979112066182,15,close_exit
SWKS,2009-09-08,2009-09-29,9.881217902714306,10.16857726097107,0.029081370442992416,15,close_exit
CAG,2009-09-08,2009-09-29,8.842295041745302,9.199938935756684,0.040446953231362714,15,close_exit
NLY,2009-09-29,2009-10-02,9.147163102322047,8.553186939917047,-0.06493556043121351,2,open_exit
AES,2009-09-30,2009-10-02,9.580115398498094,8.524443493667018,-0.11019406979132806,1,open_exit
RL,2009-09-30,2009-10-02,59.68683080773999,55.843041008930754,-0.06439929456450189,1,open_exit
CAR,2009-09-11,2009-10-02,11.378470594799968,11.55702377319336,0.015692194913698776,15,close_exit
RTX,2009-09-18,2009-10-09,26.724844362927634,26.464008614540102,-0.009760047424237195,15,close_exit
AAPL,2009-09-24,2009-10-15,5.606712131598938,5.701643658876419,0.016931764115809544,15,close_exit
CTAS,2009-09-25,2009-10-16,6.015365383172519,5.826105036735535,-0.03146281803037665,15,close_exit
MU,2009-10-12,2009-10-19,8.595254012160513,7.884915489263196,-0.08264311001074953,4,open_exit
EW,2009-09-28,2009-10-19,5.776219739198685,6.006162610769272,0.03980853948649932,15,close_exit
ISRG,2009-09-29,2009-10-20,28.839968579292297,29.701808841705326,0.029883536802181032,15,close_exit
WSM,2009-09-30,2009-10-21,6.92148546051979,6.993178106784821,0.010357985532725156,15,close_exit
IP,2009-10-16,2009-10-22,12.507647299818458,11.830457395954156,-0.054142069058353726,3,open_exit
AMP,2009-10-02,2009-10-23,25.522241217969494,26.087876889228824,0.02216246082891349,15,close_exit
THC,2009-10-20,2009-10-26,24.812399236679077,23.228379771232607,-0.06383983468655796,3,open_exit
CL,2009-10-05,2009-10-26,25.74169095188166,26.058720484733584,0.01231580059929005,15,close_exit
KO,2009-10-05,2009-10-26,16.12450302382563,15.934767163753511,-0.011766927625103452,15,close_exit
JBL,2009-10-06,2009-10-27,11.438460242252555,12.219414999485016,0.06827446532949333,15,close_exit
OSK,2009-10-22,2009-10-28,28.62156641714247,26.615343541878676,-0.07009479656089668,3,open_exit
R,2009-10-19,2009-10-29,28.57105123379266,26.24282911481199,-0.08148885037267872,7,open_exit
BKNG,2009-10-21,2009-10-29,6.854298378719403,6.61608070690117,-0.0347544939913661,5,open_exit
FCX,2009-10-22,2009-10-29,28.825790977408058,26.756360565894273,-0.07179093240271128,4,open_exit
EXPE,2009-10-26,2009-10-29,34.51024303359057,33.81249830575632,-0.02021848200706955,2,open_exit
WHR,2009-10-26,2009-10-29,44.75016769418662,42.07265197410843,-0.059832529307505156,2,open_exit
BBWI,2009-10-27,2009-10-29,6.422306687152758,6.030234696961158,-0.0610484689209726,1,open_exit
RGA,2009-10-28,2009-11-02,36.36398814581099,34.468703261778046,-0.05211983010315868,2,open_exit
OGE,2009-10-30,2009-11-03,9.291346741906182,8.722582144480725,-0.06121444105192986,1,open_exit
EL,2009-10-19,2009-11-09,16.91620030430065,19.044523420333864,0.12581567241741198,15,close_exit
TDC,2009-10-27,2009-11-17,29.054520915985105,30.044969466209412,0.03408930930536824,15,close_exit
CE,2009-10-28,2009-11-18,21.78578383425676,22.730444659233093,0.04336134206431064,15,close_exit
LHX,2009-10-29,2009-11-19,29.15154719931644,30.34304384994507,0.040872501294084485,15,close_exit
EW,2009-10-29,2009-11-19,6.417374010801315,6.757452370166779,0.05299338308676815,15,close_exit
V,2009-10-29,2009-11-19,17.076204746107965,17.788870661735537,0.04173444428803785,15,close_exit
AXP,2009-10-30,2009-11-20,28.526713382315865,32.28428389549256,0.13172111567209366,15,close_exit
GIS,2009-10-30,2009-11-20,18.609944265369002,18.908622242927553,0.016049375178106118,15,close_exit
MTD,2009-11-02,2009-11-23,97.05850713729858,100.16989122009278,0.03205678898803632,15,close_exit
AGO,2009-11-18,2009-11-24,18.97720628253589,17.9968007499745,-0.05166226882739977,3,open_exit
OSK,2009-11-04,2009-11-25,29.264939129010454,32.20209539604187,0.10036433884531126,15,close_exit
SPG,2009-11-19,2009-11-30,34.72015958957754,32.34908788932274,-0.06829092170897055,5,open_exit
CSX,2009-11-10,2009-12-02,3.996051177030298,4.0738182806968695,0.019460987915666417,15,close_exit
AXP,2009-12-01,2009-12-04,33.32722748310793,31.29833447750519,-0.060877941515870115,2,open_exit
OC,2009-12-03,2009-12-11,21.06071934832847,20.077017002307503,-0.04670791769983107,5,open_exit
NTAP,2009-11-20,2009-12-14,22.333334352460476,24.403127034187317,0.09267728002732434,15,close_exit
BBY,2009-11-20,2009-12-14,24.547284369762558,25.983128111839296,0.058492977082443165,15,close_exit
XEL,2009-11-20,2009-12-14,11.237776703486368,12.103966580390932,0.07707840258436893,15,close_exit
SJM,2009-11-23,2009-12-15,36.179178095450396,38.238885671615606,0.05693074537876863,15,close_exit
DVA,2009-11-23,2009-12-15,29.484734313011167,30.75961211872101,0.043238571939488546,15,close_exit
BKNG,2009-11-24,2009-12-16,8.344994626835733,8.671370916366577,0.039110425365797896,15,close_exit
COR,2009-11-24,2009-12-16,17.0826254344577,17.82978761672974,0.04373813528480941,15,close_exit
INCY,2009-11-27,2009-12-18,8.204099809169769,8.485754771232605,0.03433100140347256,15,close_exit
AMD,2009-12-04,2009-12-28,8.094045152664185,9.825084923744202,0.21386584068044634,15,close_exit
RCL,2009-12-17,2010-01-04,21.813349853847633,21.350488173348346,-0.021219192998806813,9,open_exit
CI,2009-12-11,2010-01-05,31.963424998191933,33.243970743179325,0.04006284511311997,15,close_exit
JLL,2009-12-15,2010-01-07,53.94682871655984,60.57123502922058,0.12279510158911844,15,close_exit
HUN,2009-12-15,2010-01-07,6.35791000057615,7.14476176571846,0.1237595003815728,15,close_exit
MRVL,2009-12-15,2010-01-07,16.154939292515742,17.96791736984253,0.11222438193665663,15,close_exit
PKG,2009-12-16,2010-01-08,14.148484794302902,15.426590898036958,0.09033519294226511,15,close_exit
WY,2009-12-16,2010-01-08,9.173112771026586,9.201499320030212,0.00309453832218054,15,close_exit
STX,2009-12-17,2010-01-11,8.865331648000508,9.47616126728058,0.06890093270428732,15,close_exit
UAL,2010-01-06,2010-01-13,13.746869771003722,12.743625000000002,-0.07297987016068663,4,open_exit
CLF,2010-01-11,2010-01-13,45.64518085776881,42.28170848292028,-0.07368734906164942,1,open_exit
THC,2010-01-11,2010-01-13,25.452720534324644,23.948019084930422,-0.05911750955521766,1,open_exit
INCY,2009-12-21,2010-01-13,8.884440114498139,10.324834923744202,0.1621255577935119,15,close_exit
WSM,2010-01-08,2010-01-15,7.951792028394747,7.479795758741603,-0.059357220104312436,4,open_exit
UAL,2010-01-14,2010-01-22,13.846920152664184,13.063464694976807,-0.05657976279560184,4,open_exit
MU,2009-12-30,2010-01-22,10.058690391733313,8.898550284385681,-0.11533709281887106,15,close_exit
COF,2010-01-08,2010-01-25,33.02613302240184,29.797223581277017,-0.09776831695477728,9,open_exit
AXP,2010-01-13,2010-01-25,33.18694827797286,30.975222331057154,-0.06664445095675442,6,open_exit
NYT,2010-01-05,2010-01-27,11.50287929318736,11.649883318424225,0.01277975900554984,15,close_exit
TXT,2010-01-12,2010-01-29,20.583773631607013,19.024592389518705,-0.07574807564411501,11,open_exit
DAL,2010-01-08,2010-02-01,10.825580782877184,10.823330515861512,-0.0002078657081595603,15,close_exit
PRGO,2010-01-13,2010-02-04,31.100476696801053,34.44796210479736,0.10763453694395064,15,close_exit
UTHR,2010-01-13,2010-02-04,55.75786454200745,56.421775762557985,0.011907041742073021,15,close_exit
USB,2010-01-15,2010-02-05,15.26242216403761,14.406817582160556,-0.056059554157339986,13,open_exit
FITB,2010-01-22,2010-02-05,7.30847556574025,6.873485666877715,-0.05951855417039709,9,open_exit
ISRG,2010-01-25,2010-02-05,37.8678128414154,35.732125,-0.05639849997039259,8,open_exit
LBTYA,2010-01-26,2010-02-17,5.450433892250061,5.436305412769318,-0.0025921751845906504,15,close_exit
EL,2010-01-27,2010-02-18,21.861561771338298,24.32037424182892,0.11247194945213201,15,close_exit
SIRI,2010-01-28,2010-02-19,5.90207591025308,8.490495022296907,0.4385607964728524,15,close_exit
CAH,2010-02-02,2010-02-24,22.358295051978274,21.99862348175049,-0.016086717229181646,15,close_exit
COR,2010-02-02,2010-02-24,18.988283848883796,19.08693308258057,0.005195268539372133,15,close_exit
STX,2010-02-17,2010-03-10,10.307563415935714,9.899619247436524,-0.039577167953048886,15,close_exit
EMR,2010-02-17,2010-03-10,30.35420099506494,30.969189742088318,0.020260416247601665,15,close_exit
DRI,2010-02-17,2010-03-10,21.596768765928932,22.39133512401581,0.036790983257661614,15,close_exit
NOC,2010-02-17,2010-03-10,38.599951591832976,41.97266314315796,0.08737605650361968,15,close_exit
CAG,2010-02-17,2010-03-10,10.299782706114174,10.817041318893434,0.0502203422672407,15,close_exit
ISRG,2010-02-18,2010-03-11,37.90227296447754,39.73567642211914,0.048371860425360014,15,close_exit
LYV,2010-02-19,2010-03-12,12.106050381660461,13.983004771232606,0.15504267125928672,15,close_exit
CLF,2010-02-22,2010-03-15,45.44586085908982,52.751378297805786,0.16075209712425909,15,close_exit
EL,2010-02-25,2010-03-18,24.389702194790612,26.073599897384646,0.0690413392154372,15,close_exit
BBWI,2010-02-25,2010-03-18,7.855263129542218,8.816314125061036,0.12234485079239166,15,close_exit
UAL,2010-03-11,2010-04-01,18.899444389343262,19.500245228767398,0.03178933872589962,15,close_exit
VTRS,2010-03-11,2010-04-01,17.52441523958013,18.62470093536377,0.06278587220979381,15,close_exit
LUV,2010-03-11,2010-04-01,10.911030361129496,11.293385554790497,0.03504299603299965,15,close_exit
BA,2010-03-11,2010-04-01,55.00926467962033,57.23618768882752,0.0404826900009847,15,close_exit
BMRN,2010-03-11,2010-04-01,23.00149477100372,24.477754771232608,0.06418104627225785,15,close_exit
INCY,2010-03-12,2010-04-05,13.206599809169768,14.592700381278993,0.10495514304498044,15,close_exit
BC,2010-03-15,2010-04-06,12.811256208553127,13.282933648586274,0.03681742308129343,15,close_exit
DRI,2010-03-16,2010-04-07,22.53044434066624,24.721977310180666,0.09726985124562448,15,close_exit
CAH,2010-03-19,2010-04-12,23.73541257190704,23.900399245262147,0.00695107670259687,15,close_exit
FDX,2010-03-19,2010-04-12,60.36495285415649,60.15226279640198,-0.003523403029376704,15,close_exit
VTRS,2010-04-05,2010-04-19,18.627241063283893,17.362144740376856,-0.06791646270153584,9,open_exit
TNL,2010-04-05,2010-04-26,7.171428799550272,7.5468290412426,0.05234664558279789,15,close_exit
TSN,2010-04-05,2010-04-26,14.211661854121292,14.867967608928682,0.046180788815846086,15,close_exit
CBRE,2010-04-05,2010-04-26,16.658324618339538,17.481254771232607,0.04940053527274202,15,close_exit
G,2010-04-05,2010-04-26,13.42740772069524,13.68481409740448,0.019170221241774588,15,close_exit
LULU,2010-04-06,2010-04-27,21.340664923667905,21.11943416118622,-0.010366629309489284,15,close_exit
CRM,2010-04-07,2010-04-28,19.3746611948355,21.16064088821411,0.09218120902442828,15,close_exit
CAR,2010-04-27,2010-04-29,15.43745679351118,14.719299217289924,-0.04652045902555124,1,open_exit
DDS,2010-04-08,2010-04-29,17.947813003982645,20.650699300765993,0.15059697224300095,15,close_exit
BPOP,2010-04-27,2010-04-30,30.064169778337348,29.21434514606184,-0.02826702478535914,2,open_exit
AVY,2010-04-28,2010-05-03,29.21441386759101,27.58055636916272,-0.05592641720739111,2,open_exit
BC,2010-04-30,2010-05-03,18.226739972141253,17.07805755442171,-0.0630218250479927,0,open_exit
RF,2010-04-13,2010-05-04,5.465662682661623,5.4857749321460725,0.003679745833611303,15,close_exit
ZION,2010-04-13,2010-05-04,18.106296681669406,20.295326310157776,0.12089880481769177,15,close_exit
BKNG,2010-04-27,2010-05-06,10.522256874788845,9.533028098907048,-0.09401298482381404,6,open_exit
WYNN,2010-04-27,2010-05-06,58.182984653071536,53.9254751038316,-0.07317447832259283,6,open_exit
ORI,2010-04-29,2010-05-06,5.19941037494479,4.812486346199339,-0.07441690515716592,4,open_exit
SWKS,2010-05-03,2010-05-06,13.663019192555662,12.749834435811755,-0.06683623464727761,2,open_exit
AKAM,2010-04-30,2010-05-07,39.64981606864929,36.791596372604374,-0.07208658146348579,4,open_exit
UDR,2010-05-05,2010-05-07,11.922177995557107,11.288704647521996,-0.05313402872119333,1,open_exit
WY,2010-04-19,2010-05-10,9.926338145831815,9.894966207008645,-0.0031604745236635257,14,open_exit
RMD,2010-05-03,2010-05-10,28.11974695476851,26.864694051455462,-0.044632439450178474,4,open_exit
ICE,2010-05-11,2010-05-19,20.834887740254995,19.369459810174245,-0.07033529281990814,5,open_exit
CRUS,2010-05-12,2010-05-19,14.277135457992554,13.103444656848907,-0.08220772329274195,4,open_exit
NEM,2010-05-12,2010-05-20,41.48846182689983,37.664999947164546,-0.09215723387595609,5,open_exit
OC,2010-04-29,2010-05-20,27.920354989772385,24.71896520614624,-0.11466149999879505,15,close_exit
VTR,2010-05-11,2010-05-21,27.52755499931251,24.736984631295844,-0.1013737096551568,7,open_exit
DOC,2010-05-11,2010-05-21,12.983181035993987,11.31725470722458,-0.12831418772879066,7,open_exit
MO,2010-05-11,2010-05-26,7.924643969421341,7.6144998929396515,-0.039136657454699075,10,open_exit
SO,2010-05-11,2010-05-27,17.415494241443987,16.55050646256336,-0.04966771352501731,11,open_exit
HAS,2010-05-11,2010-06-02,24.148856968935995,24.005592212677005,-0.0059325688351742345,15,close_exit
CHD,2010-05-11,2010-06-02,13.344916402608483,13.32572077703476,-0.0014384223171282073,15,close_exit
CTSH,2010-08-03,2010-08-16,27.104850838997066,25.379376002351687,-0.06365926331396199,8,open_exit
MTCH,2010-08-03,2010-08-16,6.498113949602977,6.136914554645478,-0.05558526639557737,8,open_exit
SPG,2010-08-03,2010-08-24,43.718450168609614,41.65169486236572,-0.04727421256410058,15,close_exit
BXP,2010-08-03,2010-08-24,45.87714192051848,43.24544486045838,-0.05736401506047362,15,close_exit
BWA,2010-08-03,2010-08-24,16.87137531651876,15.957020512104036,-0.05419562941732903,15,close_exit
LIN,2010-08-03,2010-08-24,64.85907135125431,63.91900564956666,-0.014493974121161712,15,close_exit
PCG,2010-08-03,2010-08-24,33.748402829659085,34.83279461669922,0.03213164760754661,15,close_exit
CCI,2010-08-03,2010-08-24,24.61605876120154,24.350009151458742,-0.010807969396064765,15,close_exit
SBAC,2010-08-03,2010-08-24,33.10038315955473,33.04907236099243,-0.0015501572388139095,15,close_exit
DUK,2010-08-03,2010-08-24,26.48392227592845,26.384426156997684,-0.0037568498311596477,15,close_exit
BWA,2010-09-07,2010-09-28,17.63042970899416,18.946220164299014,0.07463178589649488,15,close_exit
FDS,2010-09-07,2010-09-28,66.09758121290393,68.5364086227417,0.03689737756034028,15,close_exit
AXS,2010-09-07,2010-09-28,21.005550147722992,21.586243562698364,0.02764476106988889,15,close_exit
KO,2010-09-10,2010-10-01,17.8820271545368,18.258922841072085,0.021076787507263273,15,close_exit
TKR,2010-09-13,2010-10-04,19.178233103057874,19.6300192527771,0.02355723529333842,15,close_exit
NEE,2010-09-13,2010-10-04,8.857494061698041,8.597050108909608,-0.029403796488518874,15,close_exit
ADM,2010-09-13,2010-10-04,21.37512890085353,20.553965007781983,-0.038416792566745905,15,close_exit
PPG,2010-09-13,2010-10-04,26.719440985267923,26.972775862693787,0.00948129407219045,15,close_exit
SBAC,2010-09-13,2010-10-04,35.01634292095829,36.65839655685425,0.046893921492673796,15,close_exit
FFIV,2010-09-14,2010-10-05,98.51923622131348,111.44425000000001,0.13119279314804877,15,close_exit
NTAP,2010-09-29,2010-10-07,37.183170485134376,35.1124071574721,-0.055690875754937474,5,open_exit
UAA,2010-09-29,2010-10-20,5.677837690830231,5.660918296575547,-0.002979901007386765,15,close_exit
TDC,2010-09-29,2010-10-20,38.489236221313476,37.78109923744202,-0.01839831218784549,15,close_exit
TMUS,2010-10-04,2010-10-25,17.329099937074286,16.678225929260254,-0.037559596873322665,15,close_exit
LVS,2010-10-05,2010-10-26,23.167158631056243,25.64604888725281,0.10700018485968088,15,close_exit
AZO,2010-10-05,2010-10-26,232.35612549591062,236.38175,0.0173252351126858,15,close_exit
IT,2010-10-06,2010-10-27,30.915449618339537,31.434275762557984,0.016782099261809513,15,close_exit
ILMN,2010-10-06,2010-10-27,49.625966354370114,53.3876909942627,0.0758015393197744,15,close_exit
EXPD,2010-10-06,2010-10-27,38.719933607153095,40.01759029579163,0.03351391822631644,15,close_exit
CHRW,2010-10-06,2010-10-27,49.56229861897972,49.81938479232788,0.005187131761675623,15,close_exit
UAL,2010-10-07,2010-10-28,25.102545152664185,28.9055400762558,0.15149837996359494,15,close_exit
AAL,2010-10-26,2010-11-11,10.818650824390334,10.063445813208881,-0.06980584025125058,11,open_exit
URI,2010-10-21,2010-11-11,17.27022274565972,19.489104256629943,0.1284801906523101,15,close_exit
SCCO,2010-10-21,2010-11-11,22.32382394935909,24.17980811595917,0.08313916875577942,15,close_exit
MOS,2010-10-27,2010-11-16,52.81769660039294,49.4211188285176,-0.06430757095624795,13,open_exit
SCCO,2010-11-12,2010-11-17,23.71782343260234,22.132615309383787,-0.0668361550006118,2,open_exit
FCX,2010-11-12,2010-11-17,38.12343834413399,35.02161575028807,-0.08136261388194521,2,open_exit
EBAY,2010-10-27,2010-11-17,10.634007129990872,11.215011751651765,0.05463647095197999,15,close_exit
FFIV,2010-10-28,2010-11-18,118.0089719467163,120.44974713516235,0.020682962898347368,15,close_exit
SWKS,2010-10-28,2010-11-18,18.00856036686858,18.616314703941345,0.03374808006257335,15,close_exit
BWA,2010-10-28,2010-11-18,20.43560592289199,21.781559445381166,0.06586315705870205,15,close_exit
MTCH,2010-10-28,2010-11-18,7.27350098862773,7.1749476234912875,-0.013549646214461641,15,close_exit
F,2010-11-16,2010-11-19,8.642179040640624,8.045917295645129,-0.0689943753990192,2,open_exit
VRSN,2010-10-29,2010-11-19,27.524983297508523,29.136112827301027,0.05853335176913044,15,close_exit
DLTR,2010-11-18,2010-11-22,28.209097194671628,26.811588262557986,-0.04954107260042395,1,open_exit
NOV,2010-11-11,2010-12-03,41.907698612204335,45.236914600372316,0.07944163240685453,15,close_exit
DKS,2010-11-17,2010-12-09,23.785887751092353,25.518318518638612,0.07283439599460384,15,close_exit
MAT,2010-11-17,2010-12-09,17.365333364771512,18.87992527961731,0.08721928240769627,15,close_exit
BWA,2010-11-19,2010-12-13,21.71168264962135,24.488684133529663,0.12790355905265338,15,close_exit
TPR,2010-11-19,2010-12-13,35.44477990944187,37.61575378990174,0.0612494670867334,15,close_exit
DECK,2010-11-19,2010-12-13,10.710352423667906,13.423285305023194,0.25330005718207804,15,close_exit
HAL,2010-11-19,2010-12-13,28.729357183485515,31.62830673503876,0.10090547912501324,15,close_exit
ETN,2010-11-19,2010-12-13,32.731937178495784,33.45730015182495,0.022160710176534204,15,close_exit
UAA,2010-11-22,2010-12-14,6.8784374999999995,7.090203125,0.030786879287629132,15,close_exit
CRM,2010-11-22,2010-12-14,33.26638759126703,33.48366940689087,0.006531572297344246,15,close_exit
KMX,2010-12-06,2010-12-23,34.51725,32.3238301525116,-0.06354561407668335,12,open_exit
AIG,2010-12-10,2011-01-03,29.50575930345069,36.015525861740116,0.22062697968013678,15,close_exit
JEF,2010-12-10,2011-01-03,17.86744922456952,18.992888712882998,0.06298825725867396,15,close_exit
NOV,2010-12-14,2011-01-05,46.02971132868044,47.44132865715027,0.030667525120677164,15,close_exit
AWI,2010-12-14,2011-01-05,32.09255851938973,32.367250204086304,0.00855935760094062,15,close_exit
INGR,2010-12-14,2011-01-05,32.46250886184104,31.650361818313602,-0.025017999902099297,15,close_exit
CE,2010-12-14,2011-01-05,30.847437327616223,32.43401215553284,0.051432954091659155,15,close_exit
CLF,2010-12-14,2011-01-05,63.60036419531082,71.43475425720216,0.12318152829805595,15,close_exit
LEA,2010-12-15,2011-01-06,37.45114013154319,41.23892222595215,0.1011392999279801,15,close_exit
EL,2010-12-15,2011-01-06,32.48899045680372,33.46782726478577,0.030128261734801542,15,close_exit
BWA,2011-01-04,2011-01-10,27.16068593797917,25.33489670076279,-0.06722176462647256,3,open_exit
AIG,2011-01-06,2011-01-11,37.92088313062998,35.96587660788893,-0.05155487850866869,2,open_exit
SIRI,2010-12-23,2011-01-14,12.748481362854431,12.028199371547549,-0.05649943478017594,14,open_exit
DDS,2011-01-07,2011-01-20,27.43916752101225,27.716151171307114,0.010094462599229859,7,open_exit
MOS,2011-01-06,2011-01-21,57.93350220077815,55.68922269536368,-0.038738888901218904,9,open_exit
CIEN,2011-01-11,2011-01-21,25.512749999999997,24.397794847488406,-0.04370188053077739,6,open_exit
DDS,2011-01-21,2011-01-26,29.39217282040591,27.681558548549543,-0.05819965343524214,2,open_exit
AGCO,2011-01-04,2011-01-26,41.48072975598038,40.77644224739075,-0.016978667268699454,15,close_exit
BKNG,2011-01-06,2011-01-28,17.0058429876599,16.650207642555237,-0.02091253843533225,15,close_exit
GNTX,2011-01-06,2011-01-28,11.469069364194986,11.970301604270936,0.04370295654857004,15,close_exit
ADSK,2011-01-06,2011-01-28,41.180579847335814,39.95001622009278,-0.02988213453537969,15,close_exit
PSKY,2011-01-21,2011-01-31,15.654838125228881,14.74768684947799,-0.05794702369288329,5,open_exit
HUN,2011-01-07,2011-01-31,10.248162895255943,10.67318380212784,0.0414728875034418,15,close_exit
URI,2011-01-10,2011-02-01,24.21691139666695,26.534865502357484,0.0957163392029241,15,close_exit
ILMN,2011-01-14,2011-02-07,66.71621802520751,69.25524153137208,0.03805706590270508,15,close_exit
AN,2011-01-20,2011-02-10,28.424204847335815,33.05346469497681,0.1628633016298746,15,close_exit
SIRI,2011-02-08,2011-02-16,14.164977955602922,13.600505084709729,-0.039849894060012714,5,open_exit
HOG,2011-01-26,2011-02-16,27.70696426737387,30.171109901428224,0.088935966072472,15,close_exit
NOV,2011-01-27,2011-02-17,51.57137446086023,58.44897515678406,0.1333608182412036,15,close_exit
DINO,2011-02-17,2011-02-22,15.710565661258178,14.664042018207528,-0.06661272837752419,1,open_exit
DAR,2011-01-31,2011-02-22,13.666829847335814,13.983004771232606,0.023134474302277663,15,close_exit
HAL,2011-01-31,2011-02-22,33.84498994925241,35.81722647094727,0.058272628375781954,15,close_exit
DOV,2011-01-31,2011-02-22,31.78078384970754,33.19355422210693,0.04445360375881324,15,close_exit
TRMB,2011-02-01,2011-02-23,23.11155038166046,23.558214694976808,0.019326453913312003,15,close_exit
TER,2011-02-01,2011-02-23,15.487146113823073,16.427733257293703,0.06073340669467231,15,close_exit
CIEN,2011-02-11,2011-02-24,27.213600763320922,26.186900762557986,-0.03772745876932038,7,open_exit
LNG,2011-02-02,2011-02-24,7.316692983117698,8.634027498722077,0.18004507208980258,15,close_exit
DECK,2011-02-18,2011-03-02,15.257624999999999,13.933029580593109,-0.08681530837249507,6,open_exit
RRC,2011-02-24,2011-03-03,48.82298401115774,46.34010286101792,-0.05085476032297409,4,open_exit
SF,2011-02-16,2011-03-10,18.719477344616596,18.60207583999634,-0.006271622997744641,15,close_exit
XOM,2011-02-23,2011-03-11,48.017516900681784,45.191758154348705,-0.058848497979972714,11,open_exit
EXEL,2011-02-22,2011-03-15,10.515255228996276,11.14442461872101,0.05983396275439623,15,close_exit
COP,2011-02-24,2011-03-16,35.655385129461706,33.89993775669702,-0.049233723500413884,13,open_exit
HUM,2011-02-23,2011-03-16,55.312225594636416,54.75198729515076,-0.010128652272852645,15,close_exit
ESS,2011-02-23,2011-03-16,71.76320265503968,72.61825187301636,0.011914869826627372,15,close_exit
PSKY,2011-03-03,2011-03-17,18.27909682739028,17.701322191486558,-0.03160848926835147,9,open_exit
NDSN,2011-02-24,2011-03-17,45.88510858506818,44.50020733261108,-0.030181932552029944,15,close_exit
BKNG,2011-02-25,2011-03-18,18.2590581623625,17.5987744884491,-0.03616197878565541,15,close_exit
UHS,2011-03-02,2011-03-23,44.089651146190604,42.937451503753664,-0.02613310862035456,15,close_exit
KR,2011-03-11,2011-04-01,8.787769411356503,8.883724250793458,0.010919134873174086,15,close_exit
JAZZ,2011-03-14,2011-04-04,28.68433507633209,32.11393606758118,0.11956355209638136,15,close_exit
SGI,2011-03-16,2011-04-06,11.669503379132196,12.135310573101044,0.03991662531259221,15,close_exit
CLH,2011-03-16,2011-04-06,47.86392015266418,52.83357061004639,0.10382873867270548,15,close_exit
OLED,2011-03-17,2011-04-07,43.33574141030561,53.324063156127934,0.23048692420540928,15,close_exit
AGNC,2011-03-17,2011-04-07,3.800097748306681,3.72558688390255,-0.01960761784018139,15,close_exit
IRM,2011-03-18,2011-04-08,10.575464738557004,12.332649140834809,0.16615670759804058,15,close_exit
PFE,2011-03-18,2011-04-08,10.00135093686534,10.119953704357147,0.011858674717095896,15,close_exit
KBR,2011-03-21,2011-04-11,29.517799416244184,30.07334615516663,0.018820736975965646,15,close_exit
THC,2011-04-04,2011-04-12,30.535260457992553,26.42678053379059,-0.13454871065711094,5,open_exit
CLH,2011-04-07,2011-04-13,52.89643393135071,50.27484923744202,-0.04956070757645015,3,open_exit
JEF,2011-03-24,2011-04-14,22.63500290764822,22.2592600812912,-0.016600078554885545,15,close_exit
IRM,2011-04-15,2011-04-25,12.825914471652998,11.733936037578049,-0.08513844657925707,4,open_exit
CE,2011-04-05,2011-04-27,35.69103512646284,38.42319212341309,0.07655023137517536,15,close_exit
DDS,2011-04-07,2011-04-29,29.63068307941486,33.25791792869568,0.12241482383511926,15,close_exit
HUN,2011-04-08,2011-05-02,11.853381687963342,12.920843475341798,0.09005546395780217,15,close_exit
COO,2011-04-08,2011-05-02,18.543674302817294,18.711731678009034,0.009062787258197647,15,close_exit
SGI,2011-04-11,2011-05-03,13.772946851193296,14.300471004486084,0.03830147309739185,15,close_exit
OLN,2011-04-11,2011-05-03,15.695966938585558,15.586831019878389,-0.006953118538933656,15,close_exit
BIIB,2011-04-12,2011-05-04,79.02949286270142,96.43176335525513,0.22019969839344422,15,close_exit
JCI,2011-04-12,2011-05-04,16.277459813427832,16.334216958999633,0.003486855210969697,15,close_exit
HAL,2011-04-25,2011-05-05,38.66605205616894,36.07841401863099,-0.06692273712813945,7,open_exit
WMB,2011-05-02,2011-05-05,12.443013692720637,11.609090599893527,-0.06701938239567862,2,open_exit
CI,2011-04-13,2011-05-05,40.37074128802632,42.501397972106936,0.052777249465878695,15,close_exit
NEU,2011-05-03,2011-05-12,143.5527139123903,135.53622427688614,-0.05584352546895477,6,open_exit
IPGP,2011-04-28,2011-05-17,68.03399999999999,63.48824045753479,-0.06681599703773411,12,open_exit
PSKY,2011-05-05,2011-05-17,20.37158002637482,19.268539344941814,-0.0541460544545348,7,open_exit
DKS,2011-05-12,2011-05-18,29.77151150500345,28.063739455086594,-0.0573626249923469,3,open_exit
WYNN,2011-05-03,2011-05-24,102.17034061603867,97.9564751663208,-0.04124352942654652,15,close_exit
TTWO,2011-05-18,2011-05-25,17.048520915985108,16.121934161186218,-0.05434997906065275,4,open_exit
TMUS,2011-05-04,2011-05-25,28.83955261804844,28.24052851009369,-0.020770922347105647,15,close_exit
EHC,2011-05-04,2011-05-25,16.710105703109935,17.689068979263308,0.058585103741813915,15,close_exit
CTAS,2011-05-05,2011-05-26,6.395926073785556,6.654125763416291,0.04036939868473399,15,close_exit
SPGI,2011-05-05,2011-05-26,30.41048872590422,31.72089080619812,0.04309046434948205,15,close_exit
PEP,2011-05-05,2011-05-26,43.823403096560234,44.42305552864075,0.013683383528185766,15,close_exit
EA,2011-05-06,2011-05-27,21.050032809735853,23.182328894615175,0.10129656823589905,15,close_exit
DDS,2011-05-27,2011-06-07,39.066195194039324,36.360701104706216,-0.06925409745932742,5,open_exit
PSKY,2011-05-31,2011-06-07,21.334078231265096,20.23007716503671,-0.05174824308136594,4,open_exit
XRAY,2011-05-17,2011-06-08,32.82978768337486,31.16555260651697,-0.05069283703289573,14,open_exit
IPGP,2011-05-27,2011-06-08,74.92744438934326,70.75460591506959,-0.055691722949877676,6,open_exit
FE,2011-05-17,2011-06-08,22.870331516950937,22.377717744827272,-0.021539424199362944,15,close_exit
NOC,2011-05-25,2011-06-16,48.45508883209148,48.423255508422855,-0.0006569655414094822,15,close_exit
AZO,2011-05-25,2011-06-16,294.5872224426269,289.6351087799072,-0.016810347786500257,15,close_exit
DAR,2011-05-27,2011-06-17,18.39919438934326,17.93103053379059,-0.02544480185631548,13,open_exit
EQT,2011-05-26,2011-06-17,25.245152696597145,24.26495152759552,-0.03882730204811746,15,close_exit
EQR,2011-05-27,2011-06-20,30.635355413511686,30.18859916877747,-0.014583027965693995,15,close_exit
CTAS,2011-07-01,2011-07-15,6.8449437405516385,6.484621611210837,-0.052640626862444084,8,open_exit
MNST,2011-07-01,2011-07-25,6.763380228996277,6.595033715486527,-0.024890884115609357,15,close_exit
ISRG,2011-07-01,2011-07-25,41.49295748519897,44.53216613769531,0.07324637328106731,15,close_exit
COO,2011-07-01,2011-07-25,19.76896307324739,19.724183725357058,-0.0022651338729511306,15,close_exit
TDG,2011-07-01,2011-07-25,39.17741716715008,39.74335919380188,0.014445618613325495,15,close_exit
CNP,2011-07-01,2011-07-25,11.462010982754338,11.83931130027771,0.03291746257188688,15,close_exit
HAL,2011-07-01,2011-07-25,39.37582640352871,44.18119120025635,0.12203844936437958,15,close_exit
AXP,2011-07-01,2011-07-25,42.03851056831868,42.0939975566864,0.0013199085223905005,15,close_exit
BEN,2011-07-01,2011-07-25,23.75159268723042,24.12915138912201,0.01589614249719684,15,close_exit
CAH,2011-07-01,2011-07-25,31.071299200649204,30.965192031860354,-0.003414957582032252,15,close_exit
PAG,2011-07-27,2011-07-29,16.7595928293349,15.649688910622206,-0.06622499305412655,1,open_exit
NRG,2011-07-26,2011-08-03,18.796444825542874,17.561883961211276,-0.06568055160377606,5,open_exit
AEE,2011-07-26,2011-08-03,17.98386821810949,17.00075985531743,-0.05466612359859735,5,open_exit
SPG,2011-07-27,2011-08-03,58.85825971856641,55.8505420287718,-0.05110102990092058,4,open_exit
EXC,2011-07-26,2011-08-05,17.803769225672024,16.93577376620067,-0.04875346610423126,7,open_exit
FNF,2011-07-27,2011-08-05,5.615833892703982,5.271644358342647,-0.06128912302917322,6,open_exit
RRC,2011-07-18,2011-08-08,56.759565592732535,50.94942474429279,-0.10236408238444428,14,open_exit
HXL,2011-10-24,2011-11-02,23.37813501767242,22.38204127921024,-0.04260792136366709,6,open_exit
NI,2011-10-24,2011-11-02,5.58680951901169,5.318555455280652,-0.048015609413240234,6,open_exit
CL,2011-10-24,2011-11-02,33.227698020889314,31.553022361601627,-0.050399990340434186,6,open_exit
DPZ,2011-10-24,2011-11-14,25.56634288016245,25.714313077926636,0.005787695113758318,15,close_exit
TSCO,2011-10-24,2011-11-14,6.046423746410806,6.098606085300446,0.008630281481779356,15,close_exit
MCD,2011-10-24,2011-11-14,62.06673237605145,63.34484905433655,0.02059262070606871,15,close_exit
KMB,2011-10-24,2011-11-14,40.878085958184606,40.99852963447571,0.0029464118357769298,15,close_exit
COST,2011-10-24,2011-11-14,61.31291488167433,60.42750428771973,-0.01444084978936866,15,close_exit
CB,2011-10-24,2011-11-14,52.59002476168998,52.56738068199158,-0.000430577467894544,15,close_exit
WMT,2011-10-24,2011-11-14,14.149567477443163,14.634935608386995,0.03430268322459962,15,close_exit
INTC,2011-11-16,2011-11-22,17.37623955089701,16.150040858349804,-0.07056755225752553,3,open_exit
CDNS,2011-11-16,2011-11-22,11.485739542007446,10.6646650762558,-0.07148642564535657,3,open_exit
HUM,2011-11-03,2011-11-25,76.23169797923258,71.77521523492148,-0.05845970721425042,14,open_exit
FCN,2011-11-03,2011-11-25,42.691333168029786,39.80008969497681,-0.0677243660129625,14,open_exit
KEX,2011-11-16,2011-11-25,64.02199667930603,60.02997137260437,-0.06235396447721231,5,open_exit
MA,2011-11-03,2011-11-25,32.689012009044944,31.81547277927399,-0.026722717392904105,15,close_exit
EXR,2011-11-16,2011-12-08,13.578417937349348,13.981039278030396,0.029651564897968052,15,close_exit
ACGL,2011-11-16,2011-12-08,11.61944753704397,11.702875379085542,0.007180017963470009,15,close_exit
DPZ,2011-12-09,2011-12-20,27.256019967394472,26.037706591542705,-0.04469887303095599,6,open_exit
MA,2011-12-01,2011-12-22,34.258410187469934,34.11755716896057,-0.004111487303076311,15,close_exit
FAST,2011-12-01,2011-12-22,7.178037652747505,7.352706085205079,0.024333730318441216,15,close_exit
GWW,2011-12-01,2011-12-22,148.6406921942729,148.14261222076416,-0.003350899179463962,15,close_exit
DG,2011-12-01,2011-12-22,34.79127544853183,35.099358198165895,0.008855172616187179,15,close_exit
CLH,2011-12-01,2011-12-22,59.929951526641844,63.088438932418825,0.05270298615831304,15,close_exit
TJX,2011-12-01,2011-12-22,12.704048327456407,13.265411972522736,0.04418777625814685,15,close_exit
V,2011-12-01,2011-12-22,21.615167272750377,22.633613140106203,0.047117186487830365,15,close_exit
MCD,2011-12-01,2011-12-22,64.82249873058696,66.90179695510865,0.03207679841475408,15,close_exit
DCI,2011-12-12,2012-01-04,27.539850623976097,27.33286908721924,-0.007515710218727878,15,close_exit
DTE,2011-12-20,2012-01-12,27.197276226462687,27.67105020809174,0.01741990549656869,15,close_exit
AMT,2011-12-23,2012-01-18,43.36081824468156,45.00460131072998,0.03790941067515585,15,close_exit
FRT,2011-12-23,2012-01-18,55.38880767254019,54.737250862121584,-0.011763329773600173,15,close_exit
LMT,2011-12-23,2012-01-18,52.70868402052392,53.488081752777106,0.014786894166238351,15,close_exit
ISRG,2012-01-04,2012-01-23,52.474000682830805,49.681815519332886,-0.05321083064305987,11,open_exit
OKE,2012-01-04,2012-01-26,16.996447415217155,17.08818282032013,0.005397328209943764,15,close_exit
DOC,2012-01-04,2012-01-26,17.52915910294955,17.70967329597473,0.010297937965250581,15,close_exit
WMT,2012-01-04,2012-01-26,15.071535632719888,15.246516643047334,0.011610031956369893,15,close_exit
LKQ,2012-01-04,2012-01-26,13.48177707872715,14.271922739982605,0.058608420584421506,15,close_exit
FAST,2012-01-05,2012-01-27,7.60734590411416,8.009751780033112,0.052897013096423695,15,close_exit
LEN,2012-01-19,2012-02-01,19.08157921282668,18.23282305540364,-0.04448039378483437,8,open_exit
TSCO,2012-01-13,2012-02-06,6.568305641698269,6.725681344985962,0.0239598629955049,15,close_exit
URI,2012-01-19,2012-02-09,33.67211864193382,39.28664415359497,0.16674108247733055,15,close_exit
LOW,2012-01-19,2012-02-09,20.99272299939046,20.675768394470214,-0.015098308348538092,15,close_exit
MCD,2012-01-23,2012-02-13,69.0810420777765,67.61422437667846,-0.021233288569193598,15,close_exit
REGN,2012-02-14,2012-02-17,112.37844832384415,104.86101615915032,-0.0668938953760122,2,open_exit
SHW,2012-01-27,2012-02-17,28.203856346091612,28.999506283760073,0.02821067899031182,15,close_exit
SBUX,2012-01-27,2012-02-17,18.18635225722354,18.445515060424807,0.014250400494597804,15,close_exit
WCC,2012-01-27,2012-02-17,61.82624901404104,63.92397752761841,0.03392941585540754,15,close_exit
PTC,2012-01-27,2012-02-17,25.492739542007445,26.516735686302187,0.040168148370534285,15,close_exit
JAZZ,2012-02-07,2012-02-21,50.79538545799255,47.15641030502319,-0.0716398767360229,8,open_exit
STX,2012-01-30,2012-02-21,11.08704734690223,14.427860128402711,0.3013257431821035,15,close_exit
CNC,2012-02-01,2012-02-23,11.390692728996276,12.113939885616302,0.06349457173740802,15,close_exit
VMC,2012-02-17,2012-02-29,43.48319212777059,41.06849701264461,-0.055531689302631304,6,open_exit
AGO,2012-02-22,2012-03-01,13.818167502304881,13.186016472461064,-0.04574781929212923,5,open_exit
LNG,2012-02-10,2012-03-05,13.336033270082625,15.133373055458069,0.13477319297091928,15,close_exit
JBL,2012-02-10,2012-03-05,21.26707562539253,22.114587580680848,0.03985089300554345,15,close_exit
HD,2012-02-21,2012-03-13,34.36794730713266,35.32128926086426,0.027739275354794035,15,close_exit
INTC,2012-02-21,2012-03-13,19.05541271204516,19.14080399131775,0.004481208597419295,15,close_exit
YUM,2012-02-21,2012-03-13,35.85736388801831,37.5562399520874,0.04737872168669832,15,close_exit
TJX,2012-02-21,2012-03-13,14.492880698426434,15.75809868335724,0.08729927550346672,15,close_exit
EBAY,2012-02-21,2012-03-13,13.058782940194964,13.890389244556427,0.06368176178208595,15,close_exit
ITT,2012-02-24,2012-03-16,19.89897959712472,19.513351694107058,-0.019379280285979128,15,close_exit
GAP,2012-02-29,2012-03-21,14.971419929112743,16.571654638290408,0.10688596784770699,15,close_exit
AGO,2012-03-14,2012-03-22,14.491280288072145,12.467199866203469,-0.1396757485627208,5,open_exit
EQIX,2012-03-01,2012-03-22,103.8857124680898,107.3838498802185,0.03367294047488212,15,close_exit
JBL,2012-03-14,2012-03-23,23.531146662239415,22.27130672795717,-0.053539249589732774,6,open_exit
PHM,2012-03-14,2012-03-26,8.067684738564084,7.6604652201027275,-0.050475388126511644,7,open_exit
ULTA,2012-03-06,2012-03-27,85.48665568986152,93.92301622009278,0.09868628573841587,15,close_exit
ROST,2012-03-06,2012-03-27,23.778579441091473,25.650328743934633,0.07871577473667801,15,close_exit
MAS,2012-03-22,2012-04-04,9.802341713025346,9.147538661796862,-0.06680067583834404,8,open_exit
FFIV,2012-03-14,2012-04-04,133.2766117172241,136.04194561004638,0.020748831000367396,15,close_exit
IVZ,2012-03-14,2012-04-04,14.609985058981856,14.612254274368286,0.0001553194871364294,15,close_exit
WDC,2012-03-23,2012-04-09,25.40635160323036,23.756919348435897,-0.06492204313919436,9,open_exit
CNC,2012-04-09,2012-04-10,11.438216135501861,10.70714336872101,-0.06391492852733849,0,open_exit
WMB,2012-03-19,2012-04-10,14.403525081688295,14.441117198944093,0.002609924795673013,15,close_exit
EXP,2012-03-22,2012-04-11,32.79020704048148,30.13927008175087,-0.08084538641240868,12,open_exit
OMC,2012-03-23,2012-04-11,31.829147224776538,30.455019366601604,-0.043171997303945386,11,open_exit
LEN,2012-03-28,2012-04-11,23.179015758359853,20.883037960855695,-0.09905415404345108,8,open_exit
AWI,2012-03-28,2012-04-11,45.28075523642699,41.79910440096991,-0.07689029958264038,8,open_exit
LULU,2012-04-04,2012-04-11,75.83790305328368,72.58369274520875,-0.04291007764004928,3,open_exit
KMI,2012-03-26,2012-04-17,19.35572228035005,18.407135517120363,-0.04900807882497338,15,close_exit
LVS,2012-04-10,2012-04-24,38.260639572481374,35.49580460299351,-0.07226316654352138,9,open_exit
PM,2012-04-05,2012-04-27,45.63665960313592,45.95436346626282,0.006961593286838097,15,close_exit
MRK,2012-04-05,2012-04-27,23.520730964591028,23.31535904121399,-0.008731528101155184,15,close_exit
SBAC,2012-04-12,2012-05-03,46.99560242544663,49.49155730247498,0.05311039221143954,15,close_exit
SBUX,2012-04-12,2012-05-03,22.652195456320573,21.567368346214295,-0.04789059463124057,15,close_exit
SHW,2012-04-12,2012-05-03,33.380481923731324,35.37564820671082,0.05977044572148804,15,close_exit
VRSK,2012-04-12,2012-05-03,45.40161377655575,46.41101368904114,0.022232687971250442,15,close_exit
SRE,2012-04-12,2012-05-03,20.219916372838696,20.77011206817627,0.02721058214052019,15,close_exit
URI,2012-04-30,2012-05-04,45.24027408162952,41.725192817472134,-0.07769805412352127,3,open_exit
TSCO,2012-04-13,2012-05-04,8.04283531604639,7.9198738365173345,-0.015288324912451245,15,close_exit
WBD,2012-05-04,2012-05-09,28.128519129753112,25.7408272190094,-0.08488509116777909,2,open_exit
BBWI,2012-05-04,2012-05-09,23.45035360717949,22.00350205161842,-0.06169849631257196,2,open_exit
TJX,2012-04-18,2012-05-09,17.07142092312229,17.139136944770815,0.003966630660299009,15,close_exit
M,2012-05-04,2012-05-10,24.12935672948416,22.350959992129432,-0.07370261699441283,3,open_exit
ALGN,2012-04-25,2012-05-16,31.925954847335813,30.874554389953616,-0.032932467091737916,15,close_exit
PHM,2012-04-30,2012-05-17,8.509747610058696,8.085098762961362,-0.049901462012268194,12,open_exit
AAL,2012-05-04,2012-05-18,10.120672522934248,9.639424258244777,-0.04755101635774939,9,open_exit
MHK,2012-05-07,2012-05-18,73.02649286270142,68.30582633972169,-0.06464320464978579,8,open_exit
SHW,2012-05-09,2012-05-18,35.489485549640065,33.77468480779469,-0.04831855732162804,6,open_exit
DHI,2012-05-10,2012-05-18,15.033589079220869,13.986951089839675,-0.06961996791756375,5,open_exit
NVR,2012-05-09,2012-05-21,809.3144281311035,764.7274303588867,-0.055092305564326205,7,open_exit
TOL,2012-05-10,2012-05-21,24.59493361593368,23.119202237116177,-0.06000143777015354,6,open_exit
EFX,2012-05-04,2012-05-25,39.771023321249416,39.3733088684082,-0.010000106098067563,15,close_exit
ALL,2012-05-04,2012-05-25,25.369961108404805,24.704369846343994,-0.02623540726833462,15,close_exit
OKE,2012-06-20,2012-06-26,17.314622088463445,16.371801988424963,-0.05445224823397521,3,open_exit
TDG,2012-07-02,2012-07-12,57.962818839192565,54.37300232152111,-0.06193309072201536,6,open_exit
LPX,2012-06-20,2012-07-12,9.378675429438006,9.65745656824112,0.029725001243573024,15,close_exit
CHTR,2012-06-20,2012-07-12,68.98447194671631,72.74360877990723,0.054492507184725314,15,close_exit
DLR,2012-06-20,2012-07-12,43.65758945331656,44.93437734603882,0.02924549680159383,15,close_exit
BRK-B,2012-06-20,2012-07-12,83.02149335861206,83.49823091506958,0.005742338967551941,15,close_exit
FIS,2012-06-21,2012-07-13,26.226794481878773,26.540849676132204,0.011974593176852899,15,close_exit
PHM,2012-07-02,2012-07-24,9.07933700988018,8.900405206680299,-0.019707584706368686,15,close_exit
DINO,2012-07-02,2012-07-24,20.19980725487245,19.484744331359863,-0.03539949240555773,15,close_exit
DHI,2012-07-02,2012-07-24,15.876918901019195,16.050171735763552,0.010912245368541518,15,close_exit
TOL,2012-07-02,2012-07-24,26.70615752198176,27.43658650493622,0.02735058318866157,15,close_exit
EXP,2012-07-16,2012-07-26,35.90426467932807,33.3050181099129,-0.07239381150484026,7,open_exit
PHM,2012-07-27,2012-08-01,10.124988460688671,9.681736123913485,-0.0437780584635884,2,open_exit
RF,2012-07-27,2012-08-03,4.635807711155249,4.442810431813272,-0.041631856057697036,4,open_exit
STZ,2012-07-16,2012-08-06,24.415096032918967,25.060987712860108,0.026454603294219448,15,close_exit
O,2012-07-16,2012-08-06,21.155186296955335,20.535339529037476,-0.029299990991195735,15,close_exit
AVB,2012-07-16,2012-08-06,93.10724645752539,90.06292483139039,-0.03269693543696184,15,close_exit
AMT,2012-07-16,2012-08-06,52.41057149710067,52.61215427398682,0.003846223598177989,15,close_exit
CHD,2012-07-18,2012-08-07,24.090208697172145,22.448072967253644,-0.06816610642776477,13,open_exit
GAP,2012-07-27,2012-08-17,19.220493352890013,23.104460286140444,0.2020742580297208,15,close_exit
EQIX,2012-07-27,2012-08-17,133.988850163022,138.66252187347413,0.034881049466173986,15,close_exit
SHW,2012-07-27,2012-08-17,38.94677669343846,41.07093070220947,0.05453991803970992,15,close_exit
CRUS,2012-08-01,2012-08-22,36.878430610656736,39.36031106758118,0.06729897167064514,15,close_exit
GILD,2012-08-03,2012-08-24,19.87196017090775,19.649735189437866,-0.011182841529403853,15,close_exit
SBAC,2012-08-07,2012-08-28,54.66854128975567,54.641256250381474,-0.0004990994588566222,15,close_exit
WLK,2012-08-07,2012-08-28,26.875348404792536,26.968924944877624,0.0034818726319618687,15,close_exit
UTHR,2012-08-07,2012-08-28,56.35816683197021,55.67215076255798,-0.012172434058360326,15,close_exit
LPX,2012-08-08,2012-08-29,10.24399330861519,11.595932341098786,0.13197383010262387,15,close_exit
RMD,2012-08-08,2012-08-29,29.624963851436952,31.181714652061466,0.05254861435211522,15,close_exit
GAP,2012-08-20,2012-09-11,23.095435490654022,22.552356867790223,-0.02351454351590665,15,close_exit
ROST,2012-08-20,2012-09-11,30.722550706988727,28.93313514328003,-0.05824436846975867,15,close_exit
TDG,2012-08-20,2012-09-11,59.496406215447976,61.02478164100647,0.02568853352291489,15,close_exit
TOL,2012-08-23,2012-09-14,29.602343291838544,32.727413965225225,0.10556835459199188,15,close_exit
SHW,2012-08-27,2012-09-18,41.60009142501584,42.47820858383179,0.021108539157870698,15,close_exit
SRPT,2012-09-19,2012-09-20,15.697844580173491,15.002495228767396,-0.0442958488889823,0,open_exit
CAR,2012-08-29,2012-09-20,16.140887926895296,15.887346542358399,-0.01570801963840074,15,close_exit
IT,2012-08-29,2012-09-20,49.55476377868652,48.695641220092774,-0.017336830873225795,15,close_exit
O,2012-08-29,2012-09-20,21.43506299897574,20.628320130348207,-0.03763659890647786,15,close_exit
TJX,2012-08-30,2012-09-21,19.26299650312645,18.548439417839052,-0.03709480428818124,15,close_exit
TDC,2012-08-30,2012-09-21,77.25861122131347,77.00148091506958,-0.0033281766547332836,15,close_exit
PHM,2012-09-21,2012-09-26,14.409621090755145,13.673336170838487,-0.05109675787304635,2,open_exit
EBAY,2012-09-17,2012-09-27,18.794813130381606,17.75276068238145,-0.055443618447883924,7,open_exit
TOL,2012-09-20,2012-09-27,32.651877060812836,30.690403363372333,-0.06007231050721329,4,open_exit
LEN,2012-09-21,2012-09-27,31.056910714061427,29.0073971548039,-0.06599219021258229,3,open_exit
ALGN,2012-09-12,2012-10-03,38.349166831970216,38.10093893241883,-0.006472836832127737,15,close_exit
DHI,2012-09-12,2012-10-03,17.574789586277763,18.94423370075226,0.0779209394087852,15,close_exit
COO,2012-09-12,2012-10-03,23.587345889848404,24.736978732109073,0.048739389655342746,15,close_exit
SRPT,2012-10-04,2012-10-05,41.72085076332092,36.81158683013916,-0.11766931506338696,0,open_exit
EXPE,2012-09-24,2012-10-10,53.613620851504656,50.56117812250104,-0.056934090265197024,11,open_exit
HCA,2012-09-28,2012-10-10,26.271231159076432,24.603664557043444,-0.06347500777316484,7,open_exit
EXP,2012-10-05,2012-10-10,46.742430272548646,44.435183145620115,-0.04936087219845631,2,open_exit
BIIB,2012-09-21,2012-10-11,156.38815255737305,148.5356956100464,-0.050211328792607146,13,open_exit
RGLD,2012-09-24,2012-10-12,81.26219244377613,76.88868790830904,-0.053819671903302946,13,open_exit
RMD,2012-09-26,2012-10-17,33.21788651497582,34.06429630661011,0.025480543178227233,15,close_exit
GOOGL,2012-09-27,2012-10-18,18.860042040633832,17.23090507888794,-0.08638034624927815,15,close_exit
GOOG,2012-09-27,2012-10-18,18.77176419924483,17.150251227378845,-0.08638042512441202,15,close_exit
OVV,2012-10-19,2012-10-24,86.9496624824573,82.46876280557277,-0.05153441139335746,2,open_exit
SHW,2012-10-04,2012-10-25,44.90847525403889,40.875311702728276,-0.08980851673310575,15,close_exit
STZ,2012-10-04,2012-10-25,28.88545869224022,30.00448526287079,0.03874013504695295,15,close_exit
LAMR,2012-10-10,2012-11-02,20.943729313375684,21.774980476379397,0.03968973961446465,15,close_exit
CTAS,2012-10-10,2012-11-02,8.937692452796657,8.800333769321442,-0.015368472813386491,15,close_exit
WMT,2012-10-11,2012-11-05,19.538639713971488,18.515122816795962,-0.052384245380380334,14,open_exit
DVA,2012-10-11,2012-11-05,55.142559179306026,55.78209637260437,0.011597887417933883,15,close_exit
OSK,2012-10-12,2012-11-06,24.687128124096343,24.786053151130677,0.004007150063671361,15,close_exit
PHM,2012-10-18,2012-11-12,14.792174050257495,13.800723864078522,-0.06702531911877518,15,close_exit
LEN,2012-11-07,2012-11-13,32.295929112971706,30.369262876314103,-0.059656628236892995,3,open_exit
EXP,2012-10-19,2012-11-13,47.06033292468419,50.27329743194581,0.06827330593694847,15,close_exit
SLM,2012-10-26,2012-11-15,5.198558639957966,4.940391338846106,-0.049661323261316115,11,open_exit
CMCSA,2012-11-05,2012-11-15,12.663365875922818,11.980607767355623,-0.053916005843702264,7,open_exit
HCA,2012-11-06,2012-11-15,28.028789692185033,26.357253598991107,-0.059636399271995044,6,open_exit
WHR,2012-10-24,2012-11-16,59.472707847502086,60.178105886459356,0.011860869707934318,15,close_exit
RCL,2012-10-26,2012-11-20,27.904094231267425,28.300966949462893,0.014222741469628541,15,close_exit
BMRN,2012-11-06,2012-11-28,48.54426045799255,49.10543606758118,0.01156008154814181,15,close_exit
THC,2012-11-06,2012-11-28,26.133060839653012,28.36580916118622,0.08543768888125602,15,close_exit
PVH,2012-11-29,2012-12-11,114.44270456647784,109.17252572226904,-0.04605080650770044,7,open_exit
BAX,2012-11-26,2012-12-17,28.93852039873238,28.333036325454714,-0.02092311786970935,15,close_exit
EBAY,2012-11-27,2012-12-18,19.02202060083664,19.31556893634796,0.015432027000244597,15,close_exit
CRM,2012-11-27,2012-12-18,38.69523107042258,41.9774062538147,0.08482118061057164,15,close_exit
VMC,2012-11-29,2012-12-20,45.31185009680154,48.237824283599856,0.06457414959988261,15,close_exit
DPZ,2012-11-29,2012-12-20,35.82426144283325,37.04135317611694,0.03397395184896901,15,close_exit
LOW,2012-11-29,2012-12-20,27.958009572369953,27.610116106033328,-0.012443427542153662,15,close_exit
ALK,2012-11-29,2012-12-20,19.244819795196555,20.187313784599304,0.04897390567606097,15,close_exit
ETN,2012-11-29,2012-12-20,37.67358151627184,39.47765730285645,0.04788702623894148,15,close_exit
COST,2012-11-29,2012-12-20,75.61095293598885,77.83459076309205,0.029408938001161067,15,close_exit
AMGN,2012-12-11,2012-12-31,62.16956463882183,58.735345156210535,-0.055239561392501635,12,open_exit
LEN,2012-12-19,2012-12-31,33.433705741641525,31.649036817309785,-0.05337933336264733,6,open_exit
ILMN,2012-12-21,2013-01-08,53.80120585441589,49.36246767425537,-0.08250257795655336,9,open_exit
PHM,2012-12-18,2013-01-10,15.404262252230419,16.48443516254425,0.07012169051831307,15,close_exit
LPX,2012-12-19,2013-01-11,16.082725579147514,18.118646487236024,0.1265905395244844,15,close_exit
MTZ,2012-12-21,2013-01-15,24.462225763320923,26.246870228767396,0.0729551138442357,15,close_exit
VMC,2012-12-21,2013-01-15,48.095682083126505,49.25241530609131,0.02405066677223866,15,close_exit
BAC,2012-12-21,2013-01-15,8.706409660402032,8.96951297712326,0.030219496552965852,15,close_exit
MLM,2012-12-21,2013-01-15,83.90064471685851,87.88458644485475,0.04748404188598232,15,close_exit
EMN,2012-12-21,2013-01-15,43.502182336890314,46.77808622550965,0.07530435745154174,15,close_exit
APTV,2013-01-02,2013-01-24,29.919973079017478,29.759913853645326,-0.005349577853878462,15,close_exit
GM,2013-01-02,2013-01-24,21.843194484534678,21.353922647476196,-0.022399280352738415,15,close_exit
F,2013-01-16,2013-01-30,7.251790464305722,6.705191817682966,-0.07537430229309394,8,open_exit
PVH,2013-01-08,2013-01-30,114.5702301530167,115.93579277801514,0.011919000452164985,15,close_exit
C,2013-01-11,2013-02-04,31.381555885329856,30.910949376106263,-0.014996277142638181,15,close_exit
THC,2013-01-14,2013-02-05,34.17707984733581,38.820580152511596,0.13586591733166342,15,close_exit
MTZ,2013-01-16,2013-02-07,26.25311977100372,28.785599237442018,0.09646394365805588,15,close_exit
GEN,2013-01-16,2013-02-07,7.376888944023351,7.9025075316429145,0.0712520673156416,15,close_exit
JPM,2013-01-16,2013-02-07,32.089662739088396,33.67758027648926,0.04948377146596261,15,close_exit
RHI,2013-01-16,2013-02-07,23.53759818866321,25.027692524909973,0.0633069833337736,15,close_exit
HUN,2013-02-08,2013-02-14,12.150257586561388,11.338436834892256,-0.06681510625478704,3,open_exit
BPOP,2013-01-25,2013-02-15,19.44100583559589,21.478496026039124,0.10480374357548161,15,close_exit
BC,2013-01-25,2013-02-15,28.66837486993455,29.58406607627869,0.03194081319567421,15,close_exit
LYB,2013-01-30,2013-02-21,32.32615644236959,29.660809911727906,-0.08245169930404217,15,close_exit
BMRN,2013-02-19,2013-02-22,56.29813545799255,53.323323474884035,-0.05284032870552535,2,open_exit
MS,2013-01-31,2013-02-22,16.335105145861966,16.914067955970765,0.035442857878111855,15,close_exit
CI,2013-02-08,2013-02-26,55.688260530844715,52.12512454842511,-0.06398361070096714,10,open_exit
BX,2013-02-19,2013-02-26,9.947666064339549,9.500562352299431,-0.04494558916114988,4,open_exit
TSN,2013-02-14,2013-02-27,17.947172899730468,17.246357347227026,-0.03904879929662719,7,open_exit
HRB,2013-02-05,2013-02-27,14.662047225747934,15.331385533809662,0.045651081172778385,15,close_exit
DXC,2013-02-06,2013-02-28,14.81516886474746,15.606178069114685,0.05339184531668928,15,close_exit
FBIN,2013-02-08,2013-03-04,23.716652407381268,24.875461168289185,0.04886055337840434,15,close_exit
DINO,2013-02-08,2013-03-04,32.39537337616007,34.84830504608154,0.07571857997866438,15,close_exit
KR,2013-02-22,2013-03-15,11.220877404390391,12.315824252128602,0.09758121475507697,15,close_exit
PKG,2013-02-22,2013-03-15,27.635522405684572,29.332791782379154,0.06141622191102325,15,close_exit
MTZ,2013-02-25,2013-03-18,30.82540446567535,29.795094466209413,-0.03342405452013475,15,close_exit
MPT,2013-02-27,2013-03-20,5.5432655185425235,5.941653541564942,0.07186883285489198,15,close_exit
TFX,2013-02-27,2013-03-20,70.83447543365455,73.52944765853883,0.03804605325846544,15,close_exit
GIS,2013-02-27,2013-03-20,28.34822085008239,29.311085569381717,0.033965613729036725,15,close_exit
EVR,2013-02-28,2013-03-21,30.610215246889215,33.14177272224426,0.08270302756568548,15,close_exit
CPAY,2013-03-01,2013-03-22,69.60478469467162,75.7820896949768,0.08874828113329492,15,close_exit
DAL,2013-03-05,2013-03-26,13.47621499205735,14.182585259437563,0.05241607289558181,15,close_exit
WHR,2013-03-05,2013-03-26,74.22547179883344,71.85040173721313,-0.03199804600848133,15,close_exit
LYB,2013-03-21,2013-04-02,33.46356061468149,32.10339297506594,-0.0406462317407672,6,open_exit
WPC,2013-03-18,2013-04-09,30.10904586619954,30.339774382591248,0.007663096247454426,15,close_exit
BAC,2013-03-18,2013-04-09,9.56232406965611,9.521672634124757,-0.004251208726584799,15,close_exit
UHS,2013-04-02,2013-04-10,62.146069170084694,58.036020961812255,-0.06613528841259197,5,open_exit
DPZ,2013-03-19,2013-04-10,43.01895817172291,44.285253675460815,0.029435754782417334,15,close_exit
THC,2013-03-22,2013-04-11,45.46271862602234,40.76960591506958,-0.10322991789290992,12,open_exit
MHK,2013-03-21,2013-04-12,113.43668725204468,116.21186164474489,0.024464522544933365,15,close_exit
WBD,2013-03-21,2013-04-12,40.137585771560666,41.38450979614258,0.031066243786526337,15,close_exit
MPT,2013-04-11,2013-04-15,6.577343953733009,5.759131215096526,-0.12439865459249722,1,open_exit
BPOP,2013-04-11,2013-04-16,21.738711841972588,20.822667692986347,-0.04213884224812092,2,open_exit
HRB,2013-03-25,2013-04-16,17.61828475459207,17.160040565490725,-0.026009580131341026,15,close_exit
MU,2013-04-11,2013-04-18,9.668440295205942,9.288409771892653,-0.03930629054013246,4,open_exit
CPAY,2013-03-27,2013-04-18,76.53824999999999,72.38378816986085,-0.05427955081464686,15,close_exit
LUV,2013-03-27,2013-04-18,11.093657802953425,11.185984982013704,0.008322519109585258,15,close_exit
KKR,2013-04-17,2013-04-19,13.659805583781857,12.946001395481224,-0.05225580876115288,1,open_exit
AMGN,2013-04-15,2013-04-25,77.41192465549139,73.29104384115819,-0.05323315280781982,7,open_exit
FSLR,2013-04-10,2013-05-01,37.018499999999996,45.75710877990723,0.23606058538047825,15,close_exit
ECL,2013-04-10,2013-05-01,70.12081383958481,72.87041454696656,0.039212333069493344,15,close_exit
MOH,2013-04-15,2013-05-06,33.316649236679076,34.272855915069584,0.028700565642051368,15,close_exit
ASH,2013-04-15,2013-05-06,34.27709310164059,34.832889936447145,0.01621481825073312,15,close_exit
FSLR,2013-05-07,2013-05-08,46.6433089313507,43.51823091506958,-0.06699949227188384,0,open_exit
GILD,2013-04-17,2013-05-08,35.500357806489596,35.93132802200318,0.012139883712236843,15,close_exit
ZG,2013-05-02,2013-05-09,19.495243085861205,17.749150922775268,-0.08956503673207739,4,open_exit
ABT,2013-04-18,2013-05-09,28.942878231425965,27.93341972064972,-0.034877613162887955,15,close_exit
PENN,2013-04-19,2013-05-10,13.131137902736663,13.095415874481201,-0.002720406146067278,15,close_exit
UGI,2013-04-19,2013-05-10,17.135810393391953,17.195148735046388,0.003462826694051069,15,close_exit
UNP,2013-04-19,2013-05-10,53.610839182810345,57.696574445724494,0.07621099250063956,15,close_exit
APO,2013-05-08,2013-05-13,12.462833468404751,11.698646449815689,-0.06131727752973648,2,open_exit
BYD,2013-04-25,2013-05-16,10.16741854148278,12.29317246723175,0.20907508794645913,15,close_exit
ALK,2013-05-07,2013-05-21,29.906396380899018,26.627291891222974,-0.1096455904587148,9,open_exit
THC,2013-05-09,2013-05-21,48.12404847335815,44.77759923744202,-0.06953798240330411,7,open_exit
TSLA,2013-05-17,2013-05-22,6.169750318050384,5.755120897054673,-0.06720359813956489,2,open_exit
REGN,2013-05-02,2013-05-23,241.0703757725756,252.6557744445801,0.04805815992477691,15,close_exit
VTR,2013-05-21,2013-05-24,53.251850289413866,49.99848267399836,-0.06109398260781662,2,open_exit
MU,2013-05-09,2013-05-31,9.970883060038373,11.383906906604768,0.1417150154161928,15,close_exit
BSX,2013-05-10,2013-06-03,8.494244771003723,9.405294847488404,0.1072549827613487,15,close_exit
FSLR,2013-05-13,2013-06-04,50.025,52.59368893241883,0.051348104596078636,15,close_exit
TTWO,2013-05-13,2013-06-04,16.60830038166046,16.071959923744203,-0.03229351863773522,15,close_exit
IVZ,2013-05-13,2013-06-04,19.635716622770627,19.401196572303775,-0.011943544255211491,15,close_exit
LEA,2013-05-13,2013-06-04,48.54664233052364,47.6484203414917,-0.01850224744517881,15,close_exit
BLK,2013-05-22,2013-06-05,210.36556625304542,198.79955812423643,-0.05498051955373928,8,open_exit
A,2013-05-21,2013-06-12,29.640575898176763,28.088825224876405,-0.05235224439062969,15,close_exit
TSLA,2013-05-24,2013-06-17,6.1764198346137995,6.8099263679981235,0.10256856728456776,15,close_exit
HPQ,2013-05-24,2013-06-17,7.330105587334356,7.539632400274277,0.028584419479845025,15,close_exit
CMI,2013-06-03,2013-06-21,85.72438074043646,80.81145519055944,-0.05731071496162554,13,open_exit
GM,2013-06-05,2013-06-21,25.994966319066116,24.455356022371976,-0.059227247221509405,11,open_exit
LYV,2013-06-13,2013-06-21,15.947969580173492,14.93252958059311,-0.06367205520900765,5,open_exit
DPZ,2013-06-05,2013-06-25,51.567943084567716,49.34521757324028,-0.04310285379586165,13,open_exit
AMAT,2013-06-04,2013-06-25,13.026260942042533,12.86162989473343,-0.01263839623984142,15,close_exit
IONS,2013-06-25,2013-06-26,28.33415969467163,26.766610686302187,-0.0553236455663878,0,open_exit
CHTR,2013-06-05,2013-06-26,114.67731274795531,118.9405,0.037175507080590364,15,close_exit
FLEX,2013-06-05,2013-06-26,5.714988997220993,5.626424462795258,-0.015496886252764575,15,close_exit
DOV,2013-06-05,2013-06-26,42.31378072204869,41.459900091171264,-0.020179729069505936,15,close_exit
MU,2013-06-18,2013-07-10,13.014832582268049,12.231853273391724,-0.06016053636702856,15,close_exit
SCHW,2013-06-18,2013-07-10,17.442579134485513,18.78661487197876,0.07705487400289157,15,close_exit
GME,2013-06-21,2013-07-15,7.378167343313986,7.739244343996049,0.04893857564904214,15,close_exit
TMUS,2013-06-21,2013-07-15,21.98662080571698,24.220372387886048,0.10159594791338944,15,close_exit
TDG,2013-06-21,2013-07-15,73.03336275215906,76.79062600708008,0.051445847669254974,15,close_exit
ILMN,2013-06-26,2013-07-18,72.75036151885986,72.82349435424806,0.0010052573466488024,15,close_exit
WBS,2013-06-26,2013-07-18,17.362791413890825,18.932831552505494,0.09042556010657266,15,close_exit
UNM,2013-06-27,2013-07-19,19.897672292818715,21.227263672828677,0.06682145330586353,15,close_exit
RF,2013-06-27,2013-07-19,6.287714904446898,6.693653433084489,0.06456058119786823,15,close_exit
THO,2013-06-27,2013-07-19,37.253303446912,41.09829509544373,0.10321209913668605,15,close_exit
VRTX,2013-07-22,2013-07-29,89.05450713729859,79.95000286483766,-0.10223518792175423,4,open_exit
TMUS,2013-07-16,2013-07-30,24.19676876606588,23.044718036617695,-0.04761175926365213,9,open_exit
HPQ,2013-07-11,2013-08-01,7.86814434224672,7.860278500318528,-0.0009997073752139318,15,close_exit
AMAT,2013-07-11,2013-08-01,13.886244394565303,13.889211092472078,0.00021364292766845594,15,close_exit
CIEN,2013-07-16,2013-08-06,21.790890686988828,22.438775762557984,0.02973192261278257,15,close_exit
CNC,2013-07-16,2013-08-06,13.724358482837676,14.462765266895294,0.053802644763396135,15,close_exit
NOW,2013-08-02,2013-08-07,9.124559885501862,8.443775954246522,-0.07461005679156607,2,open_exit
MTG,2013-07-19,2013-08-09,5.623444335432208,6.497722261428834,0.1554701840805952,15,close_exit
LNC,2013-07-19,2013-08-09,26.748821056869023,27.968430664062502,0.045594891999185316,15,close_exit
CHTR,2013-07-22,2013-08-12,127.94393725204468,126.49671755981446,-0.011311358109757474,15,close_exit
BX,2013-07-22,2013-08-12,12.366803454773724,11.94915205860138,-0.0337719765418546,15,close_exit
AAL,2013-07-30,2013-08-14,18.23230655691125,15.123435809287479,-0.17051439640506183,10,open_exit
THO,2013-08-07,2013-08-16,42.556692204369114,40.11631211105438,-0.057344214667703786,6,open_exit
MU,2013-08-14,2013-08-19,14.458760038375853,13.645094252737099,-0.05627493529729766,2,open_exit
EA,2013-07-29,2013-08-19,24.70077413042125,25.772153100967408,0.043374307416003344,15,close_exit
STLD,2013-08-13,2013-08-22,12.463314547849874,11.89697742831814,-0.04544032948517995,6,open_exit
ZG,2013-08-02,2013-08-23,26.452258749961853,27.095892755508423,0.02433191099597498,15,close_exit
FLEX,2013-08-07,2013-08-28,6.710211587190628,6.703504729032517,-0.0009995002498749406,15,close_exit
MGM,2013-08-07,2013-08-28,16.01745665669286,16.69059461975098,0.042025271395184305,15,close_exit
INCY,2013-08-12,2013-09-03,27.23360931301117,34.232875,0.25700837544309096,15,close_exit
AIZ,2013-08-12,2013-09-03,42.86704518224244,42.10562656593323,-0.017762330318597086,15,close_exit
SWK,2013-08-13,2013-09-04,63.11853823836681,61.84305973625183,-0.02020766858221812,15,close_exit
COP,2013-08-16,2013-09-09,44.350606144725056,45.2927605342865,0.021243326111192395,15,close_exit
TSLA,2013-09-05,2013-09-10,11.345670152664184,10.757951653957367,-0.05180112684386551,2,open_exit
MSCI,2013-08-20,2013-09-11,33.27878485197179,34.70659127044678,0.04290440365614456,15,close_exit
BBY,2013-08-21,2013-09-12,21.841182277637095,23.796952535629273,0.08954507284134827,15,close_exit
JAZZ,2013-08-22,2013-09-13,83.64179847335815,87.1364103050232,0.041780687353084156,15,close_exit
INCY,2013-09-10,2013-09-17,37.708843626022336,35.59219561004639,-0.05613134247678919,4,open_exit
META,2013-08-26,2013-09-17,40.56423662578579,44.65531925201416,0.10085442169094727,15,close_exit
EOG,2013-08-29,2013-09-20,56.30081495635697,59.83758180618287,0.06281910577258087,15,close_exit
NXPI,2013-08-29,2013-09-20,33.021581720897636,33.53457396507263,0.015535059722785682,15,close_exit
GME,2013-09-16,2013-09-23,9.474030706331106,8.859603628496133,-0.06485381954951619,4,open_exit
BSX,2013-09-10,2013-09-25,12.066030419826507,11.484254771232605,-0.04821599385643416,10,open_exit
DECK,2013-09-04,2013-09-25,10.004999999999999,10.654669847488403,0.06493451749009527,15,close_exit
COO,2013-09-04,2013-09-25,32.870527996343775,32.20962565612793,-0.020106228299385798,15,close_exit
ILMN,2013-09-12,2013-10-03,81.37335372161864,76.65425776290894,-0.05799313587165045,15,close_exit
LKQ,2013-09-13,2013-10-04,27.67566777203855,28.64045395088196,0.034860448058209315,15,close_exit
AXON,2013-09-26,2013-10-07,15.037514732837677,14.14292461872101,-0.05949055611983112,6,open_exit
JAZZ,2013-09-17,2013-10-08,91.0054790840149,83.73810877990724,-0.0798564040017693,15,close_exit
GNRC,2013-09-23,2013-10-09,43.621798473358155,40.179900762557985,-0.07890315922903302,11,open_exit
GWRE,2013-09-23,2013-10-09,48.45421530532837,45.44726622009278,-0.06205753341144138,11,open_exit
META,2013-09-18,2013-10-09,44.47188222480831,46.33968020248413,0.04199952608783186,15,close_exit
ORI,2013-09-23,2013-10-14,6.432954145768411,6.405272591114045,-0.00430308595819473,15,close_exit
ULTA,2013-10-04,2013-10-16,124.22208366394042,118.44075000000001,-0.04654030502000539,7,open_exit
CNC,2013-09-25,2013-10-16,16.193091965675354,16.586701813697815,0.02430726935021421,15,close_exit
TMUS,2013-09-26,2013-10-17,25.02916032329476,26.227588950157166,0.04788129571198696,15,close_exit
CIEN,2013-10-07,2013-10-25,27.033510457992552,24.9875,-0.07568423128664159,13,open_exit
BSX,2013-10-15,2013-10-25,12.196094580173492,11.544225190639496,-0.053449027083940726,7,open_exit
UI,2013-10-07,2013-10-28,33.38246357109383,34.86411668586731,0.0443841752906593,15,close_exit
MCK,2013-10-09,2013-10-30,122.41982103568445,142.35949448394777,0.16287945268643278,15,close_exit
LUV,2013-10-10,2013-10-31,13.082706515408828,14.924336848258973,0.1407682982631362,15,close_exit
ZBH,2013-10-10,2013-10-31,74.54786494345242,76.36792486572266,0.024414648543601203,15,close_exit
FANG,2013-10-25,2013-11-01,41.86132154005649,39.29030188456185,-0.06141754633891494,4,open_exit
LNG,2013-10-11,2013-11-01,34.43710950414367,37.33788147354126,0.08423389800031122,15,close_exit
AXON,2013-10-31,2013-11-04,18.009,16.86156583881378,-0.06371448504560051,1,open_exit
SCHW,2013-10-16,2013-11-06,20.007507192424498,19.97888190460205,-0.0014307273538447518,15,close_exit
LYV,2013-11-04,2013-11-07,19.60980038166046,17.991,-0.08255057931004739,2,open_exit
HALO,2013-10-17,2013-11-07,11.885940114498137,10.864564885616304,-0.0859313793476032,15,close_exit
WDC,2013-10-18,2013-11-08,43.76037864020664,44.416943626403814,0.015003640429974041,15,close_exit
JAZZ,2013-10-25,2013-11-15,94.64729847335815,108.33580438995362,0.14462648313674364,15,close_exit
BMY,2013-10-29,2013-11-19,34.153745380292,34.099919202804564,-0.001575996333289309,15,close_exit
NXPI,2013-11-01,2013-11-22,37.03247215578906,36.15887532424927,-0.023590021964094543,15,close_exit
CPAY,2013-11-01,2013-11-22,115.13754183197021,120.8695353050232,0.04978387919222871,15,close_exit
ITT,2013-11-01,2013-11-22,34.76487143762699,35.982552854537964,0.03502620221379704,15,close_exit
ILMN,2013-11-04,2013-11-25,93.13019813919067,95.62336801147461,0.026770799612792606,15,close_exit
UI,2013-11-11,2013-11-26,37.66393107638755,35.10430645620749,-0.06795957158557864,10,open_exit
HXL,2013-11-07,2013-11-29,40.041370186221215,40.313356035232545,0.0067926209254678405,15,close_exit
LII,2013-11-07,2013-11-29,68.78537475237006,70.79577642059327,0.029227167482342553,15,close_exit
PRU,2013-11-08,2013-12-02,49.24057653251218,52.679621591567994,0.06984168954206105,15,close_exit
ECL,2013-11-18,2013-12-10,93.8289268581046,91.32698669815063,-0.026664912876362634,15,close_exit
ICE,2013-11-20,2013-12-12,35.20682521652702,37.131163442611694,0.05465810149735795,15,close_exit
NXST,2013-11-25,2013-12-17,36.17191278925312,38.08804407691956,0.052972904663082465,15,close_exit
DAL,2013-11-25,2013-12-17,25.00406447953216,23.20469662666321,-0.07196301442678965,15,close_exit
AMZN,2013-11-25,2013-12-17,18.70034548473358,19.37280844497681,0.03595992174541407,15,close_exit
JAZZ,2013-11-26,2013-12-18,116.99847244262695,113.68312786483766,-0.028336648407226384,15,close_exit
GNRC,2013-11-26,2013-12-18,51.67582652664184,54.84256393241883,0.06128082739314,15,close_exit
DXCM,2013-12-03,2013-12-24,8.474235267162323,8.508243559360505,0.0040131399620169095,15,close_exit
LNC,2013-12-03,2013-12-24,33.255412357546525,33.565415622711186,0.009321889075728507,15,close_exit
BR,2013-12-03,2013-12-24,30.35187424082935,31.768295223236084,0.046666672745413695,15,close_exit
CAH,2013-12-11,2014-01-03,48.08030429801362,48.235567111969,0.003229239419805241,15,close_exit
GNTX,2013-12-13,2014-01-07,12.244145423672087,12.98985020685196,0.06090296687739216,15,close_exit
META,2013-12-18,2014-01-10,54.40962690678488,57.40690535736084,0.05508728180972322,15,close_exit
HII,2013-12-18,2014-01-10,68.04466912934811,74.202954120636,0.09050356288133932,15,close_exit
A,2013-12-18,2014-01-10,36.35524510355007,37.96815471076965,0.044365251908646375,15,close_exit
ILMN,2013-12-19,2014-01-13,102.59017936706542,110.77143746566773,0.07974699088233339,15,close_exit
AMZN,2013-12-19,2014-01-13,19.723355818748473,19.539225286483767,-0.009335659405874441,15,close_exit
AXON,2014-01-13,2014-01-14,18.669329847335813,17.631179389953616,-0.055607269563044626,0,open_exit
ALNY,2014-01-14,2014-01-16,91.84590305328369,84.37778816986085,-0.08131135559841218,1,open_exit
CW,2013-12-27,2014-01-21,58.46687969351102,61.33214588737488,0.04900665485970612,15,close_exit
MA,2013-12-27,2014-01-21,76.07513189326244,75.77443361282349,-0.003952648821704874,15,close_exit
CAR,2013-12-27,2014-01-21,37.367391551118764,38.697514732360844,0.035595826361667804,15,close_exit
ALGN,2014-01-16,2014-01-27,62.05101045799255,58.840563932418824,-0.051738827488508665,5,open_exit
BX,2014-01-06,2014-01-28,16.972455225433833,16.12032387903,-0.0502067223089141,14,open_exit
HALO,2014-01-22,2014-01-28,17.218604084014892,15.962015266895294,-0.07297855337101156,3,open_exit
DAL,2014-01-22,2014-01-28,27.91833903766796,26.34000472522881,-0.05653396179155323,3,open_exit
JAZZ,2014-01-08,2014-01-30,131.88591732788086,156.49172232055665,0.18656885807984658,15,close_exit
VRSN,2014-01-13,2014-02-04,60.66053673531484,55.470331505359916,-0.08556147883428367,14,open_exit
HII,2014-01-22,2014-02-04,77.41353960364678,72.05541880937794,-0.06921425918130264,8,open_exit
PB,2014-01-28,2014-02-04,46.43794520244737,43.079890118902334,-0.07231274055959003,4,open_exit
OSK,2014-01-29,2014-02-04,45.79638662616114,41.99867141917038,-0.08292608842683924,3,open_exit
BSX,2014-01-13,2014-02-04,13.076534694671631,12.843575381278992,-0.017815064834230454,15,close_exit
TDG,2014-01-14,2014-02-05,91.1352697299638,94.47005244064331,0.03659157119478085,15,close_exit
TEL,2014-01-14,2014-02-05,44.02245322260621,43.79511190605164,-0.005164212803066337,15,close_exit
INCY,2014-01-31,2014-02-20,65.40268774795531,61.409278627395636,-0.06105879220054722,12,open_exit
AAL,2014-01-29,2014-02-20,30.40917848105504,33.601347354888915,0.10497386096183425,15,close_exit
NFLX,2014-01-29,2014-02-20,5.761736201763153,6.210464286088944,0.07788070619902299,15,close_exit
TKO,2014-02-21,2014-02-27,20.042187053349323,18.590266782449014,-0.07244320527672521,3,open_exit
MU,2014-02-07,2014-03-03,23.775979112442368,23.859421285629274,0.003509515750846237,15,close_exit
NXPI,2014-02-07,2014-03-03,43.35295409425214,49.23628339195252,0.13570769098939928,15,close_exit
PANW,2014-02-07,2014-03-03,11.19392672395706,11.294350190639497,0.008971245672665606,15,close_exit
VMC,2014-02-07,2014-03-03,59.89327480003765,62.020674741745,0.03551984674088993,15,close_exit
JLL,2014-02-07,2014-03-03,111.9439995970068,117.76643522644044,0.05201203861211079,15,close_exit
NSC,2014-02-07,2014-03-03,71.4242950495447,69.87560532760621,-0.021682954250569986,15,close_exit
AKAM,2014-02-07,2014-03-03,57.018496679306025,61.22936832237244,0.0738509762323265,15,close_exit
HCA,2014-03-04,2014-03-12,48.192631729539315,45.18173674707267,-0.062476251543265304,5,open_exit
FLS,2014-02-20,2014-03-13,63.94166693376893,60.22031728363037,-0.05819913412631461,15,close_exit
AXON,2014-02-21,2014-03-14,19.14956938934326,18.320834923744204,-0.04327692433962749,15,close_exit
AVGO,2014-02-27,2014-03-20,4.5359626697590265,4.857217450380325,0.07082394719936391,15,close_exit
MANH,2014-03-05,2014-03-25,38.78938545799255,35.982,-0.07237509501234163,13,open_exit
UI,2014-03-17,2014-03-25,49.16745665269044,46.22684249372844,-0.05980814057017303,5,open_exit
ZBRA,2014-03-04,2014-03-25,70.13504847335815,70.41477194976807,0.003988355073514693,15,close_exit
JCI,2014-03-04,2014-03-25,31.146082246909774,30.03931891155243,-0.03553459233118006,15,close_exit
TKO,2014-03-05,2014-03-26,21.16779161835716,22.360792770385743,0.056359263806905036,15,close_exit
AAL,2014-03-05,2014-03-26,35.46479703356271,34.58131443214417,-0.024911536941334966,15,close_exit
LUV,2014-03-05,2014-03-26,19.96322565756703,20.39573041343689,0.021665073735512408,15,close_exit
LPLA,2014-03-21,2014-03-28,47.324669323958055,44.70473359986889,-0.05536088812696316,4,open_exit
AA,2014-03-12,2014-04-02,26.805663212501717,28.509410267829896,0.0635592203715214,15,close_exit
AEE,2014-03-14,2014-04-04,27.966822131073148,27.651406714439393,-0.011278200117106119,15,close_exit
MTZ,2014-03-25,2014-04-08,43.52175,41.24936545753479,-0.05221261880474026,9,open_exit
LUV,2014-04-03,2014-04-14,20.982289415629516,20.099879456707395,-0.04205498939809793,6,open_exit
MSFT,2014-03-25,2014-04-15,33.854229641656595,33.063469455718995,-0.02335779588865894,15,close_exit
HPQ,2014-03-26,2014-04-16,9.993745507797295,9.898451580524446,-0.009535356608640688,15,close_exit
ALK,2014-03-26,2014-04-16,42.49927186011759,41.86277472496033,-0.014976659770836287,15,close_exit
TFX,2014-03-27,2014-04-17,97.59583508043812,93.3461029777527,-0.04354419529463338,15,close_exit
GRMN,2014-03-27,2014-04-17,38.688389617520954,39.17984028244019,0.012702794553554275,15,close_exit
KDP,2014-03-27,2014-04-17,6.446401115148511,6.305540015459061,-0.02185112238182596,15,close_exit
FANG,2014-03-28,2014-04-21,52.271208849812616,56.941134941101076,0.08934031169445977,15,close_exit
ZG,2014-04-22,2014-04-28,31.72773567008972,29.096762928962708,-0.08292343230806976,3,open_exit
NRG,2014-04-07,2014-04-29,24.936068104600135,25.163098039627076,0.009104480067772203,15,close_exit
INTC,2014-04-08,2014-04-30,19.79950095257691,20.027329119682314,0.011506763107367757,15,close_exit
ATI,2014-04-15,2014-05-07,38.126486824209444,38.937091386795046,0.02126092987069783,15,close_exit
MTDR,2014-04-21,2014-05-08,24.90312210901587,23.650474720363416,-0.050300817028839484,12,open_exit
AA,2014-04-16,2014-05-08,29.115350012552764,29.529930178642275,0.014239230025081984,15,close_exit
ALSN,2014-04-21,2014-05-09,25.32836670256633,23.980759885632434,-0.05320543692212709,13,open_exit
VLO,2014-04-17,2014-05-09,35.16906468639594,35.374252725601195,0.0058343331287005196,15,close_exit
PSX,2014-04-17,2014-05-09,52.130659117341196,52.87908007049561,0.01435663706974788,15,close_exit
UNP,2014-04-21,2014-05-12,72.51785262609472,73.0668723602295,0.007570821725314314,15,close_exit
OKE,2014-04-28,2014-05-19,29.711164696587534,29.671928007125857,-0.0013206042194026102,15,close_exit
OVV,2014-04-30,2014-05-21,89.27233417981947,89.03044419860841,-0.0027095738386746504,15,close_exit
TXT,2014-05-01,2014-05-22,38.14727015473013,37.38268175506592,-0.020043069833383775,15,close_exit
PPC,2014-05-08,2014-05-30,15.273099366153215,16.281852102279665,0.06604767715726068,15,close_exit
TRGP,2014-05-08,2014-05-30,63.55002041464642,65.82855759811402,0.0358542321245654,15,close_exit
AVGO,2014-05-09,2014-06-02,5.056382031158788,5.3279892938137055,0.05371573211462288,15,close_exit
ATI,2014-05-09,2014-06-02,39.48578131082728,38.37128861427308,-0.02822516509882511,15,close_exit
GD,2014-05-12,2014-06-03,86.88185341687603,90.91204077148439,0.046386986420176024,15,close_exit
MOH,2014-05-12,2014-06-03,41.70084030532837,43.68814408493042,0.04765620464842568,15,close_exit
AAL,2014-05-13,2014-06-04,36.73814214400582,40.34800666999817,0.09825931076869487,15,close_exit
PPC,2014-06-05,2014-06-10,16.99004268969087,15.686641433201375,-0.0767155963228019,2,open_exit
ZG,2014-05-20,2014-06-11,34.101854570388795,38.39363918876648,0.1258519418502333,15,close_exit
LYV,2014-05-22,2014-06-13,23.65181938934326,23.498245228767395,-0.0064931224971664925,15,close_exit
FLEX,2014-05-23,2014-06-16,7.5998788204193115,8.46599880027771,0.11396497237973224,15,close_exit
EXC,2014-06-02,2014-06-23,17.049549646656494,16.874369187355043,-0.010274785136967224,15,close_exit
PSX,2014-06-02,2014-06-23,55.25294533769895,56.068009862899785,0.014751512706142167,15,close_exit
FANG,2014-06-03,2014-06-24,58.19132996644453,67.00441438293457,0.15145012876612407,15,close_exit
BR,2014-06-03,2014-06-24,33.17636744048169,32.685946062088014,-0.014782250626850346,15,close_exit
SWKS,2014-06-04,2014-06-25,35.72044203454716,36.69646726417542,0.027323996401956263,15,close_exit
GD,2014-06-04,2014-06-25,90.97224294099364,90.03638781356813,-0.010287260126503939,15,close_exit
AMKR,2014-06-10,2014-07-01,10.420189138231807,10.214763491630555,-0.0197141955751593,15,close_exit
MU,2014-06-12,2014-07-03,30.31266004986797,32.87493080711365,0.08452807351880165,15,close_exit
HPQ,2014-06-16,2014-07-08,10.742911258073757,10.254645274162293,-0.045450062109050005,15,close_exit
WMB,2014-06-17,2014-07-09,28.67820079223827,29.921694342613222,0.0433602358594094,15,close_exit
RGLD,2014-06-24,2014-07-16,65.53713353322897,64.54027688980104,-0.015210562160496433,15,close_exit
AGNC,2014-06-24,2014-07-16,5.225547784668156,5.183007957220078,-0.008140740301503024,15,close_exit
VRTX,2014-06-25,2014-07-17,92.30613213729858,94.44275286483766,0.023147115777324645,15,close_exit
EQIX,2014-06-25,2014-07-17,154.50411021709232,153.2910834503174,-0.007851097068359625,15,close_exit
ZBRA,2014-07-02,2014-07-18,84.99247194671631,80.80957347488403,-0.04921492899341284,10,open_exit
SLB,2014-06-26,2014-07-18,82.7995333425826,80.87415451049804,-0.023253498593021282,15,close_exit
STZ,2014-06-26,2014-07-18,74.15948084289033,73.37314614868164,-0.010603292866552927,15,close_exit
EA,2014-07-21,2014-07-24,37.00261441621741,35.23907294486689,-0.047659915364726246,2,open_exit
IQV,2014-07-07,2014-07-28,54.49723622131347,54.77259923744202,0.005052788640699246,15,close_exit
PPC,2014-07-09,2014-07-30,19.117001296331004,19.16189634513855,0.0023484357254379695,15,close_exit
HUM,2014-07-18,2014-07-31,119.19145341933788,109.33305581860925,-0.08271060816789377,8,open_exit
AA,2014-07-10,2014-07-31,34.67895592006429,36.445440801620485,0.050938237172652556,15,close_exit
COP,2014-07-17,2014-08-04,58.81291882487604,55.16140916669273,-0.06208686341611802,11,open_exit
HAL,2014-07-17,2014-08-06,57.32746655323674,53.541406126308,-0.06604269566688148,13,open_exit
ELV,2014-07-18,2014-08-08,95.72537233718398,90.48279715792788,-0.05476682985143799,14,open_exit
URI,2014-07-18,2014-08-08,106.62193575345339,103.37320666885377,-0.030469612670621538,15,close_exit
SWKS,2014-07-21,2014-08-11,41.372936701398004,40.96313169288636,-0.00990514672597076,15,close_exit
MSFT,2014-07-24,2014-08-14,37.67343110667049,37.08291639900208,-0.01567456667263456,15,close_exit
APD,2014-07-29,2014-08-19,94.37560171112369,92.81697924423219,-0.016515099651097653,15,close_exit
EW,2014-07-31,2014-08-21,15.362677042007446,16.441775762557985,0.07024158078698584,15,close_exit
AVB,2014-07-31,2014-08-21,100.8486327019935,104.17267245864869,0.03296068243659489,15,close_exit
NWL,2014-08-01,2014-08-22,20.325196739804515,21.092578775405887,0.03775520824841738,15,close_exit
EXPE,2014-08-04,2014-08-25,79.29579727617715,82.19827544403077,0.036603177817162935,15,close_exit
HCA,2014-08-06,2014-08-27,61.6865787670983,64.11547108840942,0.039374728990589025,15,close_exit
AMT,2014-08-08,2014-08-29,72.65239277002138,73.63272088623047,0.013493404399113063,15,close_exit
CAR,2014-08-11,2014-09-02,59.18325532413671,64.10017417526245,0.08307956066621558,15,close_exit
TSLA,2014-08-12,2014-09-03,17.213936376571656,18.736627289772034,0.0884568688933216,15,close_exit
PANW,2014-09-03,2014-09-05,15.325991838455199,14.531063772678376,-0.05186796875241895,1,open_exit
TAP,2014-08-15,2014-09-08,55.43034020286509,53.44982421875,-0.03572981830648625,15,close_exit
AVGO,2014-08-20,2014-09-11,5.656481137007237,6.651501134157181,0.17590794931500375,15,close_exit
INTC,2014-08-22,2014-09-15,26.843961339923506,26.31430704402924,-0.019730854518350993,15,close_exit
HPQ,2014-08-22,2014-09-15,11.291396546268679,11.14389178133011,-0.01306346512002654,15,close_exit
UAA,2014-09-05,2014-09-16,35.857920152664185,33.483250000000005,-0.06622442524703276,6,open_exit
LUV,2014-08-25,2014-09-16,28.155905879440297,30.17247106742859,0.07162139256406608,15,close_exit
LNG,2014-08-26,2014-09-17,74.16857345606827,80.32693527603149,0.08303195724279311,15,close_exit
DLR,2014-09-09,2014-09-19,43.52232325600376,41.14370723396543,-0.05465278147140751,7,open_exit
AAPL,2014-08-28,2014-09-19,22.39402573155034,22.23290607738495,-0.0071947606069949765,15,close_exit
NXPI,2014-09-02,2014-09-23,61.706111074905145,63.40571643257142,0.027543550031910335,15,close_exit
STLD,2014-09-04,2014-09-25,18.58520684424241,18.05305124950409,-0.028633288787053734,15,close_exit
TAP,2014-09-16,2014-10-02,57.06420953130876,53.844262528174845,-0.056426734543081114,11,open_exit
GPK,2014-09-16,2014-10-02,10.283104044946377,9.692842709067694,-0.05740108563510704,11,open_exit
LUV,2014-09-17,2014-10-02,30.23764417910439,28.748173037758193,-0.049258835527123845,10,open_exit
SWKS,2014-09-19,2014-10-02,45.72446092080595,42.18920375229935,-0.0773165412410135,8,open_exit
MAR,2014-09-12,2014-10-03,63.48390535673093,59.872324070630796,-0.05688971505148921,14,open_exit
EW,2014-09-16,2014-10-07,16.905115814208983,17.659498887062075,0.04462454331244636,15,close_exit
ODFL,2014-09-18,2014-10-08,22.905705826683096,21.723179050107273,-0.05162586062719299,13,open_exit
PPC,2014-10-06,2014-10-08,21.18630224889136,20.000308704267887,-0.05597926106645312,1,open_exit
META,2014-09-24,2014-10-13,77.45883825314691,72.55624186991152,-0.06329292426531086,12,open_exit
PANW,2014-10-06,2014-10-13,17.45372219467163,15.767112118721009,-0.09663326006561046,4,open_exit
FDX,2014-10-06,2014-10-13,111.08996547536951,105.42558012249559,-0.05098917196197894,4,open_exit
VRTX,2014-09-22,2014-10-13,103.8418959159851,105.85704866027832,0.019405970263906003,15,close_exit
ZTS,2014-10-06,2014-10-14,34.11816213565468,32.29917476266676,-0.0533143422484359,5,open_exit
NKE,2014-10-06,2014-10-14,38.62008780135505,36.654342980221045,-0.05089954303690192,5,open_exit
CTAS,2014-10-09,2014-10-14,15.416995910093192,14.74656999916048,-0.04348615740981021,2,open_exit
MNST,2014-10-09,2014-10-16,16.129728695869446,15.00082903957367,-0.06998875663574355,4,open_exit
KR,2014-10-09,2014-10-17,21.55347873882781,20.559014401746506,-0.04613938887228508,5,open_exit
MO,2014-09-29,2014-10-20,21.551246363106266,21.902443949699403,0.01629592927833423,15,close_exit
DGX,2014-10-27,2014-11-06,50.38767831569738,47.785280994641305,-0.05164749415027803,7,open_exit
GILD,2014-10-27,2014-11-14,76.06140540398887,70.99834469412453,-0.06656543726706932,13,open_exit
EW,2014-10-27,2014-11-17,19.436379592895506,21.027814725875857,0.08187919593636983,15,close_exit
MCO,2014-10-27,2014-11-17,85.78683020066742,89.19620905303955,0.03974245049498992,15,close_exit
CTAS,2014-10-27,2014-11-17,15.438708628023617,15.95487105178833,0.03343300506544966,15,close_exit
SHW,2014-10-27,2014-11-17,67.94979676823384,71.5903084602356,0.05357649125013553,15,close_exit
ROP,2014-10-27,2014-11-17,141.47222385029363,145.4219730987549,0.027918902671954182,15,close_exit
MMM,2014-10-27,2014-11-17,85.50524954094936,91.53393730926514,0.07050663907399723,15,close_exit
AGNC,2014-10-27,2014-11-17,5.350042069257223,5.391371683597565,0.007725100813287478,15,close_exit
AEP,2014-10-27,2014-11-17,37.409319072589376,38.092771936416625,0.018269588454712826,15,close_exit
EPAM,2014-11-06,2014-11-28,48.274125,51.00448377990723,0.056559467000328434,15,close_exit
TAP,2014-11-18,2014-12-05,57.92093170290845,54.9691150801448,-0.05096286499506397,11,open_exit
GD,2014-11-14,2014-12-08,110.80361391995523,112.51692506408692,0.015462592631404481,15,close_exit
AXON,2014-12-05,2014-12-10,24.512249999999998,23.128429389953613,-0.05645424675606625,2,open_exit
ACHC,2014-11-18,2014-12-10,62.60128469467163,60.639663169860846,-0.03133516403662151,15,close_exit
ZTS,2014-11-18,2014-12-10,40.57645204832951,38.630112232208255,-0.047967225271520086,15,close_exit
CNC,2014-11-18,2014-12-10,24.599793368339537,24.26286211872101,-0.013696507306933947,15,close_exit
STX,2014-11-18,2014-12-10,38.439085831561705,39.05335478973389,0.015980321718988888,15,close_exit
NWL,2014-11-18,2014-12-10,22.416994360074618,22.68988420009613,0.012173346508376648,15,close_exit
INTU,2014-11-18,2014-12-10,82.47655972715151,83.79738241195679,0.01601452205541576,15,close_exit
BG,2014-11-18,2014-12-10,64.67096652621329,65.18353267669679,0.007925753673029279,15,close_exit
ALNY,2014-12-09,2014-12-16,102.57125664138793,91.28433683013917,-0.11003979263616082,4,open_exit
EW,2014-12-10,2014-12-16,22.336163263320923,21.101111799240112,-0.055293805364905135,3,open_exit
IONS,2014-12-11,2014-12-16,62.73135076332092,55.52222423744202,-0.11492063279616294,2,open_exit
DAL,2014-12-12,2014-12-17,43.13300356799755,39.52946956164534,-0.0835447037828323,2,open_exit
UAL,2014-12-01,2014-12-22,61.030499999999996,63.968,0.048131671868983705,15,close_exit
CBOE,2014-12-11,2015-01-05,54.867775120234306,56.40019918441773,0.02792940046913417,15,close_exit
CME,2014-12-11,2015-01-05,55.8564805943278,56.47019819450379,0.010987401885078851,15,close_exit
VTR,2014-12-11,2015-01-05,50.43181690877385,51.29970810317993,0.017209199422182575,15,close_exit
NDAQ,2014-12-12,2015-01-06,12.890945589932574,13.17715541791916,0.022202392058043197,15,close_exit
SHW,2014-12-12,2015-01-06,74.89004646347288,78.04006201171876,0.0420618719976662,15,close_exit
TJX,2014-12-16,2015-01-08,28.14483873758772,29.273129245758057,0.04008871817281001,15,close_exit
AZO,2014-12-16,2015-01-08,604.1819448852539,605.697,0.0025076140185451568,15,close_exit
RH,2014-12-16,2015-01-08,94.59727805328369,94.80257347488404,0.0021702043211508926,15,close_exit
RCL,2014-12-18,2015-01-12,70.10231985862893,72.15549356079102,0.0292882419055831,15,close_exit
AXON,2014-12-23,2015-01-15,26.703345534324644,25.21738454246521,-0.05564699711312837,15,close_exit
IONS,2015-01-06,2015-01-28,68.06401377868652,68.54571183013917,0.007077132609588865,15,close_exit
CBOE,2015-01-06,2015-01-28,56.77612081420547,56.33119149971009,-0.007836557132026911,15,close_exit
REG,2015-01-06,2015-01-28,42.67221547207664,45.16958835601807,0.058524565840169185,15,close_exit
WELL,2015-01-07,2015-01-29,51.15945735955991,54.167986076354985,0.05880689264646555,15,close_exit
CUBE,2015-01-07,2015-01-29,14.712763045414016,15.819046130180359,0.0751920683661913,15,close_exit
NBIX,2015-01-09,2015-02-02,27.22360408401489,32.86356106758118,0.2071715767743607,15,close_exit
DXCM,2015-01-09,2015-02-02,14.63981594467163,15.319836593151093,0.046450081821347355,15,close_exit
LOW,2015-01-09,2015-02-02,56.164673988406044,55.3808116722107,-0.013956500777644654,15,close_exit
BMRN,2015-01-20,2015-02-04,99.9999719467163,91.28433683013917,-0.08715637561599665,10,open_exit
ALK,2015-01-30,2015-02-04,64.37063171203197,60.27630000634098,-0.06360558529248805,2,open_exit
BURL,2015-01-13,2015-02-04,48.83440637397766,51.80408683013916,0.060811232830792816,15,close_exit
DLR,2015-01-29,2015-02-09,49.206685277558186,45.887840714653485,-0.06744702562638039,6,open_exit
SWKS,2015-01-30,2015-02-10,66.22673553056214,63.204743588202184,-0.045630996577890715,6,open_exit
EXR,2015-01-29,2015-02-20,43.92466216189534,41.740863605296035,-0.049716911846706346,14,open_exit
EA,2015-01-29,2015-02-20,52.78042132029459,55.93827968597412,0.05983010909511832,15,close_exit
KR,2015-02-03,2015-02-25,28.01264194209824,29.01555812931061,0.03580227060644203,15,close_exit
DLTR,2015-02-03,2015-02-25,72.26611835861206,79.12042366027832,0.09484811772582802,15,close_exit
AOS,2015-02-03,2015-02-25,24.95699096293625,26.006025821685792,0.04203370752137037,15,close_exit
PENN,2015-02-04,2015-02-26,15.667829847335815,16.29184923744202,0.039828067842612835,15,close_exit
BBWI,2015-02-04,2015-02-26,46.48623988345476,50.54193898391724,0.08724515277274514,15,close_exit
CNC,2015-02-05,2015-02-27,28.69934196567535,30.714634542465213,0.07022086357241797,15,close_exit
MANH,2015-02-09,2015-03-03,49.08453137397766,51.00448377990723,0.03911522331345796,15,close_exit
AYI,2015-02-10,2015-03-04,153.6155736679657,153.9344688720703,0.0020759301709467604,15,close_exit
NBIX,2015-02-20,2015-03-13,37.568774236679076,40.939519084930424,0.08972198099985995,15,close_exit
MOH,2015-02-23,2015-03-16,62.181076526641846,63.12841984748841,0.015235235119171131,15,close_exit
PANW,2015-02-26,2015-03-19,23.818570661544797,24.352817271232606,0.022429834992170772,15,close_exit
UTHR,2015-02-26,2015-03-19,158.46919438934324,175.73209732055665,0.10893538644993761,15,close_exit
INCY,2015-02-26,2015-03-19,85.69282652664184,97.03146183013916,0.13231720510435196,15,close_exit
AVGO,2015-02-27,2015-03-20,9.69057274804926,10.055747275352479,0.03768348236968033,15,close_exit
SWKS,2015-02-27,2015-03-20,70.23280879701653,80.50480192565918,0.14625633382156566,15,close_exit
HALO,2015-03-16,2015-03-23,16.058024236679078,14.242875000000002,-0.11303689731224764,4,open_exit
IONS,2015-03-20,2015-03-23,77.73884694671631,71.26435305023193,-0.08328518045710298,0,open_exit
MNST,2015-03-02,2015-03-23,23.70851505088806,22.978504771232608,-0.03079105874360144,15,close_exit
NBIX,2015-03-20,2015-03-24,44.88243061065673,41.69914122009278,-0.07092506683022926,1,open_exit
OMF,2015-03-04,2015-03-25,22.087562241960626,23.36371856212616,0.05777714653096333,15,close_exit
INCY,2015-03-20,2015-03-26,97.30863213729857,89.54520133972169,-0.07978152222531498,3,open_exit
AAL,2015-03-23,2015-03-26,52.69082755042377,48.24453907551468,-0.08438448742628124,2,open_exit
BMY,2015-03-05,2015-03-26,44.85246982229214,44.135441534042364,-0.015986372458209885,15,close_exit
SUI,2015-03-23,2015-03-27,49.45592252605679,46.71904283237766,-0.0553397763885034,3,open_exit
VLO,2015-03-26,2015-04-06,41.71414022827677,39.04568991741856,-0.06396992233941212,5,open_exit
BURL,2015-03-23,2015-04-08,61.02049667930603,57.721125,-0.05406989223057157,10,open_exit
COLM,2015-03-17,2015-04-08,50.15067925518718,53.09460183334351,0.0587015494481431,15,close_exit
ROST,2015-03-23,2015-04-14,48.35678974057086,46.49437271499634,-0.03851407497408732,15,close_exit
EPAM,2015-03-24,2015-04-15,62.53125,67.5362146949768,0.08003941541192283,15,close_exit
OLED,2015-03-24,2015-04-15,43.95456605954228,45.51230860328675,0.03543983443345344,15,close_exit
EL,2015-03-26,2015-04-17,72.51065008065557,71.67658427047729,-0.011502666287649066,15,close_exit
KDP,2015-03-27,2015-04-20,9.798929563443487,9.578578523635866,-0.02248725622334069,15,close_exit
ACN,2015-03-27,2015-04-20,76.95202165525706,77.15960493850709,0.0026975676374039192,15,close_exit
MKC,2015-03-27,2015-04-20,30.762431095716423,30.76353166675568,3.577646499497433e-05,15,close_exit
LII,2015-04-16,2015-04-21,99.17802554235132,93.18790623601934,-0.06039764628883504,2,open_exit
KMX,2015-04-06,2015-04-27,74.19708366394043,69.965,-0.057038409799349155,14,open_exit
INCY,2015-04-21,2015-04-28,106.81338213729858,101.67913835525513,-0.04806742076047976,4,open_exit
LULU,2015-04-09,2015-04-29,68.284125,64.54771183013916,-0.05471862120018145,13,open_exit
OLED,2015-04-16,2015-04-29,45.66098807689345,42.945860582095555,-0.05946274071480018,8,open_exit
ZBRA,2015-04-08,2015-04-29,92.86640969467163,94.11292366027833,0.013422657015653039,15,close_exit
COTY,2015-04-15,2015-05-06,21.338568575180428,20.85232725715637,-0.022786969815286495,15,close_exit
VTRS,2015-04-27,2015-05-07,60.695486002947504,57.13666169499793,-0.058634085371303324,7,open_exit
AXON,2015-04-20,2015-05-11,29.024505228996276,33.17340362739563,0.14294467263664123,15,close_exit
CRUS,2015-04-21,2015-05-12,34.627305610656734,36.13192652511597,0.04345186227819542,15,close_exit
LAD,2015-04-21,2015-05-12,94.8967303237983,94.55660277175903,-0.003584186208299367,15,close_exit
LEA,2015-04-21,2015-05-12,94.84875781464149,92.78604226684571,-0.021747417629093713,15,close_exit
JLL,2015-04-29,2015-05-13,165.9869160738831,158.14252456653696,-0.04725909543288631,9,open_exit
AKAM,2015-04-28,2015-05-19,77.13854847335816,77.26135305023193,0.001592000099874813,15,close_exit
SEIC,2015-04-29,2015-05-20,40.405939350903644,41.51412940216065,0.02742641475633012,15,close_exit
CRM,2015-04-30,2015-05-21,70.99778667220114,71.63423180007935,0.008964295335243122,15,close_exit
EA,2015-05-07,2015-05-29,59.382827459054816,60.870584791183475,0.02505366274710452,15,close_exit
WU,2015-05-07,2015-05-29,11.445517553746935,11.667970240592958,0.019435790981177314,15,close_exit
ASH,2015-05-12,2015-06-03,51.93410431874465,52.393216251373296,0.0088402782458874,15,close_exit
RARE,2015-05-13,2015-06-04,72.0760209159851,86.98648377990723,0.20687133771302957,15,close_exit
MOH,2015-05-13,2015-06-04,68.00398622131347,66.70662786483766,-0.01907768100907592,15,close_exit
EWBC,2015-05-13,2015-06-04,33.201009488403095,33.86577196121216,0.02002235724312129,15,close_exit
NEM,2015-05-14,2015-06-05,21.4375572748155,20.155900208473206,-0.05978559263596528,15,close_exit
ON,2015-06-04,2015-06-09,13.216605038166046,12.503745228767396,-0.05393668096611037,2,open_exit
MHK,2015-05-20,2015-06-11,189.2945969467163,189.8950104904175,0.003171847233812919,15,close_exit
LAD,2015-05-21,2015-06-12,97.55751277003607,102.26566745376587,0.04826029846443425,15,close_exit
REGN,2015-06-05,2015-06-15,515.4027922574577,485.85208859326957,-0.05733516408546491,5,open_exit
GPN,2015-05-22,2015-06-15,49.56609777316045,49.516550140380865,-0.00099962746727289,15,close_exit
HUM,2015-06-01,2015-06-17,194.39936980586026,182.67939791994274,-0.06028811666221878,11,open_exit
WBS,2015-06-17,2015-06-22,29.51006006966541,28.15061175529007,-0.04606728387424652,2,open_exit
CNC,2015-06-01,2015-06-22,37.798888778686525,40.14491841506958,0.062066100676110514,15,close_exit
TMUS,2015-06-05,2015-06-26,37.61071586489394,37.37239103507996,-0.006336620410791971,15,close_exit
GS,2015-06-05,2015-06-26,168.9862572233165,170.7963797683716,0.010711655342854343,15,close_exit
FTNT,2015-06-08,2015-06-29,8.298146671772002,8.115939885616303,-0.021957527790574805,15,close_exit
ZBRA,2015-06-22,2015-06-30,117.15854847335815,109.49522805023194,-0.06540982730653111,5,open_exit
BMRN,2015-06-23,2015-06-30,141.11051328277588,134.22284828948975,-0.04881043115110584,4,open_exit
NBIX,2015-06-09,2015-06-30,42.25111454200744,47.73611832237244,0.12981915009393719,15,close_exit
AOS,2015-06-12,2015-07-06,30.243283662872155,30.047266672134402,-0.006481339557000254,15,close_exit
COTY,2015-06-15,2015-07-07,22.55373277060757,27.67108833599091,0.22689616913668353,15,close_exit
M,2015-06-15,2015-07-07,43.19422923379423,42.3601607952118,-0.019309719223554955,15,close_exit
CI,2015-06-16,2015-07-08,140.57944630226115,135.85153488159182,-0.03363159796848114,15,close_exit
DXCM,2015-06-29,2015-07-21,19.632310715675352,21.121933444976808,0.07587607749667846,15,close_exit
MSCI,2015-06-29,2015-07-21,55.840391200186914,58.59501644897461,0.04933033579425339,15,close_exit
MTG,2015-07-14,2015-07-27,9.781741905467664,9.222029858596775,-0.05722007923333461,8,open_exit
INCY,2015-07-14,2015-07-28,113.66680561065674,104.49772805023194,-0.08066627289440742,9,open_exit
MPC,2015-07-14,2015-07-28,42.14302223408415,38.93600688765972,-0.076098371127989,9,open_exit
NFLX,2015-07-14,2015-08-04,10.13220647764206,12.108942271232605,0.1950943062552517,15,close_exit
NBIX,2015-07-14,2015-08-04,50.885430610656734,49.535221372604376,-0.026534299147103813,15,close_exit
AMZN,2015-07-14,2015-08-04,23.12755722141266,26.581701813697816,0.14935189908803403,15,close_exit
SBUX,2015-07-14,2015-08-04,44.66081412643692,46.9297818851471,0.05080444239745896,15,close_exit
UAA,2015-07-14,2015-08-04,44.66231938934326,49.65016173744202,0.11167898166275925,15,close_exit
EXEL,2015-08-05,2015-08-06,6.6933450572490685,6.296850190639496,-0.05923717710924792,0,open_exit
BNY,2015-07-22,2015-08-12,33.618748800432236,33.40408123016358,-0.006385352754885942,15,close_exit
TECH,2015-07-22,2015-08-12,24.271062708366987,24.70136346149445,0.017728962192459896,15,close_exit
GPN,2015-07-29,2015-08-19,52.02553032565504,55.61448994064332,0.06898458492442261,15,close_exit
TFX,2015-07-29,2015-08-19,129.31766007711255,125.57487646484375,-0.028942555951267268,15,close_exit
MDLZ,2015-07-29,2015-08-19,33.11468029046405,35.08369525718689,0.05946048548413296,15,close_exit
NFLX,2015-08-05,2015-08-21,12.568281274795531,10.614689885616302,-0.15543822949737496,11,open_exit
REGN,2015-08-05,2015-08-21,579.8033147112129,533.0781979105607,-0.08058787456902516,11,open_exit
FTNT,2015-08-06,2015-08-21,9.752874145030974,8.763615649223327,-0.10143250913492696,10,open_exit
VMC,2015-08-05,2015-08-24,88.51662710490008,79.46800374267745,-0.10222512603761102,12,open_exit
GME,2015-08-17,2015-08-24,8.98542288872913,7.9206136662567195,-0.11850407439454558,4,open_exit
MLM,2015-08-05,2015-08-25,153.39671998868127,145.9176325772312,-0.048756501521036055,13,open_exit
POST,2015-08-17,2015-08-25,43.241504356384276,41.08546887016296,-0.04986032559024489,5,open_exit
PAYC,2015-10-19,2015-10-21,41.109256473978874,37.667744357132406,-0.08371623356955771,1,open_exit
SUI,2015-10-19,2015-11-04,49.629951909303536,46.53035217425831,-0.0624542159684055,11,open_exit
PGR,2015-10-19,2015-11-09,23.89777460867621,23.152896062850953,-0.031169368613713,15,close_exit
GE,2015-10-19,2015-11-09,120.79242028508767,124.65215842819215,0.03195347964710815,15,close_exit
PEP,2015-10-19,2015-11-09,71.87300578022479,71.21065371704103,-0.009215588745642767,15,close_exit
BYD,2015-10-20,2015-11-10,16.91768850504229,19.428435143470765,0.1484095559319556,15,close_exit
EXPE,2015-10-20,2015-11-10,123.2041034200786,121.7316223564148,-0.011951558615245106,15,close_exit
MANH,2015-10-20,2015-11-10,68.63429847335816,75.08244274520874,0.09394929962536969,15,close_exit
HRL,2015-10-20,2015-11-10,24.99020463993054,25.270468110084536,0.011214932978427017,15,close_exit
EXR,2015-10-20,2015-11-10,53.23295561340621,51.65536514663697,-0.02963559788462966,15,close_exit
OZK,2015-10-21,2015-11-11,35.15453724756267,39.17080397033692,0.11424604154198348,15,close_exit
POOL,2015-11-04,2015-11-16,73.64766553136776,69.86064130988039,-0.051420831796418764,7,open_exit
CDNS,2015-11-11,2015-11-23,22.91144961833954,21.50924045753479,-0.06120124148243966,7,open_exit
LDOS,2015-11-11,2015-12-03,34.367117815423995,35.3240802230835,0.027845291327572852,15,close_exit
GE,2015-11-11,2015-12-03,126.66420738846615,125.82537676239015,-0.0066224756256785255,15,close_exit
UHAL,2015-11-18,2015-12-04,41.167869112830886,38.6039599917311,-0.06227937409324602,10,open_exit
TAP,2015-11-12,2015-12-04,69.93986794830796,72.68834620285034,0.03929773296932382,15,close_exit
MCD,2015-11-12,2015-12-04,87.2420149124685,89.92771567535401,0.03078448801967859,15,close_exit
NWL,2015-11-12,2015-12-04,28.512861187519583,28.83106675720215,0.01116007150562126,15,close_exit
FWONA,2015-11-13,2015-12-07,27.883042754173278,26.658979439735415,-0.043899918858556264,15,close_exit
FWONK,2015-11-13,2015-12-07,28.390908788681028,27.138607440948487,-0.04410923782164422,15,close_exit
LUV,2015-12-07,2015-12-09,43.92074459481456,39.76746293916066,-0.0945630975514985,1,open_exit
JKHY,2015-11-17,2015-12-09,68.7849372006901,68.31079821777344,-0.0068930641243922786,15,close_exit
NFLX,2015-12-07,2015-12-10,13.125559935092925,12.443774809360505,-0.05194331739780311,2,open_exit
DD,2015-12-10,2015-12-14,79.17544219713075,73.6995441200263,-0.06916157239097664,1,open_exit
GOOG,2015-11-23,2015-12-15,37.5602807837166,36.826719793319704,-0.01953023180579938,15,close_exit
VRSN,2015-12-04,2015-12-21,90.75919710593993,85.4601444882737,-0.05838584723794815,10,open_exit
HRL,2015-12-04,2015-12-28,28.626520461585056,30.15045411205292,0.053235029123182676,15,close_exit
MKTX,2015-12-04,2015-12-28,99.11217846623276,101.92526919555665,0.028382896762604304,15,close_exit
CASY,2015-12-07,2015-12-29,111.63000607282116,113.90946269989014,0.02041974830299642,15,close_exit
PSA,2015-12-08,2015-12-30,159.3137846772657,165.29482894134523,0.0375425408177692,15,close_exit
DAL,2015-12-08,2015-12-30,45.051314157981786,44.86599114608765,-0.004113598356848325,15,close_exit
TSN,2015-12-09,2015-12-31,40.41723857432208,41.15628381729126,0.018285396752432126,15,close_exit
AMZN,2015-12-30,2016-01-05,34.61179874610901,32.326827005386356,-0.06601713356430294,2,open_exit
OLED,2015-12-31,2016-01-05,52.79610246933197,50.457868854607526,-0.04428799675284123,1,open_exit
MTN,2015-12-11,2016-01-05,91.473781182622,91.01538262939454,-0.005011256201515324,15,close_exit
EXR,2015-12-15,2016-01-07,58.57234440704266,60.71540805435181,0.03658831943649288,15,close_exit
BWXT,2015-12-16,2016-01-08,27.966505841995822,26.86535431957245,-0.03937393997822325,15,close_exit
FSLR,2015-12-22,2016-01-14,65.50273622131347,60.76959923744202,-0.0722586147833526,14,open_exit
LAMR,2016-01-06,2016-01-19,36.613345785583086,33.96759865682311,-0.07226182344148868,7,open_exit
KMB,2015-12-29,2016-01-21,89.27817693281513,86.57670799636841,-0.03025900650367963,15,close_exit
DLR,2015-12-29,2016-01-21,53.22760342149167,50.466605880737305,-0.0518715358813161,15,close_exit
CUBE,2016-01-06,2016-01-22,20.00283159962459,19.082715232488457,-0.04599930577595823,10,open_exit
NOC,2016-01-06,2016-01-28,160.70787936173184,148.93000397543236,-0.07328747932631896,14,open_exit
NI,2016-01-06,2016-01-28,14.038893229633752,14.779877863883973,0.05278084405443928,15,close_exit
AU,2016-03-04,2016-03-07,11.330362497303561,11.029866428798139,-0.0265213110857605,0,open_exit
AU,2016-03-08,2016-03-15,11.13187452413721,10.459783529462158,-0.060375365641946455,4,open_exit
PEG,2016-03-04,2016-03-28,30.436577874988703,32.37430767822266,0.06366450956453562,15,close_exit
HON,2016-03-04,2016-03-28,82.21501902072238,84.98863524246217,0.03373612576846452,15,close_exit
SON,2016-03-07,2016-03-29,32.22815423145047,34.535023349761964,0.07157931235355375,15,close_exit
SMG,2016-03-07,2016-03-29,50.84942818250813,53.438969205856324,0.05092566653953012,15,close_exit
MTSI,2016-03-08,2016-03-30,43.021499999999996,43.67815076255798,0.015263316308310682,15,close_exit
EVRG,2016-03-11,2016-04-04,32.553941422763174,34.7680763206482,0.06801434176989707,15,close_exit
ETR,2016-03-11,2016-04-04,25.7798854585228,26.673183988571168,0.03465098910100273,15,close_exit
PNW,2016-03-11,2016-04-04,47.45763953782498,49.899544887542724,0.05145442068966544,15,close_exit
RS,2016-03-11,2016-04-04,54.854309607091594,56.16559059524536,0.02390479430962067,15,close_exit
CME,2016-03-15,2016-04-06,64.49627119589809,63.74293101119996,-0.011680368038796685,15,close_exit
DG,2016-03-29,2016-04-19,74.68691325968678,72.63737682723999,-0.027441707562883666,15,close_exit
AU,2016-03-30,2016-04-20,11.371714662551879,12.368321603298188,0.08763910899279148,15,close_exit
DXC,2016-03-30,2016-04-20,27.15289174816362,26.855755620956423,-0.01094307486521362,15,close_exit
FICO,2016-03-30,2016-04-20,105.67244652938318,107.86414702606201,0.02074051059345372,15,close_exit
NUE,2016-03-31,2016-04-21,38.48139215260408,39.49616077232361,0.02637037183310076,15,close_exit
OC,2016-04-05,2016-04-26,40.705609099287024,43.80797625923157,0.07621473375763554,15,close_exit
CHD,2016-04-06,2016-04-27,41.067740989198846,40.35764159011841,-0.017290929132605437,15,close_exit
EW,2016-04-07,2016-04-28,35.867923473358154,35.732125,-0.0037860701208147773,15,close_exit
AYI,2016-04-07,2016-04-28,246.5656772407551,238.21251445770264,-0.033878043677977754,15,close_exit
HII,2016-04-07,2016-04-28,115.13597902740626,119.4992414855957,0.03789660273919093,15,close_exit
STLD,2016-04-20,2016-05-11,20.03336031566391,19.75257375907898,-0.014015949005089512,15,close_exit
TPR,2016-04-27,2016-05-12,31.420155918016572,28.894831464453087,-0.08037275372384267,10,open_exit
ISRG,2016-04-21,2016-05-12,71.54242142486572,70.3314853668213,-0.01692612626085288,15,close_exit
SON,2016-04-21,2016-05-12,34.02489371447183,33.67409919929504,-0.010309937133692881,15,close_exit
SYK,2016-04-21,2016-05-12,100.44703460282268,99.74003728485108,-0.007038508610703542,15,close_exit
NEM,2016-04-22,2016-05-13,24.920743784703205,26.631117477416993,0.0686325298911683,15,close_exit
EL,2016-04-29,2016-05-19,84.8227893918885,78.90999021954822,-0.06970767189726157,13,open_exit
BSX,2016-04-28,2016-05-19,22.08103469467163,22.1589150762558,0.0035270259143680427,15,close_exit
INGR,2016-04-29,2016-05-20,87.1179284853167,89.34547215270996,0.02556929103024652,15,close_exit
META,2016-04-29,2016-05-20,115.86096522085472,116.27028883743287,0.0035328862986587772,15,close_exit
ALB,2016-05-12,2016-06-03,65.93445390819363,69.69297269058228,0.05700386610651198,15,close_exit
WEC,2016-05-12,2016-06-03,43.280044166206885,44.49526214408875,0.028078020743581122,15,close_exit
MKTX,2016-05-13,2016-06-06,119.54929083359391,130.14086015319825,0.0885958356235439,15,close_exit
CNP,2016-05-13,2016-06-06,16.09894474316672,16.81157253742218,0.04426549724993234,15,close_exit
EVRG,2016-05-13,2016-06-06,36.21885722468392,39.05340816879273,0.0782617443318172,15,close_exit
IFF,2016-05-16,2016-06-07,98.35935826977259,100.87780429840089,0.025604539038582397,15,close_exit
CHTR,2016-05-19,2016-06-10,225.91290305328369,223.41823377990724,-0.011042615271904421,15,close_exit
CHD,2016-05-20,2016-06-13,43.53435097454596,43.512793876647955,-0.0004951744407676317,15,close_exit
IDXX,2016-05-23,2016-06-14,89.31463164138793,89.52521469497681,0.0023577665799978664,15,close_exit
AMAT,2016-05-23,2016-06-14,20.436775438736277,21.27665836620331,0.04109664609198105,15,close_exit
OLED,2016-06-07,2016-06-27,65.89430989188277,60.199149473965484,-0.08642871330258595,13,open_exit
LBRDK,2016-06-13,2016-06-27,56.47016891098022,53.053984182357794,-0.0604953871132865,9,open_exit
DXC,2016-06-06,2016-06-27,41.208131122105776,38.08373181152344,-0.075819971095614,15,close_exit
FIVE,2016-06-06,2016-06-27,43.96196862602233,44.897538169860844,0.02128133869065918,15,close_exit
EXEL,2016-06-07,2016-06-28,7.30365019083023,7.776110209703446,0.0646882047371864,15,close_exit
TFX,2016-06-07,2016-06-28,157.7968652335092,161.01155599975587,0.020372336050462847,15,close_exit
LNT,2016-06-08,2016-06-29,27.893604266004694,28.851101061820984,0.034326750558486996,15,close_exit
IRM,2016-06-14,2016-07-06,21.900146375820974,23.157723054885867,0.05742320884454588,15,close_exit
WEC,2016-06-15,2016-07-07,45.748837878418804,46.56380361938477,0.017813911320147646,15,close_exit
CMS,2016-06-15,2016-07-07,32.35181886070234,33.358724281311034,0.031123610853044825,15,close_exit
NEM,2016-06-27,2016-07-19,29.511017360687255,32.375706972122195,0.09707186900479758,15,close_exit
RGLD,2016-06-27,2016-07-19,62.569239207093425,71.70608763885498,0.14602780132135162,15,close_exit
DLR,2016-06-29,2016-07-21,76.28588762078483,72.40693180465699,-0.05084761988233044,15,close_exit
EPR,2016-06-29,2016-07-21,42.38016388873752,44.305716918945315,0.04543524265887777,15,close_exit
MPT,2016-06-29,2016-07-21,7.386960837565369,7.538123488664628,0.02046344287227586,15,close_exit
CNP,2016-06-29,2016-07-21,17.309830902827358,17.66417908668518,0.020470921168845413,15,close_exit
AU,2016-06-30,2016-07-22,14.985853799644689,17.391661833763123,0.16053860302410494,15,close_exit
BURL,2016-07-07,2016-07-28,67.34365255737305,76.66164694976807,0.13836485011644717,15,close_exit
NUE,2016-07-08,2016-07-29,41.87148108411419,43.14887070465088,0.030507390411401714,15,close_exit
TECH,2016-07-08,2016-07-29,27.23059300359881,26.427623160362245,-0.029487783946917423,15,close_exit
AMH,2016-07-20,2016-08-10,17.68265511585676,18.87492289924622,0.06742583484084941,15,close_exit
JNJ,2016-07-20,2016-08-10,95.76204670255827,93.78096691894532,-0.020687525505446613,15,close_exit
CLF,2016-07-29,2016-08-11,7.550799749428972,6.69144356808815,-0.11380995521776482,8,open_exit
JCI,2016-07-22,2016-08-12,33.367157956237136,32.97068521308899,-0.011882125042478653,15,close_exit
CAT,2016-07-22,2016-08-12,64.09677855645127,66.61714931106567,0.03932133269996818,15,close_exit
DPZ,2016-07-22,2016-08-12,129.4455114930001,130.07276372528077,0.004845685455185267,15,close_exit
POOL,2016-07-22,2016-08-12,87.16612936789484,88.91182067871094,0.02002717481521077,15,close_exit
AMD,2016-07-25,2016-08-15,5.932964828252792,6.946524809360504,0.1708353260887605,15,close_exit
AXON,2016-08-01,2016-08-22,29.224604084014892,29.025480915069583,-0.006813545476026639,15,close_exit
NWL,2016-08-01,2016-08-22,34.15589969481884,34.94591628074646,0.02312972555214099,15,close_exit
EXEL,2016-08-23,2016-08-25,11.465730038166045,10.904544847488404,-0.04894456687970328,1,open_exit
TREX,2016-08-11,2016-09-01,15.12755988550186,15.502245228767396,0.024768392662231742,15,close_exit
IP,2016-08-11,2016-09-01,28.855708246947888,30.222925716400148,0.04738117871693115,15,close_exit
MTN,2016-08-11,2016-09-01,115.57043649167373,117.42297148513795,0.01602948859328479,15,close_exit
SMG,2016-08-15,2016-09-06,59.68032344414905,60.22411863517762,0.009111800332943343,15,close_exit
ROST,2016-08-15,2016-09-06,57.4751420967677,57.01537758636475,-0.007999362744138483,15,close_exit
PG,2016-08-15,2016-09-06,66.68551681625412,67.47139726638794,0.011784874552284608,15,close_exit
HPQ,2016-08-16,2016-09-07,10.311144564986824,10.464682338714601,0.014890468537231083,15,close_exit
MCHP,2016-08-16,2016-09-07,25.21947248787442,25.298168028831483,0.003120427716912122,15,close_exit
URI,2016-09-08,2016-09-12,80.92885668182373,74.24558733196868,-0.08258203098223293,1,open_exit
OVV,2016-09-08,2016-09-14,41.593954374139294,38.202238454408636,-0.08154348320003524,3,open_exit
DPZ,2016-08-23,2016-09-14,134.09659436085414,134.12389876556398,0.00020361743592345327,15,close_exit
WU,2016-08-25,2016-09-16,11.841866453873491,11.347837913990022,-0.04171880689651519,15,close_exit
OSK,2016-09-07,2016-09-26,47.77093417734467,44.43937543286826,-0.06974028877284133,12,open_exit
BURL,2016-09-02,2016-09-26,82.67131225204467,82.73860877990722,0.0008140251561192802,15,close_exit
CHTR,2016-09-02,2016-09-26,268.8143326721191,273.68309732055667,0.018111997972876326,15,close_exit
WEX,2016-09-02,2016-09-26,103.87190969467163,104.5576956100464,0.006602226890702223,15,close_exit
WYNN,2016-09-15,2016-09-27,95.27148181558013,89.1743209623951,-0.06399775396574059,7,open_exit
EXEL,2016-09-07,2016-09-28,11.865929656505584,13.343325381278992,0.12450737258192124,15,close_exit
AMZN,2016-09-07,2016-09-28,39.496239715576166,41.41528282356263,0.04858799525742308,15,close_exit
ETSY,2016-09-26,2016-09-30,15.277635457992552,14.47275954246521,-0.052683277968009645,3,open_exit
AIZ,2016-09-13,2016-10-04,74.13781589503257,74.85031246948243,0.009610433836608312,15,close_exit
ANET,2016-09-15,2016-10-06,5.160703986167907,5.3392041387557985,0.03458833389132954,15,close_exit
SNX,2016-09-28,2016-10-10,52.384539704496994,49.438481856256715,-0.05623907100948289,7,open_exit
SRPT,2016-09-29,2016-10-10,62.27112167930603,58.4007853050232,-0.06215298953847204,6,open_exit
GEN,2016-09-19,2016-10-10,12.156489784438314,12.163608146667482,0.0005855606639244559,15,close_exit
UI,2016-09-28,2016-10-13,50.23219422992584,46.43900546171793,-0.07551310123634047,10,open_exit
ANET,2016-10-11,2016-10-13,5.408953125,5.031858003139496,-0.06971684042103876,1,open_exit
ETSY,2016-10-05,2016-10-17,15.437715305328368,14.402794847488405,-0.06703844690559602,7,open_exit
CSX,2016-09-27,2016-10-18,8.677464070585879,9.035812627792358,0.04129646107336571,15,close_exit
THO,2016-09-28,2016-10-19,70.4537101032596,67.11632739257813,-0.047369864635802394,15,close_exit
OKE,2016-09-29,2016-10-20,27.894680529205008,27.817619571685793,-0.0027625682050215206,15,close_exit
QCOM,2016-09-30,2016-10-21,52.530642618420245,52.11754010200501,-0.007864029370742487,15,close_exit
PVH,2016-10-10,2016-10-26,112.85194998812386,103.61518118031903,-0.08184855298270766,11,open_exit
NXPI,2016-10-07,2016-10-27,91.51898948062161,88.38051435476441,-0.03429315755853868,13,open_exit
IDXX,2016-10-10,2016-10-27,115.52773622131348,107.15639408493043,-0.0724617516987115,12,open_exit
BBY,2016-10-13,2016-11-03,27.73277578941576,26.764002737998965,-0.03493242287656362,15,close_exit
SMG,2016-10-13,2016-11-03,61.89951297002328,64.44690929031373,0.04115373769619324,15,close_exit
PKG,2016-10-17,2016-11-04,62.9696601288496,59.20013553482846,-0.05986255263737916,13,open_exit
GDDY,2016-10-24,2016-11-04,36.508246679306026,33.103438932418825,-0.0932613328926899,8,open_exit
MRVL,2016-10-27,2016-11-04,12.536546639679354,11.730767975863722,-0.06427437211977227,5,open_exit
DXC,2016-10-19,2016-11-09,44.723780183501994,47.751678318023686,0.0677021960598636,15,close_exit
CFR,2016-10-20,2016-11-10,56.23927781798936,62.573163251876835,0.1126238756903355,15,close_exit
SMG,2016-11-09,2016-11-11,65.76278016783618,61.30705996311241,-0.06775443789560187,1,open_exit
APH,2016-10-21,2016-11-11,15.047867841990213,15.206272645473481,0.010526727450466344,15,close_exit
ADM,2016-11-09,2016-11-14,35.12095437737532,31.371334060193256,-0.10676305310192669,2,open_exit
BKR,2016-10-26,2016-11-16,29.29647164269535,33.103755393981935,0.12995707461706818,15,close_exit
AKAM,2016-10-27,2016-11-17,68.12404133605956,66.56669847488403,-0.022860400390708913,15,close_exit
HPE,2016-11-09,2016-12-01,9.898244019689738,10.298160645484925,0.04040278507982498,15,close_exit
LVS,2016-11-09,2016-12-01,46.37066092011996,49.003829029083256,0.05678521842721418,15,close_exit
MCHP,2016-11-09,2016-12-01,25.919281441219205,25.626388236045837,-0.011300205441173272,15,close_exit
URI,2016-11-10,2016-12-02,85.90731477780606,101.05995652389527,0.17638360348336546,15,close_exit
EXEL,2016-11-11,2016-12-05,15.55777519083023,17.821084923744202,0.1454777244916079,15,close_exit
XPO,2016-11-11,2016-12-05,13.609236329555511,15.469225514888764,0.1366710916242868,15,close_exit
CGNX,2016-11-14,2016-12-06,25.810693701808063,27.438942809104923,0.06308428305368641,15,close_exit
TER,2016-11-14,2016-12-06,22.744376630967054,23.72614712047577,0.043165416464833406,15,close_exit
AMD,2016-11-17,2016-12-09,7.793894961833954,10.334830152511596,0.32601609376574725,15,close_exit
TREX,2016-11-18,2016-12-12,17.26612844467163,17.20389336872101,-0.0036044603832323663,15,close_exit
CLF,2016-12-06,2016-12-14,9.616137499435348,8.660070644507337,-0.09942316808429064,5,open_exit
THO,2016-12-02,2016-12-23,84.67061260954915,84.69232808685304,0.0002564700624527738,15,close_exit
LNC,2016-12-02,2016-12-23,44.89728864429221,46.06557110977173,0.026021225351389843,15,close_exit
ODFL,2016-12-02,2016-12-23,28.588165866158125,27.754561745643617,-0.029159062684091408,15,close_exit
BKR,2016-12-05,2016-12-27,35.677546335184985,35.47412113189697,-0.00570177111892356,15,close_exit
MTZ,2016-12-06,2016-12-28,39.11954847335815,38.58069847488404,-0.013774443200465059,15,close_exit
LOPE,2016-12-07,2016-12-29,59.37967347335815,58.88054484748841,-0.008405715233407052,15,close_exit
BPOP,2016-12-07,2016-12-29,33.162364675651325,33.42823906707764,0.008017353226367652,15,close_exit
STX,2016-12-14,2016-12-30,27.446926312387372,26.034256820607073,-0.05146913267088604,10,open_exit
AAL,2016-12-12,2017-01-03,47.528688128218754,45.665388169001,-0.039203690078529196,13,open_exit
CGNX,2016-12-13,2017-01-05,29.94815517442952,29.34823167514801,-0.020032068612818588,15,close_exit
MPC,2017-01-04,2017-01-10,39.73349564488659,37.107508927419644,-0.06608999975578256,3,open_exit
HALO,2017-01-10,2017-01-11,13.936965305328368,12.823584923744203,-0.07988685895332592,0,open_exit
EXEL,2017-01-11,2017-01-18,18.919454847335814,17.811089694976808,-0.05858335566762296,3,open_exit
FTI,2017-01-04,2017-01-20,24.751537797260944,23.370878303079614,-0.05578075614898226,10,open_exit
TXT,2017-01-04,2017-01-26,48.86739354618594,46.11406994920048,-0.05634275530540045,14,open_exit
AGO,2017-01-04,2017-01-26,33.15582398865978,34.18511599349976,0.031044078566468958,15,close_exit
JPM,2017-01-04,2017-01-26,67.75786440350716,67.52668272018433,-0.0034118797184354843,15,close_exit
TKR,2017-01-04,2017-01-26,34.08247133913165,36.45377937316895,0.06957558947067,15,close_exit
GNTX,2017-01-04,2017-01-26,17.105752171791565,18.26949952030182,0.0680325154265562,15,close_exit
DE,2017-01-04,2017-01-26,90.3993878826474,93.15665307235719,0.030500927653283938,15,close_exit
HAL,2017-01-04,2017-01-26,46.2220083021357,48.210162492752076,0.04301315030754549,15,close_exit
WLK,2017-01-06,2017-01-30,51.54197769397338,53.75435174942017,0.0429237323523477,15,close_exit
EWBC,2017-01-27,2017-02-03,43.25633462400272,41.12866424097181,-0.04918748667739126,4,open_exit
CHTR,2017-01-18,2017-02-08,306.3030688934326,325.567145980835,0.06289221050574789,15,close_exit
FHN,2017-01-27,2017-02-09,14.793561643691424,13.973315345285561,-0.055446167607355656,8,open_exit
CSX,2017-01-20,2017-02-10,13.042084640391826,13.986465831279755,0.07241029459072412,15,close_exit
MU,2017-01-26,2017-02-16,23.21986778659513,22.397448932647706,-0.03541875696735053,15,close_exit
LUV,2017-01-27,2017-02-17,48.12384004175732,50.95601178169251,0.05885174037395391,15,close_exit
ALK,2017-01-27,2017-02-17,90.28760543825092,90.99538835906984,0.007839203591493815,15,close_exit
NOW,2017-01-27,2017-02-17,17.810901045799255,18.538726335525514,0.040864035337387916,15,close_exit
CMCSA,2017-01-27,2017-02-17,27.503604882691626,27.41423593044281,-0.0032493541348486144,15,close_exit
NTAP,2017-01-31,2017-02-22,29.920044720445212,32.140778108596805,0.07422226166106305,15,close_exit
AMD,2017-02-03,2017-02-27,12.37618488550186,15.192399809360506,0.22755113550038453,15,close_exit
COHR,2017-02-09,2017-02-28,38.769375,36.481750000000005,-0.05900598088052722,11,open_exit
AMD,2017-02-28,2017-03-01,15.457724809169768,15.072459923744203,-0.024923776958237776,0,open_exit
PRI,2017-02-09,2017-03-03,68.71719064547463,72.53568209457399,0.055568212455012755,15,close_exit
ON,2017-02-13,2017-03-07,15.147570343494415,15.282354961872102,0.008898101498870048,15,close_exit
ESI,2017-02-21,2017-03-10,12.495272207423834,11.92717176946041,-0.04546523105162115,12,open_exit
EXEL,2017-02-17,2017-03-13,22.491239542007445,21.83907538127899,-0.028996363651295876,15,close_exit
LUV,2017-02-21,2017-03-14,51.256167784663454,48.186114053593954,-0.0598962790969344,14,open_exit
ANET,2017-02-21,2017-03-14,7.438091996669769,7.933531250000001,0.06660837934675357,15,close_exit
TMUS,2017-02-21,2017-03-14,60.668918626894005,58.63930200386048,-0.03345397724187904,15,close_exit
PFG,2017-02-23,2017-03-16,44.114466043391296,45.299623556137085,0.026865507373025066,15,close_exit
XPO,2017-02-28,2017-03-21,17.70965606689453,16.043055163383485,-0.09410690400851429,15,close_exit
STX,2017-03-01,2017-03-22,33.20675228087071,30.70188764587224,-0.07543238838329391,14,open_exit
INCY,2017-03-06,2017-03-27,137.0184719467163,139.8200543899536,0.0204467500143104,15,close_exit
AVGO,2017-03-08,2017-03-29,16.960504605893977,17.18267519283295,0.013099291094308851,15,close_exit
MO,2017-03-22,2017-03-31,39.53387592536091,37.39683957335565,-0.0540558268569451,6,open_exit
LOPE,2017-03-10,2017-03-31,66.29313213729858,71.57419561004639,0.07966230139511721,15,close_exit
DXC,2017-03-30,2017-04-03,59.810730513503415,56.74662190428527,-0.05123008167449761,1,open_exit
ALB,2017-03-14,2017-04-04,92.00009663954707,93.22476475143434,0.013311595928920283,15,close_exit
APO,2017-03-14,2017-04-04,16.49859222673836,17.51001464557648,0.0613035588090336,15,close_exit
AFG,2017-03-15,2017-04-05,47.04615699382823,45.79413859558106,-0.026612554101101416,15,close_exit
BIO,2017-03-15,2017-04-05,202.24106938934324,199.3702662200928,-0.014194956434510075,15,close_exit
NRG,2017-03-17,2017-04-07,14.707168394281712,15.108754824161531,0.027305489344635392,15,close_exit
AEE,2017-03-22,2017-04-12,42.811794605382616,42.50044096183777,-0.007272613690099794,15,close_exit
CGNX,2017-03-28,2017-04-19,37.541445240286095,37.71731126213074,0.0046845831512081215,15,close_exit
DRI,2017-03-31,2017-04-24,63.319470576540006,65.49338286209107,0.034332445703620484,15,close_exit
FMC,2017-04-03,2017-04-25,49.27469166689667,51.1251052017212,0.03755302107892544,15,close_exit
RH,2017-04-03,2017-04-25,46.303138778686524,48.385794847488405,0.044978723337877335,15,close_exit
SWKS,2017-04-05,2017-04-27,80.77479329870921,84.45481415176393,0.04555902531927014,15,close_exit
VRTX,2017-04-05,2017-04-27,112.40617347335815,117.36128816986084,0.044082229146223284,15,close_exit
ANET,2017-04-06,2017-04-28,8.349797736167908,8.7231362118721,0.04471227777016007,15,close_exit
TT,2017-04-06,2017-04-28,55.285789433186345,59.81343159484864,0.08189522494083246,15,close_exit
KLAC,2017-04-10,2017-05-02,8.384752873270056,8.633508006095887,0.029667556883977264,15,close_exit
DXC,2017-04-13,2017-05-05,62.023211266226745,64.17148859786988,0.0346366672699665,15,close_exit
SLM,2017-05-03,2017-05-08,11.095725206956628,10.373972529692681,-0.06504781470357912,2,open_exit
LOPE,2017-04-20,2017-05-11,73.62679133605957,78.74060877990723,0.0694559324269115,15,close_exit
MTZ,2017-04-25,2017-05-16,44.62229847335815,42.87855152511597,-0.03907792758105666,15,close_exit
CSX,2017-04-26,2017-05-17,15.02113014357704,14.538825659751893,-0.032108401912180784,15,close_exit
WDC,2017-04-26,2017-05-17,57.34888161657147,57.77971995544434,0.0075125848443464704,15,close_exit
TTC,2017-04-28,2017-05-19,57.53458231863031,58.22919450759888,0.012072950927526804,15,close_exit
ROL,2017-04-28,2017-05-19,15.553680621934978,16.513612537384034,0.06171734773152582,15,close_exit
ALGN,2017-05-01,2017-05-22,135.45769438934326,138.03095610046387,0.018996792487286474,15,close_exit
IDXX,2017-05-01,2017-05-22,168.38415305328368,162.88851622009278,-0.03263749428636464,15,close_exit
HUN,2017-05-22,2017-05-23,20.494378880266286,19.206123187016342,-0.06285897712618094,0,open_exit
OLED,2017-05-08,2017-05-30,104.39224477753342,106.77095915222169,0.022786313099765865,15,close_exit
ANET,2017-05-08,2017-05-30,9.06703125,9.1966494512558,0.014295550294458392,15,close_exit
IPGP,2017-05-12,2017-06-05,137.62877755737304,140.98946755981447,0.024418512335041775,15,close_exit
LITE,2017-05-17,2017-06-08,54.427201526641845,65.06744847488403,0.19549502178674083,15,close_exit
SBAC,2017-05-18,2017-06-09,121.43499431190288,122.40733261108399,0.008007068347066992,15,close_exit
AMT,2017-05-18,2017-06-09,102.39019826588958,102.50816089248657,0.0011520890533942563,15,close_exit
OLED,2017-06-09,2017-06-13,120.05579292747808,113.54648679832985,-0.05421900909921351,1,open_exit
NVR,2017-05-22,2017-06-13,2327.1730147705075,2430.064389282227,0.044213031802393,15,close_exit
XYZ,2017-05-23,2017-06-14,20.990489542007445,23.458264313697818,0.11756632768148223,15,close_exit
LRCX,2017-05-23,2017-06-14,13.55169418232774,13.525279341697694,-0.0019491910217759312,15,close_exit
APO,2017-05-23,2017-06-14,19.502217845684896,19.850869389533997,0.01787753303792794,15,close_exit
ON,2017-06-06,2017-06-21,16.058024236679078,15.112439885616304,-0.05888547290288104,10,open_exit
TSLA,2017-05-31,2017-06-21,22.523923035621642,25.08078562450409,0.11351764010375831,15,close_exit
NYT,2017-05-31,2017-06-21,16.23351171684265,16.079078402519226,-0.009513241313227061,15,close_exit
PENN,2017-06-14,2017-06-22,21.840914923667906,20.879554389953615,-0.04401649551193998,5,open_exit
VRTX,2017-06-22,2017-06-30,134.7173188934326,132.1338969497681,-0.019176613407130838,5,open_exit
ANET,2017-06-22,2017-06-30,9.879937499999999,9.39717360496521,-0.048863051515739664,5,open_exit
SPGI,2017-06-12,2017-07-03,128.27179345460706,127.19214756393433,-0.008416861272426246,15,close_exit
AGNC,2017-06-12,2017-07-03,6.795947714137725,6.971582464694977,0.025844040882168073,15,close_exit
MDT,2017-06-13,2017-07-05,68.59341164038018,69.91978793716432,0.01933678854957721,15,close_exit
PGR,2017-06-15,2017-07-07,34.262725693398274,34.69895043945313,0.012731758411704819,15,close_exit
Z,2017-06-15,2017-07-07,45.07252423667907,46.47675,0.031154806328290707,15,close_exit
HRB,2017-06-15,2017-07-07,20.26542420331714,22.045242464065552,0.08782536417160647,15,close_exit
REGN,2017-06-21,2017-07-13,492.68895703389086,500.6622938690186,0.01618330738145457,15,close_exit
EXEL,2017-06-22,2017-07-14,24.262124999999997,26.726629771232606,0.10157827359444438,15,close_exit
STZ,2017-06-30,2017-07-24,166.98459981448022,167.99196602630616,0.006032689319524831,15,close_exit
DHI,2017-07-03,2017-07-25,31.525547078237636,33.38908934020996,0.05911213078547162,15,close_exit
EG,2017-07-05,2017-07-26,219.64100963664967,215.46069720458985,-0.01903247685382292,15,close_exit
PYPL,2017-07-06,2017-07-27,53.781336190522204,59.60372814941407,0.1082604556024016,15,close_exit
PHM,2017-07-06,2017-07-27,22.265437491380112,22.05307012176514,-0.009537983239592318,15,close_exit
LITE,2017-07-25,2017-07-28,67.53375,61.41927576255799,-0.09053953375078405,2,open_exit
IT,2017-07-10,2017-07-31,125.69281225204467,128.25584732055665,0.02039126201880559,15,close_exit
GWRE,2017-07-10,2017-07-31,70.58527805328369,72.12392366027832,0.021798392659629906,15,close_exit
MCD,2017-07-10,2017-07-31,126.50528405209565,125.45700787734987,-0.008286422046324127,15,close_exit
NYT,2017-07-28,2017-08-01,18.53554289839204,17.547298759244775,-0.053316169079298814,1,open_exit
RH,2017-07-14,2017-08-02,67.53375,62.61867652511597,-0.07277951357482781,12,open_exit
W,2017-07-27,2017-08-03,79.67981938934325,73.80307633972168,-0.07375447252089973,4,open_exit
DDS,2017-07-28,2017-08-03,57.7807978724496,54.524104055030456,-0.05636290839403524,3,open_exit
FSLR,2017-08-01,2017-08-04,49.87492347335815,47.33632061004639,-0.05089938362848445,2,open_exit
CGNX,2017-08-02,2017-08-07,49.14833525935624,46.708079421394245,-0.049650834053376114,2,open_exit
EXEL,2017-07-17,2017-08-07,26.90344438934326,26.67665553379059,-0.008429733095532632,15,close_exit
AWI,2017-08-01,2017-08-10,45.292188723307994,42.70495327989765,-0.057123215201982824,6,open_exit
ALB,2017-08-03,2017-08-10,106.26383247373153,99.69721751994061,-0.06179538984173372,4,open_exit
PPLI,2017-08-04,2017-08-11,19.73317975902557,18.13259367275238,-0.08111141264707289,4,open_exit
TTWO,2017-07-26,2017-08-16,80.98047244262695,91.97398664474488,0.13575512553235125,15,close_exit
PYPL,2017-07-28,2017-08-18,59.316190045257045,58.90017308998108,-0.007013548155378024,15,close_exit
AMP,2017-08-01,2017-08-22,122.09516578483229,116.4030757236844,-0.04662011001466704,14,open_exit
GGG,2017-08-01,2017-08-22,34.63783199787306,33.918712549209594,-0.02076109869427223,15,close_exit
FMC,2017-08-03,2017-08-24,58.315770623284465,58.445112800598146,0.002217962241281457,15,close_exit
ANET,2017-08-07,2017-08-28,10.63343925333023,10.8764341006279,0.022851952365418038,15,close_exit
LYV,2017-08-08,2017-08-29,37.89894106864929,38.88055152511597,0.02590073571418805,15,close_exit
BBY,2017-08-29,2017-08-30,41.694965226513,39.62681762153823,-0.04960185465413636,0,open_exit
RNG,2017-08-10,2017-08-31,37.81612590554789,42.10295380020142,0.11335978480081743,15,close_exit
PPC,2017-08-10,2017-08-31,22.13835546728988,24.93579475593567,0.12636165738593808,15,close_exit
XEL,2017-08-11,2017-09-01,37.00252632067287,37.4895961971283,0.01316315194898765,15,close_exit
ALNY,2017-09-05,2017-09-08,88.32413877868652,72.46375,-0.17957026242200713,2,open_exit
FAF,2017-08-17,2017-09-08,36.41049064393099,36.04663822746277,-0.009993065460898065,15,close_exit
EL,2017-08-21,2017-09-12,94.19043704164942,97.54315348815919,0.03559508323575633,15,close_exit
IQV,2017-08-22,2017-09-13,93.34665305328369,96.52171469497681,0.03401366345594359,15,close_exit
PAYC,2017-08-23,2017-09-14,71.4120934749377,73.03604976654053,0.022740634150051342,15,close_exit
PVH,2017-08-25,2017-09-18,125.96770917752711,126.31548040390015,0.002760796625132844,15,close_exit
CAT,2017-08-30,2017-09-21,96.376407454447,103.46876280975343,0.07359016114663408,15,close_exit
AAPL,2017-08-30,2017-09-21,38.17140541233552,35.709774425506595,-0.06448887485901733,15,close_exit
W,2017-09-13,2017-09-25,82.30113213729858,74.29283683013917,-0.09730480127295948,7,open_exit
PPLI,2017-09-01,2017-09-25,20.27138970851898,20.486919003486634,0.01063219138237348,15,close_exit
OLED,2017-09-01,2017-09-25,120.22731450373,117.13454155349731,-0.025724378549075277,15,close_exit
FMC,2017-09-19,2017-09-26,63.762008601191525,60.00853089882194,-0.05886699281771757,4,open_exit
FSLR,2017-09-25,2017-09-26,51.23560408401489,47.09643893241883,-0.08078689078806911,0,open_exit
ALGN,2017-09-08,2017-09-29,179.8899030532837,186.17686927032472,0.03494896661975977,15,close_exit
CORT,2017-09-11,2017-10-02,17.738864542007445,19.72013454246521,0.11169091436297496,15,close_exit
BA,2017-09-14,2017-10-05,230.45418268360433,245.27842248535157,0.06432619112884486,15,close_exit
XYZ,2017-09-15,2017-10-06,28.244114542007445,30.744620228767396,0.08853191991701315,15,close_exit
CORT,2017-10-06,2017-10-11,20.71035076332092,18.980504771232606,-0.08352567331461902,2,open_exit
MTCH,2017-09-22,2017-10-13,21.71411566633206,23.55567728328705,0.08480942283135895,15,close_exit
P,2017-09-22,2017-10-13,15.027510457992554,16.021985686302187,0.06617697795583366,15,close_exit
ALNY,2017-09-26,2017-10-17,117.45870152664185,118.64064694976807,0.01006264676660118,15,close_exit
AGCO,2017-09-26,2017-10-17,59.93112548870823,58.13323421096802,-0.029999291070863632,15,close_exit
THO,2017-09-26,2017-10-17,97.43862135420446,107.758502243042,0.10591160615176576,15,close_exit
ACN,2017-09-26,2017-10-17,119.49411524847773,119.50398459625245,8.259275156952128e-05,15,close_exit
OLLI,2017-10-02,2017-10-23,46.42320152664184,45.977000000000004,-0.0096116060928233,15,close_exit
BIIB,2017-10-18,2017-10-24,346.733277557373,318.8405,-0.0804444781125967,3,open_exit
PPLI,2017-10-03,2017-10-24,21.542710247039793,22.08564469242096,0.025202699156935182,15,close_exit
SAM,2017-10-18,2017-10-30,179.8899030532837,167.16637500000002,-0.07072952865795334,7,open_exit
TTD,2017-10-09,2017-10-30,6.5032499999999995,6.416790076255799,-0.013294879290231876,15,close_exit
GM,2017-10-16,2017-10-31,39.69912692382285,37.45854473189854,-0.05643907978691021,10,open_exit
PODD,2017-10-11,2017-11-01,59.789878320693965,58.39078816986084,-0.02340011704537759,15,close_exit
NRG,2017-10-16,2017-11-06,21.29841275330619,23.155086510658265,0.08717427814257461,15,close_exit
UNH,2017-10-18,2017-11-08,176.41611851458467,182.2672039871216,0.033166388206490316,15,close_exit
CBRE,2017-10-18,2017-11-08,39.72985408401489,40.9795,0.031453574265401185,15,close_exit
IPGP,2017-10-24,2017-11-14,206.2530688934326,226.15686927032473,0.0965018386571308,15,close_exit
IBKR,2017-10-24,2017-11-14,12.05181027148435,12.797428231716157,0.06186771476115971,15,close_exit
BA,2017-10-25,2017-11-15,251.1096854412351,250.37842552947998,-0.0029121135270835374,15,close_exit
FSLR,2017-10-30,2017-11-20,57.35866683197021,61.02947137260438,0.06399738249474374,15,close_exit
OC,2017-10-31,2017-11-21,70.86601712642411,75.14049628448487,0.06031775639987136,15,close_exit
WLK,2017-10-31,2017-11-21,74.90837302179443,82.30466753387452,0.09873788755134427,15,close_exit
ALLY,2017-11-02,2017-11-24,20.387965412005403,20.514565543174744,0.006209551988684003,15,close_exit
DINO,2017-11-07,2017-11-29,31.74589194711199,33.748246524810796,0.06307444695630826,15,close_exit
PYPL,2017-11-22,2017-11-30,77.26976041739739,73.10003430970394,-0.0539632332903498,4,open_exit
TTWO,2017-11-09,2017-12-01,117.15854847335815,110.70462213516235,-0.05508711419093271,15,close_exit
NVR,2017-11-09,2017-12-01,3279.018572753906,3478.26,0.060762518669956744,15,close_exit
XYZ,2017-11-16,2017-12-04,40.97047576332092,38.39079484748841,-0.06296438759302836,10,open_exit
ALGN,2017-11-28,2017-12-05,264.5321938934326,224.90749427032472,-0.14979159640232964,4,open_exit
NTNX,2017-12-04,2017-12-05,36.03801045799255,33.44326908493042,-0.07200012820038082,0,open_exit
LYV,2017-11-15,2017-12-06,45.80288877868652,43.09843893241882,-0.0590453990650075,13,open_exit
FNF,2017-11-15,2017-12-07,26.634591126140204,26.58122521495819,-0.0020036317031966178,15,close_exit
CZR,2017-11-21,2017-12-13,29.764875,33.93302576255798,0.14003589004012218,15,close_exit
HALO,2017-11-22,2017-12-14,18.889439160346985,20.52973091506958,0.08683644552909353,15,close_exit
PRMB,2017-12-04,2017-12-18,14.717115506931169,13.90272508526263,-0.05533627980870259,9,open_exit
TSN,2017-11-30,2017-12-21,64.86349285882584,64.22888633728027,-0.009783724150143613,15,close_exit
CACC,2017-11-30,2017-12-21,307.10348721313477,329.6051040191651,0.07327046986742225,15,close_exit
MTG,2017-12-04,2017-12-26,12.889884530220353,12.30167880153656,-0.045633126294090776,15,close_exit
GAP,2017-12-05,2017-12-27,25.0932476555951,25.527051713943482,0.017287680905331282,15,close_exit
BA,2017-12-05,2017-12-27,266.02747995811455,281.5828625030518,0.05847284102900341,15,close_exit
DINO,2017-12-06,2017-12-28,34.726959665068435,39.206731889724736,0.12899983954433147,15,close_exit
ALLY,2017-12-08,2018-01-02,22.068253299546743,22.765594769477847,0.03159930514053988,15,close_exit
CAT,2017-12-14,2018-01-08,124.27828894772037,138.48373252868655,0.1143035014502165,15,close_exit
LULU,2017-12-15,2018-01-09,75.33765305328369,79.47024713516235,0.054854298141671975,15,close_exit
CAR,2017-12-18,2018-01-10,42.158325091925946,42.61949532699585,0.010939007516648891,15,close_exit
MTDR,2017-12-22,2018-01-17,27.73071379907135,29.733868685722353,0.07223596554943668,15,close_exit
NVR,2017-12-22,2018-01-17,3504.7515,3644.866596435547,0.039978610875991416,15,close_exit
RITM,2017-12-29,2018-01-18,7.761510985153515,7.397998817957183,-0.04683523194023309,11,open_exit
STZ,2017-12-27,2018-01-19,194.7000526004236,188.04432801818848,-0.03418450325688627,15,close_exit
XPO,2017-12-28,2018-01-22,31.713362337112425,33.572537914276126,0.05862436021134254,15,close_exit
UNP,2017-12-28,2018-01-22,112.9586163332161,117.76468134307862,0.04254713067381366,15,close_exit
OLED,2018-01-09,2018-01-25,183.9099435813764,170.27131936830054,-0.07415925396682566,10,open_exit
TXN,2018-01-23,2018-01-25,94.36088926395331,87.07208772093921,-0.0772438835609669,1,open_exit
MTCH,2018-01-03,2018-01-25,30.143766326640943,31.04983787441254,0.030058339026162617,15,close_exit
CHRW,2018-01-25,2018-02-01,79.59640514896725,75.07410306778291,-0.05681540608172819,4,open_exit
IBKR,2018-01-10,2018-02-01,14.836547317488368,15.843986542224885,0.06790253845306804,15,close_exit
ALGN,2018-01-18,2018-02-02,272.386125,251.44422232055666,-0.07688314769866977,10,open_exit
SRPT,2018-01-11,2018-02-02,59.189579847335814,63.088438932418825,0.06587070047023658,15,close_exit
CAT,2018-01-22,2018-02-05,142.86412631046807,129.82520819824512,-0.09126796522653391,9,open_exit
GWW,2018-01-25,2018-02-05,245.32452714814173,229.7952810355791,-0.06330082969317263,6,open_exit
STX,2018-02-01,2018-02-05,39.753702786710036,37.202824826673655,-0.06416705316037019,1,open_exit
BA,2018-01-18,2018-02-06,334.3817037964986,304.80526192471376,-0.08845113693715956,12,open_exit
IBKR,2018-02-02,2018-02-06,15.857458960508684,14.503890248938355,-0.08535848744374797,1,open_exit
ROP,2018-02-05,2018-02-06,271.0489158588837,248.21072488004035,-0.08425855866818366,0,open_exit
MTCH,2018-02-02,2018-02-07,31.999754854589803,31.51108223216547,-0.015271136439791833,2,open_exit
ANET,2018-01-18,2018-02-08,16.47573443698883,16.524233063697817,0.002943639744526605,15,close_exit
NBIX,2018-01-23,2018-02-09,84.79237499999999,79.55020133972168,-0.06182364464114032,12,open_exit
MTCH,2018-02-08,2018-02-09,33.14259857757199,31.054402929785855,-0.06300639471279246,0,open_exit
BG,2018-02-07,2018-02-15,63.91797316065598,59.37277139907935,-0.07110991692668978,5,open_exit
TKO,2018-01-26,2018-02-16,30.994190183243024,32.89278228950501,0.06125638692403901,15,close_exit
ANET,2018-02-13,2018-02-20,17.82140625,15.49225,-0.13069430197182108,3,open_exit
DECK,2018-02-05,2018-02-27,15.592792538166046,15.913706265449525,0.02058090149650793,15,close_exit
LPLA,2018-02-05,2018-02-27,57.97559753385499,60.80933994674683,0.04887819243668989,15,close_exit
MSI,2018-02-05,2018-02-27,92.21524926033497,94.85429778289796,0.028618352644828038,15,close_exit
STLD,2018-02-20,2018-03-01,41.12777522210745,40.14369090177577,-0.023927487324981955,6,open_exit
FTNT,2018-02-07,2018-03-01,9.340668442726134,9.89704942703247,0.05956543557004301,15,close_exit
TPR,2018-02-07,2018-03-01,39.1449788561432,40.17681240272522,0.0263592822561991,15,close_exit
MTCH,2018-02-13,2018-03-07,34.69687210232415,40.014509561538695,0.15325985130683706,15,close_exit
WING,2018-02-13,2018-03-07,38.62982202196725,38.58270781517029,-0.0012196330278242407,15,close_exit
BF-B,2018-02-28,2018-03-08,47.34235575088103,45.02765109402066,-0.04889289136857744,5,open_exit
HUBS,2018-02-15,2018-03-09,103.5017219467163,120.43975,0.16364972229161134,15,close_exit
EL,2018-02-20,2018-03-13,126.5726176627795,131.32248950195313,0.037526851596199506,15,close_exit
NFLX,2018-03-12,2018-03-14,33.37267699241638,31.800091984748843,-0.047121931753478785,1,open_exit
INTC,2018-02-28,2018-03-21,42.43290277442831,43.55628255844116,0.02647426196564262,15,close_exit
DDS,2018-02-28,2018-03-21,63.27391972257857,60.69247793579102,-0.04079788004450735,15,close_exit
ETSY,2018-03-01,2018-03-22,25.58278469467163,27.92603053379059,0.09159463549748015,15,close_exit
CRM,2018-03-02,2018-03-23,116.69052561795334,112.42772103118897,-0.03653085427621494,15,close_exit
TWLO,2018-03-02,2018-03-23,34.707343626022336,39.91003530502319,0.14990175379195736,15,close_exit
ENTG,2018-03-22,2018-03-28,35.77989205255395,33.87295928358707,-0.05329621358739567,3,open_exit
XYZ,2018-03-08,2018-03-29,50.74536122131347,47.82607347488403,-0.05752816959362417,14,open_exit
RNG,2018-03-08,2018-03-29,65.68064321972679,62.08570476683013,-0.05473360607736766,14,open_exit
SRPT,2018-03-08,2018-03-29,74.53725,74.05295133972169,-0.006497404455870215,15,close_exit
JLL,2018-03-14,2018-04-05,171.93046187124742,172.16385974884034,0.0013575132355994057,15,close_exit
HEI,2018-03-14,2018-04-05,70.15550283460149,70.67113631820679,0.007349865124920418,15,close_exit
MPC,2018-03-22,2018-04-13,56.236050563417066,57.903208595275885,0.029645716851662174,15,close_exit
NFLX,2018-04-18,2018-04-24,33.646816068649294,31.906039884567264,-0.05173672838851495,3,open_exit
ADBE,2018-04-18,2018-04-25,231.8158469467163,218.05092366027833,-0.0593786985132293,4,open_exit
PAYC,2018-04-18,2018-04-25,113.8770182488185,107.71260418219879,-0.05413220473643432,4,open_exit
FIVE,2018-04-18,2018-04-25,77.20858316802978,72.74360877990723,-0.057830026208425256,4,open_exit
RNG,2018-04-18,2018-04-26,68.86516561553478,65.46586597219466,-0.0493616709254423,5,open_exit
HUM,2018-04-18,2018-05-09,276.51380309544726,259.00793690428003,-0.06330919467743368,14,open_exit
IBKR,2018-04-18,2018-05-09,17.82735398057047,18.821389422416686,0.055759000630692945,15,close_exit
PLNT,2018-04-18,2018-05-09,40.92045152664184,38.67065362739563,-0.05497979165213873,15,close_exit
CPRT,2018-04-18,2018-05-09,12.848920982837676,13.443274809360505,0.04625710029011065,15,close_exit
INTU,2018-04-18,2018-05-09,170.63122879275176,181.32099153900148,0.06264833712962048,15,close_exit
P,2018-05-10,2018-05-24,23.291640686988828,21.67915553379059,-0.06923020902082722,9,open_exit
AXON,2018-05-10,2018-06-01,54.46721862602234,65.26735305023193,0.198286872299547,15,close_exit
SRPT,2018-05-10,2018-06-01,90.54525,95.80207347488404,0.058057418527024174,15,close_exit
FTNT,2018-05-10,2018-06-01,11.7878905878067,12.393799618721008,0.05140097173459135,15,close_exit
PEN,2018-05-10,2018-06-01,152.37615305328367,165.16737500000002,0.08394503792364061,15,close_exit
GDDY,2018-05-10,2018-06-01,68.63429847335816,73.5731956100464,0.07195960688088587,15,close_exit
AKAM,2018-05-10,2018-06-01,77.36866683197022,75.962,-0.018181350274849906,15,close_exit
VLO,2018-05-10,2018-06-01,83.52714013375115,90.01593600845338,0.0776848801995591,15,close_exit
WEX,2018-05-10,2018-06-01,172.43618110656737,177.56116889953614,0.029721069905865427,15,close_exit
SIRI,2018-05-10,2018-06-01,55.0154676936726,57.39595502471924,0.04326941914410787,15,close_exit
CHRD,2018-06-04,2018-06-05,8.09303897399357,7.582324218773881,-0.06310543627194143,0,open_exit
DINO,2018-06-04,2018-06-07,63.25054234792353,59.17408387777705,-0.06444938365465736,2,open_exit
NFLX,2018-05-24,2018-06-15,34.451215106964106,39.178402860641484,0.13721396296184052,15,close_exit
RL,2018-06-04,2018-06-25,118.05458325264398,110.48857103261359,-0.06408910193548911,14,open_exit
TWLO,2018-06-04,2018-06-25,57.40869106864929,54.44276622009278,-0.05166334214117263,15,close_exit
LULU,2018-06-04,2018-06-25,122.68131274795532,124.79757061004639,0.017250042526353315,15,close_exit
TTD,2018-06-04,2018-06-25,8.504249999999999,8.92953301525116,0.05000829176601829,15,close_exit
DXCM,2018-06-04,2018-06-25,22.943967089653015,23.84807061004639,0.03940484733353267,15,close_exit
GDDY,2018-06-04,2018-06-25,73.64680561065673,70.53471469497681,-0.04225697082005675,15,close_exit
IDXX,2018-06-04,2018-06-25,215.99794438934325,217.3812604904175,0.0064043021566020375,15,close_exit
ADBE,2018-06-07,2018-06-26,253.36662549591063,240.54966316986085,-0.050586624426020355,12,open_exit
OLLI,2018-06-05,2018-06-26,74.08702805328369,73.36330152511597,-0.009768599810039746,15,close_exit
TKO,2018-06-18,2018-07-10,56.71164464722471,67.94789687347412,0.19812954281514172,15,close_exit
ENPH,2018-06-25,2018-07-17,6.723359790086746,6.626685114383698,-0.014378923443244762,15,close_exit
EXR,2018-06-26,2018-07-18,74.05130122891744,69.16875506933624,-0.06593464366666035,14,open_exit
CUBE,2018-06-27,2018-07-18,22.892491761192428,21.585616522761555,-0.057087505024083995,13,open_exit
FE,2018-06-26,2018-07-18,25.859140532668796,25.483134093284608,-0.01454056212383259,15,close_exit
EXC,2018-06-26,2018-07-18,22.649788402833206,22.61096326160431,-0.0017141502842489276,15,close_exit
AES,2018-06-27,2018-07-19,9.699462515541239,9.60133897304535,-0.010116389680218663,15,close_exit
USFD,2018-06-27,2018-07-19,38.28913545799255,39.94001908493042,0.04311624191016472,15,close_exit
KKR,2018-06-27,2018-07-19,22.806817442271388,24.582757099151614,0.07786880661343853,15,close_exit
PFGC,2018-06-27,2018-07-19,37.768875,38.58069847488404,0.02149451035764338,15,close_exit
FIVE,2018-07-19,2018-07-25,106.45320152664183,96.75160305023194,-0.09113486806671478,3,open_exit
TWLO,2018-07-18,2018-07-30,65.0325,60.379794847488405,-0.07154430711585125,7,open_exit
POOL,2018-07-20,2018-07-30,147.52764714581426,139.0141745259293,-0.05770764181896271,5,open_exit
XYZ,2018-07-20,2018-07-31,70.9854719467163,65.84705725479127,-0.07238684974556586,6,open_exit
FTNT,2018-07-20,2018-07-31,13.278636312961577,12.613689885616303,-0.050076409329488536,6,open_exit
MA,2018-07-25,2018-07-31,200.80132924349437,190.1120946979907,-0.053232887380649574,3,open_exit
CMG,2018-07-30,2018-08-01,9.407701377868651,8.695649809360505,-0.07568815589568212,1,open_exit
KDP,2018-07-11,2018-08-01,17.964119989305832,19.876302604675296,0.10644454704754813,15,close_exit
FICO,2018-07-18,2018-08-08,206.19304133605957,212.0039456100464,0.0281818641227376,15,close_exit
RMD,2018-07-18,2018-08-08,101.63392915952642,99.94864264678955,-0.01658192816782289,15,close_exit
GWW,2018-07-19,2018-08-09,307.67445513885883,316.3910417480469,0.028330550241014052,15,close_exit
WAB,2018-07-20,2018-08-10,100.14754562093776,105.48029926300049,0.053248969897349285,15,close_exit
PSX,2018-07-31,2018-08-16,89.63002134000581,84.55216511127526,-0.05665352024706127,11,open_exit
TEAM,2018-07-30,2018-08-20,73.03649999999999,78.210875,0.07084642610201763,15,close_exit
MRK,2018-07-31,2018-08-21,48.48519492315191,51.623551227569585,0.06472813627730911,15,close_exit
TREX,2018-08-01,2018-08-22,38.88943393135071,41.76910591506958,0.07404767034671145,15,close_exit
ILMN,2018-08-01,2018-08-22,315.4689349365234,326.4709297027588,0.0348750496414143,15,close_exit
VNOM,2018-08-02,2018-08-23,21.402647316942645,24.342452201843262,0.1373570680937879,15,close_exit
AES,2018-08-09,2018-08-30,10.389816295300598,10.34222791814804,-0.004580290526799979,15,close_exit
LLY,2018-08-09,2018-08-30,91.61475107407415,95.11285069274903,0.03818271160117592,15,close_exit
TWLO,2018-08-10,2018-08-31,77.10853469467163,80.61967366027832,0.04553502384022501,15,close_exit
TTD,2018-08-13,2018-09-04,12.807400141239166,14.661665172100069,0.1447807525658753,15,close_exit
VKTX,2018-08-31,2018-09-07,12.906449618339538,11.674160305023195,-0.09547856689924317,3,open_exit
AMD,2018-09-05,2018-09-07,29.424704847335814,26.946519084930422,-0.08422126153050513,1,open_exit
BSX,2018-08-16,2018-09-07,35.0175,35.832073474884034,0.023261896905376833,15,close_exit
LULU,2018-08-21,2018-09-12,137.36865305328368,152.93348950958253,0.11330704720720686,15,close_exit
CZR,2018-08-22,2018-09-13,47.273624999999996,48.975500000000004,0.03600051825938899,15,close_exit
KEYS,2018-08-23,2018-09-14,64.38217347335815,65.76710305023194,0.021511072120715014,15,close_exit
DELL,2018-08-23,2018-09-14,24.44310530478491,25.13724541759491,0.02839819671660604,15,close_exit
TJX,2018-08-24,2018-09-17,48.000643785150906,48.61917190551758,0.012885829680434835,15,close_exit
ETSY,2018-09-17,2018-09-21,52.42620152664184,48.8155801525116,-0.06887055077403237,3,open_exit
CIEN,2018-08-31,2018-09-24,30.985484313011167,31.3243301525116,0.010935631538866897,15,close_exit
FIVE,2018-09-04,2018-09-25,117.0585,126.41676335525513,0.07994518429037734,15,close_exit
MOH,2018-09-07,2018-09-28,141.25058267211912,148.62564694976808,0.05221262906057156,15,close_exit
WING,2018-09-07,2018-09-28,58.783201237154884,58.305957406997685,-0.008118711130273515,15,close_exit
OKTA,2018-09-10,2018-10-01,71.68582652664185,71.78408969497681,0.00137074751169175,15,close_exit
TTD,2018-09-26,2018-10-02,15.32866059923172,14.14392452287674,-0.07728894959122257,3,open_exit
AMD,2018-09-17,2018-10-03,31.765874999999998,29.025480915069583,-0.08626849047697926,11,open_exit
FTNT,2018-09-13,2018-10-04,17.85492367172241,17.849070801734925,-0.00032780145662314464,15,close_exit
TEAM,2018-09-14,2018-10-05,93.62679183197021,86.05694847488404,-0.08085125217866684,14,open_exit
NKE,2018-09-21,2018-10-05,77.09903870809518,71.72894780087144,-0.0696518529570187,9,open_exit
VEEV,2018-10-01,2018-10-05,107.54374286270141,99.60017652511597,-0.07386358449256136,3,open_exit
ROKU,2018-10-02,2018-10-05,75.05750664138793,66.56669847488403,-0.11312403710759455,2,open_exit
CHRD,2018-10-01,2018-10-08,8.810922438635876,8.01139441044084,-0.09074282900154784,4,open_exit
COP,2018-09-18,2018-10-09,57.61477661789626,61.13766691207886,0.06114560362780819,15,close_exit
BSX,2018-09-25,2018-10-11,38.309145915985106,36.09194561004639,-0.05787652668637422,11,open_exit
EEFT,2018-10-02,2018-10-11,118.79936786270142,110.74460305023194,-0.06780141138274831,6,open_exit
CF,2018-10-03,2018-10-11,46.15801577241784,41.84549247091475,-0.09342956427689597,5,open_exit
HPQ,2018-10-05,2018-10-11,19.956289655402408,18.266759480743872,-0.08466153798289655,3,open_exit
APA,2018-10-10,2018-10-11,39.56570547531449,37.24098589191169,-0.05875592398708063,0,open_exit
WING,2018-10-09,2018-10-25,60.48446137611007,56.86262860418473,-0.05988038397835316,11,open_exit
LW,2018-10-05,2018-10-26,64.2560188147845,67.31224378967285,0.04756324825691127,15,close_exit
VZ,2018-10-05,2018-10-26,35.340037816171524,35.98766961860657,0.018325724658355913,15,close_exit
CME,2018-10-05,2018-10-26,135.29559718129553,133.4349276275635,-0.013752624567958005,15,close_exit
SCI,2018-10-08,2018-10-29,39.21137603413627,37.54406190109253,-0.04252118394397142,15,close_exit
TWLO,2018-11-08,2018-11-13,94.69732652664185,84.08793225479127,-0.11203478135009193,2,open_exit
PLNT,2018-11-08,2018-11-13,55.59778469467163,51.1544103050232,-0.07991998987100424,2,open_exit
HUM,2018-11-08,2018-11-14,329.41972508253065,311.11635088501123,-0.055562471837209526,3,open_exit
CRL,2018-11-08,2018-11-15,136.42818061065674,127.78607347488403,-0.06334546936776819,4,open_exit
DAR,2018-11-08,2018-11-15,21.650819389343262,20.38979961872101,-0.058243512540820386,4,open_exit
LAMR,2018-11-08,2018-11-21,54.16126606326779,51.23849757385255,-0.053964183296621004,8,open_exit
HCA,2018-11-08,2018-11-30,132.38517204513016,134.90690855407715,0.019048481563232134,15,close_exit
UAL,2018-11-08,2018-11-30,92.13604133605956,96.65164694976808,0.04901019783602556,15,close_exit
MRK,2018-11-08,2018-11-30,56.33023538288653,59.617747777938845,0.05836141767749625,15,close_exit
ELV,2018-11-08,2018-11-30,260.2058996392961,260.8992092590332,0.0026644654125760336,15,close_exit
TWLO,2019-02-01,2019-02-25,111.36565255737304,118.21086164474488,0.06146607082327593,15,close_exit
WDAY,2019-02-01,2019-02-25,180.76033316802977,196.13188072967532,0.08503827854398005,15,close_exit
TEAM,2019-02-01,2019-02-25,98.2591040840149,106.69662500000001,0.08587011854668192,15,close_exit
BALL,2019-02-01,2019-02-25,48.11991821919854,50.37583097839356,0.046881059708346884,15,close_exit
NOW,2019-02-01,2019-02-25,43.73785760307312,47.37630152511597,0.0831875204099437,15,close_exit
LLY,2019-02-01,2019-02-25,109.14957913942989,112.88433312606813,0.03421684275912229,15,close_exit
PG,2019-02-01,2019-02-25,79.60820300165292,82.18648629760743,0.03238715608115128,15,close_exit
YUM,2019-02-01,2019-02-25,82.32783283968841,81.7489076499939,-0.007031949824572892,15,close_exit
TDC,2019-02-01,2019-02-25,44.452215305328366,46.946516220092775,0.05611195972195837,15,close_exit
EXC,2019-02-01,2019-02-25,26.141256822919473,26.727039646148683,0.022408364953425686,15,close_exit
ETSY,2019-02-26,2019-03-19,65.25261122131347,68.46575,0.04924153560366662,15,close_exit
OLED,2019-02-26,2019-03-19,136.28491843788163,148.95804597473145,0.09298994842651065,15,close_exit
IONS,2019-02-26,2019-03-19,61.48072576332092,79.5701956100464,0.2942299333999985,15,close_exit
WTW,2019-02-26,2019-03-19,154.41990596105416,156.2446382827759,0.01181669105654004,15,close_exit
TTC,2019-02-26,2019-03-19,61.14767540807147,60.925588098526006,-0.0036319828687412237,15,close_exit
AGCO,2019-02-26,2019-03-19,55.8685068384502,55.804435508728034,-0.0011468237357307176,15,close_exit
ADI,2019-02-26,2019-03-19,93.94513242159172,96.60782274246216,0.028343036538830413,15,close_exit
SSNC,2019-02-26,2019-03-19,56.346055275186735,57.4719439277649,0.01998167657131389,15,close_exit
SGI,2019-02-26,2019-03-19,14.059243022305447,13.241528656482696,-0.05816204788020374,15,close_exit
AZO,2019-02-27,2019-03-20,900.4499999999999,980.4894904785157,0.08888832303683247,15,close_exit
MTCH,2019-03-21,2019-04-08,55.69663421146337,52.69482173848173,-0.053895760766883405,11,open_exit
CDNS,2019-03-20,2019-04-10,61.34065637397766,64.43776622009278,0.05049032777270712,15,close_exit
AMT,2019-03-20,2019-04-10,155.45736732392726,161.21410665130617,0.03703098429155549,15,close_exit
DHR,2019-03-20,2019-04-10,110.77162289621428,112.64782576751709,0.016937576811171917,15,close_exit
KMI,2019-03-20,2019-04-10,13.107816210924513,12.951104635715485,-0.011955582279099985,15,close_exit
RNG,2019-03-20,2019-04-10,106.97983874985279,102.68746877670289,-0.04012316734919186,15,close_exit
VRSN,2019-03-20,2019-04-10,179.4487456142851,186.05304510498047,0.03680326361762898,15,close_exit
CCI,2019-03-21,2019-04-11,91.77112401514628,94.18902694702149,0.026347099458824852,15,close_exit
SRE,2019-03-21,2019-04-11,49.310193444009606,50.860977993011474,0.03144957341858223,15,close_exit
GIS,2019-03-21,2019-04-11,36.374850187460396,39.22200973892212,0.0782727499024376,15,close_exit
IONS,2019-04-08,2019-04-18,84.94245152664185,72.49373377990723,-0.14655472644123213,7,open_exit
ZBRA,2019-04-11,2019-05-01,225.91290305328369,212.15386450958252,-0.060904173058481614,12,open_exit
NXST,2019-04-11,2019-05-03,93.3955746115542,89.86459112548829,-0.037806753700609264,15,close_exit
AZO,2019-04-11,2019-05-03,1064.2018789672852,1032.8633148803713,-0.02944795034314851,15,close_exit
CDW,2019-04-11,2019-05-03,95.81329178078947,99.48383305358887,0.0383093118353266,15,close_exit
SGI,2019-04-11,2019-05-03,15.038798949787127,15.470513284683229,0.028706702997862266,15,close_exit
EGP,2019-04-11,2019-05-03,92.31317958136937,92.53050908660889,0.0023542630231683237,15,close_exit
TTC,2019-04-12,2019-05-06,64.5270311630604,66.7772331085205,0.03487223733839273,15,close_exit
FAST,2019-04-12,2019-05-06,14.236599472954069,14.141596814632416,-0.0066731285446453015,15,close_exit
MRVL,2019-04-12,2019-05-06,22.188164450241356,23.574886118888855,0.062498259905966025,15,close_exit
DECK,2019-04-18,2019-05-10,25.40269438934326,24.341155853271484,-0.04178842290513496,15,close_exit
ENTG,2019-05-01,2019-05-13,40.01292872398879,36.888398294060636,-0.07808802128635284,7,open_exit
OLED,2019-05-07,2019-05-14,161.7193927995255,150.00180489762624,-0.07245629419611355,4,open_exit
QCOM,2019-05-06,2019-05-20,73.03048812231164,65.8755678665601,-0.0979716888071247,9,open_exit
ENPH,2019-05-06,2019-05-28,13.506749999999998,15.802095419406891,0.16994061631457558,15,close_exit
RNG,2019-05-06,2019-05-28,114.59281717637388,121.4473941192627,0.059816811487745314,15,close_exit
PAYC,2019-05-06,2019-05-28,198.99219147105794,202.84653929901125,0.019369342080510332,15,close_exit
PCTY,2019-05-06,2019-05-28,97.05850713729858,102.08892938995362,0.0518287618574127,15,close_exit
FICO,2019-05-07,2019-05-29,282.3611112213135,295.7320648803711,0.047354090657964365,15,close_exit
NVR,2019-05-07,2019-05-29,3318.6885443115234,3218.1501297607424,-0.030294621868964255,15,close_exit
ZS,2019-05-13,2019-06-04,71.65581274795532,67.96600000000001,-0.05149355797461952,14,open_exit
MTCH,2019-05-14,2019-06-04,66.63806925516188,63.5677412171424,-0.04607468482111898,13,open_exit
WDAY,2019-05-29,2019-06-04,209.95493110656736,193.42324427032472,-0.0787392167886336,3,open_exit
LII,2019-05-13,2019-06-04,249.26173241194013,255.2507440109253,0.024026999816752825,15,close_exit
ROKU,2019-05-20,2019-06-11,83.85190255737304,100.14989694976808,0.19436642336461762,15,close_exit
RGEN,2019-05-29,2019-06-19,68.88442347335815,81.05944847488404,0.1767456906456466,15,close_exit
VEEV,2019-05-31,2019-06-21,152.47619389343262,168.84552767944336,0.10735665265524319,15,close_exit
ERIE,2019-05-31,2019-06-21,179.10801662134773,218.54594580078125,0.22019075373275587,15,close_exit
SBAC,2019-05-31,2019-06-21,193.67550566626818,211.37370668792727,0.09138068833627178,15,close_exit
DG,2019-05-31,2019-06-21,114.00988173323724,125.28908498382569,0.09893180379732147,15,close_exit
ZS,2019-06-20,2019-06-25,80.84040305328368,75.44226335525514,-0.06677526947101575,2,open_exit
ENPH,2019-06-12,2019-06-26,17.22860931301117,16.39179961872101,-0.048570936811376586,9,open_exit
OKTA,2019-06-05,2019-06-26,115.15754847335815,119.66014122009278,0.039099414727262305,15,close_exit
MKTX,2019-06-05,2019-06-26,279.6136037996316,290.627684753418,0.03939036157081599,15,close_exit
APD,2019-06-05,2019-06-26,180.7681905369225,188.17570150756836,0.040977956069836674,15,close_exit
PGR,2019-06-05,2019-06-26,67.15374401456143,64.39104429244995,-0.04113992097763641,15,close_exit
INCY,2019-06-24,2019-07-09,88.7443469467163,82.43876335525513,-0.07105335504071209,9,open_exit
CSL,2019-06-25,2019-07-12,130.273453649727,123.15170636336886,-0.054667678539533915,11,open_exit
CSGP,2019-06-24,2019-07-16,56.021996480941766,58.16290534210206,0.03821550454540845,15,close_exit
XRAY,2019-06-24,2019-07-16,51.774659747414944,49.8935931224823,-0.03633180080969167,15,close_exit
KMX,2019-06-24,2019-07-16,84.85240255737304,86.34680438995362,0.01761177983817408,15,close_exit
BALL,2019-06-26,2019-07-18,62.886860568554035,65.35908877563477,0.039312317147486286,15,close_exit
ACM,2019-06-27,2019-07-19,35.25557476384685,34.81035634803772,-0.012628312509194495,15,close_exit
ALLY,2019-06-27,2019-07-19,24.16116724213413,26.414846501350404,0.09327691980402886,15,close_exit
IEX,2019-06-27,2019-07-19,154.12482350137,150.666724899292,-0.022436999592393758,15,close_exit
HEI-A,2019-06-28,2019-07-22,102.9633834055027,106.19640983963014,0.031399768803194394,15,close_exit
ROKU,2019-07-17,2019-07-24,112.06600713729858,104.6276603050232,-0.06637469311423072,4,open_exit
ENPH,2019-07-19,2019-07-24,20.730359313011167,19.64017461872101,-0.05258879876751177,2,open_exit
CMG,2019-07-09,2019-07-30,14.983688203811644,16.09694704246521,0.07429805155518165,15,close_exit
WWD,2019-07-24,2019-08-01,113.28583397107919,107.34530391630884,-0.052438419231542355,5,open_exit
CHE,2019-07-12,2019-08-02,371.35411250179703,398.57999873352054,0.07331516015348227,15,close_exit
KBR,2019-07-22,2019-08-05,23.99624694984039,22.137418727212427,-0.07746328942661285,9,open_exit
BX,2019-07-23,2019-08-06,37.08375685145037,35.126007732950335,-0.052792631726671035,9,open_exit
KLAC,2019-07-23,2019-08-06,12.635280692056574,12.109332293814836,-0.041625383009685435,9,open_exit
LSCC,2019-08-01,2019-08-06,19.60980038166046,19.10044561004639,-0.025974500591573135,2,open_exit
RGEN,2019-07-17,2019-08-07,87.68381938934326,89.89503244018555,0.025218028437194562,15,close_exit
BFAM,2019-07-17,2019-08-07,155.0274719467163,152.0539398803711,-0.019180678295310227,15,close_exit
GNTX,2019-07-22,2019-08-12,22.464388610869868,23.877797026634216,0.06291773349578,15,close_exit
FICO,2019-08-09,2019-08-14,366.4631387786865,331.4541851196289,-0.09553199204627272,2,open_exit
MANH,2019-07-24,2019-08-14,80.03999999999999,81.75910305023194,0.02147804910334772,15,close_exit
ENPH,2019-07-31,2019-08-21,26.32315446567535,34.81258683013916,0.32250816958635364,15,close_exit
CVNA,2019-08-22,2019-08-26,16.634312450408935,15.982004771232607,-0.03921458618268836,1,open_exit
SBAC,2019-08-05,2019-08-26,224.4859400946609,241.52430377960206,0.07589946915052437,15,close_exit
MTZ,2019-08-05,2019-08-26,57.028499999999994,60.57969561004639,0.062270542098185944,15,close_exit
OLED,2019-08-09,2019-08-28,201.9792373609116,188.94459241583053,-0.0645345784814001,12,open_exit
ROKU,2019-08-09,2019-08-30,121.80086786270141,151.2843206100464,0.24206274770209246,15,close_exit
LSCC,2019-08-09,2019-08-30,19.169579847335815,19.68015553379059,0.026634683207505727,15,close_exit
PODD,2019-08-09,2019-08-30,145.67280610656738,154.09291316986085,0.05780150247901261,15,close_exit
BALL,2019-08-14,2019-09-05,72.26221685341913,72.69429415512086,0.005979297626284685,15,close_exit
WRB,2019-08-14,2019-09-05,27.30878658084898,27.472455326080325,0.00599326318460891,15,close_exit
HEI,2019-08-30,2019-09-10,145.68566635295647,130.9027505159222,-0.1014713129102166,5,open_exit
HEI-A,2019-08-30,2019-09-10,110.38511822134716,100.96973438935773,-0.0852957716012901,5,open_exit
OLED,2019-09-06,2019-09-10,210.53982939070727,195.71841884772635,-0.07039718131183736,1,open_exit
TDG,2019-09-03,2019-09-11,423.840925109275,395.48278057867725,-0.06690751848299326,5,open_exit
LSCC,2019-09-10,2019-09-11,20.78038545799255,19.300344466209413,-0.07122298066968169,0,open_exit
RMD,2019-08-20,2019-09-11,128.59657081868392,125.94331398010254,-0.020632407393835983,15,close_exit
LAD,2019-09-11,2019-09-16,129.9873009637369,121.73766796916054,-0.0634649149064016,2,open_exit
EL,2019-08-30,2019-09-17,185.8503855824504,176.99780885367787,-0.04763281335698488,10,open_exit
DG,2019-08-30,2019-09-23,141.86075216727073,143.61002857208254,0.012330939869465762,15,close_exit
CPB,2019-09-03,2019-09-24,34.66694265119578,35.667940494537355,0.028874707914487763,15,close_exit
BRO,2019-09-03,2019-09-24,34.77132585978303,34.21327344703675,-0.016049212934722612,15,close_exit
CHH,2019-09-11,2019-09-25,88.48471244630832,83.90651884850921,-0.05173993869932181,9,open_exit
GNRC,2019-09-06,2019-09-27,80.5802709159851,78.82057061004639,-0.021837855419640007,15,close_exit
APO,2019-09-10,2019-10-01,33.96557758650133,31.761003104672263,-0.06490613846370208,14,open_exit
SAIA,2019-09-10,2019-10-01,93.54674999999999,91.89403244018555,-0.01766728998938427,15,close_exit
MEDP,2019-09-16,2019-10-03,86.0329928627014,79.86005152511598,-0.07175086129383779,12,open_exit
FND,2019-09-25,2019-10-03,50.85541683197021,47.00648377990723,-0.07568383648845356,5,open_exit
TFC,2019-09-30,2019-10-03,39.60858116419183,37.427539915421185,-0.055064866871384455,2,open_exit
VMC,2019-09-12,2019-10-03,137.92716653750063,137.12871274566652,-0.005788952328089847,15,close_exit
MTZ,2019-09-17,2019-10-08,66.033,63.99798377990723,-0.03081817000731102,15,close_exit
NTRA,2019-10-07,2019-10-10,35.87793061065673,33.983000000000004,-0.052816050937282366,2,open_exit
EQIX,2019-09-24,2019-10-15,513.4386276381672,503.6220559234619,-0.019119269930783722,15,close_exit
ACGL,2019-09-25,2019-10-16,39.320289837005625,39.879750314712524,0.014228289771668345,15,close_exit
SUI,2019-09-25,2019-10-16,121.8035741551873,123.80940222167969,0.016467727489973383,15,close_exit
CB,2019-10-07,2019-10-18,145.29748513473092,137.80440344416863,-0.051570622049061154,8,open_exit
RNG,2019-10-07,2019-10-21,170.27209789584302,161.79068693010842,-0.049810926573082726,9,open_exit
TDY,2019-10-01,2019-10-22,323.1615,311.49416889953613,-0.03610371625476383,15,close_exit
PHM,2019-10-07,2019-10-28,34.49423496283484,36.829861532211304,0.06771063546975142,15,close_exit
EW,2019-10-07,2019-10-28,75.9646295928955,78.99048377990724,0.03983240888855355,15,close_exit
GNRC,2019-10-10,2019-10-31,84.31213164138794,96.53171183013916,0.14493264434026898,15,close_exit
BLDR,2019-10-10,2019-10-31,20.890439160346983,22.598695610046388,0.08177216556279565,15,close_exit
CHDN,2019-10-21,2019-11-05,64.71907722071204,60.62080372738173,-0.06332404090611388,10,open_exit
FCN,2019-10-16,2019-11-06,111.01547908401488,108.84555152511598,-0.019546171189845807,15,close_exit
FBIN,2019-10-17,2019-11-07,44.56494301239956,47.54814777946473,0.06694061666891704,15,close_exit
LBRDK,2019-10-17,2019-11-07,103.7316113090515,108.37275032424927,0.0447418000803077,15,close_exit
NEE,2019-10-23,2019-11-08,50.2435637799854,47.14011922370197,-0.061768002163884894,11,open_exit
SGI,2019-10-18,2019-11-08,19.57931108291141,20.22394135093689,0.032924052603061416,15,close_exit
MAA,2019-11-01,2019-11-13,109.49158643258431,103.80401671323168,-0.051945267254434824,7,open_exit
EW,2019-10-29,2019-11-19,78.47255101776122,81.1460750617981,0.03406954418280295,15,close_exit
T,2019-10-29,2019-11-19,18.37159953812491,18.119588246345522,-0.0137174387704464,15,close_exit
ARMK,2019-11-20,2019-11-22,29.90204624833063,28.196332415365184,-0.057043381539839344,1,open_exit
GNRC,2019-11-01,2019-11-22,95.3776668319702,93.64315744018555,-0.018185697442572146,15,close_exit
ODFL,2019-11-05,2019-11-26,61.83098852505381,62.68332237815857,0.013784897725828804,15,close_exit
WU,2019-11-07,2019-11-29,17.195106518749608,16.772338929176332,-0.024586505998801966,15,close_exit
DXCM,2019-11-08,2019-12-02,48.54926402664184,55.95200954246521,0.15247904709247595,15,close_exit
AMGN,2019-11-08,2019-12-02,177.7190443032482,191.22771782684327,0.07601140089716418,15,close_exit
FISV,2019-11-08,2019-12-02,109.06450713729858,114.22285877990723,0.047296336617694834,15,close_exit
PODD,2019-11-11,2019-12-03,168.55423622131346,183.94797328948977,0.09132809363488303,15,close_exit
BLDR,2019-11-13,2019-12-05,24.62230561065674,25.67715553379059,0.0428412326535863,15,close_exit
ALNY,2019-11-20,2019-12-12,98.02899335861206,120.5496956100464,0.22973511692656645,15,close_exit
REXR,2019-12-04,2019-12-13,39.581261173407405,37.31850139774705,-0.057167450166559775,6,open_exit
RH,2019-12-06,2019-12-13,234.0269586639404,220.8895,-0.05613651836926026,4,open_exit
DOCU,2019-11-22,2019-12-16,70.33515305328369,73.60317938995362,0.046463627287399056,15,close_exit
TDY,2019-11-25,2019-12-17,351.1755,344.12783779907227,-0.020068775301602004,15,close_exit
HWM,2019-11-27,2019-12-19,23.632840964698648,23.390404278755188,-0.010258465594788047,15,close_exit
CPAY,2019-12-03,2019-12-20,304.76229034423824,290.30478720092776,-0.047438622170020706,12,open_exit
LITE,2019-12-03,2019-12-24,72.00598622131348,78.75060591506958,0.09366748582577888,15,close_exit
LW,2019-12-03,2019-12-24,74.45920150773576,75.43919024658203,0.013161418857607021,15,close_exit
STT,2019-12-03,2019-12-24,60.10329980913408,64.41058865356446,0.07166476479841788,15,close_exit
QRVO,2019-12-20,2020-01-06,118.35915305328369,110.77458683013917,-0.06408094369963979,8,open_exit
PPC,2019-12-27,2020-01-07,28.350997647627562,26.586890747666235,-0.06222380326390198,5,open_exit
LRCX,2019-12-13,2020-01-07,26.407771219923156,27.529039034843446,0.04245976707319987,15,close_exit
CVNA,2019-12-13,2020-01-07,19.32565798473358,18.1729082069397,-0.059648669075304195,15,close_exit
MU,2019-12-13,2020-01-07,49.77637559955295,56.79283266448975,0.14095958133600672,15,close_exit
TSLA,2019-12-17,2020-01-09,25.278633748054503,32.07328791427612,0.2687904035456248,15,close_exit
TGT,2019-12-18,2020-01-10,107.57013033023038,104.30171252059937,-0.03038406479193878,15,close_exit
TER,2019-12-20,2020-01-14,67.07635966810568,68.42114798355102,0.020048618054100853,15,close_exit
WCC,2019-12-26,2020-01-16,56.804922195940456,54.15284391049028,-0.046687473249276024,13,open_exit
C,2019-12-27,2020-01-21,63.39674068657465,63.25421522521973,-0.0022481512426568706,15,close_exit
SNX,2020-01-13,2020-01-28,68.30224955615049,65.38189147942745,-0.04275639668825604,9,open_exit
LW,2020-01-06,2020-01-28,81.99825169464144,81.21629140090943,-0.009536304464685452,15,close_exit
RNG,2020-01-07,2020-01-29,175.83503523237977,202.0444655609131,0.14905692880770616,15,close_exit
DXCM,2020-01-08,2020-01-30,57.72384719467163,59.70263191986084,0.034280194778352646,15,close_exit
ENTG,2020-01-08,2020-01-30,50.1644921227544,51.98265122032166,0.03624394508207418,15,close_exit
MU,2020-01-08,2020-01-30,56.67403641065721,53.634973297119146,-0.05362355155925658,15,close_exit
TYL,2020-01-10,2020-02-03,313.22654232788085,329.1053540191651,0.05069433635244902,15,close_exit
LRCX,2020-01-15,2020-02-06,27.83936495053525,30.064119203567508,0.07991397278584422,15,close_exit
PODD,2020-01-16,2020-02-07,186.85337450408935,199.92998377990725,0.06998326527697629,15,close_exit
GNRC,2020-01-29,2020-02-10,107.37365969467163,106.21686164474488,-0.010773573828220306,7,open_exit
TSLA,2020-01-22,2020-02-12,38.145062450408936,51.12709166526795,0.3403331487983927,15,close_exit
LEN,2020-01-28,2020-02-19,59.802055445407035,61.940640468597415,0.03576106217858488,15,close_exit
AAPL,2020-01-30,2020-02-21,77.23487619014348,75.5335796737671,-0.022027568377114837,15,close_exit
LLY,2020-01-31,2020-02-24,132.51347661155634,128.68908701324463,-0.028860382325658462,15,close_exit
FBIN,2020-01-31,2020-02-24,54.52278861334978,53.73977164077759,-0.01436127887964389,15,close_exit
CACI,2020-01-31,2020-02-24,279.1695137786865,266.2068263397217,-0.04643303369164098,15,close_exit
ALLE,2020-02-04,2020-02-25,122.93267872610954,116.95388264965477,-0.04863471729738644,13,open_exit
FTNT,2020-02-07,2020-02-25,23.61380028247833,21.789099237442016,-0.07727265510881187,10,open_exit
TSLA,2020-02-20,2020-02-25,60.82706352424621,56.57169847488404,-0.06995841657991508,2,open_exit
THO,2020-02-13,2020-02-26,74.09675265627193,70.85328903652027,-0.04377335717798314,7,open_exit
GLOB,2020-02-24,2020-02-26,127.74384030532836,115.93200286483766,-0.09246502541538215,1,open_exit
ALNY,2020-02-10,2020-02-27,124.81237499999999,114.77258683013916,-0.08043904436447769,11,open_exit
NNN,2020-02-25,2020-02-28,41.366197035759825,36.3320162292503,-0.12169793617135338,2,open_exit
GEN,2020-02-10,2020-03-03,17.363787683934493,16.882490429878235,-0.027718448463958656,15,close_exit
OKTA,2020-05-21,2020-05-28,189.844875,177.85103244018555,-0.06317706790775601,3,open_exit
NVDA,2020-05-26,2020-05-28,9.114924264120862,8.365455545036342,-0.08222434957958558,1,open_exit
GNRC,2020-05-28,2020-06-01,123.0114719467163,111.75409255981445,-0.09151487425317617,1,open_exit
MOH,2020-05-27,2020-06-05,184.01195816802976,172.69360877990724,-0.06150877095600071,6,open_exit
SRPT,2020-05-28,2020-06-05,156.24808316802978,144.8075648803711,-0.0732202152864525,5,open_exit
GLOB,2020-05-27,2020-06-10,144.11201328277588,137.14140171051025,-0.04836939970152199,9,open_exit
KNSL,2020-06-08,2020-06-12,158.09259101750635,153.66554468995355,-0.028002870337311192,3,open_exit
AXON,2020-06-10,2020-06-12,101.5907709159851,97.55119847488403,-0.039763183256496526,1,open_exit
TWLO,2020-05-21,2020-06-12,192.9964438934326,191.79405438995363,-0.0062301122198028525,15,close_exit
TYL,2020-05-21,2020-06-12,359.35958267211913,342.5386364593506,-0.04680811928734907,15,close_exit
META,2020-05-21,2020-06-12,232.79305374293307,226.47686910247805,-0.027132186888315868,15,close_exit
MRVL,2020-05-21,2020-06-12,28.12036368035297,32.87826699829102,0.16919778748317826,15,close_exit
QGEN,2020-05-21,2020-06-12,42.437856812209844,42.385576852798465,-0.0012319179934726643,15,close_exit
APPF,2020-05-27,2020-06-17,155.18755561065672,157.56117938995362,0.015295194063446704,15,close_exit
ZM,2020-06-01,2020-06-22,183.27158267211914,251.14436927032472,0.37033993818688704,15,close_exit
VRT,2020-06-08,2020-06-23,14.16179739947939,13.690306461969017,-0.0332931565260004,10,open_exit
THO,2020-06-16,2020-06-25,104.65625815212219,96.68007838615756,-0.07621311813356568,6,open_exit
RNG,2020-06-23,2020-06-25,287.5817403628824,267.669397341586,-0.06924063744857445,1,open_exit
FRPT,2020-06-18,2020-06-29,85.59277805328368,79.43026622009278,-0.07199803503695823,6,open_exit
RNG,2020-06-29,2020-06-30,286.63629671291,272.40163811524485,-0.04966104698150753,0,open_exit
EA,2020-06-16,2020-07-08,123.44561961697093,131.53788162994385,0.06555325363574438,15,close_exit
CRWD,2020-06-17,2020-07-09,25.422704847335815,29.35031727123261,0.1544923110063321,15,close_exit
LLY,2020-06-17,2020-07-09,153.8570222146518,155.7809267730713,0.012504496257150777,15,close_exit
ADSK,2020-06-17,2020-07-09,242.41113828277585,248.0758969497681,0.023368392670076954,15,close_exit
ADBE,2020-06-17,2020-07-09,414.207,460.6095763397217,0.11202750397680794,15,close_exit
PPLI,2020-06-17,2020-07-09,52.14916564750671,68.10965067291261,0.3060544656320685,15,close_exit
OKTA,2020-07-09,2020-07-14,221.91090305328368,197.2513311004639,-0.11112375107994898,2,open_exit
DOCU,2020-06-23,2020-07-15,170.42516633605956,192.73358683013916,0.13089862825828114,15,close_exit
TSCO,2020-06-25,2020-07-17,23.801234966907096,25.465236857414247,0.06991241810858795,15,close_exit
XYZ,2020-06-26,2020-07-20,105.08251377868652,128.32580438995362,0.2211908506511333,15,close_exit
HALO,2020-06-30,2020-07-22,26.263125,27.786099237442016,0.05798907165244116,15,close_exit
MRNA,2020-07-16,2020-07-24,80.20008366394042,69.01547805023193,-0.1394587773820155,5,open_exit
TSLA,2020-07-21,2020-07-24,109.38333102035521,94.35346495056153,-0.13740545227130418,2,open_exit
OLLI,2020-07-23,2020-07-24,108.2540969467163,101.66914122009278,-0.060828697595294634,0,open_exit
NBIX,2020-07-10,2020-07-29,131.2355831680298,121.76908683013917,-0.07213360972206773,12,open_exit
MTSI,2020-07-10,2020-07-31,36.65831938934326,42.23886832237244,0.15223144503049602,15,close_exit
QGEN,2020-07-10,2020-07-31,44.21515030782502,48.777444627761845,0.10318396043379297,15,close_exit
COST,2020-07-10,2020-07-31,298.19303848921015,298.1052368316651,-0.00029444569863168457,15,close_exit
GOOG,2020-07-13,2020-08-03,76.86108665259323,73.04165456771851,-0.04969266310452114,15,close_exit
KNX,2020-07-24,2020-08-04,42.619682987926936,40.48619696462547,-0.05005870231146081,6,open_exit
ADT,2020-08-04,2020-08-05,11.737213291411217,11.020908838655041,-0.06102849415545142,0,open_exit
SAM,2020-07-15,2020-08-05,629.504597442627,842.238643157959,0.3379388277378239,15,close_exit
POOL,2020-07-20,2020-08-10,274.49321806727704,301.70194831848147,0.09912350637579581,15,close_exit
SAM,2020-08-06,2020-08-11,846.0828031311034,794.7224351196289,-0.060703713420725336,2,open_exit
CHWY,2020-08-03,2020-08-12,53.776875,51.13441984748841,-0.049137387631980944,6,open_exit
ENTG,2020-07-24,2020-08-14,65.90301758397469,68.15113382720948,0.034112493261332144,15,close_exit
LII,2020-07-24,2020-08-14,247.36552815648676,258.9297355041504,0.046749470040740704,15,close_exit
SHW,2020-07-29,2020-08-19,200.8173577138733,210.1130763320923,0.04628941802662134,15,close_exit
RRC,2020-08-17,2020-08-21,8.40091707000485,7.817033839630191,-0.06950232046205906,3,open_exit
ETSY,2020-08-03,2020-08-24,121.06049999999999,128.67563549041748,0.06290355227689859,15,close_exit
AAPL,2020-08-03,2020-08-24,104.81462092801175,122.0173985862732,0.1641257441562145,15,close_exit
WST,2020-08-04,2020-08-25,272.43543112995917,270.30270828247075,-0.007828360792290101,15,close_exit
ENPH,2020-08-05,2020-08-26,69.02449286270141,75.20237786483764,0.08950279452867327,15,close_exit
RBA,2020-08-17,2020-09-01,56.23615167320254,52.94975165640999,-0.05843927649762315,10,open_exit
ROK,2020-08-11,2020-09-01,208.34112261115578,212.23754762268067,0.01870214080970034,15,close_exit
NWSA,2020-08-11,2020-09-01,14.05551650144909,14.35350119304657,0.021200550799165496,15,close_exit
TSLA,2020-09-01,2020-09-02,167.4636948852539,159.58349841308595,-0.04705614836438099,0,open_exit
LAD,2020-08-12,2020-09-02,237.01262043123722,247.86732209014895,0.04579799016255737,15,close_exit
DOCU,2020-09-02,2020-09-03,282.8613612213135,248.4856956100464,-0.12152831854744284,0,open_exit
TGT,2020-08-20,2020-09-04,131.76250920989565,124.63003557673588,-0.05413128268374012,10,open_exit
FSLR,2020-08-25,2020-09-04,77.35865969467163,72.46375,-0.06327552356764499,7,open_exit
CVNA,2020-09-02,2020-09-04,46.12905199241638,39.18040076255799,-0.15063503214852003,1,open_exit
PENN,2020-09-02,2020-09-04,57.43870484733581,54.27284923744202,-0.055117113422181174,1,open_exit
WST,2020-09-03,2020-09-04,280.13089490892725,261.5812695835314,-0.06621770630271417,0,open_exit
QCOM,2020-08-25,2020-09-09,102.26859003208871,100.3870206985475,-0.01839831108408585,9,open_exit
ADBE,2020-08-26,2020-09-09,497.19848721313474,473.67304866027837,-0.04731598980664575,8,open_exit
AAPL,2020-08-27,2020-09-09,123.38653965342121,113.68224426688167,-0.07864954648860245,7,open_exit
ZM,2020-08-21,2020-09-14,291.14549999999997,403.3082547607422,0.38524639659806614,15,close_exit
CORT,2020-09-03,2020-09-18,18.309149236679076,17.361315838813784,-0.05176829275969186,9,open_exit
BF-B,2020-09-08,2020-09-21,71.88960057051948,67.39805195745048,-0.06247841937392673,8,open_exit
NWSA,2020-09-21,2020-09-22,14.690976995718545,13.962466351608029,-0.049588985424375065,0,open_exit
DAR,2020-09-08,2020-09-24,33.99698954200745,32.08394847488403,-0.05627089612624725,11,open_exit
VIRT,2020-09-08,2020-09-24,22.34224404441536,18.15266723662399,-0.1875181740680426,11,open_exit
CAT,2020-09-10,2020-09-24,136.61815004451046,129.30784343254732,-0.05350904407343704,9,open_exit
RH,2020-09-11,2020-09-24,388.444125,352.8134952392578,-0.09172652504589218,8,open_exit
ALGN,2020-09-11,2020-09-24,329.11448721313474,305.9969188995361,-0.07024172198967238,8,open_exit
SHW,2020-09-11,2020-10-02,223.4924750609152,218.09975787353517,-0.02412930093467447,15,close_exit
MCD,2020-09-11,2020-10-02,190.7836977361921,194.953118598938,0.021854177858064316,15,close_exit
PENN,2020-09-15,2020-10-06,66.05300664138794,67.90603244018556,0.028053617738522885,15,close_exit
DKNG,2020-09-29,2020-10-08,57.348659694671625,54.1309219455719,-0.056108333938948096,6,open_exit
DE,2020-09-18,2020-10-09,203.29543804731154,218.03425414276126,0.0724994925465059,15,close_exit
ZM,2020-09-22,2020-10-13,477.2385,518.5305830383301,0.08652295034522584,15,close_exit
NKE,2020-09-24,2020-10-15,115.75604767959081,117.98168246841432,0.01922694177486095,15,close_exit
ZG,2020-09-28,2020-10-19,102.69131938934325,98.7705896949768,-0.03817975772130666,15,close_exit
NTRA,2020-09-28,2020-10-19,70.19508366394042,72.51372805023193,0.03303143561153132,15,close_exit
UPS,2020-09-28,2020-10-19,133.3129902580715,134.8963242492676,0.011876817016339025,15,close_exit
RH,2020-10-14,2020-10-20,394.3470688934326,371.9439398803711,-0.056810689821852556,3,open_exit
GAP,2020-10-08,2020-10-22,16.23488530851965,15.091462281984318,-0.07043000334195726,9,open_exit
DDOG,2020-10-12,2020-10-22,112.306125,102.81856774520874,-0.08447942847989154,7,open_exit
ZM,2020-10-16,2020-10-22,544.2719999999999,521.5191392822265,-0.041804209508799595,3,open_exit
OKTA,2020-10-07,2020-10-23,232.0159438934326,218.45071755981448,-0.05846678510959902,11,open_exit
TWLO,2020-10-05,2020-10-26,290.145,300.46968511962893,0.03558457019638106,15,close_exit
URI,2020-10-05,2020-10-26,180.6137620739922,175.53685197448732,-0.028109209626147047,15,close_exit
PYPL,2020-10-22,2020-10-27,210.18564174442852,196.98461619713424,-0.06280650494359563,2,open_exit
GAP,2020-10-23,2020-10-28,17.411918059753265,16.032145603095138,-0.07924299045763361,2,open_exit
APTV,2020-10-20,2020-10-29,100.17006274795531,95.47223664474488,-0.04689850414720165,6,open_exit
JCI,2020-10-22,2020-10-29,39.34390594139731,36.98779263742023,-0.05988508887466615,4,open_exit
MTCH,2020-10-28,2020-11-02,118.20405899975725,112.76941137609643,-0.045976827442719026,2,open_exit
PWR,2020-11-03,2020-11-05,66.3111599727613,64.38468816154072,-0.029051999874710632,1,open_exit
PEN,2020-10-30,2020-11-10,260.6602637786865,233.78304389953615,-0.10311207197262118,6,open_exit
PINS,2020-10-20,2020-11-10,46.151062351226805,55.642163169860844,0.20565292184182504,15,close_exit
CROX,2020-10-20,2020-11-10,52.066020915985106,54.222875,0.0414253681397172,15,close_exit
GNRC,2020-10-20,2020-11-10,210.69529133605957,217.84102194976808,0.033914999088950015,15,close_exit
ALGN,2020-11-05,2020-11-12,486.7132362213134,455.4921412200928,-0.0641467966715088,4,open_exit
EVR,2020-10-22,2020-11-12,73.7849181204596,75.93014032745361,0.029073993190475322,15,close_exit
OLN,2020-11-11,2020-11-13,19.81710428296264,18.57666734629056,-0.06259425791781903,1,open_exit
RH,2020-11-12,2020-11-13,415.45762499999995,396.80150000000003,-0.04490500084093996,0,open_exit
TMO,2020-10-27,2020-11-17,477.7370823317251,471.3554214324951,-0.013358102469422262,15,close_exit
DHR,2020-10-27,2020-11-17,203.6079387567844,197.81545624542238,-0.02844919774116128,15,close_exit
RARE,2020-10-28,2020-11-18,92.6262918319702,113.99297805023194,0.23067625612198972,15,close_exit
SCCO,2020-10-30,2020-11-20,39.17176835688413,42.911295764923096,0.09546486066110349,15,close_exit
CELH,2020-11-13,2020-11-27,10.702015050888061,10.341493956089021,-0.03368721620038495,8,open_exit
CROX,2020-11-23,2020-12-01,62.54125332069397,59.800086830139165,-0.043829733895783485,4,open_exit
XYZ,2020-11-27,2020-12-02,215.1075,200.0299398803711,-0.07009314003290856,2,open_exit
DAR,2020-11-10,2020-12-02,47.10354183197021,47.91602862739563,0.01724895334460741,15,close_exit
WSC,2020-11-11,2020-12-03,20.59922312460214,20.90278381252289,0.014736511473493419,15,close_exit
BG,2020-11-11,2020-12-03,50.54965812544745,52.45481568527222,0.03768883174435733,15,close_exit
TTEK,2020-11-13,2020-12-07,23.051608026545523,23.06849042606354,0.0007323740495055464,15,close_exit
HALO,2020-11-13,2020-12-07,38.50924667930603,40.41977862739563,0.04961229088691255,15,close_exit
NET,2020-11-18,2020-12-10,66.78337499999999,84.00797805023194,0.2579175288794846,15,close_exit
INSM,2020-11-18,2020-12-10,39.16957652664184,39.76010877990723,0.015076299149257455,15,close_exit
WCC,2020-11-19,2020-12-11,60.129858230692086,72.10694911956787,0.19918708011791586,15,close_exit
CLF,2020-12-11,2020-12-15,13.80690019083023,13.493250000000002,-0.022716915925743986,1,open_exit
FRHC,2020-12-14,2020-12-15,46.12304847335815,43.69814122009278,-0.05257473938796697,0,open_exit
MRNA,2020-12-04,2020-12-16,157.66879133605957,137.681125,-0.12676995977889693,7,open_exit
AMD,2020-12-01,2020-12-22,92.29612499999999,93.11342366027833,0.008855178484235893,15,close_exit
CELH,2020-12-02,2020-12-23,11.612469898223877,14.326166348934175,0.233688136502757,15,close_exit
SPOT,2020-12-03,2020-12-24,317.65875,328.2258196411133,0.03326547636768473,15,close_exit
TSLA,2020-12-04,2020-12-28,197.10182807922362,221.1193807296753,0.1218535255837303,15,close_exit
NET,2020-12-11,2020-12-29,83.46170816802979,79.10042938995362,-0.05225484684899806,10,open_exit
AR,2020-12-24,2020-12-29,5.872934885501861,5.26736498093605,-0.1031119732079343,1,open_exit
CVNA,2020-12-08,2020-12-30,51.90193745040893,50.04296679306031,-0.035816980033256396,15,close_exit
FIVE,2020-12-08,2020-12-30,161.88090305328367,172.65363549041749,0.06654727169138619,15,close_exit
FRHC,2020-12-23,2021-01-05,53.42670152664184,49.845063932418824,-0.06703834397182451,6,open_exit
NYT,2020-12-28,2021-01-06,48.60047895174042,45.615514470455196,-0.06141841697175976,5,open_exit
PENN,2020-12-15,2021-01-07,79.56976377868652,87.45625000000001,0.09911410876182547,15,close_exit
TKR,2020-12-15,2021-01-07,70.53818503810294,77.36856870269776,0.09683242715849882,15,close_exit
CHWY,2020-12-16,2021-01-08,90.84540305328369,96.82156774520874,0.06578389760040837,15,close_exit
PVH,2021-01-08,2021-01-19,105.06235022819948,99.57719608063374,-0.052208561255785435,5,open_exit
MSTR,2020-12-29,2021-01-21,36.71835076332092,52.01997843360901,0.41672971013647353,15,close_exit
CNH,2020-12-29,2021-01-21,9.796815642251568,10.616692553520203,0.08368810246185321,15,close_exit
DIS,2020-12-29,2021-01-21,174.61832257054863,165.98373907470705,-0.04944832460152093,15,close_exit
CLF,2020-12-31,2021-01-25,14.447219580173492,16.5717099237442,0.14705184840453556,15,close_exit
FCX,2020-12-31,2021-01-25,24.684870196291502,26.917233045578005,0.09043445768744118,15,close_exit
JEF,2021-01-11,2021-01-26,21.126483869033134,19.994558748699703,-0.053578490739416895,9,open_exit
CZR,2021-01-19,2021-01-27,80.22009030532837,71.73411164474487,-0.1057837086481046,5,open_exit
TPR,2021-01-05,2021-01-27,28.466209887216987,26.874958737373355,-0.055899649308712496,15,close_exit
FRHC,2021-01-22,2021-01-28,52.75636454200745,49.975,-0.05272092886144142,3,open_exit
MRVL,2021-01-26,2021-01-28,53.7956433125636,50.48212006672064,-0.06159463930175002,1,open_exit
CELH,2021-01-06,2021-01-28,17.32865969467163,18.677323155403137,0.07782849247978518,15,close_exit
M,2021-01-28,2021-01-29,14.643109347243739,13.88633007724108,-0.05168159658283955,0,open_exit
AR,2021-01-29,2021-02-01,7.493744771003723,7.22638501906395,-0.035677723235823744,0,open_exit
ROKU,2021-01-08,2021-02-01,391.5456811065674,415.99191220092774,0.06243519536538278,15,close_exit
MRNA,2021-02-01,2021-02-02,173.1165137786865,158.44074427032473,-0.084773943213317,0,open_exit
IRDM,2021-01-29,2021-02-10,47.55220217904998,46.61542312006896,-0.01970001421708567,7,open_exit
GME,2021-01-22,2021-02-12,10.652823788166046,13.093450381278993,0.2291060700566716,15,close_exit
DDS,2021-01-22,2021-02-12,58.79478384628995,62.51593327522278,0.06329046873717914,15,close_exit
PSKY,2021-01-26,2021-02-17,42.48731328208016,53.67197642326355,0.2632471266640608,15,close_exit
SCI,2021-01-26,2021-02-17,48.28259873416302,44.88893270301819,-0.07028755949591403,15,close_exit
NTRA,2021-02-16,2021-02-18,124.62928484344482,114.10292366027832,-0.08446137837017498,1,open_exit
PPLI,2021-01-27,2021-02-18,112.67766382598876,143.03300094604492,0.26939977356057665,15,close_exit
AR,2021-02-16,2021-02-19,9.474735267162323,9.245375000000001,-0.024207564717638297,2,open_exit
UI,2021-01-28,2021-02-19,284.76748207857645,328.47200386047365,0.1534744116950746,15,close_exit
ROKU,2021-02-10,2021-02-23,469.4546112213134,412.8035047607422,-0.12067429972237376,7,open_exit
EXP,2021-02-02,2021-02-24,114.70193442791465,125.11015837860108,0.09074148577003793,15,close_exit
RHI,2021-02-02,2021-02-24,56.479425215414835,67.6328307914734,0.1974773208742655,15,close_exit
FCX,2021-02-22,2021-02-26,35.22824577040411,32.062900752923866,-0.08985247344162406,3,open_exit
OLN,2021-02-25,2021-02-26,29.43134445416456,27.62890528333155,-0.06124216220023759,0,open_exit
AMAT,2021-02-25,2021-02-26,116.02709681955675,111.47250297731104,-0.039254570415813594,0,open_exit
MU,2021-02-19,2021-03-05,88.05014282015337,85.31108547369031,-0.03110792621946923,9,open_exit
WDC,2021-02-19,2021-03-05,53.03401596078158,50.85273233969286,-0.041129897134355664,9,open_exit
TNL,2021-03-01,2021-03-05,50.379071938684845,48.04068203347458,-0.046415898809256784,3,open_exit
AR,2021-03-05,2021-03-10,10.095045152664184,9.295350190639496,-0.07921658099901019,2,open_exit
DVN,2021-02-18,2021-03-11,16.412599444701993,18.77334064388275,0.14383712995218478,15,close_exit
SCHW,2021-02-18,2021-03-11,56.95400161701648,61.9533599357605,0.0877788772834942,15,close_exit
BPOP,2021-02-18,2021-03-11,54.57677812185855,62.24992254829407,0.14059357643470616,15,close_exit
LYFT,2021-02-22,2021-03-15,58.16906938934326,67.38628816986085,0.1584556685757501,15,close_exit
ATI,2021-02-23,2021-03-16,20.090039923667906,21.3293301525116,0.06168679771430896,15,close_exit
PENN,2021-03-16,2021-03-17,137.13854232788086,122.21885877990724,-0.10879278206343002,0,open_exit
TRGP,2021-03-05,2021-03-19,30.75589748317466,28.810427725274586,-0.06325517761152522,9,open_exit
BYD,2021-03-12,2021-03-19,62.49197676966897,58.12501159056976,-0.06988041353204166,4,open_exit
ORCL,2021-02-26,2021-03-19,60.81019882414001,61.41679744911194,0.009975277777436453,15,close_exit
SLM,2021-03-01,2021-03-22,14.129270593817436,15.282678095817566,0.08163248727820593,15,close_exit
EWBC,2021-03-12,2021-03-24,67.9805771299029,64.21225782320727,-0.05543229354312207,7,open_exit
WBD,2021-03-19,2021-03-24,75.89793061065673,70.72462213516236,-0.06816139035506175,2,open_exit
WAL,2021-03-22,2021-03-24,88.78110417794251,83.95220414178344,-0.05439107883227701,1,open_exit
COTY,2021-03-10,2021-03-25,8.68434030532837,7.936030057191849,-0.08616777116361807,10,open_exit
PSKY,2021-03-12,2021-03-25,76.0174867539305,58.85092560966217,-0.22582384497709962,8,open_exit
TPL,2021-03-05,2021-03-26,124.34815539098501,164.72710452270508,0.32472495474305574,15,close_exit
NWSA,2021-03-17,2021-03-30,25.28682310449538,23.990827311919386,-0.051251823418877684,8,open_exit
ALLE,2021-03-17,2021-04-08,113.05257645050261,121.94193584823608,0.07863031234520745,15,close_exit
CNH,2021-03-19,2021-04-12,11.9884107866021,11.922653168678284,-0.0054850988253843935,15,close_exit
SNX,2021-03-23,2021-04-14,103.15770552479145,113.15357709884644,0.09689893278648709,15,close_exit
HD,2021-03-24,2021-04-15,254.20550456241045,283.3446459655762,0.11462828648547907,15,close_exit
ELV,2021-03-25,2021-04-16,335.61612232843004,348.40539155578614,0.03810683807031379,15,close_exit
LH,2021-03-25,2021-04-16,202.9751401158324,213.951289932251,0.05407632585032229,15,close_exit
ODFL,2021-03-25,2021-04-16,114.09307292470493,122.44504110336304,0.07320311360331178,15,close_exit
AZO,2021-03-25,2021-04-16,1350.1447056884765,1495.0920458374023,0.10735689258953407,15,close_exit
AA,2021-03-29,2021-04-20,30.9108330283964,31.384303431510926,0.015317296776815148,15,close_exit
HWM,2021-04-15,2021-04-21,32.177263311626,30.38277492165313,-0.055768831941792274,3,open_exit
LSCC,2021-04-19,2021-04-21,56.76837167930603,52.933519084930424,-0.06755262624123382,1,open_exit
CARR,2021-03-30,2021-04-21,39.00445787482857,39.88240782928467,0.022508964418210597,15,close_exit
SAM,2021-04-21,2021-04-23,1318.829128967285,1337.3310000000001,0.014029013028551418,1,open_exit
UTHR,2021-04-09,2021-04-30,199.94993110656736,201.45921755981448,0.0075483219468712726,15,close_exit
OLN,2021-04-13,2021-05-04,36.62458331863039,40.910385557174685,0.1170198224853023,15,close_exit
LPX,2021-05-05,2021-05-06,68.56986555087323,65.24866380433727,-0.04843529617353415,0,open_exit
KIM,2021-04-16,2021-05-07,15.984443224797033,17.082919263839724,0.06872157031648118,15,close_exit
WAL,2021-04-19,2021-05-10,91.4271338523083,94.06877155303955,0.028893366656320696,15,close_exit
BRX,2021-04-19,2021-05-10,16.798520777377426,17.84396547603607,0.062234330779085356,15,close_exit
BG,2021-04-19,2021-05-10,72.48086851984539,78.65456936264039,0.08517697109416722,15,close_exit
CHRD,2021-05-06,2021-05-12,49.38824740459273,46.6368956453927,-0.055708633202970814,3,open_exit
MAN,2021-04-21,2021-05-12,92.16224896692275,97.94955876541138,0.06279479790652376,15,close_exit
UDR,2021-04-21,2021-05-12,37.64764729303635,36.68552074432373,-0.025556086977328363,15,close_exit
CAR,2021-04-23,2021-05-13,75.87547856649962,72.05808783253806,-0.050311257419165756,13,open_exit
SLM,2021-04-22,2021-05-13,17.44771616116182,17.510472180366516,0.003596804224978545,15,close_exit
DVN,2021-05-10,2021-05-14,20.42118750924917,19.467510579265376,-0.046700365958240786,3,open_exit
AA,2021-05-12,2021-05-20,39.179132534996924,34.60075676185888,-0.116857507476675,5,open_exit
XRAY,2021-05-03,2021-05-24,60.92755033404022,60.66042381095887,-0.004384330596205022,15,close_exit
AR,2021-05-11,2021-06-02,10.915454847335814,13.003495228767395,0.1912921092739639,15,close_exit
BBWI,2021-05-11,2021-06-02,48.272592130131734,48.78975993919373,0.010713487431290858,15,close_exit
OKE,2021-05-11,2021-06-02,39.76373767844558,40.66087658500672,0.022561734860438998,15,close_exit
SLB,2021-05-13,2021-06-04,28.289325714752895,32.61964164543152,0.15307243355115974,15,close_exit
CME,2021-05-13,2021-06-04,172.83112237250003,176.18409593963625,0.019400288102680907,15,close_exit
GEN,2021-05-13,2021-06-04,22.684397792859887,25.50340288448334,0.12427066027341316,15,close_exit
DXC,2021-05-14,2021-06-07,36.018,40.33982061004639,0.11999057721268214,15,close_exit
KBR,2021-05-14,2021-06-07,39.44247815101348,37.77341646575928,-0.042316349364861394,15,close_exit
CELH,2021-06-03,2021-06-11,24.922454847335814,21.152752225875854,-0.15125727559951574,5,open_exit
TGT,2021-05-20,2021-06-11,187.679091337921,200.08366971588137,0.06609462082073714,15,close_exit
IRM,2021-05-25,2021-06-16,35.48344665605706,37.31039507102967,0.051487343737526725,15,close_exit
CAR,2021-06-14,2021-06-17,89.79200420382888,82.99785419352945,-0.07566542333632109,2,open_exit
PSX,2021-06-07,2021-06-18,76.05822007222473,70.6612999301468,-0.07095774969428714,8,open_exit
SFM,2021-06-11,2021-06-24,28.924454847335813,26.976504771232605,-0.06734612930077855,8,open_exit
PR,2021-06-03,2021-06-24,5.1170157014690885,6.246915987491608,0.22081235468910654,15,close_exit
DDS,2021-06-03,2021-06-24,123.20740311387782,141.89913822937012,0.15170951292769286,15,close_exit
BIIB,2021-06-08,2021-06-25,389.29455610656737,348.4956784210205,-0.10480207607726832,12,open_exit
IT,2021-06-07,2021-06-28,234.45716633605954,240.24981011962893,0.024706618586639806,15,close_exit
ZBRA,2021-06-07,2021-06-28,516.75825,526.8664398803711,0.01956077117369892,15,close_exit
CHRD,2021-06-25,2021-06-29,63.77968853327304,59.257794796129986,-0.07089864878822727,1,open_exit
LLY,2021-06-08,2021-06-29,211.59847723536757,218.69028277587893,0.033515390248404,15,close_exit
JEF,2021-06-30,2021-07-08,28.277273412640348,26.23533499979654,-0.07221129077922461,4,open_exit
AFG,2021-06-17,2021-07-09,82.75844018210142,79.94930291110252,-0.03394381606054542,14,open_exit
ULTA,2021-06-25,2021-07-09,353.7567765655517,338.78053720092777,-0.0423348479992971,8,open_exit
GNRC,2021-06-17,2021-07-09,369.1945147705078,436.1518101196289,0.18136048253788917,15,close_exit
FTNT,2021-06-18,2021-07-12,47.42370152664184,51.1324219455719,0.07820394232294503,15,close_exit
BX,2021-06-24,2021-07-16,83.71444645014513,85.25749793624878,0.018432320245020062,15,close_exit
NVDA,2021-06-29,2021-07-19,19.823871243948187,17.84456862375619,-0.09984440454819021,12,open_exit
CBOE,2021-06-25,2021-07-19,114.00670596236903,108.68246324920655,-0.04670113629035022,15,close_exit
META,2021-06-29,2021-07-20,353.3451819448675,335.68277701719023,-0.04998626224492597,13,open_exit
AMG,2021-07-08,2021-07-20,172.31001214074544,161.84523821950972,-0.06073224527828325,7,open_exit
BBWI,2021-07-13,2021-07-20,54.661575265222496,50.676215923320726,-0.07290970526488627,4,open_exit
ZBRA,2021-06-29,2021-07-21,529.9548474426269,533.5031345214844,0.006695451689856746,15,close_exit
CUBE,2021-07-12,2021-08-02,38.739546207852136,39.8177467250824,0.027832037872754567,15,close_exit
AXP,2021-07-12,2021-08-02,160.12139788693665,159.20892993164063,-0.005698600982364188,15,close_exit
ORCL,2021-07-12,2021-08-02,81.56464028005215,81.84910776901246,0.003487632483679226,15,close_exit
DXC,2021-08-03,2021-08-06,44.022,39.110436067581176,-0.1115706676756808,2,open_exit
AMT,2021-07-19,2021-08-09,242.0921681834681,239.4222516937256,-0.011028512445388605,15,close_exit
EVRG,2021-07-19,2021-08-09,52.65782224044134,54.694974647521974,0.03868660571982585,15,close_exit
KR,2021-07-20,2021-08-10,36.88411301868292,38.43759303092957,0.04211786281697405,15,close_exit
DOCU,2021-07-20,2021-08-10,291.7458061065674,301.28928244018556,0.03271161447349891,15,close_exit
COST,2021-07-20,2021-08-10,391.7981262583442,419.637457901001,0.07105529551282252,15,close_exit
BX,2021-07-21,2021-08-11,87.06303624194217,96.06128218460084,0.10335322923557544,15,close_exit
NET,2021-08-10,2021-08-12,125.79286835861205,117.34130152511597,-0.06718637506064529,1,open_exit
MRNA,2021-07-22,2021-08-12,319.1595,391.2243034210205,0.2257955768856028,15,close_exit
RH,2021-08-12,2021-08-18,734.176902557373,687.6560000000001,-0.06336470460365307,3,open_exit
AA,2021-08-11,2021-08-20,41.41766478727566,35.685610175181715,-0.13839637366167856,6,open_exit
FTNT,2021-08-03,2021-08-24,57.12254877090454,59.938014505386356,0.0492881671959966,15,close_exit
IT,2021-08-03,2021-08-24,272.0159448852539,300.8195162200928,0.10588927552386429,15,close_exit
HUBS,2021-08-06,2021-08-27,655.4775994262695,702.1987127990723,0.07127797107589506,15,close_exit
PFE,2021-08-10,2021-08-31,35.4771964243537,35.34201558685303,-0.003810358515473733,15,close_exit
BILL,2021-08-30,2021-09-01,290.145,273.01341889953613,-0.05904489514023625,1,open_exit
NUE,2021-08-11,2021-09-01,113.2524925110133,107.8780789604187,-0.04745514585537236,15,close_exit
STLD,2021-08-11,2021-09-01,64.64989806265879,62.147247928619386,-0.038710813304204006,15,close_exit
EXP,2021-08-12,2021-09-02,151.2035423187082,152.85939937591553,0.01095117899894893,15,close_exit
DDS,2021-08-13,2021-09-03,151.40623142130815,156.69820777130127,0.034952170068003996,15,close_exit
DKS,2021-09-02,2021-09-09,123.41046804409635,115.40378892088057,-0.06487844386389385,3,open_exit
MDB,2021-09-07,2021-09-09,515.0573877868652,472.993395980835,-0.08166855345338064,1,open_exit
EW,2021-08-18,2021-09-09,117.56875713729858,122.01896183013916,0.037851932785540665,15,close_exit
CACC,2021-08-20,2021-09-13,581.6106673278808,612.8834074401856,0.05376919968813931,15,close_exit
EPAM,2021-08-25,2021-09-16,631.8057352294921,627.056310119629,-0.007517223800030948,15,close_exit
TECH,2021-08-25,2021-09-16,121.35895571328702,129.45545778656006,0.06671532418589021,15,close_exit
POOL,2021-09-01,2021-09-20,462.7130694377077,429.21137061692184,-0.07240275028647314,11,open_exit
CELH,2021-09-17,2021-09-21,32.41620152664184,30.048301844596864,-0.07304679667970593,1,open_exit
BILL,2021-09-03,2021-09-22,289.2945688934326,276.2118311004639,-0.045222894584612816,11,open_exit
ACI,2021-09-01,2021-09-23,20.083515347723605,20.898595462799072,0.04058453417956298,15,close_exit
NET,2021-09-02,2021-09-24,128.064,130.2948206100464,0.017419576227873712,15,close_exit
MDB,2021-09-17,2021-09-28,513.0664025573731,474.9424026794434,-0.07430617106850324,6,open_exit
TECH,2021-09-20,2021-09-29,128.5545876364287,121.1056209170341,-0.05794399761493818,6,open_exit
TEAM,2021-09-22,2021-09-29,406.1629714508056,384.8075,-0.05257857794009224,4,open_exit
CROX,2021-09-24,2021-09-29,160.97044438934324,152.77358110046387,-0.05092154227426626,2,open_exit
DDOG,2021-09-09,2021-09-30,140.07,141.27933110046388,0.008633762407823875,15,close_exit
RRC,2021-09-09,2021-09-30,16.417794457684547,21.705459971427917,0.3220691748439093,15,close_exit
NTAP,2021-09-10,2021-10-01,82.45910231248764,80.7978072052002,-0.02014689780385659,15,close_exit
AN,2021-09-30,2021-10-04,125.90291633605956,119.03045133972168,-0.054585431349293945,1,open_exit
AR,2021-09-14,2021-10-05,16.658324618339538,20.749620228767395,0.2456006653828593,15,close_exit
PCTY,2021-09-21,2021-10-12,281.6807785491943,276.78155342102053,-0.0173928272756394,15,close_exit
CZR,2021-10-04,2021-10-18,119.21958366394043,110.33480438995362,-0.07452449506141101,9,open_exit
PANW,2021-09-27,2021-10-18,80.97046530532836,85.8187329864502,0.05987698925577001,15,close_exit
TRGP,2021-09-28,2021-10-19,45.14258793417661,50.548016571044926,0.11974122185352076,15,close_exit
MTDR,2021-09-29,2021-10-20,34.16489908440501,41.40678411483765,0.21196857665352486,15,close_exit
OVV,2021-09-30,2021-10-21,29.906826254269987,34.075334333419804,0.13938316435548392,15,close_exit
AA,2021-10-18,2021-10-22,52.38172736802641,48.047101439917874,-0.0827507252224442,3,open_exit
DVN,2021-10-04,2021-10-25,29.8047274534134,32.28396362113953,0.08318264851109025,15,close_exit
COP,2021-10-04,2021-10-25,59.76267123329013,64.48085837173463,0.07894873239562106,15,close_exit
CF,2021-10-04,2021-10-25,55.583527306855245,53.49248933792114,-0.037619742219494046,15,close_exit
HLI,2021-10-06,2021-10-27,89.52353632101409,91.64492762374879,0.023696464526689276,15,close_exit
SYF,2021-10-20,2021-10-28,45.943107702896924,41.91740437889099,-0.08762366163906876,5,open_exit
AR,2021-10-26,2021-10-28,21.40069438934326,19.740125000000003,-0.07759418265279094,1,open_exit
MTDR,2021-10-21,2021-10-29,41.2999622548992,39.25915555461687,-0.049414250978891405,5,open_exit
DDOG,2021-10-14,2021-11-04,157.57874999999999,166.86652194976807,0.05894051037825898,15,close_exit
CAR,2021-10-19,2021-11-09,151.28517751251837,237.10416693115235,0.567266343138823,15,close_exit
CELH,2021-10-26,2021-11-11,33.34999872779846,35.16574268341065,0.05444509819722132,11,open_exit
ETSY,2021-11-05,2021-11-11,262.1110009918213,251.87400000000002,-0.03905597610586631,3,open_exit
TEAM,2021-10-22,2021-11-12,418.8793484344482,444.89743511962894,0.06211355795510731,15,close_exit
NFLX,2021-10-22,2021-11-12,65.2135902557373,68.22687108612061,0.046206332431117936,15,close_exit
TSLA,2021-10-28,2021-11-16,356.281384185791,334.26945768737795,-0.061782421073491856,12,open_exit
PR,2021-10-26,2021-11-16,6.504680334137332,6.255580075979233,-0.03829554188094242,15,close_exit
ENPH,2021-10-28,2021-11-18,216.32811122131346,254.3527557296753,0.175773015784624,15,close_exit
MSI,2021-10-28,2021-11-18,233.24484078563552,243.0749196853638,0.04214489318013537,15,close_exit
CHRD,2021-10-29,2021-11-19,77.97246555297443,81.36950455093384,0.0435671614828117,15,close_exit
M,2021-11-19,2021-11-22,30.892656276316327,29.1509245243728,-0.056380122717994086,0,open_exit
HUBS,2021-11-10,2021-11-23,837.598582672119,766.9663005981446,-0.0843271270214454,8,open_exit
SNOW,2021-11-16,2021-11-23,395.1975,342.8285,-0.1325134900903978,4,open_exit
GTM,2021-11-15,2021-11-24,74.95745816802977,67.79608683013916,-0.09553914330762381,6,open_exit
ENPH,2021-11-22,2021-11-24,269.2945836639404,251.75406488037112,-0.06513505969900435,1,open_exit
DDS,2021-11-23,2021-11-29,292.6471747919706,287.6429443889539,-0.017099876007940273,2,open_exit
U,2021-11-11,2021-11-30,180.0399719467163,169.165375,-0.06040101444769541,11,open_exit
DKS,2021-11-23,2021-11-30,119.35014750487076,108.82516181963895,-0.08818577861248378,3,open_exit
PFE,2021-11-29,2021-11-30,42.72168092499,40.48119520679435,-0.05244376320607458,0,open_exit
INTU,2021-11-22,2021-12-01,668.335037923515,644.4517310125498,-0.035735530169373586,5,open_exit
FDS,2021-11-11,2021-12-03,426.8440401016008,444.13228443908696,0.04050248501389664,15,close_exit
TTD,2021-11-15,2021-12-06,99.95995866394043,87.56619561004639,-0.12398727670107534,13,open_exit
AMD,2021-11-17,2021-12-06,152.05598572540282,141.06942938995363,-0.07225336301649954,11,open_exit
NVDA,2021-11-19,2021-12-07,32.1535860816793,30.84408086270407,-0.040726568279155884,10,open_exit
ACI,2021-12-07,2021-12-09,24.578322884397124,20.216080380401355,-0.17748332644637121,1,open_exit
TTEK,2021-11-24,2021-12-10,36.76510553058513,34.118040099748335,-0.0719993970542172,10,open_exit
KEYS,2021-11-24,2021-12-16,195.13751328277587,198.49070133972168,0.01718371829452736,15,close_exit
ON,2021-12-06,2021-12-17,64.0820280532837,60.16990076255799,-0.061048743455385135,8,open_exit
P,2021-11-30,2021-12-21,31.705845534324645,32.933525762557984,0.03872094270137838,15,close_exit
COST,2021-11-30,2021-12-21,523.2738774089921,517.4662961120606,-0.011098550009199681,15,close_exit
TMO,2021-11-30,2021-12-21,633.1426864384293,636.611771697998,0.005479152383616848,15,close_exit
FWONK,2021-12-01,2021-12-22,59.60694846153259,59.431405296325686,-0.002945011776943951,15,close_exit
MRVL,2021-12-06,2021-12-28,82.09181688379633,86.4092883911133,0.05259320199269668,15,close_exit
PLD,2021-12-06,2021-12-28,135.00698695524684,144.7224329071045,0.07196254187257867,15,close_exit
FDS,2021-12-09,2021-12-31,451.3637636191622,462.82596636962893,0.02539460114954628,15,close_exit
LOW,2021-12-10,2022-01-03,235.52538850223226,232.64945570373536,-0.012210712470471674,15,close_exit
ZTS,2021-12-22,2022-01-05,225.5097103626622,214.74571371348452,-0.04773185434838767,8,open_exit
MORN,2021-12-22,2022-01-07,325.3955376005272,306.3703362794237,-0.05846792325855377,10,open_exit
ACN,2021-12-17,2022-01-10,366.13012617455587,335.3668697813835,-0.08402273998754661,14,open_exit
CUBE,2021-12-29,2022-01-10,45.59861170702969,41.29388116338961,-0.09440485976410651,7,open_exit
CPT,2021-12-30,2022-01-10,151.10786393238638,140.83924395274326,-0.06795556308199713,6,open_exit
ON,2022-01-04,2022-01-10,70.58527805328369,62.97849332237244,-0.10776729851753242,3,open_exit
CSL,2021-12-17,2022-01-10,232.0478619534783,226.3076269836426,-0.024737288770997345,15,close_exit
CF,2021-12-22,2022-01-13,62.36059317631144,59.607819272995,-0.04414284347061215,15,close_exit
AA,2021-12-23,2022-01-14,56.324263672951915,58.547299383163455,0.03946852679903001,15,close_exit
H,2022-01-10,2022-01-18,97.44911552786897,90.28466420815684,-0.07351992145750363,4,open_exit
F,2022-01-07,2022-01-20,18.38860111215682,16.292680128298752,-0.11397935988031416,7,open_exit
LPLA,2022-01-10,2022-01-20,173.7314100210629,162.05252571218696,-0.06722379279290958,6,open_exit
RJF,2022-01-10,2022-01-20,101.84353160169937,95.70406634237824,-0.06028331070972681,6,open_exit
APA,2022-01-18,2022-01-20,29.391174047044615,27.470207416735807,-0.06535862185137742,1,open_exit
RRX,2022-01-05,2022-01-21,168.7056412679009,156.56704980471073,-0.0719513074486604,10,open_exit
OVV,2022-01-18,2022-01-21,36.129711672960575,33.24997799181163,-0.07970541550997567,2,open_exit
AIG,2022-01-10,2022-01-24,55.22305912376369,51.1421990022441,-0.07389775550778044,8,open_exit
KEY,2022-01-14,2022-01-24,20.954205046596464,19.425491710958653,-0.07295496690226932,4,open_exit
DVN,2022-01-04,2022-01-26,37.47601486057426,41.90496324539185,0.11818087919153197,15,close_exit
WTFC,2022-01-11,2022-01-28,93.38150924339065,88.85730921580955,-0.048448564006276396,11,open_exit
AR,2022-02-03,2022-02-09,20.83040969467163,19.450269084930422,-0.06625604728716616,3,open_exit
CTSH,2022-02-10,2022-02-23,83.38497631548515,79.54333292982753,-0.046071169596821004,7,open_exit
MPC,2022-02-03,2022-02-25,71.14895617406832,69.74363704299927,-0.019751788453942876,15,close_exit
MOS,2022-02-03,2022-02-25,38.591155893950265,44.119892976760866,0.14326435564676387,15,close_exit
ADM,2022-02-03,2022-02-25,66.81116066446262,69.65005592727661,0.042491332803981985,15,close_exit
EXC,2022-02-03,2022-02-25,35.92158409906537,36.535838237762455,0.017099862216629402,15,close_exit
MCK,2022-02-03,2022-02-25,264.38933865619197,269.0890209960938,0.01777561214755785,15,close_exit
WRB,2022-02-03,2022-02-25,35.554562096869724,36.54909149551392,0.027971920901024294,15,close_exit
ABBV,2022-02-03,2022-02-25,118.79799843706647,127.22075111389161,0.07089978608761749,15,close_exit
MET,2022-02-03,2022-02-25,60.70364335984189,59.811605268478395,-0.014694967912809331,15,close_exit
CB,2022-02-03,2022-02-25,194.8794017605121,195.08982999420166,0.0010797869440719587,15,close_exit
KEX,2022-03-30,2022-04-04,74.80738164138793,70.8245706100464,-0.05324088270371985,2,open_exit
WAB,2022-03-29,2022-04-05,96.60995819847909,90.9303203433703,-0.05878936251520095,4,open_exit
SAIC,2022-03-29,2022-04-18,87.45817511553592,82.78993716071442,-0.053376804954534784,12,open_exit
MTDR,2022-03-28,2022-04-19,51.07107505692416,53.441165372848516,0.04640768406152884,15,close_exit
NFG,2022-03-28,2022-04-19,59.35953505033991,64.22357893371583,0.08194208191238306,15,close_exit
EIX,2022-03-28,2022-04-19,55.55348007720621,58.50491641044617,0.053127838780543835,15,close_exit
KMI,2022-03-28,2022-04-19,14.752567785722142,15.422384437561035,0.04540339428144535,15,close_exit
AM,2022-03-28,2022-04-19,8.39585343668565,8.469111943244934,0.008725558052166793,15,close_exit
IDA,2022-03-28,2022-04-19,99.79095046994874,99.35013376235962,-0.004417401633245999,15,close_exit
OGE,2022-03-30,2022-04-21,33.59049728816615,35.281872638702396,0.05035279281596461,15,close_exit
TRGP,2022-04-04,2022-04-26,70.22056503280186,66.95926317083011,-0.04644368584115355,14,open_exit
WPC,2022-08-01,2022-08-05,68.9984863170394,64.60596060843501,-0.06366118944147958,3,open_exit
ALSN,2022-08-01,2022-08-05,39.283379901616435,35.37071619273925,-0.09960099458540184,3,open_exit
CELH,2022-08-05,2022-08-10,34.48723622131347,32.217216920852664,-0.0658220126974951,2,open_exit
LNG,2022-08-01,2022-08-22,142.19933278140536,159.13441276550293,0.11909394828266096,15,close_exit
HEI,2022-08-01,2022-08-22,157.37345758006202,158.17198833465577,0.005074113302667271,15,close_exit
SO,2022-08-01,2022-08-22,66.38471872433588,69.03152227020264,0.039870675009676226,15,close_exit
SIRI,2022-08-01,2022-08-22,57.90239906591396,54.96158016967774,-0.050789240923998724,15,close_exit
GWW,2022-08-01,2022-08-22,521.4812501293366,553.0057684631348,0.060451873055799465,15,close_exit
RSG,2022-08-01,2022-08-22,131.42605488082893,139.29951705932618,0.0599079245408114,15,close_exit
O,2022-08-01,2022-08-22,59.38559808170056,57.8515147895813,-0.025832581327356885,15,close_exit
CHRW,2022-08-01,2022-08-22,100.46840226197753,105.60355913543702,0.05111215822930326,15,close_exit
SRPT,2022-08-05,2022-08-26,100.65029847335815,111.83405438995362,0.11111498014639065,15,close_exit
SMCI,2022-08-26,2022-08-29,7.413704847335815,6.832581965684891,-0.07838494971373933,0,open_exit
CELH,2022-08-24,2022-08-30,38.119048473358156,35.395627225875856,-0.07144515292362896,3,open_exit
LNG,2022-08-24,2022-08-31,165.7139832823143,153.24054659560753,-0.07527087599757187,4,open_exit
CF,2022-08-25,2022-08-31,105.90239588028135,96.20292065367504,-0.09158881766538318,3,open_exit
NBIX,2022-08-10,2022-08-31,108.05399999999999,104.57768225479127,-0.0321720412498262,15,close_exit
OXY,2022-08-24,2022-09-02,69.65099493790073,66.25948480893096,-0.048692917193696394,6,open_exit
CLH,2022-08-25,2022-09-02,122.86140305328368,118.71061164474487,-0.03378433995856822,5,open_exit
WCC,2022-09-12,2022-09-14,141.57608814473627,133.4646386174035,-0.05729392324387628,1,open_exit
ACHC,2022-08-24,2022-09-15,82.61128469467162,83.75810305023194,0.013882102908808536,15,close_exit
GPC,2022-09-12,2022-09-16,146.43073890355396,137.12318277250046,-0.06356285709371368,3,open_exit
SJM,2022-08-25,2022-09-16,125.61173176645374,121.31929962921143,-0.03417222322213587,15,close_exit
CLH,2022-09-12,2022-09-19,123.50172244262694,114.29282347488405,-0.07456494359437715,4,open_exit
ALB,2022-09-12,2022-09-22,285.166541138867,274.5465450227472,-0.03724138208398087,7,open_exit
SRE,2022-09-12,2022-09-23,76.90232683372452,72.20929362915311,-0.06102589346507703,8,open_exit
IONS,2022-09-12,2022-09-26,47.143558931350704,43.04846469497681,-0.08686434221771577,9,open_exit
RGA,2022-09-13,2022-09-26,120.62300127528245,113.68082781701965,-0.05755265069569582,8,open_exit
HUBB,2022-09-12,2022-10-03,213.23034026981915,215.5608973236084,0.01092976286038927,15,close_exit
POST,2022-10-31,2022-11-04,90.55525713729858,86.7765896949768,-0.0417277534378,3,open_exit
KNSL,2022-10-31,2022-11-14,312.4918666682309,281.0460056133674,-0.1006293744222444,9,open_exit
ELF,2022-10-31,2022-11-21,43.84190969467163,54.39278816986084,0.24065736526234227,15,close_exit
GILD,2022-10-31,2022-11-21,68.85343037157061,74.32718244171143,0.07949861089856336,15,close_exit
FNB,2022-10-31,2022-11-21,12.66264563624882,12.183427028656007,-0.0378450618740348,15,close_exit
WFRD,2022-10-31,2022-11-21,39.57787623933238,40.54616117477417,0.02446530808238534,15,close_exit
LLY,2022-10-31,2022-11-21,348.25043080403634,351.32415849304203,0.008826199243771482,15,close_exit
RJF,2022-10-31,2022-11-21,112.22741289122317,116.38079874038696,0.037008657173532855,15,close_exit
TMUS,2022-10-31,2022-11-21,143.515803752901,143.2576962814331,-0.0017984602720986231,15,close_exit
PGR,2022-10-31,2022-11-21,117.74200278428687,118.33537973785401,0.005039636998992236,15,close_exit
MPC,2022-11-23,2022-12-05,115.90260859276917,110.2090108723794,-0.04912398253601502,6,open_exit
AXON,2022-11-11,2022-12-05,178.25908316802978,183.91798950958253,0.031745402483746465,15,close_exit
SMCI,2022-11-14,2022-12-06,8.298146671772002,8.623686259269714,0.03923039690357699,15,close_exit
ALNY,2022-12-05,2022-12-07,231.59573572540282,219.2803043899536,-0.05317641664202011,1,open_exit
STLD,2022-11-22,2022-12-14,98.62431273071685,102.98995265197755,0.04426535202511994,15,close_exit
POST,2022-11-22,2022-12-14,92.6262918319702,92.47373664474487,-0.0016469965946825926,15,close_exit
FHN,2022-11-22,2022-12-14,21.49710736815451,21.353200123786927,-0.0066942608558007155,15,close_exit
ROST,2022-11-23,2022-12-15,111.04238682777952,109.5350717048645,-0.013574232020541643,15,close_exit
TJX,2022-11-23,2022-12-15,76.31691977455868,74.96362858581543,-0.01773251846040036,15,close_exit
FLEX,2022-11-23,2022-12-15,15.712449771881102,16.803952676773072,0.0694673918286961,15,close_exit
APD,2022-11-23,2022-12-15,281.1375639330152,287.4371726531983,0.022407566715930027,15,close_exit
CASY,2022-12-08,2022-12-28,240.52710827065872,227.28180193915696,-0.05506783175806185,12,open_exit
SAIC,2022-12-06,2022-12-28,108.3356816802344,105.1245812149048,-0.029640284858386323,15,close_exit
GIS,2022-12-08,2022-12-30,74.40656192519663,71.5586012992859,-0.0382756648368443,15,close_exit
TTC,2022-12-15,2023-01-09,106.0874817577353,107.76912467575073,0.015851473615479783,15,close_exit
WAB,2022-12-15,2023-01-09,100.46847381912768,98.97529838562012,-0.014862129151038017,15,close_exit
ELF,2023-01-09,2023-01-11,57.97897576332092,50.98449332237244,-0.12063825462355582,1,open_exit
ROIV,2023-01-09,2023-01-20,9.264630228996277,8.755620228767395,-0.05494121056615853,7,open_exit
FIVE,2023-01-11,2023-01-20,192.26608316802978,181.99895133972169,-0.053400639671507766,5,open_exit
URI,2023-01-09,2023-01-31,369.2645221238684,425.0109599914551,0.15096613546016946,15,close_exit
ARMK,2023-01-09,2023-01-31,30.503192946861237,30.87484988117218,0.01218419773164059,15,close_exit
CAT,2023-01-09,2023-01-31,235.27044911271605,239.266933883667,0.01698676899722451,15,close_exit
AFL,2023-01-09,2023-01-31,68.11021634211573,68.04214904022217,-0.0009993699264095879,15,close_exit
TKO,2023-01-09,2023-01-31,79.47085026733917,79.59836450195313,0.0016045409629441565,15,close_exit
EHC,2023-01-09,2023-01-31,59.69613809173963,60.75527077293396,0.017742063641816852,15,close_exit
AMKR,2023-01-10,2023-02-01,28.372873152320544,28.041464654922486,-0.011680470131413268,15,close_exit
SLB,2023-01-10,2023-02-01,51.029253194641065,51.06993413162232,0.0007972081587415136,15,close_exit
AXON,2023-02-01,2023-02-09,197.2585836639404,186.90650000000002,-0.05247976271378241,5,open_exit
KD,2023-02-09,2023-02-10,16.548270915985107,15.562214694976808,-0.05958666171314608,0,open_exit
SCCO,2023-02-02,2023-02-13,65.40593151303514,61.75967064237159,-0.05574816819078354,6,open_exit
JBL,2023-01-23,2023-02-13,78.98580004638093,83.26854082489014,0.05422165472774032,15,close_exit
H,2023-01-23,2023-02-13,107.82842553872248,109.78063062667847,0.018104735167953745,15,close_exit
WYNN,2023-02-01,2023-02-23,101.19482390206115,102.33124744033815,0.011230055989591481,15,close_exit
ALGM,2023-02-01,2023-02-23,38.41920152664184,43.76810591506958,0.139224767196646,15,close_exit
ATI,2023-02-01,2023-02-23,36.28813545799255,40.41977862739563,0.11385658472824822,15,close_exit
FICO,2023-02-01,2023-02-23,662.8012056884766,671.3341479187012,0.012874059607904886,15,close_exit
AIT,2023-02-01,2023-02-23,138.8932353449149,136.1107893447876,-0.02003298427902278,15,close_exit
ELF,2023-02-02,2023-02-24,69.29463213729858,73.30332633972168,0.05784999615093378,15,close_exit
KD,2023-02-14,2023-02-27,16.46822908401489,15.592200381278992,-0.05319507630521281,7,open_exit
EG,2023-02-10,2023-03-06,356.60796993249863,358.28094447326663,0.00469135488218253,15,close_exit
COTY,2023-02-13,2023-03-07,10.50525,11.344325381278992,0.07987200507165393,15,close_exit
ACGL,2023-02-14,2023-03-08,62.79068387618141,66.80524186325074,0.06393556717722237,15,close_exit
VRT,2023-02-24,2023-03-10,16.1893881331301,15.32670364052859,-0.05328703503229415,9,open_exit
PCOR,2023-02-24,2023-03-10,66.30313164138794,61.88903816986085,-0.06657443415194153,9,open_exit
SMCI,2023-02-27,2023-03-13,9.890942679405212,9.095450381278992,-0.08042633790433174,9,open_exit
UAL,2023-03-08,2023-03-13,54.25711454200744,49.48524332237244,-0.08794922582807974,2,open_exit
EME,2023-02-24,2023-03-14,164.48716124075415,157.5791204176384,-0.04199744691930507,11,open_exit
FTI,2023-02-27,2023-03-14,14.796397972768556,13.557154868016777,-0.08375302604272306,10,open_exit
AXON,2023-03-07,2023-03-14,222.23105511474608,214.6626192703247,-0.03405660761729956,4,open_exit
MTSI,2023-03-09,2023-03-14,72.80638164138793,70.57469561004639,-0.030652340921621946,2,open_exit
FIX,2023-02-24,2023-03-17,138.70573543440787,132.80282806396485,-0.042557053260673716,15,close_exit
PWR,2023-02-24,2023-03-17,157.56916762910197,154.31737973785403,-0.0206372092978383,15,close_exit
ALGM,2023-03-17,2023-04-10,46.033003320693965,46.176900762557985,0.003125962493942591,15,close_exit
LSCC,2023-03-17,2023-04-10,93.06650664138793,91.39428244018555,-0.017968055980074005,15,close_exit
PEN,2023-03-17,2023-04-10,265.96290156555176,278.68059732055667,0.0478175553061877,15,close_exit
WING,2023-03-17,2023-04-10,178.71587191033257,175.74818729400636,-0.016605601867388686,15,close_exit
AVGO,2023-03-17,2023-04-10,60.66353394747842,60.165455049514776,-0.008210515701160381,15,close_exit
DUOL,2023-03-17,2023-04-10,127.49371530532837,134.6326469497681,0.0559943808002068,15,close_exit
CDNS,2023-03-17,2023-04-10,206.8833887786865,213.5031956100464,0.031997768745181565,15,close_exit
TXRH,2023-03-17,2023-04-10,101.80843659270842,104.8705121459961,0.030076835042047945,15,close_exit
PODD,2023-03-21,2023-04-12,318.52918011474605,316.1318635406494,-0.007526207091083537,15,close_exit
DRI,2023-03-21,2023-04-12,135.74546220591944,136.4655618209839,0.005304778541857402,15,close_exit
FIVE,2023-04-11,2023-04-17,217.1085,205.89700000000002,-0.05164007857822228,3,open_exit
AU,2023-04-13,2023-04-20,25.001755337434513,23.923317739427223,-0.04313447529792325,4,open_exit
ELF,2023-04-11,2023-05-02,84.18206938934325,91.69412786483765,0.08923584951031582,15,close_exit
CDNS,2023-04-11,2023-05-02,212.56623671722411,208.8655162200928,-0.017409728629925292,15,close_exit
BLDR,2023-04-12,2023-05-03,93.59677805328369,107.40626908493043,0.14754237612522458,15,close_exit
CHE,2023-04-12,2023-05-03,552.8137925227544,543.2593623657227,-0.0172832702191279,15,close_exit
KBR,2023-04-12,2023-05-03,54.46605105101976,56.256731525421145,0.03287700209299205,15,close_exit
HCA,2023-04-13,2023-05-04,268.23917416449126,270.5240636138916,0.008518104995354658,15,close_exit
BSX,2023-04-13,2023-05-04,51.32564923667908,51.91402862739563,0.011463652179115158,15,close_exit
CRS,2023-05-03,2023-05-05,53.397656724455636,49.7782057717148,-0.06778295481050878,1,open_exit
AAON,2023-04-14,2023-05-05,63.605426547983576,67.8594630241394,0.06688165942801438,15,close_exit
PHM,2023-04-17,2023-05-08,58.50813332555668,66.06164869689941,0.12910197167482207,15,close_exit
SYK,2023-04-20,2023-05-10,289.4603432328798,276.34161372400297,-0.04532133611933975,13,open_exit
AU,2023-05-05,2023-05-12,25.290173200220742,22.32062656434811,-0.11741899165193193,4,open_exit
ONON,2023-05-08,2023-05-17,33.916951526641846,29.295344466209414,-0.13626245438957418,6,open_exit
VKTX,2023-05-17,2023-05-19,24.652319389343262,23.268360686302188,-0.05613908700368919,1,open_exit
BRBR,2023-05-09,2023-05-22,37.35867015266418,35.422278627395634,-0.05183245327940178,8,open_exit
TDG,2023-05-03,2023-05-24,660.8395184228954,666.0826246032715,0.00793400823378243,15,close_exit
SMCI,2023-05-04,2023-05-25,13.2886405878067,20.675657823562624,0.5558896101482382,15,close_exit
PEN,2023-05-04,2023-05-25,301.15049999999997,304.74754389953614,0.011944339788697578,15,close_exit
BLDR,2023-05-04,2023-05-25,109.23459030532837,116.7316059150696,0.06863224907774956,15,close_exit
DUOL,2023-05-19,2023-05-26,152.74633316802976,143.61815744018554,-0.05976035914264932,4,open_exit
SPOT,2023-05-05,2023-05-26,141.39066732788086,150.23484255981447,0.06255133665522794,15,close_exit
HUBS,2023-05-05,2023-05-26,453.72675,495.96188645935064,0.0930849601866115,15,close_exit
MRVL,2023-05-30,2023-05-31,66.83338078327533,61.137566237712065,-0.0852240972820667,0,open_exit
BSY,2023-05-10,2023-06-01,45.588918363109705,48.499057584762575,0.06383435550003602,15,close_exit
TOL,2023-05-12,2023-06-05,63.4912218431472,68.91445436859131,0.08541704456156163,15,close_exit
COKE,2023-05-22,2023-06-13,64.37888712194875,63.02729322052002,-0.020994365728449038,15,close_exit
DV,2023-05-25,2023-06-16,33.006496679306025,37.171403627395634,0.1261844596400583,15,close_exit
NVDA,2023-05-26,2023-06-20,37.83131791434814,43.700955059051516,0.15515285927898437,15,close_exit
ELF,2023-05-26,2023-06-20,103.38166683197021,107.13640744018555,0.03631921135802596,15,close_exit
PLTR,2023-05-26,2023-06-20,12.846420152664184,15.782104961872102,0.22852162503801465,15,close_exit
NU,2023-05-26,2023-06-20,6.923460076332092,7.6761598284244545,0.10871728063623465,15,close_exit
VNT,2023-05-30,2023-06-21,29.897585287970085,30.992731813430787,0.03662993231434508,15,close_exit
ORCL,2023-05-31,2023-06-22,100.54371592154824,115.93226976013185,0.15305336288337412,15,close_exit
GE,2023-06-02,2023-06-26,82.81620898734535,81.91002852630616,-0.010942066439888043,15,close_exit
NU,2023-06-21,2023-06-27,7.713855038166046,7.386304866552353,-0.04246257804859743,3,open_exit
MDB,2023-06-06,2023-06-28,385.2025147705078,397.82097901916507,0.032758000700423784,15,close_exit
UBER,2023-06-27,2023-07-07,44.71234362602234,42.04896469497681,-0.05956697222856944,6,open_exit
BLDR,2023-06-14,2023-07-07,126.06299999999999,133.03345610046387,0.05529343344568893,15,close_exit
SPOT,2023-06-20,2023-07-12,156.2780969467163,165.70709828948975,0.060334759169663466,15,close_exit
PANW,2023-06-23,2023-07-13,123.48170816802978,118.08592414474488,-0.04369703094763233,12,open_exit
ELF,2023-06-21,2023-07-13,107.0535,115.5521956100464,0.07938736809208846,15,close_exit
TOL,2023-06-21,2023-07-13,72.75199048986035,79.96789247512818,0.09918494238688269,15,close_exit
SSD,2023-06-21,2023-07-13,130.3485299991166,140.86457581329347,0.08067636677028989,15,close_exit
WCC,2023-06-22,2023-07-14,167.51113934628847,167.6550831604004,0.0008593089072981286,15,close_exit
DV,2023-07-13,2023-07-17,41.65081606864929,39.500240457534794,-0.05163345677476994,1,open_exit
NU,2023-07-14,2023-07-17,8.154074618339537,7.746125,-0.050030155159729306,0,open_exit
CELH,2023-07-17,2023-07-19,51.06218520355225,47.789424938201904,-0.06409361942313951,1,open_exit
NVT,2023-06-27,2023-07-19,47.93907920587901,52.752777591705325,0.10041282531008622,15,close_exit
COIN,2023-07-14,2023-07-21,106.73334030532837,102.51871469497681,-0.03948743287050638,4,open_exit
CVNA,2023-07-20,2023-07-21,10.679336786270142,9.423286449909211,-0.11761501313225442,0,open_exit
CCL,2023-06-29,2023-07-21,16.985672378273698,17.588420857429504,0.0354857002850697,15,close_exit
ISRG,2023-07-17,2023-07-25,354.17699999999996,322.5986297607422,-0.08915985577622987,5,open_exit
SIRI,2023-07-21,2023-07-25,62.36442111745243,53.12167838925302,-0.14820537996804828,1,open_exit
SPOT,2023-07-13,2023-07-26,167.0835,141.61915744018555,-0.152404890727178,8,open_exit
MDB,2023-07-19,2023-07-27,429.7647627868652,415.4321946411133,-0.03334979827757523,5,open_exit
OMF,2023-07-25,2023-07-27,37.8654010596993,35.44181974066602,-0.064005167018097,1,open_exit
CPRT,2023-07-17,2023-07-28,46.80839234733581,44.47775,-0.04979112143056674,8,open_exit
PRI,2023-07-07,2023-07-28,190.4074909513759,201.90125717163087,0.06036404430742759,15,close_exit
MSTR,2023-07-10,2023-07-31,38.1360590801239,43.76610420036316,0.14763049082786783,15,close_exit
XPO,2023-07-14,2023-08-04,61.030499999999996,71.28433969497681,0.16801172684111743,15,close_exit
PLTR,2023-08-01,2023-08-07,19.46972908401489,18.240875000000003,-0.06311613678404016,3,open_exit
ABNB,2023-07-24,2023-08-09,147.13352755737304,140.06992938995361,-0.04800808003916757,11,open_exit
SMCI,2023-07-28,2023-08-10,33.465725812911984,26.528728816986085,-0.20728661421260486,8,open_exit
META,2023-07-31,2023-08-10,321.0326302195176,305.1066916806612,-0.04960847290808568,7,open_exit
XP,2023-07-21,2023-08-11,22.581825678370794,22.26901701068878,-0.01385223108783562,15,close_exit
ONON,2023-08-10,2023-08-14,36.71835076332092,34.30283969497681,-0.06578484649035587,1,open_exit
WFRD,2023-07-25,2023-08-15,74.3831363565204,82.89481115722657,0.11443016814872498,15,close_exit
DVA,2023-08-07,2023-08-16,111.12553469467163,104.91751622009278,-0.05586491432087137,6,open_exit
PHM,2023-07-26,2023-08-16,82.43313473129272,80.64139893722535,-0.021735626091472837,15,close_exit
SAIA,2023-07-27,2023-08-17,423.9418759918213,403.5181412200928,-0.04817578995692917,15,close_exit
OC,2023-07-27,2023-08-17,134.35890131468446,127.99738591766358,-0.047347182321188064,15,close_exit
DKS,2023-08-16,2023-08-23,139.04111415040396,101.17872945515805,-0.2723107113072274,4,open_exit
FTAI,2023-08-07,2023-08-28,32.55722754780521,34.37431806755066,0.05581220074950588,15,close_exit
LLY,2023-08-09,2023-08-30,509.652127612809,537.3161684570313,0.05428024204235071,15,close_exit
CELH,2023-08-10,2023-08-31,58.42586581420898,65.31399109649658,0.11789513405229557,15,close_exit
APP,2023-08-14,2023-09-05,38.41920152664184,42.51873091506958,0.10670522097094892,15,close_exit
PR,2023-08-14,2023-09-05,10.982744621942015,13.02007037973404,0.18550242475107082,15,close_exit
PFGC,2023-08-17,2023-09-07,63.13154847335815,59.700134542465214,-0.054353394045783765,13,open_exit
TJX,2023-08-17,2023-09-08,85.96833780996346,88.18713132476807,0.02580942671835018,15,close_exit
CSCO,2023-08-18,2023-09-11,50.49725675321912,52.48755611228943,0.03941400953317009,15,close_exit
ROIV,2023-09-11,2023-09-12,12.656324618339537,11.384305343151093,-0.10050463412934563,0,open_exit
FRHC,2023-08-21,2023-09-12,89.55475713729858,88.93551335525513,-0.006914694448828418,15,close_exit
APPF,2023-08-29,2023-09-14,192.68629133605955,181.48921183013917,-0.05811041059683808,10,open_exit
P,2023-09-06,2023-09-14,39.879930610656736,37.42127862739563,-0.061651360612049455,5,open_exit
ANET,2023-08-23,2023-09-14,47.02850356864929,46.86655438995361,-0.0034436387808783886,15,close_exit
ELF,2023-08-31,2023-09-18,136.66830610656737,124.68762500000001,-0.08766246870159788,10,open_exit
CVNA,2023-09-15,2023-09-18,11.117556465625762,10.52673358821869,-0.05314323153957712,0,open_exit
MEDP,2023-09-12,2023-09-20,277.7487903442383,254.91247328948975,-0.08221932137470511,5,open_exit
INTC,2023-09-06,2023-09-21,35.97657128005295,33.98432299662485,-0.05537626884785152,10,open_exit
AMZN,2023-09-12,2023-09-22,142.39116732788085,131.04444561004638,-0.07968697729478291,7,open_exit
OLLI,2023-09-14,2023-09-22,78.69933366394042,74.85255438995361,-0.04887943893417468,5,open_exit
LLY,2023-09-01,2023-09-25,546.0296385136612,541.5324430541992,-0.00823617463642401,15,close_exit
BX,2023-09-18,2023-09-27,103.27676992038617,96.58606331257253,-0.06478423572862857,6,open_exit
DELL,2023-09-07,2023-09-28,66.24000703910066,65.24982184219361,-0.014948446432418883,15,close_exit
FTI,2023-09-13,2023-10-02,21.05104067420368,20.126333221924437,-0.04392692345193161,12,open_exit
KKR,2023-09-18,2023-10-03,63.23210556854413,59.25274507765411,-0.06293259500233406,10,open_exit
FICO,2023-09-20,2023-10-03,913.8467096557616,860.9992776794434,-0.0578296462830461,8,open_exit
CRS,2023-09-14,2023-10-04,68.14663739619765,63.40889438114398,-0.06952277025070086,13,open_exit
ARES,2023-09-21,2023-10-12,96.69606078851695,100.67500200271607,0.041148948382720985,15,close_exit
NU,2023-11-13,2023-11-17,8.55427519083023,7.916040076255799,-0.07461007511876505,3,open_exit
ADBE,2023-11-13,2023-12-05,590.2749704589844,601.9188607177734,0.019726213784289515,15,close_exit
AVGO,2023-11-13,2023-12-05,92.18427571614993,88.51236993026734,-0.03983223556682236,15,close_exit
ZS,2023-11-13,2023-12-05,175.7178198852539,198.81054866027833,0.1314193904187082,15,close_exit
FTAI,2023-11-13,2023-12-05,39.151688372848724,40.99034738731385,0.04696244506635927,15,close_exit
HRB,2023-11-13,2023-12-05,41.199479241248326,41.90585543823242,0.017145270037221216,15,close_exit
SNPS,2023-11-13,2023-12-05,516.4880954589844,535.44216696167,0.03669798330170959,15,close_exit
KLAC,2023-11-13,2023-12-05,51.83713930617067,52.63623966789246,0.015415595312889163,15,close_exit
INTC,2023-11-13,2023-12-05,37.86209277950309,41.34530669021607,0.09199739515187733,15,close_exit
BRBR,2023-11-13,2023-12-05,46.47322576332092,54.692641220092774,0.17686345894368816,15,close_exit
DKNG,2023-11-17,2023-12-08,37.51875,35.03247423744202,-0.06626755322493372,13,open_exit
GWRE,2023-12-06,2023-12-12,101.92093774795532,95.85205152511597,-0.059545039095375674,3,open_exit
IOT,2023-12-06,2023-12-21,35.167576526641845,33.62317938995361,-0.04391537004314883,10,open_exit
GTLB,2023-12-06,2023-12-28,60.019996679306026,64.58769274520874,0.07610290434217215,15,close_exit
FERG,2023-12-06,2023-12-28,166.41548637396096,185.35562482452394,0.11381235522757538,15,close_exit
SHW,2023-12-06,2023-12-28,280.00126835700144,305.87597720336913,0.09240925585157522,15,close_exit
USFD,2023-12-06,2023-12-28,44.772375,45.55721183013916,0.017529488443245755,15,close_exit
S,2023-12-07,2023-12-29,22.921454847335813,27.42628053379059,0.19653314837379865,15,close_exit
UBER,2023-12-07,2023-12-29,59.699833168029784,61.53921469497681,0.030810496936732656,15,close_exit
WING,2023-12-07,2023-12-29,246.0681550266285,253.69262453460695,0.030985193948210643,15,close_exit
AFRM,2023-12-08,2024-01-02,39.29963877868652,46.57669847488403,0.18516861534473184,15,close_exit
INTU,2023-12-12,2024-01-04,575.8197288003248,573.8261026000977,-0.0034622401778082734,15,close_exit
GWRE,2023-12-29,2024-01-05,110.51522908401489,103.90801908493043,-0.05978551602206417,3,open_exit
MSTR,2024-01-03,2024-01-09,64.35415959548949,59.970000000000006,-0.06812550459903399,3,open_exit
ESI,2023-12-21,2024-01-16,22.258376189131546,21.39208867454529,-0.03891961871905347,15,close_exit
REGN,2023-12-29,2024-01-23,871.1537430801523,946.2869957885742,0.08624568660265663,15,close_exit
NYT,2023-12-29,2024-01-23,47.063140329627004,47.25784576797486,0.004137111059401288,15,close_exit
MAR,2024-01-02,2024-01-24,220.36718007563843,232.22324679565432,0.0538014177789381,15,close_exit
BSX,2024-01-02,2024-01-24,57.48872908401489,59.890038169860844,0.04177008474716226,15,close_exit
AMGN,2024-01-03,2024-01-25,278.1667008905994,287.34456761169434,0.03299412435676308,15,close_exit
SFM,2024-01-03,2024-01-25,49.29463545799255,49.8150801525116,0.010557836358533468,15,close_exit
NBIX,2024-01-05,2024-01-29,132.86640305328368,142.1488912200928,0.06986332100137105,15,close_exit
AGO,2024-01-05,2024-01-29,72.73523089512298,79.79619491958618,0.09707763263506264,15,close_exit
APP,2024-01-24,2024-01-31,45.44270816802978,41.77909923744202,-0.08062039165978263,4,open_exit
AMD,2024-01-25,2024-01-31,183.5017086639404,165.6571354904175,-0.09724472487721048,3,open_exit
CRWD,2024-01-09,2024-01-31,66.45696370697021,73.0884375,0.09978598815121997,15,close_exit
STX,2024-01-26,2024-02-01,86.45490215011255,81.60770891658375,-0.0560661467768776,3,open_exit
S,2024-01-30,2024-02-01,28.514249999999997,27.106440838813782,-0.04937212660989554,1,open_exit
WING,2024-01-17,2024-02-07,267.9017557806762,289.49516413879394,0.08060196654999041,15,close_exit
CBOE,2024-01-24,2024-02-14,185.3269721095885,180.59653095245363,-0.025524839170941838,15,close_exit
ALL,2024-01-25,2024-02-15,150.6741438754912,153.84970292663576,0.021075673433184727,15,close_exit
FTAI,2024-01-26,2024-02-16,50.400491466597245,52.04304962539673,0.03259012186196819,15,close_exit
ONTO,2024-02-20,2024-02-21,179.27959744262694,166.51670610046386,-0.07118987059443538,0,open_exit
NTNX,2024-01-30,2024-02-21,57.008489542007446,54.402785305023194,-0.04570730180571092,15,close_exit
CRWD,2024-02-08,2024-02-22,79.21708661270141,76.19438191986085,-0.038157231250106505,8,open_exit
GDDY,2024-01-31,2024-02-22,108.60427805328368,112.9435,0.039954429277522685,15,close_exit
PSX,2024-01-31,2024-02-22,132.84965875620725,135.6463762817383,0.0210517479059793,15,close_exit
ERIE,2024-02-01,2024-02-23,330.0592028608679,335.3714454803467,0.016094817455273747,15,close_exit
LLY,2024-02-01,2024-02-23,636.5301600712141,757.269979309082,0.1896843650336375,15,close_exit
MANH,2024-02-01,2024-02-23,243.2015418319702,248.77554389953616,0.02291927109334324,15,close_exit
GDDY,2024-02-26,2024-03-06,115.05749999999999,110.48473091506959,-0.039743337765294706,6,open_exit
VKTX,2024-02-15,2024-03-08,32.176079847335814,71.74410877990724,1.2297342970401557,15,close_exit
META,2024-02-16,2024-03-11,474.184961791519,479.64900205993655,0.011523014664517994,15,close_exit
RL,2024-02-21,2024-03-13,176.25239392839302,176.5591219558716,0.0017402772276851053,15,close_exit
TOL,2024-02-22,2024-03-14,106.56885716844684,115.87338503265381,0.08731000886590978,15,close_exit
VNT,2024-02-22,2024-03-14,42.01259994606382,42.43177261543274,0.009977308471912139,15,close_exit
WING,2024-02-23,2024-03-15,330.36394606919373,343.94268872070313,0.041102374557135724,15,close_exit
AMD,2024-02-23,2024-03-15,181.95093061065674,190.96446755981447,0.04953828440946606,15,close_exit
CVNA,2024-02-26,2024-03-18,13.400697053432463,16.1499219455719,0.20515536476777907,15,close_exit
MEDP,2024-02-26,2024-03-18,400.27004232788084,390.7245534210205,-0.023847622598348606,15,close_exit
MSTR,2024-03-11,2024-03-20,155.0775,142.22984437561036,-0.08284667746378183,6,open_exit
M,2024-03-15,2024-03-25,19.41423874762491,18.633541652993042,-0.040212603995476104,5,open_exit
XPO,2024-03-06,2024-03-27,125.0625,120.85953816986084,-0.03360689119551552,15,close_exit
PVH,2024-03-28,2024-04-03,139.13116738632382,107.53195075269471,-0.2271181736432064,2,open_exit
NU,2024-03-12,2024-04-03,11.395695343494415,11.904044847488404,0.044608906141405,15,close_exit
NVDA,2024-03-25,2024-04-04,93.825608217562,90.20469054382734,-0.038591997883333895,6,open_exit
WSM,2024-03-14,2024-04-05,138.78239608879272,148.95052715301514,0.07326672078580398,15,close_exit
VST,2024-03-15,2024-04-08,61.77285816482875,73.28879198455812,0.18642384635985865,15,close_exit
FTAI,2024-03-18,2024-04-09,58.962971209300925,69.43693622207643,0.17763631645352573,15,close_exit
SFM,2024-03-18,2024-04-09,63.59178137397766,63.02847137260437,-0.008858220185097743,15,close_exit
AYI,2024-03-19,2024-04-10,260.2966181525406,264.3090635375977,0.015414896334556616,15,close_exit
APP,2024-03-19,2024-04-10,67.02349286270142,76.30182633972169,0.13843404873015297,15,close_exit
DELL,2024-04-04,2024-04-11,125.06788373740598,118.93867596076208,-0.049007047960552774,4,open_exit
CNM,2024-03-20,2024-04-11,54.567270915985105,57.1514103050232,0.04735694759257392,15,close_exit
OWL,2024-04-09,2024-04-15,17.472789656233598,16.627086617128157,-0.04840114576688259,3,open_exit
NTRA,2024-04-08,2024-04-16,97.68881938934325,90.66464408493043,-0.07190357451672791,5,open_exit
GPK,2024-04-10,2024-04-16,27.525370581444296,26.058077986210563,-0.05330691519273789,3,open_exit
DPZ,2024-04-11,2024-04-18,489.78835678284,465.3603331811612,-0.04987465149668635,4,open_exit
PR,2024-04-10,2024-04-22,16.331718925365287,15.498715747374026,-0.05100523599493856,7,open_exit
VRT,2024-04-12,2024-04-22,84.44147310009254,75.55555263808573,-0.10523170825636707,5,open_exit
PPC,2024-04-03,2024-04-24,29.76642546150377,30.48178555583954,0.024032448748706248,15,close_exit
NRG,2024-04-04,2024-04-25,69.71234288030375,70.05611042785645,0.004931229296696538,15,close_exit
CMG,2024-04-11,2024-05-02,59.65381254959106,62.808381887435914,0.05288126949509575,15,close_exit
RVMD,2024-04-11,2024-05-02,36.708343626022334,39.17040362739563,0.06707085523815226,15,close_exit
CPNG,2024-04-15,2024-05-06,21.530760457992553,23.328330152511597,0.08348844426680513,15,close_exit
SCHW,2024-04-17,2024-05-08,71.37650272521972,74.11857707977295,0.038417045524203886,15,close_exit
WFC,2024-04-19,2024-05-10,55.76369693010096,58.7726581439972,0.053959141512226694,15,close_exit
ELV,2024-04-19,2024-05-10,512.3218823443061,518.04553515625,0.011171985833892784,15,close_exit
AXP,2024-04-22,2024-05-13,226.54847168714173,232.77919731903077,0.027502836746096104,15,close_exit
PGR,2024-04-22,2024-05-13,197.90642560276385,195.2724016265869,-0.013309441409769751,15,close_exit
GME,2024-05-14,2024-05-15,64.86241683197021,40.28984637260437,-0.37884142558274514,0,open_exit
FTAI,2024-04-25,2024-05-16,70.6420181581507,77.26268752670289,0.09372140747352486,15,close_exit
VRT,2024-04-26,2024-05-17,92.66311863872623,96.49778562545777,0.041382882888736816,15,close_exit
CVNA,2024-05-03,2024-05-24,23.85192015266418,22.37080896949768,-0.06209609849800979,14,open_exit
VST,2024-05-03,2024-05-24,79.45427105977208,100.54804372406007,0.26548318149466743,15,close_exit
FRPT,2024-05-07,2024-05-29,122.84138877868652,129.74509255981445,0.05620014434683562,15,close_exit
ELAN,2024-05-09,2024-05-31,16.82840969467163,17.671160305023193,0.05007904048226264,15,close_exit
DELL,2024-05-20,2024-06-03,145.90788441536026,135.76446070684355,-0.06951936661380909,8,open_exit
VST,2024-05-28,2024-06-03,103.7735849255925,98.35195502766815,-0.05224479718814523,3,open_exit
NTRA,2024-05-13,2024-06-04,105.15254847335815,105.88703244018555,0.006984937383742951,15,close_exit
ONTO,2024-05-13,2024-06-04,224.61225,208.8755057296753,-0.07006182552520934,15,close_exit
GAP,2024-06-03,2024-06-05,27.25357264646641,25.235535454312153,-0.0740467027326015,1,open_exit
AA,2024-05-14,2024-06-05,39.439376402820415,41.65738354492188,0.05623839280437637,15,close_exit
DKS,2024-06-03,2024-06-06,217.3927163861412,208.40480109285636,-0.04134414180335344,2,open_exit
THC,2024-05-15,2024-06-06,129.95494438934327,134.61265267944336,0.035840947121993816,15,close_exit
TTD,2024-05-17,2024-06-10,93.71683316802978,92.60367652511597,-0.011877873006207684,15,close_exit
NVDA,2024-05-24,2024-06-17,104.32069197092332,130.6990983505249,0.2528588133498375,15,close_exit
LPX,2024-06-07,2024-06-21,89.32240207718215,84.38943542368027,-0.05522653375621689,8,open_exit
HOOD,2024-05-30,2024-06-21,21.310649236679076,22.27885591506958,0.045432997729795366,15,close_exit
RTX,2024-06-05,2024-06-25,104.18101788281399,97.69796608093634,-0.0622287239424939,12,open_exit
WWD,2024-06-03,2024-06-25,185.79902009719078,177.66538007354737,-0.043776549625443306,15,close_exit
INSM,2024-06-05,2024-06-27,57.80888877868652,66.91652194976807,0.15754727972628713,15,close_exit
DTM,2024-06-05,2024-06-27,63.16980365387112,66.6654649848938,0.05533753674740871,15,close_exit
TLN,2024-06-21,2024-06-28,116.65829847335814,109.44525,-0.06183056471550907,4,open_exit
IP,2024-06-25,2024-06-28,43.399488972287045,39.1060478004524,-0.09892838080596389,2,open_exit
P,2024-06-06,2024-06-28,63.26161454200744,64.17789408493043,0.014483973410361672,15,close_exit
MU,2024-06-06,2024-06-28,132.95374710645262,130.52842262268067,-0.018241866337396773,15,close_exit
SRPT,2024-06-24,2024-07-03,162.331125,153.923,-0.05179613583038978,6,open_exit
MEDP,2024-06-28,2024-07-03,427.21349999999995,404.40768035888675,-0.05338272231826291,2,open_exit
FTAI,2024-06-11,2024-07-03,83.30509318333131,104.83968955230714,0.2585027583077566,15,close_exit
CAVA,2024-06-18,2024-07-11,94.047,85.64715744018555,-0.08931536954729491,14,open_exit
AMZN,2024-07-03,2024-07-18,200.03997244262695,189.4952013397217,-0.05271332011370666,9,open_exit
MKSI,2024-07-11,2024-07-18,142.86268970568915,132.95089765744743,-0.06937985046103334,4,open_exit
CVNA,2024-06-26,2024-07-18,25.322654465675352,25.82308244228363,0.019762066306540094,15,close_exit
TXRH,2024-06-28,2024-07-22,169.14665723368967,168.2023557739258,-0.005582737934094917,15,close_exit
DTM,2024-06-28,2024-07-22,67.08066442807926,71.07847191619874,0.05959701684836083,15,close_exit
JEF,2024-06-28,2024-07-22,46.742340919135394,52.00301914405823,0.11254631500000922,15,close_exit
SFM,2024-07-01,2024-07-23,83.76186122131347,83.81807061004639,0.0006710618402379076,15,close_exit
CRUS,2024-07-01,2024-07-23,127.8939168319702,137.64115171051026,0.07621343626019517,15,close_exit
ALNY,2024-07-03,2024-07-24,247.4236530532837,232.9934456100464,-0.05832185914791943,13,open_exit
FANG,2024-07-18,2024-07-24,199.60003924410165,188.7819912280377,-0.05419862669883535,3,open_exit
APPF,2024-07-23,2024-07-25,270.135,256.27179389953614,-0.05131954800549299,1,open_exit
GE,2024-07-24,2024-07-25,169.62528492697263,161.35346938290877,-0.048765227115904586,0,open_exit
INSM,2024-07-08,2024-07-29,69.62479133605957,74.52271755981445,0.07034744564064765,15,close_exit
RVMD,2024-07-23,2024-07-31,47.90394106864929,45.45725954246521,-0.05107474398980727,5,open_exit
UTHR,2024-07-18,2024-08-01,332.3360984344482,312.13386354064943,-0.060788566120161036,9,open_exit
LDOS,2024-07-23,2024-08-01,150.09542280285382,142.1076229266131,-0.0532181443449643,6,open_exit
FTAI,2024-07-25,2024-08-05,107.22448254644162,91.13463123195129,-0.15005762613516382,6,open_exit
OGN,2024-07-30,2024-08-05,21.18266738193666,18.62211344127482,-0.12087967461762306,3,open_exit
ASTS,2024-08-01,2024-08-05,20.380185839653013,17.941025762557985,-0.11968291635247208,1,open_exit
CORT,2024-08-01,2024-08-05,38.51925,33.103438932418825,-0.1406001172811302,1,open_exit
TRGP,2024-07-19,2024-08-06,130.55967840499508,123.80482638312391,-0.05173765824481946,11,open_exit
HALO,2024-07-24,2024-08-06,55.04751045799255,52.21388167762757,-0.05147605689683932,8,open_exit
ASTS,2024-08-09,2024-08-12,22.841414923667905,20.949519084930422,-0.08282743626259037,0,open_exit
CRS,2024-07-24,2024-08-14,123.63499554627444,142.00191579437256,0.1485576164494924,15,close_exit
SPOT,2024-07-24,2024-08-14,333.7868051147461,334.1828311004639,0.0011864638734946364,15,close_exit
THC,2024-07-25,2024-08-15,146.2831117172241,155.07241889953613,0.060084223524738745,15,close_exit
SFM,2024-07-31,2024-08-21,96.82838877868652,97.86104866027833,0.010664846277181006,15,close_exit
GDDY,2024-08-05,2024-08-26,145.71281938934325,164.08791316986085,0.12610485376320613,15,close_exit
RKT,2024-08-05,2024-08-26,15.148510967093403,19.654463048934936,0.29745181500872664,15,close_exit
OHI,2024-08-05,2024-08-26,31.699840604723967,34.147453254699705,0.07721214376109486,15,close_exit
BFAM,2024-08-05,2024-08-26,128.7343331680298,137.0514351196289,0.06460671172113241,15,close_exit
ASTS,2024-08-16,2024-08-29,30.385185839653012,27.88604961872101,-0.08224850866867495,8,open_exit
SN,2024-08-09,2024-08-30,88.044,95.77208969497681,0.08777531342257072,15,close_exit
NTRA,2024-08-12,2024-09-03,114.69731938934325,113.92301335525514,-0.006750864259169931,15,close_exit
HALO,2024-08-15,2024-09-06,58.11904515266418,59.18039408493042,0.018261637462871905,15,close_exit
PPC,2024-08-15,2024-09-06,38.22510830886839,38.33084253883362,0.0027660936657358803,15,close_exit
FOX,2024-08-29,2024-09-13,37.50886757968529,35.6825914612244,-0.048689183020017235,9,open_exit
CAVA,2024-08-22,2024-09-13,103.01147908401488,122.44874713516236,0.18869031125448354,15,close_exit
SFM,2024-08-27,2024-09-18,100.88041683197021,104.8075706100464,0.03892880205498539,15,close_exit
NU,2024-08-27,2024-09-18,14.397195343494415,14.842575381278992,0.03093519447076387,15,close_exit
DUK,2024-08-27,2024-09-18,106.03287812598157,108.84817472457887,0.02655116647170841,15,close_exit
PCG,2024-08-27,2024-09-18,18.686593584490925,19.19931697177887,0.02743803384868837,15,close_exit
SMMT,2024-09-13,2024-09-19,27.513749999999998,25.077455152511597,-0.08854826577578123,3,open_exit
VIRT,2024-09-03,2024-09-24,29.304234383878267,30.003223229408267,0.0238528274232801,15,close_exit
SO,2024-09-04,2024-09-25,84.49969943365113,84.3397212753296,-0.001893239377107503,15,close_exit
AUR,2024-09-25,2024-09-27,6.2631302289962765,5.887054866552353,-0.06004591134043724,1,open_exit
GWRE,2024-09-09,2024-09-30,163.2916117172241,182.84853244018555,0.11976684238274671,15,close_exit
IOT,2024-09-09,2024-09-30,43.65181606864929,48.095938932418825,0.10180843007265628,15,close_exit
LITE,2024-09-27,2024-10-02,65.05250664138794,61.46925,-0.055082529888374476,2,open_exit
ONON,2024-09-19,2024-10-03,51.83590637397766,48.87555152511597,-0.057110120299696976,9,open_exit
RKLB,2024-09-16,2024-10-07,7.473734790086746,9.675160305023194,0.2945549416412858,15,close_exit
CRS,2024-09-19,2024-10-10,150.87412559448765,161.61062155151367,0.07116194320743285,15,close_exit
CVNA,2024-09-19,2024-10-10,33.46672576332092,38.29484217643738,0.14426617193630586,15,close_exit
TLN,2024-09-19,2024-10-10,174.51720767211913,167.80605438995363,-0.038455538979138004,15,close_exit
COHR,2024-09-19,2024-10-10,84.72234030532836,98.98048377990723,0.16829260645060518,15,close_exit
CEG,2024-09-26,2024-10-17,261.32342418971103,268.3549826812744,0.02690749408846993,15,close_exit
LITE,2024-10-18,2024-10-22,69.69483366394043,65.86705152511597,-0.05492203564587783,1,open_exit
FTAI,2024-10-01,2024-10-22,130.61402370044206,138.06455440521242,0.0570423488511298,15,close_exit
CORT,2024-10-01,2024-10-22,46.60329183197021,48.89553816986084,0.04918636104409546,15,close_exit
IOT,2024-10-11,2024-10-23,51.015496679306025,46.47675,-0.0889679994264787,7,open_exit
VST,2024-10-02,2024-10-23,118.93340639463342,124.81215834426881,0.049428937821969665,15,close_exit
CIEN,2024-10-03,2024-10-24,65.5227428627014,66.02696755981445,0.007695414982392013,15,close_exit
NEM,2024-10-23,2024-10-25,56.08796756351789,46.46952027796663,-0.17148860447935943,1,open_exit
TRU,2024-10-24,2024-10-28,108.12061649991813,103.79657186585206,-0.039992785594867075,1,open_exit
CPNG,2024-10-08,2024-10-29,25.552770915985107,25.987000000000002,0.01699342452693675,15,close_exit
AUR,2024-10-25,2024-11-01,6.493244771003723,5.287354961872101,-0.1857145158791259,4,open_exit
TPL,2024-10-11,2024-11-01,331.56859083824264,386.8678706665039,0.16678081505988995,15,close_exit
KMI,2024-10-11,2024-11-01,22.082094067874383,22.504937199592593,0.019148688091740862,15,close_exit
ILMN,2024-10-11,2024-11-01,143.81187549591064,149.68511450958252,0.040839735893986706,15,close_exit
APP,2024-10-22,2024-11-12,161.35063927459717,288.88548377990725,0.7904204475339132,15,close_exit
VFC,2024-10-30,2024-11-13,20.6268530487668,19.624069813725207,-0.048615425371518195,9,open_exit
TTD,2024-10-23,2024-11-13,117.86890255737303,127.18637500000001,0.07904945444021316,15,close_exit
MLI,2024-10-23,2024-11-13,40.18613922908458,44.59574822235108,0.1097296002516972,15,close_exit
RKLB,2024-11-14,2024-11-15,19.439715305328367,17.021485686302185,-0.12439634948580514,0,open_exit
CVNA,2024-10-25,2024-11-15,40.019999999999996,48.17590076255799,0.20379562125332318,15,close_exit
SFM,2024-10-28,2024-11-18,120.71032652664184,141.34928816986084,0.17097925452685936,15,close_exit
NCLH,2024-11-01,2024-11-22,25.262625,26.84657061004639,0.06269916962494548,15,close_exit
LBRDK,2024-11-04,2024-11-25,84.82703740310669,80.20332462692261,-0.054507535777911564,15,close_exit
GILD,2024-11-04,2024-11-25,85.32522517345859,86.1924474029541,0.010163726233743064,15,close_exit
TOST,2024-11-04,2024-11-25,30.705345534324643,42.978500000000004,0.39970742071459675,15,close_exit
APP,2024-11-25,2024-11-26,344.17199999999997,324.2977614593506,-0.05774507670771978,0,open_exit
MSTR,2024-11-19,2024-11-27,389.69475,384.0978635406494,-0.01436223213002119,5,open_exit
LLYVK,2024-11-13,2024-12-05,67.26361835861206,72.63366316986084,0.07983580042659466,15,close_exit
BWXT,2024-11-13,2024-12-05,125.71041611041625,126.57577194595338,0.006883724215637432,15,close_exit
PLTR,2024-11-14,2024-12-06,61.080524236679075,76.30182633972169,0.24920058059852357,15,close_exit
FOX,2024-11-15,2024-12-09,43.529826601931575,43.053326002120976,-0.01094653108012733,15,close_exit
PNFP,2024-11-26,2024-12-10,126.12015124835932,119.82068174036789,-0.04994816011270353,8,open_exit
RKLB,2024-11-18,2024-12-10,19.549770915985107,22.838575381278993,0.1682272636046469,15,close_exit
COLB,2024-11-26,2024-12-11,28.9887663593407,27.64180431154373,-0.04646496615620743,9,open_exit
BILL,2024-12-06,2024-12-11,95.51773622131347,89.85505152511597,-0.05928411748659046,2,open_exit
DOCU,2024-12-09,2024-12-11,106.10302805328368,96.75160305023194,-0.08813532633918397,1,open_exit
AAL,2024-12-11,2024-12-17,17.618805610656736,16.441775762557985,-0.06680531439581949,3,open_exit
EXEL,2024-11-26,2024-12-18,36.3881839313507,33.64316984748841,-0.07543696297240299,15,close_exit
CBRE,2024-11-26,2024-12-18,139.55975049591063,128.85553816986084,-0.07669985284448799,15,close_exit
DUOL,2024-11-27,2024-12-19,353.0564448852539,344.98742366027835,-0.022854762579388788,14,open_exit
WHR,2024-12-10,2024-12-19,114.77741217891766,107.51485365671331,-0.06327515479163537,6,open_exit
NOW,2024-12-11,2024-12-19,227.3215965499878,213.94098014831545,-0.05886205536450184,5,open_exit
HOOD,2024-12-17,2024-12-19,42.331156373977656,38.46075954246521,-0.09143139859726823,1,open_exit
CCL,2024-12-23,2024-12-30,26.11362365344926,24.13981167001792,-0.07558552614625835,3,open_exit
AUR,2024-12-06,2024-12-30,7.0035,6.466764790296555,-0.07663813945933395,15,close_exit
OLLI,2024-12-20,2024-12-31,117.22858316802977,110.9445,-0.05360538358654787,5,open_exit
PLTR,2024-12-23,2025-01-02,80.69032652664184,76.16189694976806,-0.05612109619334116,5,open_exit
JEF,2024-12-10,2025-01-02,75.76317468735581,75.70661170578003,-0.0007465761804358317,15,close_exit
ALK,2024-12-11,2025-01-03,62.031,63.948009542465215,0.03090405672107832,15,close_exit
BLK,2024-12-11,2025-01-03,1028.787618763458,988.7174301147461,-0.03894894137321947,15,close_exit
DRI,2024-12-20,2025-01-15,173.99043333631778,172.72501091766358,-0.007272942508328439,15,close_exit
FOX,2024-12-23,2025-01-16,45.79546714563347,45.208448310852056,-0.012818273758724685,15,close_exit
FOXA,2024-12-23,2025-01-16,48.56493445109315,47.60991116333008,-0.019664873402121308,15,close_exit
VRSN,2025-01-02,2025-01-27,206.96526574843128,209.406917137146,0.011797396920131487,15,close_exit
CEG,2025-01-17,2025-01-28,317.6157208305678,279.033393933606,-0.12147486527451679,5,open_exit
FIX,2025-01-17,2025-01-28,506.4374662906897,414.40506854680757,-0.18172509711407592,5,open_exit
BROS,2025-01-03,2025-01-28,56.84840969467163,59.5602051525116,0.047702221969001535,15,close_exit
EQT,2025-01-03,2025-01-28,46.84400292670347,48.85312850761414,0.042889707441405855,15,close_exit
EXE,2025-01-03,2025-01-28,97.05567606338761,97.83035570144654,0.0079818066235815,15,close_exit
CHWY,2025-01-06,2025-01-29,37.108545152664185,38.930525762557984,0.049098680705432995,15,close_exit
KD,2025-01-06,2025-01-29,38.56927423667908,38.36081106758118,-0.005404902561004121,15,close_exit
PRMB,2025-01-07,2025-01-30,31.302506545718067,32.30192948722839,0.031927888587792275,15,close_exit
BRBR,2025-01-28,2025-02-05,79.13954847335815,75.91202194976808,-0.04078272603079858,5,open_exit
PEGA,2025-01-29,2025-02-07,55.7952164081077,52.77696313589017,-0.0540951978775539,6,open_exit
HOOD,2025-01-16,2025-02-07,45.63280561065674,55.83207061004639,0.22350729618535192,15,close_exit
HOOD,2025-02-10,2025-02-12,57.208590305328364,53.14341316986084,-0.0710588587093518,1,open_exit
TWLO,2025-01-31,2025-02-18,150.075,126.70661164474488,-0.15571140000169992,10,open_exit
HUBS,2025-01-28,2025-02-19,766.7031673278808,770.5645372009278,0.0050363296221986875,15,close_exit
MMM,2025-01-28,2025-02-19,147.16542628076414,146.64999647521972,-0.003502383804203202,15,close_exit
ROKU,2025-02-18,2025-02-20,99.97996530532836,94.17289122009278,-0.05808237747934186,1,open_exit
DASH,2025-01-29,2025-02-20,185.00245866394042,202.148875,0.09268209979417774,15,close_exit
RCL,2025-01-29,2025-02-20,260.2111490131371,238.16480883026125,-0.08472481008783683,15,close_exit
FFIV,2025-01-30,2025-02-21,304.51216534423827,295.41221755981445,-0.029883692082175783,15,close_exit
LPLA,2025-01-30,2025-02-21,362.3613368914434,369.9421946716309,0.020920713686567005,15,close_exit
PLTR,2025-02-07,2025-02-24,111.71583366394043,95.83205725479127,-0.14218017167494956,9,open_exit
CART,2025-02-20,2025-02-25,52.52625,48.64566316986084,-0.0738790001216374,2,open_exit
PEN,2025-02-20,2025-02-25,303.37161122131346,288.0359026794434,-0.05055090184652278,2,open_exit
LOPE,2025-02-21,2025-02-25,188.19405610656736,178.3008043899536,-0.05256941649109026,1,open_exit
COF,2025-02-20,2025-02-26,206.3975928956913,192.6121244092863,-0.06679083943276343,3,open_exit
DUOL,2025-02-05,2025-02-27,389.6047086639404,375.5921087799072,-0.03596619746225904,15,close_exit
UGI,2025-02-12,2025-03-06,29.766777931299597,30.806433178901674,0.03492669747466648,15,close_exit
PODD,2025-02-21,2025-03-07,276.48818110656737,259.350270980835,-0.061984241268985385,9,open_exit
PRMB,2025-02-24,2025-03-07,33.49251713701157,31.348591559103557,-0.0640120767614335,8,open_exit
FOX,2025-02-25,2025-03-07,53.71535263761237,50.7731951695024,-0.054773120228011396,7,open_exit
V,2025-03-03,2025-03-07,359.737834792847,337.4691088846714,-0.061902651749152104,3,open_exit
FOXA,2025-02-25,2025-03-11,57.35770769029992,53.582004083040104,-0.06582731003907161,9,open_exit
T,2025-02-24,2025-03-17,24.917871604495133,25.08934152507782,0.0068814031673456455,15,close_exit
CNP,2025-02-24,2025-03-17,33.42784120999285,34.579808380126956,0.03446130914938483,15,close_exit
GILD,2025-02-25,2025-03-18,106.81988853185871,106.62057509231568,-0.001865883238434507,15,close_exit
VRSN,2025-02-26,2025-03-19,234.6197759720811,238.47123513031008,0.016415748170722333,15,close_exit
LOAR,2025-05-13,2025-05-14,98.15905561065674,89.64515744018556,-0.08673573841461102,0,open_exit
UI,2025-05-13,2025-05-21,433.29555162635455,399.21955612168273,-0.07864376953968066,5,open_exit
PLTR,2025-05-14,2025-05-22,129.07449950408935,121.88902194976808,-0.05566922654690298,5,open_exit
AS,2025-05-21,2025-06-02,38.40919438934326,36.411785305023194,-0.05200341001878073,6,open_exit
UBER,2025-05-13,2025-06-04,87.45370866394042,83.14840744018555,-0.049229487114136106,14,open_exit
TOST,2025-05-14,2025-06-04,44.23710765266418,41.68914408493042,-0.05759787886087775,13,open_exit
NRG,2025-05-13,2025-06-04,147.48830193210952,154.56861209106447,0.04800591007017019,15,close_exit
TEL,2025-05-13,2025-06-04,159.0926319073495,160.3019957962036,0.007601633553704801,15,close_exit
RBRK,2025-05-14,2025-06-05,83.54175,98.52071469497682,0.17929914916765366,15,close_exit
AXON,2025-05-14,2025-06-05,725.3625,787.9658053588868,0.08630623358512035,15,close_exit
RBLX,2025-05-14,2025-06-05,77.43870152664184,94.15289694976808,0.2158377541670935,15,close_exit
HWM,2025-05-14,2025-06-05,158.43455768077598,174.44369460296633,0.10104573873615741,15,close_exit
PLTR,2025-06-02,2025-06-06,131.50071505737304,123.66813835525514,-0.05956299704302437,3,open_exit
MP,2025-06-10,2025-06-12,28.494239542007445,25.52723091506958,-0.10412661206710827,1,open_exit
BA,2025-06-10,2025-06-13,217.6887918319702,200.57965267944337,-0.07859448806961566,2,open_exit
APG,2025-05-22,2025-06-13,30.762041195869443,31.88404961872101,0.03647379625127822,15,close_exit
GWRE,2025-06-05,2025-06-23,254.38712450408934,238.0009351196289,-0.06441438188510606,10,open_exit
AU,2025-06-13,2025-06-25,46.88496680837457,43.85448205799571,-0.06463659796891563,6,open_exit
WWD,2025-06-04,2025-06-26,231.00582514612879,246.45529347229007,0.0668791287682391,15,close_exit
VEEV,2025-06-04,2025-06-26,285.1425,281.0494074401856,-0.0143545510045483,15,close_exit
SPOT,2025-06-05,2025-06-27,704.5320826721191,772.2136755981446,0.09606601968972894,15,close_exit
AXS,2025-06-06,2025-06-30,104.16121593346678,102.89701971054077,-0.012136918829111165,15,close_exit
BPOP,2025-06-09,2025-07-01,103.66997973878283,110.0410823059082,0.06145561697975288,15,close_exit
STX,2025-06-10,2025-07-02,128.2888675304826,150.6203918762207,0.17407219173114874,15,close_exit
CW,2025-06-12,2025-07-07,468.20817815551305,490.3809380950928,0.047356626761472675,15,close_exit
RBLX,2025-06-16,2025-07-09,98.38916633605956,106.6266603050232,0.08372358742046382,15,close_exit
CRS,2025-06-23,2025-07-15,253.16320397598577,277.6609352874756,0.09676655582939131,15,close_exit
HOOD,2025-06-25,2025-07-17,84.98247244262694,105.39727194976807,0.24022364754006764,15,close_exit
HWM,2025-06-27,2025-07-21,177.08269914139933,187.2222295074463,0.05725872948181454,15,close_exit
ALGM,2025-06-27,2025-07-21,33.706843626022334,36.671653627395635,0.08795869569598058,15,close_exit
GEV,2025-06-30,2025-07-22,523.1160934109289,547.4722817077637,0.04655981454904712,15,close_exit
GE,2025-07-01,2025-07-23,254.21375217852267,261.71929461669924,0.029524533483561433,15,close_exit
MEDP,2025-07-23,2025-07-24,470.93536221313474,444.7674952392578,-0.055565729553419985,0,open_exit
SGI,2025-07-02,2025-07-24,69.8300647183391,73.23985863876344,0.04882988343456085,15,close_exit
FLEX,2025-07-22,2025-07-25,53.26662167930603,49.645163169860844,-0.06798738863613929,2,open_exit
JBL,2025-07-03,2025-07-25,222.5608461425849,222.1487425003052,-0.0018516448397023488,15,close_exit
TIGO,2025-07-08,2025-07-29,34.221982917700444,36.554067186355596,0.06814579605932014,15,close_exit
ASTS,2025-07-18,2025-07-30,56.09303112602234,53.57319847488404,-0.044922383414743194,7,open_exit
TPR,2025-07-10,2025-07-31,94.70800303083584,106.60283036804199,0.12559474338544896,15,close_exit
JBL,2025-07-30,2025-08-04,229.8149860843239,220.80115204442748,-0.03922213339294178,2,open_exit
NFG,2025-07-16,2025-08-06,87.1580994744806,84.79016427612305,-0.027168274809053927,15,close_exit
TOST,2025-07-22,2025-08-11,47.42370152664184,43.178400762557985,-0.08951854510342094,13,open_exit
GEV,2025-07-24,2025-08-14,631.1529988906171,623.5414668579102,-0.01205972568630076,15,close_exit
TLN,2025-07-24,2025-08-14,339.4296397705078,380.4097061004639,0.12073213864783061,15,close_exit
APH,2025-07-25,2025-08-15,104.13259214351031,108.41639151763917,0.04113793084325734,15,close_exit
IDXX,2025-07-25,2025-08-15,552.5561693115234,650.5146068420411,0.17728231620791135,15,close_exit
NEM,2025-07-28,2025-08-18,64.17012222111737,68.23994132995605,0.06342233687532817,15,close_exit
WDC,2025-07-30,2025-08-20,69.29692526050533,75.397851978302,0.0880403667963865,15,close_exit
STX,2025-08-01,2025-08-22,152.18016566925974,157.82725112152102,0.037107893971769945,15,close_exit
NVT,2025-08-04,2025-08-25,90.00287994506064,88.76120785140992,-0.013795915135256354,15,close_exit
ALAB,2025-08-07,2025-08-28,175.08749999999998,189.05541889953614,0.07977679103040569,15,close_exit
MNST,2025-08-11,2025-09-02,64.46221530532837,62.63866316986084,-0.028288697911329708,15,close_exit
CELH,2025-08-21,2025-09-08,61.53075,58.54071469497681,-0.048594163162698045,10,open_exit
ALNY,2025-08-15,2025-09-08,440.8803336639404,454.8024837799073,0.03157807017670011,15,close_exit
OHI,2025-08-15,2025-09-08,38.515255045925436,40.842094676971435,0.06041345509127449,15,close_exit
FERG,2025-08-18,2025-09-09,228.5424430628436,224.6620116043091,-0.01697904077041601,15,close_exit
DDS,2025-08-18,2025-09-09,496.80870441665076,543.4215126953126,0.09382445972518583,15,close_exit
BWA,2025-08-19,2025-09-10,41.30924159752714,42.74972497940064,0.03487072931301971,15,close_exit
IONS,2025-09-10,2025-09-16,64.33215305328369,60.99948377990723,-0.05180409974179079,3,open_exit
SOFI,2025-08-25,2025-09-16,25.192590305328366,27.4062900762558,0.08787106621819762,15,close_exit
LITE,2025-08-26,2025-09-17,124.45219438934325,163.2583263397217,0.3118155701535896,15,close_exit
ALNY,2025-09-10,2025-09-18,478.73924999999997,453.773,-0.0521499960573526,5,open_exit
ELF,2025-09-18,2025-09-22,147.59376427459716,139.1703854904175,-0.0570713730731065,1,open_exit
P,2025-08-29,2025-09-22,78.21409055328368,87.80607347488404,0.12263753057469584,15,close_exit
AU,2025-09-03,2025-09-24,57.73003680768037,64.01629279708862,0.10889055917892532,15,close_exit
ALAB,2025-09-09,2025-09-26,213.41164517211914,200.43473616027833,-0.060806939571525054,12,open_exit
LYFT,2025-09-18,2025-09-26,22.936461736679075,21.4092900762558,-0.06658270477617223,5,open_exit
MP,2025-09-26,2025-09-29,77.0385,69.28533969497681,-0.10064007353496218,0,open_exit
U,2025-09-08,2025-09-29,44.182079847335814,42.91852862739563,-0.028598726549455944,15,close_exit
VST,2025-09-23,2025-09-30,209.34321364295778,198.2647129159275,-0.05292027639322017,4,open_exit
HOOD,2025-09-09,2025-09-30,116.58826377868651,143.10840267944337,0.22746834064789456,15,close_exit
FIX,2025-09-11,2025-10-02,762.8953418809731,831.2923978271485,0.08965457277211519,15,close_exit
STX,2025-09-16,2025-10-07,209.6744070641545,223.75885317993166,0.06717293881016051,15,close_exit
DINO,2025-09-17,2025-10-08,51.21150133226048,50.98501567459107,-0.004422554539066814,15,close_exit
CVNA,2025-09-22,2025-10-09,77.60678479385376,72.41177404785157,-0.06694016199487784,12,open_exit
MU,2025-10-09,2025-10-13,192.87780871575185,190.5082414758527,-0.012285328497231185,1,open_exit
TEM,2025-10-09,2025-10-13,102.22108316802978,93.31332061004639,-0.08714212647640329,1,open_exit
HII,2025-09-25,2025-10-16,275.7776914284948,279.196178024292,0.012395805397056758,15,close_exit
LHX,2025-09-26,2025-10-17,287.6076785982919,280.43457218933105,-0.024940594228639146,15,close_exit
MP,2025-10-13,2025-10-20,86.84340305328368,83.45825,-0.038979967784158354,4,open_exit
CIEN,2025-09-29,2025-10-20,145.88290255737303,173.0334351196289,0.1861118204141714,15,close_exit
WDC,2025-09-30,2025-10-21,117.68717634208106,121.16220505905152,0.029527675189262803,15,close_exit
UI,2025-09-30,2025-10-21,656.0620531180151,717.5367430725098,0.09370255399215477,15,close_exit
CLF,2025-10-21,2025-10-22,15.487739542007445,13.093450381278993,-0.15459255072274514,0,open_exit
NVDA,2025-10-01,2025-10-22,185.09656012690644,179.96032882690432,-0.0277489289724272,15,close_exit
ASTS,2025-10-03,2025-10-24,65.69283366394042,73.66314694976808,0.12132698258383479,15,close_exit
DELL,2025-10-08,2025-10-29,152.83972881759206,162.03600689697265,0.06016942159296801,15,close_exit
FE,2025-10-13,2025-11-03,44.822518694017,44.23961839294434,-0.01300463066459645,15,close_exit
MU,2025-10-17,2025-11-07,199.18480162217054,237.56864099884035,0.19270465951252302,15,close_exit
AXP,2025-10-20,2025-11-10,344.75673723892356,364.7264810791016,0.057924158350351806,15,close_exit
CSX,2025-10-20,2025-11-10,36.51008825552879,34.75183764839173,-0.048157939110728076,15,close_exit
WBD,2025-10-22,2025-11-12,20.69034030532837,22.17890553379059,0.07194493693653126,15,close_exit
GE,2025-10-22,2025-11-12,306.5729533217921,307.68037240600586,0.0036122530452036283,15,close_exit
RTX,2025-10-22,2025-11-12,172.59538712282517,175.58496938323975,0.017321333497094527,15,close_exit
APH,2025-10-23,2025-11-13,128.96541233745774,134.4532323074341,0.042552649353895244,15,close_exit
AMKR,2025-11-04,2025-11-14,35.49606958500009,30.349333712836103,-0.14499452847418615,7,open_exit
CIEN,2025-11-11,2025-11-14,204.6322637786865,183.95797805023196,-0.10103140798370958,2,open_exit
SOFI,2025-11-13,2025-11-14,31.745864542007446,26.986500000000003,-0.14992077269496484,0,open_exit
W,2025-11-10,2025-11-17,107.58877116394042,101.03945133972168,-0.06087363721478978,4,open_exit
LITE,2025-10-27,2025-11-17,193.7268198852539,241.94897232055666,0.24891830911107293,15,close_exit
EXPE,2025-11-13,2025-11-18,271.3155979709768,240.46251598212962,-0.11371658032041199,2,open_exit
DDS,2025-11-14,2025-11-18,628.7700666213437,560.1128958067754,-0.10919281063027264,1,open_exit
MU,2025-11-11,2025-11-19,248.2213532119846,226.57491263585445,-0.0872061984032606,5,open_exit
WDC,2025-10-30,2025-11-20,137.6163718637706,139.94378704833986,0.016912342282015658,15,close_exit
VLO,2025-11-17,2025-11-21,178.0459342086523,167.85013894334196,-0.05726497103473249,3,open_exit
CRS,2025-11-18,2025-11-21,329.41166127438737,305.26914802596184,-0.07328979537344227,2,open_exit
ALB,2025-11-13,2025-12-05,111.50635035214539,124.12574177551271,0.11317195283958581,15,close_exit
TIGO,2025-11-18,2025-12-08,50.64747562364073,48.405276722762,-0.04427069411199125,12,open_exit
GILD,2025-11-14,2025-12-08,122.54714036334603,118.87383718109132,-0.02997461361696041,15,close_exit
CSCO,2025-11-14,2025-12-08,75.51724472518713,77.68787460708619,0.028743499445698095,15,close_exit
RVMD,2025-11-17,2025-12-09,67.68382652664184,77.77109255981446,0.1490351026356651,15,close_exit
JAZZ,2025-11-18,2025-12-10,170.17504133605956,164.88751622009278,-0.03107109641022532,15,close_exit
WBD,2025-11-19,2025-12-11,23.661824618339537,29.475254771232606,0.24568816000720672,15,close_exit
DTM,2025-11-21,2025-12-15,114.33623568820128,118.49516613769532,0.03637456161173236,15,close_exit
TJX,2025-11-21,2025-12-15,148.2285804555532,155.68016236114502,0.05027088489069209,15,close_exit
TRV,2025-11-21,2025-12-15,286.39842717552136,288.1861571044922,0.006242108054159257,15,close_exit
AMKR,2025-12-09,2025-12-17,43.9482726802755,40.83522655335256,-0.07083432264950218,5,open_exit
GLW,2025-12-10,2025-12-17,90.70690884842102,87.09997794631425,-0.03976467667015593,4,open_exit
CAT,2025-12-11,2025-12-18,607.0455971096208,564.7644918341225,-0.06965062505488051,4,open_exit
TSLA,2025-12-17,2025-12-30,488.46411122131343,460.8594513397217,-0.05651317926422761,7,open_exit
M,2025-12-08,2025-12-30,22.109721013978763,21.7158784198761,-0.017813096504187498,15,close_exit
MDB,2025-12-08,2025-12-30,413.2065,421.019395980835,0.01890796969756048,15,close_exit
CIEN,2025-12-09,2025-12-31,213.03645767211913,233.7530601196289,0.09724439973271792,15,close_exit
RL,2025-12-16,2026-01-02,370.4095586199973,352.9887071685457,-0.04703132261584975,10,open_exit
ROIV,2025-12-12,2026-01-06,21.780885457992554,21.599195610046387,-0.008341710822389659,15,close_exit
TIGO,2026-01-05,2026-01-08,54.36734640957127,48.84486617776248,-0.10157715239963527,2,open_exit
ROST,2025-12-16,2026-01-08,184.14924385551112,188.4048044281006,0.023109302452137825,15,close_exit
CRH,2025-12-16,2026-01-08,127.15203716931424,123.7004631881714,-0.02714525113385924,15,close_exit
LITE,2026-01-07,2026-01-09,378.2089990081787,334.13485095214844,-0.11653384285305479,1,open_exit
TKO,2025-12-17,2026-01-09,209.05530318324568,197.9582833557129,-0.05308174276643818,15,close_exit
UTHR,2025-12-18,2026-01-12,507.3335265655517,482.14881964111333,-0.049641321942448635,15,close_exit
GMED,2026-01-09,2026-01-14,95.81788164138793,89.49523091506958,-0.0659861251157875,2,open_exit
GM,2026-01-09,2026-01-21,83.17410285073692,78.86229313781502,-0.05184077212903415,6,open_exit
FIVE,2026-01-13,2026-01-21,201.99094438934324,192.8835057296753,-0.045088351298130935,4,open_exit
AU,2026-01-21,2026-01-22,104.47341281389618,95.8423369289267,-0.08261504676165266,0,open_exit
MU,2025-12-30,2026-01-22,294.6782129531013,397.15322224426274,0.34775224223132684,15,close_exit
FTAI,2025-12-31,2026-01-23,198.14848568595167,290.96885319519043,0.46843843993009915,15,close_exit
AIZ,2025-12-31,2026-01-23,240.1578380949267,231.53496195983888,-0.03590503730167438,15,close_exit
AMKR,2026-01-22,2026-01-26,55.00017028172111,49.83332155513368,-0.0939424132711203,1,open_exit
STLD,2026-01-26,2026-01-27,183.5067856238841,172.4074906351187,-0.06048438454758032,0,open_exit
LRCX,2026-01-05,2026-01-27,189.85369424191273,237.88798503112795,0.25300687975030733,15,close_exit
ROIV,2026-01-14,2026-01-29,23.451720534324643,21.879054389953616,-0.0670597341491097,9,open_exit
RVMD,2026-01-08,2026-01-30,95.25760408401489,96.90152194976807,0.017257602493374602,15,close_exit
SCCO,2026-01-09,2026-02-02,158.52663840502964,187.39037354278565,0.18207498391538612,15,close_exit
ASTS,2026-01-12,2026-02-03,95.48772244262695,115.70212213516236,0.21169632257886417,15,close_exit
MU,2026-01-28,2026-02-05,422.4088016452141,369.2232681267922,-0.12591009778033224,5,open_exit
WDC,2026-02-04,2026-02-05,285.30171573817717,255.7528505514896,-0.10357058354953852,0,open_exit
MKSI,2026-01-21,2026-02-11,215.69678456575093,258.4756474761963,0.19832870015456838,15,close_exit
ELAN,2026-01-23,2026-02-13,24.792390686988828,25.11743416118622,0.013110614393793796,15,close_exit
WFRD,2026-01-26,2026-02-17,89.82668401212938,101.59996195983888,0.1310665987193711,15,close_exit
DD,2026-01-26,2026-02-17,131.97111652431835,151.32356184387208,0.1466415214876784,15,close_exit
TER,2026-02-12,2026-02-18,324.60398525338144,306.6507281808674,-0.0553081843973664,2,open_exit
STX,2026-01-27,2026-02-18,360.91342754664146,422.8882120819092,0.1717164832479352,15,close_exit
MPWR,2026-01-29,2026-02-20,1162.4118424380447,1199.2666438598633,0.031705459352959764,15,close_exit
LUV,2026-02-18,2026-02-24,53.24334349664334,50.21750298688761,-0.05683040002824935,3,open_exit
SEB,2026-02-02,2026-02-24,5078.945789200817,4983.145364501954,-0.01886226565019855,15,close_exit
WDC,2026-02-19,2026-02-25,294.9594232112664,280.15257929364844,-0.05019959612211644,3,open_exit
LITE,2026-02-03,2026-02-25,451.96586022949214,723.0283196411133,0.5997410053803296,15,close_exit
MKSI,2026-02-17,2026-02-27,257.365926640445,238.70027647843938,-0.07252572399796586,7,open_exit
HAL,2026-02-05,2026-02-27,33.48154881226843,35.65682621192932,0.0649694377000809,15,close_exit
NOV,2026-02-05,2026-02-27,18.604504987462082,19.9761557598114,0.07372680827969891,15,close_exit
ALB,2026-02-26,2026-03-02,191.02390559880598,172.56416240034298,-0.09663577519576372,1,open_exit
MAR,2026-02-18,2026-03-03,354.3224578025706,321.80350141091924,-0.09177785848892206,8,open_exit
FTAI,2026-02-25,2026-03-04,304.1228601105556,281.83434771776825,-0.07328785604832533,4,open_exit
LITE,2026-03-03,2026-03-05,727.4135127868652,644.392669342041,-0.11413156613870823,1,open_exit
AU,2026-02-24,2026-03-06,114.32095884033949,101.20305650722511,-0.11474625883286038,7,open_exit
TPR,2026-02-27,2026-03-06,156.9984378962822,145.8403607703421,-0.07107126208040027,4,open_exit
CAH,2026-03-02,2026-03-06,231.091561509687,214.9021214383255,-0.07005638789057589,3,open_exit
MRNA,2026-03-05,2026-03-06,56.98347933197021,52.1888926525116,-0.08413994258803781,0,open_exit
COHR,2026-02-23,2026-03-09,248.30408267211914,236.27180438995362,-0.04845783505724277,9,open_exit
JBHT,2026-03-02,2026-03-09,231.5438338203632,210.78561801564143,-0.08965134360186178,4,open_exit
THC,2026-02-18,2026-03-11,234.71730610656738,234.46271183013917,-0.0010846847241533508,15,close_exit
ROIV,2026-03-05,2026-03-16,29.639812499999998,28.460762881278992,-0.03977925362115586,6,open_exit
MTZ,2026-02-25,2026-03-18,290.145,302.91847232055665,0.044024444055753786,15,close_exit
MDU,2026-03-06,2026-03-23,21.117039277171905,19.78811569367547,-0.06293134023447311,10,open_exit
COKE,2026-03-02,2026-03-23,200.91739757819664,187.7880170288086,-0.06534715613304765,15,close_exit
APA,2026-03-06,2026-03-27,32.459190916275475,43.76477734947205,0.34830154769901545,15,close_exit
NYT,2026-03-06,2026-03-27,80.81440466266108,82.2638478050232,0.017935455299243452,15,close_exit
PR,2026-03-06,2026-03-27,18.711423500339176,21.45598722076416,0.1466785100756891,15,close_exit
SAM,2026-04-10,2026-04-14,259.87987499999997,241.99893511962892,-0.06880463475815912,1,open_exit
LITE,2026-04-13,2026-04-16,889.4445,824.5995179138184,-0.07290503464373721,2,open_exit
CE,2026-04-14,2026-04-20,67.53692904601644,63.01671316840741,-0.06692954419839203,3,open_exit
VIRT,2026-04-14,2026-04-22,50.721566746491696,47.53751422088346,-0.06277512170557054,5,open_exit
TJX,2026-04-10,2026-04-30,163.97512762822902,155.5125989007548,-0.0516086119271747,13,open_exit
JAZZ,2026-04-10,2026-05-01,199.7998469467163,202.6186412200928,0.01410809025358395,15,close_exit
BPOP,2026-04-10,2026-05-01,145.67962911046595,148.52745998382568,0.01954858679108984,15,close_exit
PVH,2026-04-10,2026-05-01,91.01991475375499,91.55837729263307,0.00591587610617772,15,close_exit
NTRS,2026-04-22,2026-05-05,171.03157051273462,161.38937559244366,-0.056376696368890755,8,open_exit
RVMD,2026-04-14,2026-05-05,136.56825,147.13640171051026,0.07738366502104443,15,close_exit
ARW,2026-04-14,2026-05-05,177.26858267211912,186.31679866027832,0.051042411756035966,15,close_exit
SNX,2026-04-14,2026-05-05,206.79849828609034,234.14034806823733,0.1322149339030576,15,close_exit
MS,2026-04-16,2026-05-07,188.96415669077604,189.03432654571534,0.0003713394972260087,15,close_exit
PR,2026-05-04,2026-05-08,21.94370822729639,19.909967238377924,-0.0926799138893325,3,open_exit
MTZ,2026-04-20,2026-05-11,371.93587499999995,421.1593101196289,0.13234387545871718,15,close_exit
CAT,2026-05-06,2026-05-19,912.2644025517255,859.5646507224487,-0.05776806776836685,8,open_exit
LITE,2026-05-12,2026-05-19,1018.7390954589844,872.7333979187013,-0.14332001018818408,4,open_exit
VTRS,2026-05-08,2026-05-20,17.182461035607204,16.113541843317577,-0.062209900553506614,7,open_exit
WDC,2026-04-30,2026-05-21,427.2321895724744,486.0900243225098,0.13776544976382432,15,close_exit
INTC,2026-05-04,2026-05-26,99.22959030532836,122.03894847488404,0.22986447993357162,15,open_exit
TWLO,2026-05-04,2026-05-26,183.19155610656736,187.906,0.025735050204443555,15,open_exit
MKSI,2026-05-05,2026-05-26,296.94430750690293,333.6909812011719,0.12374937914381379,15,close_exit
VIRT,2026-05-19,2026-05-27,54.933428074641064,51.32738249337269,-0.06564392042616829,5,open_exit
TXN,2026-05-06,2026-05-27,277.767332617674,315.67499980163575,0.13647273358864997,15,close_exit
LRCX,2026-05-06,2026-05-27,286.9413603404183,318.5461221160889,0.1101436256459356,15,close_exit
GFS,2026-05-22,2026-05-28,85.59449092848553,80.97274328857938,-0.053995854052892645,3,open_exit
AAON,2026-05-08,2026-05-29,132.47397403479366,140.03235053253175,0.05705555791474115,15,close_exit
JAZZ,2026-05-20,2026-06-03,239.88988927459715,225.9969456100464,-0.0579138358292699,9,open_exit
FFIV,2026-05-19,2026-06-09,378.21901377868653,395.03239598083496,0.04445409032763936,15,close_exit
