ticker,entry_date,exit_date,entry_px,exit_px,ret,hold_days,reason
NUE,2006-01-04,2006-01-17,19.47757433421117,19.48608261940129,0.00043682468073957814,7,open_exit
AMD,2006-01-04,2006-01-18,32.51625,32.58369847488404,0.002074300538470464,8,open_exit
NEM,2006-01-04,2006-01-19,38.57871414035527,39.49007270469128,0.023623352531148445,9,open_exit
GOOG,2006-01-04,2006-01-19,10.96491122750594,11.133351475489988,0.015361752091663794,9,open_exit
GOOGL,2006-01-04,2006-01-19,11.016478508098867,11.185710525607512,0.015361716303829098,9,open_exit
FCX,2006-01-04,2006-01-23,18.23918229521889,18.114899176903812,-0.006814072928458814,11,open_exit
AON,2006-01-04,2006-01-23,29.438742790090256,28.61661751153153,-0.027926643621325797,11,open_exit
GLW,2006-01-19,2006-01-23,16.575059884741975,15.869920060122459,-0.042542218822909206,1,open_exit
RGLD,2006-01-04,2006-01-26,29.368121996035125,30.63102387237549,0.043002473107094374,15,close_exit
MSTR,2006-01-04,2006-01-26,8.70034809923172,9.565214694976808,0.09940597616105262,15,close_exit
AU,2006-01-04,2006-01-26,39.77180876176287,46.1261715927124,0.15977052663138358,15,close_exit
SRPT,2006-01-23,2006-01-27,46.52325,45.75710877990723,-0.016467921310157174,3,open_exit
CRM,2006-01-19,2006-02-02,10.093017125199568,9.849583985720388,-0.024118966257512087,9,open_exit
EXP,2006-01-27,2006-02-02,45.389305674799914,43.519106356441135,-0.04120352339729905,3,open_exit
NRG,2006-01-17,2006-02-03,18.110028193352417,17.50628376116514,-0.03333757549913097,12,open_exit
CCI,2006-01-19,2006-02-06,17.83667302014828,18.869146458931894,0.0578848666238001,11,open_exit
FTI,2006-01-23,2006-02-06,7.769654417427642,8.033554800265708,0.03396552390362784,9,open_exit
ON,2006-02-02,2006-02-06,7.513755228996277,6.846574904680253,-0.08879452470601035,1,open_exit
ATI,2006-01-18,2006-02-08,34.02920074872091,41.356673459573145,0.21532896893347275,14,open_exit
FCX,2006-01-27,2006-02-08,19.81053225808992,18.507521389654535,-0.06577364259878893,7,open_exit
RL,2006-02-06,2006-02-08,43.57792689779596,41.32434969855339,-0.0517137312320507,1,open_exit
SCCO,2006-02-03,2006-02-13,5.542989109990953,5.015185445906836,-0.09522004348389901,5,open_exit
ACN,2006-01-23,2006-02-13,21.435926979766908,22.29436253166199,0.04004657940406986,15,close_exit
SMG,2006-02-02,2006-02-14,24.23172255137775,23.520305551274564,-0.0293589115918107,7,open_exit
HXL,2006-02-06,2006-02-14,21.035731832536843,19.775845090606413,-0.059892698383885556,5,open_exit
VRTX,2006-02-08,2006-02-14,35.97797908401489,34.61268606758118,-0.037948018515590154,3,open_exit
URI,2006-01-27,2006-02-17,27.545529734589444,30.25534014987946,0.09837568714052547,15,close_exit
WCC,2006-01-27,2006-02-17,46.965849012983035,54.71451519584656,0.16498511888332978,15,close_exit
MU,2006-02-13,2006-02-22,15.951466284640588,15.672368270888247,-0.0174966995994017,5,open_exit
BLK,2006-02-14,2006-02-24,87.40481184443061,88.69856594495076,0.014801863572715623,6,open_exit
WDC,2006-02-14,2006-02-24,14.141500841321283,13.463258324382283,-0.047961141080385516,6,open_exit
LHX,2006-02-21,2006-02-27,30.24062549487759,30.154205351854323,-0.002857749851698843,3,open_exit
CMI,2006-02-06,2006-02-28,16.0810411531821,17.445267753601076,0.08483446982218723,15,close_exit
DE,2006-02-21,2006-03-01,25.71361735375813,26.080516842017957,0.01426868430109085,5,open_exit
RS,2006-02-22,2006-03-01,30.120146485685527,29.433193887381076,-0.022807080258753776,4,open_exit
RSG,2006-02-08,2006-03-02,16.689023824113587,16.805733249664307,0.006993184669200847,15,close_exit
CHRW,2006-02-09,2006-03-03,27.196302474034812,29.201000792503358,0.07371216437905459,15,close_exit
AMKR,2006-02-14,2006-03-08,6.506807769239791,7.986089277833632,0.2273436623695846,14,open_exit
BEN,2006-02-24,2006-03-08,17.1634849843491,16.911513284466988,-0.014680684028440472,7,open_exit
URI,2006-02-27,2006-03-08,31.742490767943643,30.756539194835547,-0.031060939115206354,6,open_exit
WCC,2006-03-02,2006-03-08,58.11356978791368,54.61766365392314,-0.060156451354630325,3,open_exit
ATI,2006-03-03,2006-03-08,45.53785451154487,42.59737936082482,-0.06457210560885296,2,open_exit
FFIV,2006-03-06,2006-03-08,34.78238188934326,32.9485176525116,-0.05272394060492824,1,open_exit
WRB,2006-02-14,2006-03-08,7.22090690962572,8.03519548034668,0.11276818561882918,15,close_exit
TXT,2006-02-24,2006-03-17,39.36948197117422,42.28419476890564,0.07403482727726862,15,close_exit
PEP,2006-03-09,2006-03-22,33.10007204175191,32.873114826085214,-0.0068566985407286785,8,open_exit
CSCO,2006-03-01,2006-03-22,13.073481074576398,13.726900625705719,0.0499805329125389,15,close_exit
CIEN,2006-03-02,2006-03-23,28.854420152664183,34.282849237442015,0.18813162961019048,14,open_exit
PSA,2006-03-09,2006-03-27,39.09467371883133,39.438606641790436,0.00879743684351153,11,open_exit
KIM,2006-03-09,2006-03-28,14.242321711790513,14.513413300533871,0.019034227300099182,12,open_exit
APD,2006-03-08,2006-03-29,35.8334620002269,36.91547244629658,0.03019553193221558,14,open_exit
PENN,2006-03-08,2006-03-29,8.695279648303986,9.518186790943146,0.09463837575363865,15,close_exit
QCOM,2006-03-09,2006-03-30,31.116093821451763,31.894130635261536,0.02500432150237919,15,close_exit
WM,2006-03-09,2006-03-30,20.00327112279678,20.512247366905214,0.025444650576593952,15,close_exit
CIEN,2006-03-29,2006-04-05,37.88893393135071,34.352813932418826,-0.09332856937434086,4,open_exit
FLS,2006-03-23,2006-04-07,14.201981991165942,14.153490687711898,-0.003414403953209355,10,open_exit
OSK,2006-03-27,2006-04-10,48.00487365300425,48.269309769936484,0.005508526464284902,9,open_exit
AKAM,2006-03-30,2006-04-10,31.565774236679076,31.044469466209414,-0.016514873564036026,6,open_exit
NUE,2006-03-20,2006-04-10,27.996721613993323,30.530280430793763,0.09049483906480371,15,close_exit
ROK,2006-04-07,2006-04-12,48.440482669242755,46.59492669518283,-0.03809945467846798,2,open_exit
GME,2006-03-22,2006-04-12,3.705002071188012,3.9629142305850986,0.06961187995082208,15,close_exit
EXP,2006-03-31,2006-04-13,52.35323707583101,57.06761675149392,0.09004943990061909,8,open_exit
CHRW,2006-03-23,2006-04-13,30.25475400643482,33.271548652648924,0.09971307800329399,15,close_exit
JBL,2006-03-28,2006-04-18,33.47152604579717,32.120705868141144,-0.04035729281681921,13,open_exit
LVS,2006-03-31,2006-04-24,35.470789386861796,40.226767576217654,0.1340815434775029,15,close_exit
GS,2006-04-11,2006-04-26,117.84505257614198,118.33411953913459,0.00415008481307777,9,open_exit
CAT,2006-04-12,2006-04-26,46.42011877215045,46.04875983348512,-0.00799995666723985,8,open_exit
SWK,2006-04-10,2006-04-27,30.889738398885438,30.034400768013878,-0.02769002507649665,11,open_exit
DINO,2006-04-13,2006-04-27,9.55239838401864,8.946418487401392,-0.06343746065187827,8,open_exit
ADM,2006-04-05,2006-04-27,21.891906856083185,21.888168864250183,-0.00017074765837332695,15,close_exit
PWR,2006-04-13,2006-04-28,16.18716577051506,15.710356834315785,-0.029455986487009422,9,open_exit
CRS,2006-04-18,2006-04-28,38.794196212593796,41.65456062748642,0.07373176129794534,7,open_exit
ATI,2006-04-25,2006-04-28,61.77469031832969,56.38515578952515,-0.08724502706580728,2,open_exit
OSK,2006-04-26,2006-05-01,50.42856499723345,47.84754757914295,-0.05118165504475691,2,open_exit
QCOM,2006-04-10,2006-05-02,32.50991945499215,31.80003449007464,-0.021835949667617593,14,open_exit
ILMN,2006-04-28,2006-05-04,15.328672049045561,14.589005787849427,-0.0482537729836936,3,open_exit
WCC,2006-04-17,2006-05-08,68.67967094487372,76.99734785079957,0.12110828126422013,15,close_exit
AMKR,2006-04-27,2006-05-11,11.50775236463117,11.152666205188421,-0.03085625656440949,9,open_exit
NEU,2006-04-27,2006-05-12,38.029395392017385,37.09536456162981,-0.024560759400966914,10,open_exit
JLL,2006-05-01,2006-05-12,78.48827235904007,78.94314142729395,0.005795376233701743,8,open_exit
AGCO,2006-05-09,2006-05-12,22.27814086196364,20.314140949871458,-0.08815816024601031,2,open_exit
STLD,2006-05-02,2006-05-15,10.470812203009437,10.028594887390796,-0.04223333463010093,8,open_exit
LAZ,2006-05-11,2006-05-15,21.72693133383893,20.34751992452561,-0.06348855197811276,1,open_exit
MAN,2006-04-26,2006-05-16,40.929040197493286,41.23743420451293,0.007534845809517243,13,open_exit
AKAM,2006-04-28,2006-05-16,34.36717347335815,32.67365362739563,-0.04927725136532857,11,open_exit
ADM,2006-05-12,2006-05-16,27.54652559088884,26.025075157661966,-0.05523202656563342,1,open_exit
HXL,2006-05-12,2006-05-16,22.39524147825809,20.546694184585395,-0.0825419674740866,1,open_exit
R,2006-04-28,2006-05-17,29.941583049856725,31.01157178843622,0.03573587731810379,12,open_exit
DOX,2006-04-28,2006-05-17,28.59298393124702,29.068263270230382,0.016622236424368664,12,open_exit
GRMN,2006-05-04,2006-05-18,25.72395846697952,23.491967611285027,-0.08676700588517827,9,open_exit
LIN,2006-05-12,2006-05-19,38.68442890008331,36.91982360544198,-0.045615389571837084,4,open_exit
BWA,2006-05-16,2006-05-24,11.841519925123382,11.480288785071355,-0.030505470778765975,5,open_exit
DGX,2006-05-16,2006-05-25,42.002941159461194,40.711160060741946,-0.030754539159891014,6,open_exit
AES,2006-05-15,2006-06-06,11.375221168041229,11.637827276706696,0.023085802446044967,15,close_exit
FE,2006-05-16,2006-06-07,21.621056681952094,21.89156796646118,0.012511473814084795,15,close_exit
DINO,2006-06-02,2006-06-08,10.388230302148253,9.569093588421035,-0.07885238292780472,3,open_exit
DIS,2006-05-17,2006-06-08,24.10217547214721,23.752058840751648,-0.014526349781170622,15,close_exit
LECO,2006-06-02,2006-06-13,20.817588432227513,19.054922746431334,-0.08467194418482271,6,open_exit
CMCSA,2006-06-02,2006-06-13,6.887617923799955,6.715433602599388,-0.024999110447980755,6,open_exit
SEIC,2006-06-02,2006-06-13,18.189846490763536,17.290017402820226,-0.04946875656153704,6,open_exit
XRAY,2006-06-02,2006-06-13,25.311740535758794,24.447652746646806,-0.03413782580029456,6,open_exit
VFC,2006-06-02,2006-06-14,8.71810774638066,8.458547719726278,-0.029772518785643465,7,open_exit
LH,2006-06-02,2006-06-23,48.83655366801492,50.011732418060305,0.024063506979507876,15,close_exit
BAX,2006-08-01,2006-08-07,15.6556043721681,15.48728081644581,-0.010751648529233826,3,open_exit
WFC,2006-07-31,2006-08-10,20.83659215880133,20.26057136808672,-0.027644673674303344,7,open_exit
MTB,2006-07-31,2006-08-10,67.20624559848122,66.48568451103522,-0.010721638755882057,7,open_exit
MS,2006-07-31,2006-08-10,35.45485705119504,34.49313525577096,-0.027125248144010405,7,open_exit
VNO,2006-08-07,2006-08-14,35.859918699692294,34.67841374583671,-0.03294778674068011,4,open_exit
RF,2006-07-31,2006-08-15,19.627948645973028,19.74895766568873,0.006165138390074709,10,open_exit
AKAM,2006-08-01,2006-08-15,39.03951045799255,38.18090076255798,-0.021993352000621247,9,open_exit
INGR,2006-07-31,2006-08-21,21.13851846777549,21.123851278305054,-0.0006938608064134266,15,close_exit
UHS,2006-07-31,2006-08-21,25.458396493365377,26.3750733833313,0.036006858884644055,15,close_exit
USB,2006-07-31,2006-08-21,16.786348794372707,17.049054063796998,0.01564993511348689,15,close_exit
BDX,2006-07-31,2006-08-21,35.4816875368215,37.5239265575409,0.05755755045754363,15,close_exit
PCAR,2006-08-16,2006-08-25,13.092635171562637,12.43370519879213,-0.05032829251988269,6,open_exit
SEIC,2006-08-16,2006-08-25,20.144705902144953,19.837975341382187,-0.015226360824166063,6,open_exit
NEU,2006-08-22,2006-08-25,45.18461724760019,42.680435180674685,-0.05542111938678651,2,open_exit
TRMB,2006-08-22,2006-08-25,12.841417538166045,11.801596135616304,-0.0809740357292551,2,open_exit
TROW,2006-08-16,2006-08-28,23.579879689796307,22.778208971702014,-0.03399808347797462,7,open_exit
XOM,2006-08-22,2006-08-31,35.38941067390649,34.512171102007756,-0.024788193846515316,6,open_exit
RF,2006-08-25,2006-09-01,19.947410104461245,19.462280616462625,-0.024320424829994414,4,open_exit
ECL,2006-08-16,2006-09-06,34.48495961173406,34.08544144917629,-0.011585287239885056,13,open_exit
JNJ,2006-08-25,2006-09-07,36.49776577976497,35.77407574761868,-0.019828337890959724,7,open_exit
TFC,2006-08-16,2006-09-07,20.166328461339774,19.9210685710907,-0.01216185141084325,15,close_exit
TJX,2006-08-16,2006-09-07,5.074008969480179,5.16511977672577,0.0179563748888929,15,close_exit
BAX,2006-08-25,2006-09-08,16.1327294079739,16.291626417197474,0.009849356869832349,8,open_exit
DVN,2006-09-06,2006-09-11,44.513618340503925,40.94841132538142,-0.08009250085784292,2,open_exit
CVS,2006-09-08,2006-09-14,23.196525845214598,22.522960676047123,-0.029037329713166082,3,open_exit
EQR,2006-08-23,2006-09-14,19.76357284399379,20.63203378772736,0.04394250728797244,15,close_exit
BRK-B,2006-08-25,2006-09-18,64.31213877868652,63.70813167762757,-0.009391805536704045,15,close_exit
SRE,2006-09-07,2006-09-19,13.37564551826073,13.286132029531466,-0.0066922742986168515,7,open_exit
ESS,2006-08-28,2006-09-19,61.61757375792898,63.09490923690796,0.023975878777422244,15,close_exit
MU,2006-08-31,2006-09-20,17.04416487594595,17.446228600838133,0.023589523324760053,12,open_exit
L,2006-09-14,2006-09-25,34.79360124832134,34.03243451008423,-0.0218766299241252,6,open_exit
HUM,2006-09-20,2006-09-25,58.606399493981314,57.11131973863109,-0.025510520493649547,2,open_exit
KMX,2006-09-01,2006-09-25,18.834413263320922,21.009490457534792,0.11548420244392332,15,close_exit
T,2006-09-15,2006-09-29,6.052789978256918,6.050481991601367,-0.000381309555402054,9,open_exit
VFC,2006-09-08,2006-09-29,9.62113296981503,9.98092985200882,0.037396519029786246,15,close_exit
ORCL,2006-09-08,2006-09-29,12.749984483771705,14.07841316652298,0.10419061171737987,15,close_exit
AKAM,2006-09-11,2006-10-02,40.990486221313475,49.80508683013916,0.21504015739736282,15,close_exit
HOG,2006-09-26,2006-10-05,40.378897696532505,39.89876260887013,-0.011890742814992916,6,open_exit
LIN,2006-09-25,2006-10-09,40.16521658432149,39.91859948573297,-0.006140066444576098,9,open_exit
INTU,2006-09-20,2006-10-11,28.826407244498228,29.890074875831605,0.036899070436063,15,close_exit
MS,2006-09-20,2006-10-11,39.514073339165186,40.417117300033574,0.02285372993862711,15,close_exit
VNO,2006-09-20,2006-10-11,38.19815908395573,38.68136375427246,0.01264994653943119,15,close_exit
HUM,2006-10-05,2006-10-13,59.08569888010745,56.87626639277161,-0.03739369304607976,5,open_exit
CMCSA,2006-09-26,2006-10-17,7.497784854981419,7.88495678305626,0.05163817521619185,15,close_exit
BDX,2006-10-02,2006-10-18,38.65775196076983,39.494318285750495,0.02164032522712711,11,open_exit
GD,2006-10-03,2006-10-19,47.158868139968504,46.83487529401339,-0.0068702421990598506,11,open_exit
BAX,2006-10-09,2006-10-20,17.064612942073254,16.775714042577313,-0.01692970713585029,8,open_exit
RNR,2006-09-29,2006-10-20,44.77012976856985,44.68540979003907,-0.0018923326550253083,15,close_exit
AXP,2006-10-02,2006-10-23,41.523009665180524,42.01568285179138,0.011865064468676856,15,close_exit
FLEX,2006-10-12,2006-10-24,9.899446074485779,9.302054028511048,-0.06034600739069762,7,open_exit
JNJ,2006-10-18,2006-10-31,37.597266393134106,38.19056327186348,0.015780319572321844,8,open_exit
VZ,2006-10-23,2006-10-31,12.27195959882074,12.116989452712263,-0.012627986986150863,5,open_exit
VFC,2006-10-12,2006-11-02,10.408633452868589,10.361290914535523,-0.004548391347186764,15,close_exit
XEL,2006-10-12,2006-11-02,10.285161019864955,10.750613939762117,0.0452548014560179,15,close_exit
AEP,2006-10-18,2006-11-03,18.83127896554826,18.969696853425237,0.00735042416026066,11,open_exit
ILMN,2006-10-19,2006-11-03,21.192498607635496,20.45669311141968,-0.0347200917569348,10,open_exit
VNO,2006-10-31,2006-11-03,40.58447066485309,39.921764631633934,-0.0163290544970216,2,open_exit
T,2006-10-13,2006-11-03,6.372539879322051,6.388907143592835,0.0025684051541039477,15,close_exit
HOG,2006-10-24,2006-11-06,43.702871070132545,43.40425859914109,-0.006832788411366808,8,open_exit
ALB,2006-10-20,2006-11-10,23.12867646422505,24.879434095382692,0.0756964037205361,15,close_exit
MAT,2006-10-24,2006-11-14,13.690420133829033,14.446397912979126,0.055219472577183515,15,close_exit
BBWI,2006-11-03,2006-11-20,9.323248332162699,9.63338020326317,0.03326435809186812,10,open_exit
HAS,2006-10-31,2006-11-21,13.928468850897875,14.787619733810425,0.06168308175935411,15,close_exit
MAT,2006-11-15,2006-11-22,14.43027951470749,13.976049366186711,-0.03147757103788762,4,open_exit
ZBH,2006-11-06,2006-11-27,62.86365806439481,62.32965255465377,-0.008494661720035879,13,open_exit
SPGI,2006-11-03,2006-11-27,43.24145018231075,43.9336381893158,0.016007511405993657,15,close_exit
ACN,2006-11-03,2006-11-27,23.230527443398795,23.340403351783753,0.004729806873850384,15,close_exit
NI,2006-11-03,2006-11-27,4.448652964330962,4.399370964765549,-0.0110779599938573,15,close_exit
CVX,2006-11-03,2006-11-27,31.74188151288527,32.29855135536194,0.017537392742477786,15,close_exit
CNP,2006-11-06,2006-11-28,7.283718841786001,7.4101849319458015,0.017362846220021044,14,open_exit
SRE,2006-11-13,2006-11-28,14.751684604532636,14.69865044600321,-0.003595125570481028,9,open_exit
ADBE,2006-11-22,2006-11-28,42.521249999999995,39.91003530502319,-0.06140964094368817,2,open_exit
ICE,2006-11-20,2006-12-04,17.23509586655153,16.060498018745708,-0.06815151229215877,8,open_exit
ES,2006-11-29,2006-12-08,14.135579177026617,14.274387307556776,0.00981976958933184,6,open_exit
PNW,2006-11-29,2006-12-08,20.52346400118806,20.83698128550728,0.015276041330112289,6,open_exit
RL,2006-11-29,2006-12-12,59.24367299121538,60.05705878685731,0.013729496409895736,8,open_exit
OKE,2006-11-29,2006-12-12,6.789011645083073,6.957199802743023,0.024773585089040262,8,open_exit
SGI,2006-11-22,2006-12-14,4.750294370635532,4.649351769685746,-0.021249756977962164,15,close_exit
WMB,2006-11-29,2006-12-19,9.361988453258336,9.057622121441844,-0.032510863833693504,13,open_exit
ALB,2006-12-04,2006-12-19,27.049445512833973,26.881878206849727,-0.006194851791129774,10,open_exit
MOS,2006-12-12,2006-12-19,16.319239584049033,15.259260507923232,-0.06495272470672342,4,open_exit
IONS,2006-12-12,2006-12-20,12.406199618339539,11.76411545753479,-0.05175510475065892,5,open_exit
ETR,2006-11-29,2006-12-20,20.615888258545212,21.360097460746765,0.03609881819635308,15,close_exit
CMS,2006-11-29,2006-12-20,8.365720384300879,8.874363851547242,0.060800916583452214,15,close_exit
SYY,2006-11-29,2006-12-20,20.20487483356661,20.246526412010194,0.00206146183961442,15,close_exit
FFIV,2006-12-15,2006-12-21,39.04451402664184,36.926527194976806,-0.054245439710680965,3,open_exit
TTWO,2006-12-08,2006-12-22,19.388491356090164,18.989327262570455,-0.020587681949494563,9,open_exit
AKAM,2006-12-08,2006-12-26,53.08653137397766,53.203384542465216,0.0022011829641752634,10,open_exit
PNW,2006-12-20,2007-01-08,21.3741938273121,21.259817854912157,-0.0053511245066840685,9,open_exit
C,2006-12-28,2007-01-11,374.2797851844801,358.5135773931278,-0.04212412322397063,7,open_exit
MS,2006-12-19,2007-01-12,44.58013194905571,44.933675792694096,0.007930524836543773,15,close_exit
MGM,2006-12-19,2007-01-12,53.77896744752379,63.95860528564454,0.18928659885584054,15,close_exit
CMCSA,2006-12-19,2007-01-12,8.89806664075754,9.110263070106507,0.023847475852451172,15,close_exit
NEE,2006-12-21,2007-01-16,7.765838708204762,7.60595515827013,-0.020588059569884187,13,open_exit
TPR,2006-12-21,2007-01-17,28.386007956350305,29.496051633834842,0.03910531129250261,15,close_exit
KMX,2006-12-21,2007-01-17,26.83841326332092,28.645669847488406,0.06733842893154196,15,close_exit
HPQ,2006-12-21,2007-01-17,11.322829636065077,11.694063068389893,0.0327862773049572,15,close_exit
ACN,2006-12-22,2007-01-18,25.712743088274802,26.023288228034975,0.01207747997535824,15,close_exit
FFIV,2007-01-16,2007-01-19,40.19008316802978,37.3912948474884,-0.06963877902018734,2,open_exit
ICE,2007-01-11,2007-01-22,23.009043669717876,21.56864654939962,-0.0626013467136819,5,open_exit
CMCSA,2007-01-16,2007-01-26,9.14833153810397,8.996616601836363,-0.016583891350646196,7,open_exit
SPGI,2007-01-19,2007-01-26,46.55857046801365,45.540949961122585,-0.021856781612102583,4,open_exit
BLK,2007-01-18,2007-01-29,108.03226630637607,106.0478100927328,-0.018369106577986738,6,open_exit
TMO,2007-01-18,2007-01-30,46.221357888491994,45.01323962933402,-0.026137662637963466,7,open_exit
STT,2007-01-18,2007-01-30,46.792987256379234,45.77480415917356,-0.021759309608233357,7,open_exit
PVH,2007-01-08,2007-01-30,50.592700994321326,52.387016654968264,0.03546589973222303,15,close_exit
DE,2007-01-16,2007-02-06,34.44447064959165,36.13501488494873,0.049080279170355734,15,close_exit
ABT,2007-01-16,2007-02-06,15.537096459554506,16.120799856185915,0.03756837052218098,15,close_exit
SYK,2007-01-19,2007-02-09,46.96836533609315,49.56273446464539,0.05523652164574222,15,close_exit
EQIX,2007-01-22,2007-02-12,60.839131502824245,58.88177102172461,-0.03217272227182877,14,open_exit
ATI,2007-01-29,2007-02-12,83.59561751090136,81.12289915121508,-0.029579521430819322,9,open_exit
STLD,2007-01-30,2007-02-12,12.801945543198416,12.24346740748292,-0.04362447362637101,8,open_exit
CLF,2007-01-31,2007-02-12,21.944234201878093,21.531340467691304,-0.01881559093784424,7,open_exit
DOC,2007-01-26,2007-02-13,12.477979155136717,12.649002851534792,0.013706041200403085,11,open_exit
AVT,2007-01-26,2007-02-16,22.751211531707337,26.8858518781662,0.1817327547896339,15,close_exit
ALB,2007-01-30,2007-02-21,29.622324131287254,32.50745411491394,0.09739715124443582,15,close_exit
TPR,2007-02-20,2007-02-27,32.19097513429865,30.4222282049858,-0.05494542870893937,4,open_exit
RL,2007-02-07,2007-02-28,62.75451817415846,64.09642883779003,0.02138349082543267,13,open_exit
MTD,2007-02-12,2007-02-28,88.7443469467163,86.41676908493042,-0.026227900050731168,10,open_exit
FIS,2007-02-12,2007-02-28,18.680339661570258,18.575544117329486,-0.005609937835143408,10,open_exit
LIN,2007-02-12,2007-02-28,44.01219232541755,42.32364310379675,-0.03836548766160064,10,open_exit
PEG,2007-02-12,2007-02-28,17.246798595146508,17.96262760037314,0.04150503650156123,10,open_exit
TSN,2007-02-13,2007-02-28,12.861586912102764,12.651826972224018,-0.01630902479703822,9,open_exit
ATI,2007-02-22,2007-02-28,90.2036189860214,83.2789789528177,-0.07676676513695968,3,open_exit
CE,2007-02-07,2007-03-01,21.49433877239961,21.472864029661633,-0.0009990883164805453,14,open_exit
TAP,2007-02-12,2007-03-02,25.55462567204677,26.172331201391163,0.024171965470035195,12,open_exit
MSTR,2007-02-27,2007-03-06,12.962478328227997,12.383805343151094,-0.04464215641670499,4,open_exit
ABT,2007-03-01,2007-03-19,16.53373340116102,16.292880367600162,-0.014567371307919075,11,open_exit
AVT,2007-03-13,2007-03-29,28.848687535111463,27.868079574842657,-0.03399142366789887,11,open_exit
MTN,2007-03-13,2007-03-30,37.991966978982674,35.829903799726885,-0.056908429628080404,12,open_exit
M,2007-03-13,2007-04-02,23.859353145448825,24.15544473038921,0.012409874783083197,13,open_exit
PPG,2007-03-13,2007-04-02,22.656879548230236,23.130994856984337,0.02092588733346279,13,open_exit
EL,2007-03-13,2007-04-03,19.22249374896516,19.265798683166505,0.0022528260259506716,15,close_exit
ES,2007-03-13,2007-04-03,15.288730888300247,17.202513138771057,0.12517600476147694,15,close_exit
LNT,2007-03-13,2007-04-03,10.885100498930187,11.092800396442414,0.01908111896005371,15,close_exit
OKE,2007-03-13,2007-04-03,7.104008529675082,7.211791565656663,0.01517214337952244,15,close_exit
PEG,2007-03-13,2007-04-03,18.870998388648058,20.980797307014466,0.11180112863745295,15,close_exit
CLF,2007-03-21,2007-04-12,24.8157664413806,27.803598036766054,0.12040053658803007,15,close_exit
DLR,2007-04-04,2007-04-20,19.05467836746062,18.631125089450872,-0.02222830896652883,10,open_exit
STLD,2007-03-30,2007-04-23,14.259885250337582,15.08515174818039,0.05787329163979571,15,close_exit
EQT,2007-03-30,2007-04-23,21.522131529061117,22.365261360168457,0.039175015261330826,15,close_exit
TSN,2007-04-02,2007-04-24,13.711654677649284,14.79322834777832,0.07887987960286513,15,close_exit
PPC,2007-04-02,2007-04-24,21.216672220362543,23.129264390945437,0.0901457189288759,15,close_exit
AMKR,2007-04-04,2007-04-26,12.576729760249792,13.576349756240845,0.07948171067096199,15,close_exit
SCCO,2007-04-04,2007-04-26,10.849700962765906,11.679649769306183,0.0764950858450848,15,close_exit
WBD,2007-04-04,2007-04-26,9.176371247291565,9.99678915166855,0.08940548308996688,15,close_exit
KR,2007-04-04,2007-04-26,10.226840660470957,10.389248196601867,0.015880518874089145,15,close_exit
CF,2007-04-13,2007-05-01,6.084602823257446,5.445970484906207,-0.10495875522230746,11,open_exit
STLD,2007-04-24,2007-05-01,14.929546695083124,14.580124841086821,-0.02340471958946888,4,open_exit
MOS,2007-04-27,2007-05-01,22.67402269325128,21.204613875276323,-0.06480582814324842,1,open_exit
RRC,2007-04-27,2007-05-11,33.8214858377911,32.913853570931074,-0.02683596667553456,9,open_exit
KO,2007-05-01,2007-05-11,14.52476315415254,14.582533343136578,0.00397735841685809,7,open_exit
RS,2007-04-20,2007-05-11,41.01390518674676,44.600807794570926,0.08745576875676875,15,close_exit
AVT,2007-04-24,2007-05-15,29.725198471856384,32.451856012344365,0.09172882539605443,15,close_exit
ALGN,2007-04-27,2007-05-16,23.58178469467163,22.358815838813783,-0.05186074216571823,12,open_exit
FFIV,2007-04-27,2007-05-16,39.66482295799255,37.39629341506958,-0.057192478719128026,12,open_exit
ADI,2007-04-25,2007-05-16,25.399960222444044,25.17182551574707,-0.008981695431766412,15,close_exit
HON,2007-04-25,2007-05-16,32.51528991028675,35.65268170928955,0.09648973783285375,15,close_exit
DE,2007-05-16,2007-05-21,42.71923362096667,40.355657244306435,-0.05532815493909482,2,open_exit
L,2007-05-01,2007-05-22,42.76801285576298,45.79251434707642,0.07071877530325521,15,close_exit
IBM,2007-05-01,2007-05-22,52.85716752735217,55.41984701538086,0.04848310282049395,15,close_exit
PEG,2007-05-16,2007-05-24,22.571726463332116,21.763758538579,-0.035795574878406566,5,open_exit
HON,2007-05-21,2007-05-24,35.90934013245309,34.677665562845895,-0.0342995600883812,2,open_exit
GME,2007-05-17,2007-05-25,5.931370818395603,5.927126202361549,-0.0007156214244588011,5,open_exit
LBTYA,2007-05-14,2007-06-05,8.19628912782669,8.39643349504471,0.024418900321429904,15,close_exit
DINO,2007-05-14,2007-06-05,16.356161076694065,17.161611434936525,0.049244462344538054,15,close_exit
OSK,2007-05-14,2007-06-05,47.96295292747156,49.13825656318665,0.02450440525403752,15,close_exit
AA,2007-05-24,2007-06-07,79.6575617159772,78.23254009113285,-0.017889345269258006,8,open_exit
CROX,2007-05-16,2007-06-07,37.43370841598511,43.02847423744202,0.1494579633758062,15,close_exit
CHE,2007-05-17,2007-06-08,58.641929897479436,57.834462431094586,-0.013769455879035775,14,open_exit
MLM,2007-05-23,2007-06-08,122.32550614668784,123.14742845186467,0.0067191408486078075,10,open_exit
ISRG,2007-05-24,2007-06-08,15.174250318050383,15.181294105529785,0.00046419344163739495,9,open_exit
TTC,2007-05-25,2007-06-08,11.153925632095168,11.095162179680345,-0.005268409917108641,8,open_exit
CMI,2007-06-06,2007-06-08,32.72427324362927,30.405659179837063,-0.07085303458171044,1,open_exit
DLTR,2007-06-06,2007-06-11,14.550604720115661,14.659333651065827,0.007472468192325499,2,open_exit
MGM,2007-05-23,2007-06-14,75.71204902093788,77.6188326072693,0.02518467814553671,15,close_exit
CE,2007-06-06,2007-06-21,28.941441776822153,27.93074100864663,-0.03492226738285531,10,open_exit
JCI,2007-06-11,2007-06-21,35.41722327302038,34.20766398076158,-0.034151725643049025,7,open_exit
MS,2007-06-11,2007-06-25,47.45066357006958,46.168100947392254,-0.027029392766728888,9,open_exit
CAR,2007-06-11,2007-06-26,29.059301056260022,25.83949127856162,-0.11080134967681143,10,open_exit
MTN,2007-06-11,2007-06-26,40.07151881200531,40.61743222209272,0.013623476880138874,10,open_exit
PCAR,2007-06-15,2007-06-26,21.69424703843788,20.760813766546697,-0.04302676512521153,6,open_exit
HPQ,2007-06-07,2007-06-27,12.629060287701614,12.309787330847275,-0.025280816591338406,13,open_exit
CROX,2007-06-21,2007-06-28,46.51324667930603,42.75860877990723,-0.08072190542375657,4,open_exit
APD,2007-06-11,2007-06-29,45.46103718061136,46.20435317799762,0.01635061678054428,13,open_exit
EFX,2007-06-11,2007-07-02,36.19137536772717,36.96011024856568,0.02124083080644712,15,close_exit
AXON,2007-06-12,2007-07-03,11.675835076332092,14.252870228767396,0.22071527523193368,15,close_exit
MA,2007-06-25,2007-07-11,15.344253879648985,14.434108231893555,-0.0593150800875728,10,open_exit
DECK,2007-06-28,2007-07-12,5.487742633581161,5.481147158384323,-0.0012018557788183726,8,open_exit
TRMB,2007-06-21,2007-07-13,15.897945343494415,16.846572042465212,0.059669767285933206,15,close_exit
GWW,2007-06-26,2007-07-17,68.31180807079998,69.17187879906872,0.012590366915443685,13,open_exit
XRAY,2007-06-26,2007-07-18,30.8998004895394,31.43690637128906,0.017382179601175274,14,open_exit
GRMN,2007-06-26,2007-07-18,39.29927906283086,42.68045802497864,0.08603666639131013,15,close_exit
LBTYK,2007-06-27,2007-07-19,8.24446994447708,8.991905492305756,0.09065901784618413,15,close_exit
PNR,2007-06-29,2007-07-23,18.30247983203,17.845141721725465,-0.024987767477507306,15,close_exit
CF,2007-07-03,2007-07-24,8.547413456591865,8.338441511495759,-0.024448559339895315,13,open_exit
LBTYA,2007-07-06,2007-07-25,9.117366539955139,9.353483798503877,0.025897528361287003,12,open_exit
CMI,2007-07-16,2007-07-25,38.899092270949836,36.96291789384813,-0.049774281713706126,6,open_exit
WBD,2007-07-17,2007-07-25,11.839282123088836,11.581815486431122,-0.02174681150266755,5,open_exit
NOV,2007-07-19,2007-07-25,40.41671901847634,40.615465831335605,0.004917440546532426,3,open_exit
AXON,2007-07-20,2007-07-25,17.258625,15.43227958059311,-0.10582218568436874,2,open_exit
VMI,2007-07-24,2007-07-26,72.12054602464664,67.51395335511893,-0.0638735134916123,1,open_exit
FCX,2007-07-12,2007-07-27,32.515724796459644,31.207193346357727,-0.04024303497132542,10,open_exit
CIEN,2007-07-24,2007-07-27,40.019999999999996,37.681150762557984,-0.058442009931084726,2,open_exit
AYI,2007-07-25,2007-07-27,48.82445697677273,45.12658011352406,-0.07573820769799577,1,open_exit
SCCO,2007-07-18,2007-07-30,15.865475977653709,15.85397920886764,-0.0007246406475457379,7,open_exit
BIIB,2007-07-25,2007-07-31,56.968468626022336,56.07194847488404,-0.015737129200780076,3,open_exit
ALGN,2007-07-12,2007-08-01,25.952970534324646,25.94701908493042,-0.00022931669368453367,13,open_exit
LMT,2007-07-25,2007-08-01,59.23725489551849,56.134823367804884,-0.05237297935540086,4,open_exit
NOV,2007-07-26,2007-08-02,42.64763360788416,40.49068681620704,-0.05057600174276433,4,open_exit
FTI,2007-07-26,2007-08-02,15.213954730004078,14.361111289618103,-0.05605665689960593,4,open_exit
GME,2007-08-09,2007-08-10,7.256753026472279,6.6455157154247875,-0.08423013830258907,0,open_exit
FAST,2007-08-09,2007-08-13,3.9688693310203518,3.7931638441132867,-0.044270917546658906,1,open_exit
IEX,2007-08-09,2007-08-13,30.724128051925867,29.218138605872543,-0.04901650727103135,1,open_exit
WBD,2007-08-09,2007-08-14,11.987735638618469,11.354720952987671,-0.05280519229933145,2,open_exit
FLS,2007-08-09,2007-08-14,18.90020316937718,17.473586177993294,-0.07548156909209014,2,open_exit
GRMN,2007-07-26,2007-08-15,44.82809109904082,49.908097504953325,0.11332194348157731,13,open_exit
UAA,2007-08-09,2007-08-15,8.112804718494415,7.634930701255799,-0.05890367558696774,3,open_exit
AMAT,2007-08-09,2007-08-15,16.809186791896682,15.218593846157503,-0.09462640670433664,3,open_exit
ROP,2007-08-09,2007-08-16,55.82472918843126,54.10299149244526,-0.030841845916966926,4,open_exit
APD,2007-08-09,2007-08-16,51.17493005401297,47.552292769232984,-0.07078929626198693,4,open_exit
CMI,2007-09-19,2007-09-21,44.883149537932844,42.877839814511155,-0.044678453808748575,1,open_exit
GRMN,2007-09-19,2007-10-02,59.61331479661717,58.567465439612334,-0.017543888652609918,8,open_exit
PH,2007-09-19,2007-10-04,56.4326014673691,52.5100485169931,-0.06950863239299943,10,open_exit
BG,2007-09-19,2007-10-04,65.86045215701421,66.97385791831391,0.01690552865694417,10,open_exit
CF,2007-10-02,2007-10-04,10.53716478711235,9.540578185433153,-0.09457824963486261,1,open_exit
GME,2007-09-19,2007-10-05,8.836432677360095,9.270072272618513,0.049074056363203056,11,open_exit
FCX,2007-09-19,2007-10-10,36.56630642464177,40.70806367301941,0.1132670387946686,15,close_exit
J,2007-09-19,2007-10-10,57.491777125551494,64.72395423126221,0.12579498264450883,15,close_exit
IONS,2007-09-19,2007-10-10,14.55727519083023,15.852069656848908,0.08894483679433907,15,close_exit
SLB,2007-09-19,2007-10-10,69.22267961416424,70.97603750228882,0.025329240328422875,15,close_exit
OXY,2007-09-19,2007-10-10,37.25671441247083,38.91048955154419,0.0443886468560899,15,close_exit
AXON,2007-10-05,2007-10-12,18.159074618339538,17.4112900762558,-0.04117966128783479,4,open_exit
LKQ,2007-09-21,2007-10-12,7.521135901762526,7.698055251121521,0.023522956062731915,15,close_exit
CIEN,2007-10-11,2007-10-15,48.41419438934326,45.39728816986084,-0.06231449800074507,1,open_exit
COST,2007-10-11,2007-10-17,47.4582789267972,45.828875601661835,-0.034333384226778674,3,open_exit
AXS,2007-10-12,2007-10-18,24.968172156327256,24.099238339617337,-0.03480165913906197,3,open_exit
ILMN,2007-10-04,2007-10-22,26.545366727828977,27.96266572570801,0.053391577234953136,11,open_exit
CRL,2007-10-04,2007-10-22,57.07852423667907,55.432269084930425,-0.028841936153120695,11,open_exit
SLB,2007-10-11,2007-10-22,71.59832387172978,64.01347604985912,-0.10593610872035364,6,open_exit
BKR,2007-10-11,2007-10-22,47.22578650398677,43.2599642798415,-0.08397577928766686,6,open_exit
MOS,2007-10-17,2007-10-23,45.866804922526235,44.19427319213922,-0.03646497141477578,3,open_exit
BIIB,2007-10-15,2007-10-24,83.39167347335815,77.80107633972169,-0.06704023196539566,6,open_exit
HUM,2007-10-04,2007-10-25,63.41691049971847,66.97520078659058,0.05610948655229597,15,close_exit
DECK,2007-10-23,2007-10-26,6.626644643783569,7.286910676002503,0.0996380623545774,2,open_exit
ILMN,2007-10-24,2007-10-26,28.3702094335556,26.708429418563846,-0.05857482366789446,1,open_exit
IONS,2007-10-15,2007-10-31,16.96847908401489,16.841575381278993,-0.007478790651039957,11,open_exit
UTHR,2007-10-18,2007-10-31,35.0175,34.78259923744202,-0.006708096310644063,8,open_exit
VMI,2007-10-11,2007-11-01,81.09037164533372,73.54395151138306,-0.09306185162101077,15,close_exit
STLD,2007-10-23,2007-11-02,17.169943754739226,16.895193519967428,-0.016001813325449143,7,open_exit
PKG,2007-10-23,2007-11-05,16.96646004820747,16.738662724448343,-0.013426331899045407,8,open_exit
YUM,2007-10-26,2007-11-06,19.537623875330656,19.42307456252033,-0.005863011466556212,6,open_exit
CCI,2007-10-31,2007-11-08,23.86681838525266,23.450621476838652,-0.017438307096314776,5,open_exit
AAPL,2007-10-23,2007-11-09,5.647447449945554,5.1208862461000715,-0.09323879655587752,12,open_exit
NDAQ,2007-10-26,2007-11-09,11.830478148973778,10.792332056737994,-0.08775182872264864,9,open_exit
XRAY,2007-11-02,2007-11-12,36.934204675441634,34.993927608916735,-0.05253333823145867,5,open_exit
MOS,2007-10-26,2007-11-13,47.37984944863482,44.611751577650914,-0.05842352610226931,11,open_exit
AGCO,2007-10-31,2007-11-13,46.4062756680586,45.2993504506144,-0.023852920785153553,8,open_exit
CF,2007-11-05,2007-11-13,11.96411332824144,11.306766972262633,-0.054943173634700804,5,open_exit
PH,2007-11-06,2007-11-13,59.23234959781848,58.94946412008319,-0.00477586115789852,4,open_exit
AME,2007-10-23,2007-11-13,18.138116713253943,18.635677957534792,0.02743180298962744,15,close_exit
UTHR,2007-11-02,2007-11-19,48.524249999999995,49.700135974884034,0.024232955169508852,10,open_exit
CF,2007-12-07,2007-12-12,13.434289870413867,12.755999288942446,-0.050489500227712814,2,open_exit
LIN,2007-12-07,2007-12-12,61.55570942281145,61.726036005800985,0.0027670314352095104,2,open_exit
BLK,2007-12-07,2007-12-13,135.54253677475256,129.5069099282942,-0.04452939269159839,3,open_exit
FLS,2007-12-07,2007-12-18,24.340643770501774,23.337351590032455,-0.04121880217832208,6,open_exit
MA,2007-12-07,2007-12-18,18.795144925014,18.94720237758746,0.008090251667657533,6,open_exit
APD,2007-12-07,2007-12-18,59.23131569869364,57.772592268096616,-0.02462757096292556,6,open_exit
UNP,2007-12-07,2007-12-18,22.786135408625505,21.99764126236275,-0.03460411922086071,6,open_exit
KO,2007-12-13,2007-12-18,18.019856043002598,17.78099347650271,-0.013255520239998875,2,open_exit
PG,2007-12-13,2007-12-19,43.37006648301922,42.354852303475994,-0.02340817669580275,3,open_exit
PEP,2007-12-13,2007-12-21,44.95752032847491,44.63725421950587,-0.007123749411201197,5,open_exit
VMI,2007-12-24,2007-12-28,81.57844768278945,79.76583462885334,-0.02221926385488837,2,open_exit
DECK,2007-12-07,2007-12-31,8.884996384620665,8.610136557102203,-0.03093527736198365,15,close_exit
EOG,2007-12-07,2007-12-31,30.491981188195496,30.49225738334656,9.057960168590284e-06,15,close_exit
GAP,2007-12-07,2007-12-31,12.477588797235951,12.40101246404648,-0.006137109856227618,15,close_exit
CME,2007-12-24,2008-01-04,68.36777491399984,63.81570561632968,-0.06658208934540033,6,open_exit
FSLR,2007-12-24,2008-01-07,268.4041240081787,249.4851956100464,-0.07048672768364705,7,open_exit
STLD,2007-12-24,2008-01-07,19.007929996496237,18.20853824690849,-0.042055697266093706,7,open_exit
SCHW,2007-12-24,2008-01-07,19.667717651129795,19.016296923190453,-0.033121317861807054,7,open_exit
OXY,2007-12-24,2008-01-08,44.14391132931308,44.71003771933874,0.01282456341039584,8,open_exit
APA,2007-12-24,2008-01-08,76.7003160044377,74.89981071624156,-0.023474548502407266,8,open_exit
GIS,2008-04-21,2008-04-28,16.566892244757298,16.244188667381135,-0.019478823946493917,4,open_exit
LIN,2008-04-21,2008-04-30,65.33743594924313,63.91660009385777,-0.02174612203161952,6,open_exit
ADM,2008-04-22,2008-05-01,29.707204573740164,27.293656826138097,-0.0812445257718909,6,open_exit
OXY,2008-04-22,2008-05-02,49.38002733787743,48.030479474458424,-0.027329832245431396,7,open_exit
BKNG,2008-04-21,2008-05-08,5.047359529819004,4.780803163651477,-0.05281105191590851,12,open_exit
NSC,2008-04-21,2008-05-12,39.96476017562226,41.47327917098999,0.03774622914634418,15,close_exit
UNP,2008-04-21,2008-05-12,23.367800689713416,25.049480712890627,0.0719656952533616,15,close_exit
HAS,2008-04-22,2008-05-13,19.438913342486803,20.821306398391723,0.07111472907713834,15,close_exit
AME,2008-04-22,2008-05-13,19.227076903249323,19.9854894695282,0.039445026932341865,15,close_exit
CE,2008-04-22,2008-05-13,34.41728039123542,36.61394323921204,0.06382441677570827,15,close_exit
ROST,2008-04-28,2008-05-19,7.131207710800546,7.313086431980134,0.025504616967491067,15,close_exit
HAS,2008-05-14,2008-05-20,20.949365410670016,19.936134862636678,-0.04836569166516491,3,open_exit
FLS,2008-04-30,2008-05-21,30.775446264936,30.655568707466127,-0.0038952337664865944,15,close_exit
R,2008-05-02,2008-05-22,44.057658488128766,43.78085848516377,-0.006282676212572169,13,open_exit
FSLR,2008-05-14,2008-05-22,307.87386122131346,280.35975,-0.08936812989633791,5,open_exit
CSX,2008-05-01,2008-05-22,5.092579595810031,5.425637703180313,0.06540066799236843,15,close_exit
GD,2008-05-20,2008-05-27,61.6047453121214,59.367174024439166,-0.0363214112215795,3,open_exit
OVV,2008-05-13,2008-05-28,156.79602625233767,152.52390831021125,-0.02724634063908693,9,open_exit
FTI,2008-05-22,2008-05-28,25.11864065356869,23.828995909510848,-0.05134213916447017,2,open_exit
FMC,2008-05-08,2008-05-30,20.42023358184375,23.481855951309207,0.1499308201933418,15,close_exit
NFG,2008-05-22,2008-06-03,35.68517036359011,34.049730687473975,-0.045829672647010544,6,open_exit
GEN,2008-05-28,2008-06-04,7.57607463883159,7.30910821797362,-0.035238092757114425,4,open_exit
WAB,2008-05-13,2008-06-04,21.35766790647094,21.568306292533876,0.009862424445653772,15,close_exit
MA,2008-06-03,2008-06-05,28.59168958674148,27.256307174701007,-0.046705264058956364,1,open_exit
CLF,2008-05-14,2008-06-05,77.28276743440563,89.46831261825562,0.15767480369013143,15,close_exit
NSC,2008-05-20,2008-06-09,42.2942565796494,42.409024335331885,0.002713554155192588,12,open_exit
UNP,2008-05-28,2008-06-09,26.976579332766484,26.726486757833293,-0.009270729689194623,7,open_exit
LSTR,2008-06-04,2008-06-09,44.41075169267923,43.90897263968945,-0.011298594008542495,2,open_exit
HAS,2008-06-05,2008-06-09,21.863652422111258,21.306184788679023,-0.025497461387945175,1,open_exit
MDU,2008-05-23,2008-06-12,7.027599541873053,7.293125217511505,0.03778326782229846,12,open_exit
TTEK,2008-05-23,2008-06-12,4.633759854009203,4.576567774288206,-0.012342478143642643,12,open_exit
FLS,2008-05-27,2008-06-12,32.2476834793506,32.90379009485696,0.020345852623072647,11,open_exit
LECO,2008-06-02,2008-06-12,29.830476399956172,28.849845135627064,-0.03287346977571404,7,open_exit
TTWO,2008-06-06,2008-06-13,27.662115941533912,26.615040505201154,-0.03785232621198742,4,open_exit
SWKS,2008-06-10,2008-06-19,8.722409547900986,8.08793245131262,-0.07274103481429062,6,open_exit
EL,2008-06-16,2008-06-23,19.170162361624794,18.32780321201947,-0.04394115885484484,4,open_exit
QCOM,2008-06-16,2008-06-24,31.920862762005594,30.681596937282336,-0.038823067971656355,5,open_exit
MOS,2008-06-10,2008-06-25,100.14898921149246,101.58925207598821,0.014381202205188792,10,open_exit
DAR,2008-06-17,2008-06-25,17.138564160346984,16.261865457534793,-0.05115356774405788,5,open_exit
NDSN,2008-06-05,2008-06-26,29.586773280444536,29.93608381175995,0.011806307095552526,15,close_exit
STLD,2008-06-16,2008-06-27,26.317925095563115,25.174448239186752,-0.04344859453107641,8,open_exit
COP,2008-06-10,2008-06-30,38.537733469692576,37.26005515809639,-0.03315395578728042,13,open_exit
FE,2008-06-16,2008-06-30,34.56796786890016,34.961855666992484,0.011394589337335503,9,open_exit
OLN,2008-06-16,2008-07-07,13.451168667837715,13.459668118309205,0.0006318744996345327,13,open_exit
FNF,2009-04-03,2009-04-08,6.31547455889341,5.906972585738125,-0.06468270426013112,2,open_exit
FNF,2009-04-13,2009-04-15,6.9885120920393184,5.756535636129767,-0.17628594465950875,1,open_exit
DRI,2009-04-23,2009-04-29,21.012359274415562,19.861730891028973,-0.054759599736502795,3,open_exit
SMG,2009-04-23,2009-04-29,22.147319575372826,19.957073362193338,-0.09889441499796559,3,open_exit
AN,2009-04-29,2009-05-11,17.64881938934326,16.341825381278994,-0.07405560560348057,7,open_exit
AU,2009-05-29,2009-06-08,33.38063862742659,30.715850249239917,-0.07983035938674943,5,open_exit
DLTR,2009-05-28,2009-06-11,15.090874681949614,14.76261545753479,-0.02175216687787218,9,open_exit
FFIV,2009-06-12,2009-06-23,35.08753469467163,32.94351908493042,-0.0611047663621348,6,open_exit
VRTX,2009-06-29,2009-07-06,35.90794438934326,33.693144084930424,-0.06167995250293801,3,open_exit
FFIV,2009-06-29,2009-07-08,35.667826526641846,32.823580152511596,-0.07974263225727418,5,open_exit
OSK,2009-07-06,2009-07-27,16.694536022737687,21.127475335121154,0.26553234581337737,15,close_exit
ADM,2009-07-23,2009-07-31,18.742817690117683,19.129893363398516,0.020651946771318208,5,open_exit
ROST,2009-07-10,2009-07-31,8.643361373004655,9.288071574687958,0.07459021714594649,15,close_exit
SWKS,2009-07-16,2009-08-06,8.753724401442994,9.04221255191447,0.03295604673411012,14,open_exit
OSK,2009-08-03,2009-08-07,23.920035496472543,20.888510697210926,-0.12673579851955796,3,open_exit
FFIV,2009-07-21,2009-08-11,37.08853469467163,35.94201908493042,-0.030912938976419668,14,open_exit
F,2009-07-24,2009-08-11,3.4689367098698805,3.8421509834935534,0.10758751307332792,11,open_exit
SMG,2009-07-21,2009-08-11,22.853304446119054,23.328945918083193,0.020812809503568896,15,close_exit
MTCH,2009-07-22,2009-08-12,4.5661720811985615,4.819812551498413,0.05554772483153414,15,close_exit
SBUX,2009-07-23,2009-08-13,6.347438550088204,7.240641993761063,0.14071872246174744,15,close_exit
MU,2009-07-23,2009-08-13,5.89277525160544,6.832294100046158,0.15943571718347038,15,close_exit
WDC,2009-07-28,2009-08-18,19.018507300075754,18.5466915100927,-0.024808245070903956,14,open_exit
EXPE,2009-07-31,2009-08-18,26.634459813993015,27.739251142174425,0.041479772291119765,11,open_exit
TDC,2009-08-07,2009-08-18,26.97347908401489,26.17690553379059,-0.029531731807498685,6,open_exit
BKNG,2009-08-11,2009-08-18,5.839340299053991,5.678476390729968,-0.027548301706287637,4,open_exit
DXC,2009-08-13,2009-08-18,15.308514569049608,14.941472014856913,-0.023976366389902526,2,open_exit
CAR,2009-08-14,2009-08-18,10.066667075488269,9.325387972025762,-0.07363699404219659,1,open_exit
SCCO,2009-08-14,2009-08-18,13.94215571907097,12.877685964296827,-0.0763490077304253,1,open_exit
MU,2009-08-14,2009-08-18,6.75132297424289,6.461927106467066,-0.04286506050442329,1,open_exit
BALL,2009-08-13,2009-08-25,10.528684555037504,10.532976511009103,0.0004076440840414808,7,open_exit
CROX,2009-08-21,2009-08-25,7.073535171747207,6.756620228767395,-0.04480290763883088,1,open_exit
CAR,2009-08-21,2009-08-27,11.093295594733322,10.189553443752004,-0.08146741815934122,3,open_exit
NLY,2009-08-06,2009-08-27,8.157848082588329,8.18261033010483,0.0030353896353318977,15,close_exit
MTCH,2009-08-20,2009-08-31,4.916009151171715,4.848501212327157,-0.013732264682311923,6,open_exit
KDP,2009-08-21,2009-08-31,2.8766498427246456,2.7678038259898865,-0.03783777056148918,5,open_exit
FIS,2009-08-20,2009-09-02,18.60465013776689,17.9640199098716,-0.03443387664650732,8,open_exit
TJX,2009-08-26,2009-09-02,7.281243098325481,7.089564043671539,-0.02632504533436386,4,open_exit
WEC,2009-08-27,2009-09-02,13.390149578077958,13.027488852944582,-0.027084142937963573,3,open_exit
OSK,2009-08-28,2009-09-02,28.291634805093732,25.83254614400298,-0.08691928472963362,2,open_exit
AGO,2009-08-31,2009-09-02,14.463004286246,13.376342017427756,-0.07513392427406229,1,open_exit
MU,2009-08-31,2009-09-02,7.268404188280694,6.851786189367794,-0.05731904667390941,1,open_exit
NVR,2009-08-19,2009-09-03,628.314,638.6305372009277,0.016419397309192174,10,open_exit
ROST,2009-08-21,2009-09-03,9.6792177696937,9.591000813041411,-0.009114058465396035,8,open_exit
ADI,2009-08-21,2009-09-03,19.13689408319386,18.994760018792856,-0.007427227416481608,8,open_exit
GAP,2009-08-26,2009-09-17,11.981692760216125,13.419859513282777,0.12003034811925106,15,close_exit
BR,2009-09-03,2009-09-21,14.796246381259575,14.226750956895938,-0.03848918230267784,10,open_exit
AU,2009-09-08,2009-09-24,34.74764363327205,32.83503542101922,-0.05504281764940866,11,open_exit
SBUX,2009-09-10,2009-09-24,7.425026420082226,7.29962845451012,-0.016888554797993116,9,open_exit
SWKS,2009-09-08,2009-09-25,9.881217902714306,10.192042636104365,0.03145611567827866,12,open_exit
CIEN,2009-09-08,2009-09-28,13.82690969467163,15.592200381278992,0.12767066000927452,13,open_exit
CAG,2009-09-08,2009-09-28,8.842295041745302,9.048293139401531,0.02329690387887906,13,open_exit
CRM,2009-09-18,2009-09-28,14.462151327103397,13.595374764750728,-0.05993413723504959,5,open_exit
JBL,2009-09-21,2009-09-28,10.26956619123398,9.98405451681211,-0.027801726879717825,4,open_exit
STX,2009-09-09,2009-09-30,7.650547164460564,7.854626039266587,0.026675069170743804,15,close_exit
MU,2009-09-09,2009-09-30,7.531823179714886,7.992125252246857,0.0611142961735589,15,close_exit
FFIV,2009-09-10,2009-10-01,38.93945816802978,38.530724237442016,-0.01049665172083325,15,close_exit
TDC,2009-09-24,2009-10-02,27.69384030532837,26.186900762557986,-0.05441424974493125,5,open_exit
CTAS,2009-09-25,2009-10-02,6.015365383172519,5.7563906698491305,-0.043052199962424265,4,open_exit
NLY,2009-09-29,2009-10-02,9.147163102322047,8.553186939917047,-0.06493556043121351,2,open_exit
HPQ,2009-09-29,2009-10-02,13.410874671060215,12.815579502850778,-0.044388988996671874,2,open_exit
ISRG,2009-09-29,2009-10-09,28.839968579292297,27.83496395301819,-0.03484763249692724,7,open_exit
AAPL,2009-09-24,2009-10-15,5.606712131598938,5.701643658876419,0.016931764115809544,15,close_exit
EW,2009-09-28,2009-10-19,5.776219739198685,6.006162610769272,0.03980853948649932,15,close_exit
AMP,2009-10-02,2009-10-21,25.522241217969494,25.018195114341285,-0.01974928844702417,12,open_exit
WSM,2009-10-06,2009-10-21,7.164403564020362,7.1196434970195,-0.006247563610967788,10,open_exit
IP,2009-10-16,2009-10-22,12.507647299818458,11.830457395954156,-0.054142069058353726,3,open_exit
ISRG,2009-10-20,2009-10-22,29.821570661544797,27.722799299240116,-0.07037762652156576,1,open_exit
TNL,2009-10-01,2009-10-22,4.42555636351583,4.833738290071488,0.09223290656078831,15,close_exit
JBL,2009-10-01,2009-10-22,11.196332508406236,12.411254570960999,0.10851071649065402,15,close_exit
KO,2009-10-05,2009-10-26,16.12450302382563,15.889864315297183,-0.01455168622448344,14,open_exit
THC,2009-10-09,2009-10-26,23.85192015266418,23.228379771232607,-0.026142146101471253,10,open_exit
CL,2009-10-05,2009-10-26,25.74169095188166,26.058720484733584,0.01231580059929005,15,close_exit
NTAP,2009-10-06,2009-10-27,19.7119179115976,20.409082803726196,0.0353676844259998,15,close_exit
OSK,2009-10-22,2009-10-28,28.62156641714247,26.615343541878676,-0.07009479656089668,3,open_exit
FCX,2009-10-22,2009-10-28,28.825790977408058,27.41633649516403,-0.04889560475022792,3,open_exit
BKNG,2009-10-21,2009-10-29,6.854298378719403,6.61608070690117,-0.0347544939913661,5,open_exit
MCK,2009-10-21,2009-10-29,54.33776324464042,50.590692683775195,-0.06895886648839589,5,open_exit
FFIV,2009-10-23,2009-10-29,48.22410076332092,45.687144084930424,-0.052607651324420246,3,open_exit
RJF,2009-10-23,2009-10-29,12.896067879696776,12.346379259110876,-0.042624513589240354,3,open_exit
EXPE,2009-10-26,2009-10-29,34.51024303359057,33.81249830575632,-0.02021848200706955,2,open_exit
WHR,2009-10-26,2009-10-29,44.75016769418662,42.07265197410843,-0.059832529307505156,2,open_exit
BBWI,2009-10-27,2009-10-29,6.422306687152758,6.030234696961158,-0.0610484689209726,1,open_exit
RGA,2009-10-28,2009-11-02,36.36398814581099,34.468703261778046,-0.05211983010315868,2,open_exit
SYY,2009-10-28,2009-11-02,17.078912278073894,16.432211594954442,-0.037865449074862556,2,open_exit
OGE,2009-10-30,2009-11-03,9.291346741906182,8.722582144480725,-0.06121444105192986,1,open_exit
CE,2009-10-28,2009-11-18,21.78578383425676,22.730444659233093,0.04336134206431064,15,close_exit
LHX,2009-10-29,2009-11-19,29.15154719931644,30.34304384994507,0.040872501294084485,15,close_exit
EW,2009-10-29,2009-11-19,6.417374010801315,6.757452370166779,0.05299338308676815,15,close_exit
V,2009-10-29,2009-11-19,17.076204746107965,17.788870661735537,0.04173444428803785,15,close_exit
TDC,2009-10-30,2009-11-20,29.144564160346984,29.415285305023193,0.00928890695317186,15,close_exit
AXP,2009-10-30,2009-11-20,28.526713382315865,32.28428389549256,0.13172111567209366,15,close_exit
GIS,2009-10-30,2009-11-20,18.609944265369002,18.908622242927553,0.016049375178106118,15,close_exit
OSK,2009-11-04,2009-11-23,29.264939129010454,31.971375577780798,0.09248050839399968,12,open_exit
MTD,2009-11-02,2009-11-23,97.05850713729858,100.16989122009278,0.03205678898803632,15,close_exit
EL,2009-11-03,2009-11-24,17.74522355085827,19.412162156105044,0.09393731222766988,15,close_exit
SPG,2009-11-19,2009-11-30,34.72015958957754,32.34908788932274,-0.06829092170897055,5,open_exit
AXP,2009-12-01,2009-12-04,33.32722748310793,31.29833447750519,-0.060877941515870115,2,open_exit
PFE,2009-11-23,2009-12-08,8.693372998721541,8.478018827496106,-0.024772222617976403,9,open_exit
DVA,2009-11-23,2009-12-09,29.484734313011167,28.830576813697817,-0.022186311477959575,10,open_exit
EMN,2009-11-25,2009-12-09,18.68046518353829,18.06725544018197,-0.03282625659112037,8,open_exit
NTAP,2009-11-20,2009-12-14,22.333334352460476,24.403127034187317,0.09267728002732434,15,close_exit
BBY,2009-11-20,2009-12-14,24.547284369762558,25.983128111839296,0.058492977082443165,15,close_exit
XEL,2009-11-20,2009-12-14,11.237776703486368,12.103966580390932,0.07707840258436893,15,close_exit
SJM,2009-11-23,2009-12-15,36.179178095450396,38.238885671615606,0.05693074537876863,15,close_exit
DUK,2009-11-23,2009-12-15,23.951255407429564,25.92492396736145,0.08240355364920315,15,close_exit
BKNG,2009-11-24,2009-12-16,8.344994626835733,8.671370916366577,0.039110425365797896,15,close_exit
FDX,2009-12-09,2009-12-18,59.750880014588226,56.285641913304914,-0.05799476259491532,6,open_exit
AMD,2009-12-04,2009-12-28,8.094045152664185,9.825084923744202,0.21386584068044634,15,close_exit
PSKY,2009-12-08,2009-12-30,10.164844431942823,10.660829409599305,0.0487941533170797,15,close_exit
CI,2009-12-09,2009-12-31,30.6766192811507,31.706741542816165,0.033580045187652896,15,close_exit
RCL,2009-12-17,2010-01-04,21.813349853847633,21.350488173348346,-0.021219192998806813,9,open_exit
WHR,2009-12-18,2010-01-04,46.003859475291,47.151445342385934,0.02494542588782811,8,open_exit
JLL,2009-12-15,2010-01-07,53.94682871655984,60.57123502922058,0.12279510158911844,15,close_exit
HUN,2009-12-15,2010-01-07,6.35791000057615,7.14476176571846,0.1237595003815728,15,close_exit
MRVL,2009-12-15,2010-01-07,16.154939292515742,17.96791736984253,0.11222438193665663,15,close_exit
PKG,2009-12-16,2010-01-08,14.148484794302902,15.426590898036958,0.09033519294226511,15,close_exit
WY,2009-12-16,2010-01-08,9.173112771026586,9.201499320030212,0.00309453832218054,15,close_exit
STX,2010-01-05,2010-01-11,9.749280180494988,9.429684104213926,-0.032781504927970606,3,open_exit
MU,2009-12-30,2010-01-13,10.058690391733313,10.048637921741486,-0.0009993815894848712,8,open_exit
CRM,2010-01-05,2010-01-13,18.305117870103988,16.771312133340654,-0.08379108769730204,5,open_exit
CLF,2010-01-11,2010-01-13,45.64518085776881,42.28170848292028,-0.07368734906164942,1,open_exit
THC,2010-01-11,2010-01-13,25.452720534324644,23.948019084930422,-0.05911750955521766,1,open_exit
AA,2010-01-11,2010-01-13,37.04211513381316,33.36593803851351,-0.09924317447909248,1,open_exit
WSM,2010-01-08,2010-01-15,7.951792028394747,7.479795758741603,-0.059357220104312436,4,open_exit
NYT,2009-12-31,2010-01-19,11.13267695936038,11.746746867887081,0.05515923176144888,10,open_exit
TXT,2010-01-15,2010-01-22,22.03673624417367,20.659970584587416,-0.06247593311147703,3,open_exit
LULU,2010-01-05,2010-01-25,15.502747385501861,15.122435114383698,-0.024531927255283192,12,open_exit
COF,2010-01-08,2010-01-25,33.02613302240184,29.797223581277017,-0.09776831695477728,9,open_exit
AXP,2010-01-13,2010-01-25,33.18694827797286,30.975222331057154,-0.06664445095675442,6,open_exit
CAG,2010-01-13,2010-01-25,10.070071953745826,9.885681767498646,-0.018310711889063636,6,open_exit
GEN,2010-01-13,2010-01-25,6.665520567383553,6.5238352721312305,-0.02125644858792164,6,open_exit
PRGO,2010-01-13,2010-01-26,31.100476696801053,31.129585328075194,0.0009359545050682261,7,open_exit
HUM,2010-01-19,2010-01-27,42.96349352735055,42.006428072481036,-0.0222762484214708,5,open_exit
DAL,2010-01-08,2010-02-01,10.825580782877184,10.600522250945488,-0.02078951110758609,14,open_exit
UTHR,2010-01-13,2010-02-04,55.75786454200745,56.421775762557985,0.011907041742073021,15,close_exit
FITB,2010-01-22,2010-02-05,7.30847556574025,6.873485666877715,-0.05951855417039709,9,open_exit
ISRG,2010-01-25,2010-02-05,37.8678128414154,35.732125,-0.05639849997039259,8,open_exit
COR,2010-01-27,2010-02-05,18.69457690710722,18.67589666457656,-0.0009992332334388676,6,open_exit
RMD,2010-01-27,2010-02-05,22.020238726924592,22.721174784716283,0.03183144681054895,6,open_exit
TGT,2010-01-27,2010-02-05,32.74336829926363,30.666217399463967,-0.06343730067154929,6,open_exit
CAH,2010-02-02,2010-02-05,22.358295051978274,21.350437073920027,-0.045077586449020046,2,open_exit
LBTYA,2010-01-26,2010-02-08,5.450433892250061,5.293074146747589,-0.028871049280355554,8,open_exit
EL,2010-01-27,2010-02-18,21.861561771338298,24.32037424182892,0.11247194945213201,15,close_exit
SIRI,2010-01-28,2010-02-19,5.90207591025308,8.490495022296907,0.4385607964728524,15,close_exit
STX,2010-02-17,2010-03-04,10.307563415935714,10.230126584816032,-0.007512622333224028,10,open_exit
CF,2010-02-17,2010-03-10,14.50959582095549,13.745330660062,-0.0526730840971944,14,open_exit
EMR,2010-02-17,2010-03-10,30.35420099506494,30.969189742088318,0.020260416247601665,15,close_exit
DRI,2010-02-17,2010-03-10,21.596768765928932,22.39133512401581,0.036790983257661614,15,close_exit
NOC,2010-02-17,2010-03-10,38.599951591832976,41.97266314315796,0.08737605650361968,15,close_exit
CAG,2010-02-17,2010-03-10,10.299782706114174,10.817041318893434,0.0502203422672407,15,close_exit
RVTY,2010-02-17,2010-03-10,19.95957911813205,21.56379766845703,0.08037336563212616,15,close_exit
CMI,2010-02-17,2010-03-10,39.25826982370706,41.08107272338867,0.04643105536405656,15,close_exit
LYV,2010-02-19,2010-03-12,12.106050381660461,13.983004771232606,0.15504267125928672,15,close_exit
CLF,2010-02-22,2010-03-15,45.44586085908982,52.751378297805786,0.16075209712425909,15,close_exit
BMRN,2010-03-11,2010-03-16,23.00149477100372,22.798594466209412,-0.00882117909354696,2,open_exit
F,2010-03-04,2010-03-22,6.425072920113995,6.519098386774036,0.014634147787753626,11,open_exit
AAL,2010-03-10,2010-03-22,7.3570607791557645,6.671272899108362,-0.09321492653566166,7,open_exit
UAL,2010-03-11,2010-03-22,18.899444389343262,18.47075954246521,-0.022682404733536665,6,open_exit
OKE,2010-03-11,2010-03-22,8.544227950450034,8.316258502173872,-0.026681105606991107,6,open_exit
MKC,2010-03-22,2010-03-26,13.95147890006707,13.55572924464117,-0.028366143708535185,3,open_exit
DLR,2010-03-22,2010-03-29,29.3654835521926,28.919014236906037,-0.01520388092683822,4,open_exit
VTRS,2010-03-11,2010-04-01,17.52441523958013,18.62470093536377,0.06278587220979381,15,close_exit
LUV,2010-03-11,2010-04-01,10.911030361129496,11.293385554790497,0.03504299603299965,15,close_exit
BA,2010-03-11,2010-04-01,55.00926467962033,57.23618768882752,0.0404826900009847,15,close_exit
BC,2010-03-15,2010-04-06,12.811256208553127,13.282933648586274,0.03681742308129343,15,close_exit
DRI,2010-03-16,2010-04-07,22.53044434066624,24.721977310180666,0.09726985124562448,15,close_exit
GL,2010-03-16,2010-04-07,19.71723845818516,20.661127281188968,0.047871248552657786,15,close_exit
VTRS,2010-04-05,2010-04-12,18.627241063283893,18.174364696020408,-0.024312584226772516,4,open_exit
D,2010-03-22,2010-04-13,20.676030269949393,21.16843994998932,0.023815484578565194,15,close_exit
TEL,2010-03-22,2010-04-13,20.03115781754813,20.877676590919496,0.042260102041120184,15,close_exit
EQR,2010-04-12,2010-04-19,20.495372280869088,19.917939578172874,-0.028173808935161637,4,open_exit
ISRG,2010-04-14,2010-04-19,41.131666242599486,40.04552279472351,-0.02640650251000709,2,open_exit
LULU,2010-03-26,2010-04-19,19.519755228996274,21.154418415069582,0.08374404119807011,15,close_exit
TNL,2010-04-05,2010-04-20,7.171428799550272,7.175268876022199,0.0005354688137135799,10,open_exit
LYV,2010-04-14,2010-04-20,16.098045152664184,15.232379771232607,-0.05377456537251124,3,open_exit
JLL,2010-03-29,2010-04-20,68.7357830903709,73.09077855300903,0.06335849053923437,15,close_exit
G,2010-04-08,2010-04-22,13.938704952351292,13.590442592840398,-0.02498527378988291,9,open_exit
TSN,2010-04-05,2010-04-26,14.211661854121292,14.867967608928682,0.046180788815846086,15,close_exit
WY,2010-04-19,2010-04-28,9.926338145831815,10.283820500961502,0.03601351776231776,6,open_exit
OC,2010-04-19,2010-04-28,23.273771067811182,26.89717438119679,0.15568612851043118,6,open_exit
LUV,2010-04-20,2010-04-28,11.82670068710524,11.353230725904348,-0.04003398527850799,5,open_exit
HAS,2010-04-20,2010-04-28,24.414809584513264,23.354663727797966,-0.04342224554508778,5,open_exit
ZION,2010-04-21,2010-04-28,20.162006233557303,20.58765840461645,0.021111598028905387,4,open_exit
F,2010-04-22,2010-04-28,7.038422537433227,6.725020310583602,-0.04452733907105222,3,open_exit
CRM,2010-04-07,2010-04-28,19.3746611948355,21.16064088821411,0.09218120902442828,15,close_exit
DDS,2010-04-08,2010-04-29,17.947813003982645,20.444055066957095,0.13908335586182718,14,open_exit
LPX,2010-04-20,2010-04-29,9.8331867049621,10.277420067559078,0.04517694781212733,6,open_exit
AVY,2010-04-28,2010-05-03,29.21441386759101,27.58055636916272,-0.05592641720739111,2,open_exit
BKNG,2010-04-27,2010-05-05,10.522256874788845,9.84543318792884,-0.0643230530212261,5,open_exit
ALB,2010-04-29,2010-05-05,36.30068754199049,34.838531354592945,-0.04027902186993593,3,open_exit
DD,2010-04-29,2010-05-05,37.56994775413553,34.17394201663711,-0.09039154804586058,3,open_exit
ORI,2010-04-29,2010-05-06,5.19941037494479,4.812486346199339,-0.07441690515716592,4,open_exit
TEL,2010-04-29,2010-05-06,23.015621498884975,22.31701295100273,-0.03035366861225497,4,open_exit
DTE,2010-04-29,2010-05-06,23.069001632696576,22.579789936912256,-0.02120645286577727,4,open_exit
WAT,2010-04-29,2010-05-06,73.53675,70.60467938995362,-0.03987218105296164,4,open_exit
MTD,2010-04-29,2010-05-06,118.94944438934326,119.95998664474487,0.008495560955240178,4,open_exit
SWKS,2010-05-03,2010-05-06,13.663019192555662,12.749834435811755,-0.06683623464727761,2,open_exit
UDR,2010-05-05,2010-05-07,11.922177995557107,11.288704647521996,-0.05313402872119333,1,open_exit
OC,2010-04-29,2010-05-10,27.920354989772385,28.406414526574647,0.017408787853174346,6,open_exit
PRGO,2010-05-13,2010-05-17,48.32854555361535,45.83910883155798,-0.05151068987366081,1,open_exit
VTR,2010-05-11,2010-05-19,27.52755499931251,26.240501447524164,-0.0467550987299995,5,open_exit
DOC,2010-05-11,2010-05-19,12.983181035993987,12.35034979149782,-0.04874238776627504,5,open_exit
ICE,2010-05-11,2010-05-19,20.834887740254995,19.369459810174245,-0.07033529281990814,5,open_exit
CRUS,2010-05-12,2010-05-19,14.277135457992554,13.103444656848907,-0.08220772329274195,4,open_exit
SO,2010-05-11,2010-05-20,17.415494241443987,16.806281122377715,-0.03498109847589137,6,open_exit
NEM,2010-05-12,2010-05-20,41.48846182689983,37.664999947164546,-0.09215723387595609,5,open_exit
HAS,2010-05-11,2010-05-21,24.148856968935995,23.284828147869796,-0.03577928438508071,7,open_exit
MO,2010-05-11,2010-05-21,7.924643969421341,7.537103190487587,-0.048903241638255324,7,open_exit
CHD,2010-05-11,2010-05-26,13.344916402608483,12.897265247212772,-0.03354469536491145,10,open_exit
SPG,2010-08-03,2010-08-12,43.718450168609614,41.963586633826495,-0.0401401131104856,6,open_exit
CCI,2010-08-03,2010-08-12,24.61605876120154,23.06430335924333,-0.06303833676266657,6,open_exit
BXP,2010-08-03,2010-08-13,45.87714192051848,43.87296898706666,-0.043685653673108504,7,open_exit
MTCH,2010-08-03,2010-08-13,6.498113949602977,6.243847233146564,-0.03912931020114663,7,open_exit
CTSH,2010-08-03,2010-08-16,27.104850838997066,25.379376002351687,-0.06365926331396199,8,open_exit
DUK,2010-08-03,2010-08-16,26.48392227592845,26.0164843983828,-0.017649873484582357,8,open_exit
BWA,2010-08-03,2010-08-24,16.87137531651876,16.176815237002078,-0.0411679585384267,14,open_exit
LIN,2010-08-03,2010-08-24,64.85907135125431,63.91900564956666,-0.014493974121161712,15,close_exit
PCG,2010-08-03,2010-08-24,33.748402829659085,34.83279461669922,0.03213164760754661,15,close_exit
SBAC,2010-08-03,2010-08-24,33.10038315955473,33.04907236099243,-0.0015501572388139095,15,close_exit
NEE,2010-09-13,2010-09-16,8.857494061698041,8.592272453279453,-0.029943187832941587,2,open_exit
FDS,2010-09-07,2010-09-23,66.09758121290393,66.94466153651629,0.012815602448202679,11,open_exit
AXS,2010-09-07,2010-09-24,21.005550147722992,21.10861361171004,0.004906487250381231,12,open_exit
BWA,2010-09-07,2010-09-28,17.63042970899416,18.946220164299014,0.07463178589649488,15,close_exit
ADM,2010-09-13,2010-10-01,21.37512890085353,20.736030147998957,-0.029899176553225493,13,open_exit
KO,2010-09-10,2010-10-01,17.8820271545368,18.258922841072085,0.021076787507263273,15,close_exit
TKR,2010-09-13,2010-10-04,19.178233103057874,19.6300192527771,0.02355723529333842,15,close_exit
PPG,2010-09-13,2010-10-04,26.719440985267923,26.972775862693787,0.00948129407219045,15,close_exit
SBAC,2010-09-13,2010-10-04,35.01634292095829,36.65839655685425,0.046893921492673796,15,close_exit
FFIV,2010-09-14,2010-10-05,98.51923622131348,111.44425000000001,0.13119279314804877,15,close_exit
NTAP,2010-09-29,2010-10-07,37.183170485134376,35.1124071574721,-0.055690875754937474,5,open_exit
PRGO,2010-09-16,2010-10-07,49.21449668889921,49.693879186630255,0.00974067662951783,15,close_exit
ILMN,2010-10-06,2010-10-12,49.625966354370114,47.27207128715516,-0.04743273008340465,3,open_exit
LVS,2010-09-23,2010-10-14,20.681379798030907,24.470091063499453,0.1831943179066453,15,close_exit
TMUS,2010-10-04,2010-10-15,17.329099937074286,16.599032354997178,-0.042129573072354654,8,open_exit
EW,2010-09-24,2010-10-15,11.322324936389922,11.241043574810028,-0.007178857879149514,15,close_exit
CROX,2010-10-08,2010-10-20,14.437215305328369,13.553220419406891,-0.06123029041446937,7,open_exit
CDNS,2010-10-15,2010-10-20,8.194094580173491,7.72613501906395,-0.05710936779297382,2,open_exit
BWA,2010-10-01,2010-10-22,19.199858775206962,19.803415406227113,0.031435472421262434,15,close_exit
AZO,2010-10-05,2010-10-26,232.35612549591062,236.38175,0.0173252351126858,15,close_exit
IT,2010-10-06,2010-10-27,30.915449618339537,31.434275762557984,0.016782099261809513,15,close_exit
EXPD,2010-10-06,2010-10-27,38.719933607153095,40.01759029579163,0.03351391822631644,15,close_exit
UNH,2010-10-15,2010-10-28,27.97602080066849,28.157611601322017,0.006490944582411284,8,open_exit
UAL,2010-10-07,2010-10-28,25.102545152664185,28.9055400762558,0.15149837996359494,15,close_exit
URI,2010-10-12,2010-11-02,14.655572567565233,18.669831023216247,0.2739066274718678,15,close_exit
BKNG,2010-10-18,2010-11-08,13.848103811433148,15.212286368370057,0.09851042247463693,15,close_exit
LBTYA,2010-11-03,2010-11-10,8.324457389831542,8.305285892486573,-0.0023030326719417626,4,open_exit
NTAP,2010-10-20,2010-11-10,37.607871333679206,41.62284729385376,0.10675892619795779,15,close_exit
TKR,2010-10-20,2010-11-10,21.208995568067014,22.80249304389954,0.0751330948567761,15,close_exit
LVS,2010-11-09,2010-11-11,33.52975428559579,30.137231448453313,-0.10117947206669176,1,open_exit
VRSN,2010-10-25,2010-11-15,27.600299414873074,28.726452778804404,0.04080221547612917,14,open_exit
MOS,2010-10-27,2010-11-15,52.81769660039294,52.30891104242967,-0.00963286153526599,12,open_exit
SWKS,2010-10-28,2010-11-16,18.00856036686858,17.802826836985993,-0.011424207470858483,12,open_exit
FFIV,2010-10-28,2010-11-17,118.0089719467163,116.46173664474487,-0.01311116668883483,13,open_exit
BWA,2010-10-28,2010-11-17,20.43560592289199,20.792480373557833,0.017463365266114694,13,open_exit
FMC,2010-10-29,2010-11-17,23.78522414867735,24.209412185718598,0.01783409878291331,12,open_exit
BKNG,2010-11-10,2010-11-17,16.519913219503646,15.631174835159586,-0.053798005627221035,4,open_exit
KMX,2010-11-11,2010-11-17,33.48673622131348,32.043971372604375,-0.043084666095073776,3,open_exit
DLTR,2010-11-18,2010-11-22,28.209097194671628,26.811588262557986,-0.04954107260042395,1,open_exit
F,2010-11-11,2010-11-24,8.315394856049346,8.010759309768677,-0.03663512696081428,8,open_exit
DIS,2010-11-15,2010-11-24,31.617667102446195,30.691330099335342,-0.02929808199034345,6,open_exit
INGR,2010-11-16,2010-11-24,30.55902151902796,30.14264646897225,-0.013625274284271516,5,open_exit
DDS,2010-11-18,2010-11-30,22.152356663844227,21.19718343527779,-0.043118357250243045,6,open_exit
NOV,2010-11-11,2010-12-03,41.907698612204335,45.236914600372316,0.07944163240685453,15,close_exit
ILMN,2010-11-16,2010-12-08,55.94235539245605,60.3783574256897,0.07929594673147866,15,close_exit
DKS,2010-11-17,2010-12-09,23.785887751092353,25.518318518638612,0.07283439599460384,15,close_exit
MAT,2010-11-17,2010-12-09,17.365333364771512,18.87992527961731,0.08721928240769627,15,close_exit
ROST,2010-11-18,2010-12-10,13.784027917681344,13.958248326301575,0.012639295977973974,15,close_exit
UAA,2010-11-22,2010-12-14,6.8784374999999995,7.090203125,0.030786879287629132,15,close_exit
SWKS,2010-11-26,2010-12-15,20.34967399406433,20.892512097715937,0.026675518428941114,12,open_exit
FFIV,2010-12-13,2010-12-15,143.79186122131347,132.98347805023195,-0.07516686326527255,1,open_exit
URI,2010-12-09,2010-12-16,22.142552305252806,21.166204452390105,-0.044093735871229556,4,open_exit
CROX,2010-11-26,2010-12-17,17.528760457992554,18.240875000000003,0.04062549338351795,15,close_exit
BWA,2010-11-26,2010-12-17,22.206712126855702,26.02724018478394,0.17204384134416184,15,close_exit
AMZN,2010-11-30,2010-12-21,8.851923597335816,9.232881440639497,0.04303672971356631,15,close_exit
VRSN,2010-12-16,2010-12-28,30.69060860756329,30.232330634201105,-0.014932189166468657,6,open_exit
DECK,2010-12-06,2010-12-28,13.820239223957062,13.85640108203888,0.0026165869849150702,15,close_exit
LEA,2010-12-15,2010-12-31,37.45114013154319,37.846547085092986,0.010557941685112038,10,open_exit
TKR,2010-12-20,2011-01-03,25.070540052382277,25.066262530772182,-0.0001706194442224751,8,open_exit
AIG,2010-12-10,2011-01-03,29.50575930345069,36.015525861740116,0.22062697968013678,15,close_exit
JEF,2010-12-10,2011-01-03,17.86744922456952,18.992888712882998,0.06298825725867396,15,close_exit
SIRI,2011-01-04,2011-01-06,13.692816570919513,13.128820905287482,-0.041189163873693646,1,open_exit
EL,2010-12-15,2011-01-06,32.48899045680372,33.46782726478577,0.030128261734801542,15,close_exit
AN,2010-12-15,2011-01-06,26.93346007633209,27.516235686302185,0.021637606468625004,15,close_exit
KBR,2010-12-29,2011-01-07,25.24033848177132,24.200989653033776,-0.041178086002617076,6,open_exit
BWA,2011-01-04,2011-01-10,27.16068593797917,25.33489670076279,-0.06722176462647256,3,open_exit
CLF,2011-01-04,2011-01-10,69.42662183788491,68.35631248028076,-0.015416411302617838,3,open_exit
AIG,2011-01-10,2011-01-11,37.83394512208901,35.96587660788893,-0.04937546185500563,0,open_exit
SWKS,2010-12-20,2011-01-11,22.50287585896354,24.725284905433657,0.09876111215291039,15,close_exit
RCL,2010-12-22,2011-01-13,38.304175400349585,39.04999953460693,0.01947109228855881,15,close_exit
MOS,2010-12-30,2011-01-20,56.110936816488824,57.189080799725616,0.01921450691088733,13,open_exit
AGCO,2011-01-04,2011-01-20,41.48072975598038,40.542495858689776,-0.022618548487694623,10,open_exit
HUN,2011-01-07,2011-01-20,10.248162895255943,10.182745906210176,-0.006383289347991261,7,open_exit
DDS,2011-01-07,2011-01-20,27.43916752101225,27.716151171307114,0.010094462599229859,7,open_exit
ULTA,2011-01-07,2011-01-20,37.10358370560918,34.96112009112913,-0.05774276769271103,7,open_exit
BKNG,2011-01-06,2011-01-21,17.0058429876599,16.65020670397854,-0.02091259362675657,9,open_exit
URI,2011-01-10,2011-01-21,24.21691139666695,24.298728821993677,0.0033785243702872947,7,open_exit
CIEN,2011-01-11,2011-01-21,25.512749999999997,24.397794847488406,-0.04370188053077739,6,open_exit
DDS,2011-01-21,2011-01-26,29.39217282040591,27.681558548549543,-0.05819965343524214,2,open_exit
PG,2011-01-20,2011-01-28,41.80193048797809,40.77741435642619,-0.024508823386674483,5,open_exit
AMP,2011-01-12,2011-01-31,44.16063730725731,43.61345401348332,-0.012390747216052267,11,open_exit
AN,2011-01-20,2011-01-31,28.424204847335815,28.735625000000002,0.010956160579928209,6,open_exit
BG,2011-01-20,2011-01-31,47.77286270397839,45.417255263560065,-0.049308484086764914,6,open_exit
PSKY,2011-01-21,2011-01-31,15.654838125228881,14.74768684947799,-0.05794702369288329,5,open_exit
HD,2011-01-21,2011-01-31,25.565295765855712,25.75477724704743,0.007411667869095417,5,open_exit
GNTX,2011-01-28,2011-02-03,12.432263764049939,11.635938638408856,-0.06405310736277936,3,open_exit
ILMN,2011-01-14,2011-02-07,66.71621802520751,69.25524153137208,0.03805706590270508,15,close_exit
HAL,2011-01-31,2011-02-10,33.84498994925241,33.534454898753125,-0.009175214735324233,7,open_exit
ROK,2011-01-21,2011-02-11,55.7572781084553,64.65250254821778,0.15953476822272572,15,close_exit
ORCL,2011-01-21,2011-02-11,26.23515520140113,27.016106313705446,0.029767352482161336,15,close_exit
SIRI,2011-02-08,2011-02-16,14.164977955602922,13.600505084709729,-0.039849894060012714,5,open_exit
CF,2011-02-10,2011-02-16,20.937902511132666,20.18647197068764,-0.03588852990625446,3,open_exit
HOG,2011-01-26,2011-02-16,27.70696426737387,30.171109901428224,0.088935966072472,15,close_exit
DINO,2011-02-17,2011-02-22,15.710565661258178,14.664042018207528,-0.06661272837752419,1,open_exit
DAR,2011-01-31,2011-02-22,13.666829847335814,13.983004771232606,0.023134474302277663,15,close_exit
DOV,2011-01-31,2011-02-22,31.78078384970754,33.19355422210693,0.04445360375881324,15,close_exit
URI,2011-02-03,2011-02-23,27.516584680149453,30.274618137207444,0.10023167806314448,12,open_exit
HUN,2011-02-14,2011-02-23,11.144109298550761,10.513793487542818,-0.05656044768781232,5,open_exit
CMG,2011-02-14,2011-02-23,5.391094277858734,5.018689579963684,-0.06907775651865689,5,open_exit
LAZ,2011-02-16,2011-02-23,21.524527569593808,20.62986831965085,-0.04156464048050834,3,open_exit
NOV,2011-02-01,2011-02-23,53.37547368498928,57.00572360229493,0.06801344637671258,15,close_exit
TRMB,2011-02-01,2011-02-23,23.11155038166046,23.558214694976808,0.019326453913312003,15,close_exit
SF,2011-02-16,2011-02-24,18.719477344616596,18.191693796603328,-0.028194352774761122,4,open_exit
RRC,2011-02-24,2011-03-02,48.82298401115774,46.229457049510934,-0.05312102515188544,3,open_exit
CPT,2011-02-24,2011-03-02,31.27605370126832,31.454708744145254,0.005712199006413954,3,open_exit
ESS,2011-02-23,2011-03-03,71.76320265503968,72.9353419364097,0.01633343047695912,5,open_exit
EXEL,2011-02-22,2011-03-08,10.515255228996276,10.924535305023195,0.03892250517118323,9,open_exit
XOM,2011-02-23,2011-03-08,48.017516900681784,47.18861694145203,-0.01726244947118416,8,open_exit
NDSN,2011-02-24,2011-03-11,45.88510858506818,44.41951674801351,-0.03194046788268046,10,open_exit
COP,2011-02-24,2011-03-11,35.655385129461706,33.29054245211151,-0.06632497920759095,10,open_exit
DVN,2011-02-24,2011-03-11,57.062111615623664,54.75182740570554,-0.040487183956325334,10,open_exit
ICE,2011-03-08,2011-03-14,22.72324176871206,21.283124966024015,-0.0633763798909609,3,open_exit
BIIB,2011-03-02,2011-03-16,69.76486835861206,69.10542938995361,-0.009452307216703093,9,open_exit
HUM,2011-02-23,2011-03-16,55.312225594636416,54.75198729515076,-0.010128652272852645,15,close_exit
HSY,2011-02-23,2011-03-16,35.5750165151248,36.92139517974854,0.037846185230899776,15,close_exit
PSKY,2011-03-03,2011-03-17,18.27909682739028,17.701322191486558,-0.03160848926835147,9,open_exit
CBRE,2011-03-14,2011-03-17,27.013499999999997,25.92703053379059,-0.040219500109552886,2,open_exit
UHS,2011-03-02,2011-03-23,44.089651146190604,43.06781838564513,-0.02317624961824538,14,open_exit
AGNC,2011-03-17,2011-03-23,3.800097748306681,3.703360584949571,-0.025456493428416715,3,open_exit
SGI,2011-03-08,2011-03-29,11.548833083924894,11.842209020614625,0.025403080515388865,15,close_exit
KR,2011-03-11,2011-04-01,8.787769411356503,8.883724250793458,0.010919134873174086,15,close_exit
JAZZ,2011-03-14,2011-04-04,28.68433507633209,32.11393606758118,0.11956355209638136,15,close_exit
ULTA,2011-03-14,2011-04-04,45.19710966919342,47.721877552032474,0.05586126859257878,15,close_exit
CLH,2011-03-16,2011-04-06,47.86392015266418,52.83357061004639,0.10382873867270548,15,close_exit
JEF,2011-03-24,2011-04-07,22.63500290764822,23.703281253971262,0.04719585637703094,9,open_exit
OLED,2011-03-17,2011-04-07,43.33574141030561,53.324063156127934,0.23048692420540928,15,close_exit
IRM,2011-03-18,2011-04-08,10.575464738557004,12.332649140834809,0.16615670759804058,15,close_exit
PFE,2011-03-18,2011-04-08,10.00135093686534,10.119953704357147,0.011858674717095896,15,close_exit
THC,2011-03-30,2011-04-12,29.33465969467163,26.42678053379059,-0.0991277618744364,8,open_exit
BC,2011-04-04,2011-04-13,20.771411235200162,19.730126580608164,-0.05013066482586359,6,open_exit
CE,2011-04-05,2011-04-13,35.69103512646284,34.612170223995584,-0.030227896126984066,5,open_exit
CLH,2011-04-07,2011-04-13,52.89643393135071,50.27484923744202,-0.04956070757645015,3,open_exit
PPG,2011-04-05,2011-04-14,36.41641753396407,34.80616408931597,-0.04421778839574997,6,open_exit
CAR,2011-03-24,2011-04-14,16.283474260605406,17.36877365589142,0.06665035838891442,15,close_exit
IRM,2011-04-15,2011-04-21,12.825914471652998,12.184816821804304,-0.049984556755435006,3,open_exit
DDS,2011-04-07,2011-04-29,29.63068307941486,33.25791792869568,0.12241482383511926,15,close_exit
DECK,2011-04-14,2011-05-02,15.37768488550186,14.062964694976808,-0.08549532652763459,10,open_exit
REGN,2011-04-21,2011-05-02,49.51597900048282,50.67588542661274,0.023424891308694518,5,open_exit
HUN,2011-04-08,2011-05-02,11.853381687963342,12.920843475341798,0.09005546395780217,15,close_exit
SGI,2011-04-11,2011-05-03,13.772946851193296,14.300471004486084,0.03830147309739185,15,close_exit
OLN,2011-04-11,2011-05-03,15.695966938585558,15.586831019878389,-0.006953118538933656,15,close_exit
BIIB,2011-04-12,2011-05-04,79.02949286270142,96.43176335525513,0.22019969839344422,15,close_exit
WMB,2011-05-02,2011-05-05,12.443013692720637,11.609090599893527,-0.06701938239567862,2,open_exit
OXY,2011-05-02,2011-05-05,71.13924713089827,66.59205542534256,-0.06391959275572234,2,open_exit
IPGP,2011-05-04,2011-05-05,70.035,64.50773091506959,-0.07892152616449499,0,open_exit
CI,2011-04-13,2011-05-05,40.37074128802632,42.501397972106936,0.052777249465878695,15,close_exit
AZO,2011-04-13,2011-05-05,276.35811122131344,285.13735877990723,0.0317676493003789,15,close_exit
CAT,2011-05-02,2011-05-06,80.25134566925253,76.91577253369438,-0.04156407730912526,3,open_exit
BBWI,2011-04-14,2011-05-06,15.650349930699216,17.032302571296693,0.08830170869768761,15,close_exit
NEU,2011-05-03,2011-05-12,143.5527139123903,135.53622427688614,-0.05584352546895477,6,open_exit
PSKY,2011-05-05,2011-05-16,20.37158002637482,19.578961598841946,-0.038908048688745756,6,open_exit
SIRI,2011-05-09,2011-05-17,17.627527203868564,17.29545071798754,-0.018838517849976588,5,open_exit
DKS,2011-05-12,2011-05-17,29.77151150500345,27.39538795266307,-0.07981198912057397,2,open_exit
TMUS,2011-05-04,2011-05-23,28.83955261804844,27.7495293506207,-0.03779612263283094,12,open_exit
A,2011-05-16,2011-05-24,32.98614066954571,31.090518397991353,-0.05746723421041133,5,open_exit
FE,2011-05-17,2011-05-24,22.870331516950937,22.811331925598473,-0.0025797435996384177,4,open_exit
ROST,2011-05-06,2011-05-25,17.026933348005727,17.11957237097346,0.0054407344572464655,12,open_exit
CI,2011-05-06,2011-05-25,42.96774095567167,42.780658796474675,-0.0043540143148321775,12,open_exit
LNG,2011-05-24,2011-05-25,11.218295077021178,10.358925841897086,-0.07660426376948914,0,open_exit
PEP,2011-05-05,2011-05-26,43.823403096560234,44.372587964372876,0.012531771359758803,14,open_exit
CTAS,2011-05-05,2011-05-26,6.395926073785556,6.654125763416291,0.04036939868473399,15,close_exit
SPGI,2011-05-05,2011-05-26,30.41048872590422,31.72089080619812,0.04309046434948205,15,close_exit
EA,2011-05-06,2011-05-27,21.050032809735853,23.182328894615175,0.10129656823589905,15,close_exit
NOC,2011-05-25,2011-06-02,48.45508883209148,47.65261525436107,-0.016561182676006814,4,open_exit
FLO,2011-05-24,2011-06-03,8.20203730422737,8.102287905647492,-0.012161539246897446,6,open_exit
AZO,2011-05-25,2011-06-03,294.5872224426269,287.1563377990723,-0.02522473507825629,5,open_exit
EHC,2011-05-17,2011-06-06,17.829729770238384,17.21062944214028,-0.03472292267331578,12,open_exit
AEP,2011-05-25,2011-06-06,22.1308222532506,21.450359801197855,-0.03074727383673226,6,open_exit
EQT,2011-05-26,2011-06-07,25.245152696597145,25.166868447736842,-0.003100961590573159,6,open_exit
DDS,2011-05-27,2011-06-07,39.066195194039324,36.360701104706216,-0.06925409745932742,5,open_exit
DAR,2011-05-27,2011-06-07,18.39919438934326,18.20089408493042,-0.010777662337634442,5,open_exit
PSKY,2011-05-31,2011-06-07,21.334078231265096,20.23007716503671,-0.05174824308136594,4,open_exit
CRS,2011-06-03,2011-06-08,41.15402317242042,38.99149034967096,-0.0525473005078807,2,open_exit
IPGP,2011-05-23,2011-06-09,68.94445866394042,66.17689408493042,-0.0401419437129833,11,open_exit
WTW,2011-06-03,2011-06-13,83.3418092380762,82.03970832050044,-0.015623621918935626,5,open_exit
CNP,2011-06-03,2011-06-16,11.302814708631349,10.896877737891149,-0.03591467976823581,8,open_exit
ISRG,2011-07-01,2011-07-08,41.49295748519897,40.63633746910095,-0.02064494960147356,3,open_exit
MNST,2011-07-01,2011-07-12,6.763380228996277,6.580041348934174,-0.027107581394889557,5,open_exit
CNP,2011-07-01,2011-07-12,11.462010982754338,11.315079374736703,-0.012819007784821257,5,open_exit
BEN,2011-07-01,2011-07-12,23.75159268723042,23.878562861957978,0.005345754131082847,5,open_exit
CAH,2011-07-01,2011-07-12,31.071299200649204,31.18350648690365,0.0036112840190507534,5,open_exit
CTAS,2011-07-01,2011-07-12,6.8449437405516385,6.80916116763798,-0.005227591967143619,5,open_exit
TDG,2011-07-01,2011-07-13,39.17741716715008,39.19405285352947,0.0004246243775696268,6,open_exit
AXP,2011-07-01,2011-07-14,42.03851056831868,42.44334725619066,0.009630138708507818,7,open_exit
HAL,2011-07-01,2011-07-15,39.37582640352871,40.377925645957454,0.025449605353271787,8,open_exit
COO,2011-07-01,2011-07-25,19.76896307324739,19.724183725357058,-0.0022651338729511306,15,close_exit
VFC,2011-07-12,2011-07-28,18.110141568949576,18.37054939374222,0.014379115911447249,11,open_exit
ELS,2011-07-12,2011-07-28,11.315227975895764,11.150631813299182,-0.014546429196761523,11,open_exit
PSA,2011-07-13,2011-07-28,68.61762360346489,68.21223587870912,-0.0059079242833950385,10,open_exit
CAG,2011-07-13,2011-07-28,11.879211620632555,11.708977001479552,-0.014330464393557008,10,open_exit
BMRN,2011-07-13,2011-07-28,28.96447576332092,29.565209923744202,0.020740377465558124,10,open_exit
PRGO,2011-07-14,2011-07-28,70.23446832054938,68.72540163088695,-0.021486126765779323,9,open_exit
DINO,2011-07-08,2011-07-29,18.71679986791117,19.57575181388855,0.04589203026367783,15,close_exit
NRG,2011-07-26,2011-08-02,18.796444825542874,17.999265021489183,-0.042411201237927076,4,open_exit
RGLD,2011-07-13,2011-08-03,52.953822587722364,58.57599444007874,0.10617121819756803,15,close_exit
RRC,2011-07-18,2011-08-05,56.759565592732535,56.10256092287762,-0.011575223717692373,13,open_exit
HXL,2011-10-24,2011-11-02,23.37813501767242,22.38204127921024,-0.04260792136366709,6,open_exit
NI,2011-10-24,2011-11-02,5.58680951901169,5.318555455280652,-0.048015609413240234,6,open_exit
CL,2011-10-24,2011-11-02,33.227698020889314,31.553022361601627,-0.050399990340434186,6,open_exit
KMB,2011-10-24,2011-11-02,40.878085958184606,39.9558575960839,-0.022560458506889924,6,open_exit
CB,2011-10-24,2011-11-02,52.59002476168998,53.188021241788206,0.011370910791695277,6,open_exit
WMT,2011-10-24,2011-11-02,14.149567477443163,14.108087246140515,-0.00293155471845874,6,open_exit
PVH,2011-11-03,2011-11-10,74.4411886991837,68.49883437966764,-0.07982616107232066,4,open_exit
GRMN,2011-11-03,2011-11-11,22.530067842737022,22.043468291760966,-0.02159778454164396,5,open_exit
DPZ,2011-10-24,2011-11-14,25.56634288016245,25.714313077926636,0.005787695113758318,15,close_exit
TSCO,2011-10-24,2011-11-14,6.046423746410806,6.098606085300446,0.008630281481779356,15,close_exit
MCD,2011-10-24,2011-11-14,62.06673237605145,63.34484905433655,0.02059262070606871,15,close_exit
COST,2011-10-24,2011-11-14,61.31291488167433,60.42750428771973,-0.01444084978936866,15,close_exit
HUM,2011-11-03,2011-11-18,76.23169797923258,75.72622884667592,-0.006630694920298885,10,open_exit
VRSK,2011-11-03,2011-11-18,34.24382096611545,34.7702530264871,0.01537305258348809,10,open_exit
FCN,2011-11-03,2011-11-21,42.691333168029786,40.659660305023195,-0.047589820046380016,11,open_exit
MA,2011-11-03,2011-11-22,32.689012009044944,32.353088969515525,-0.01027632892167163,12,open_exit
INTC,2011-11-16,2011-11-22,17.37623955089701,16.150040858349804,-0.07056755225752553,3,open_exit
CDNS,2011-11-16,2011-11-22,11.485739542007446,10.6646650762558,-0.07148642564535657,3,open_exit
ACGL,2011-11-14,2011-11-25,11.587735598777488,10.977386885610093,-0.0526719571709755,7,open_exit
KEX,2011-11-16,2011-11-25,64.02199667930603,60.02997137260437,-0.06235396447721231,5,open_exit
EXR,2011-11-16,2011-11-25,13.578417937349348,13.09342773372813,-0.03571772542714158,5,open_exit
AEE,2011-12-01,2011-12-05,20.616728607220992,19.93672402771896,-0.032983146475714986,1,open_exit
FTI,2011-12-01,2011-12-09,35.637020351804146,34.38857618895193,-0.035032226334517746,5,open_exit
FAST,2011-12-01,2011-12-14,7.178037652747505,6.904957615598154,-0.0380438290184818,8,open_exit
GWW,2011-12-01,2011-12-14,148.6406921942729,143.16901543336937,-0.036811432186766635,8,open_exit
CLH,2011-12-01,2011-12-14,59.929951526641844,57.58119561004639,-0.03919168724091682,8,open_exit
MA,2011-12-01,2011-12-15,34.258410187469934,33.813381915997745,-0.012990336359360866,9,open_exit
DPZ,2011-12-09,2011-12-15,27.256019967394472,26.321683842848934,-0.034279991196926596,3,open_exit
TJX,2011-12-01,2011-12-20,12.704048327456407,12.906109289689141,0.015905241937409276,12,open_exit
DG,2011-12-01,2011-12-22,34.79127544853183,35.099358198165895,0.008855172616187179,15,close_exit
V,2011-12-01,2011-12-22,21.615167272750377,22.633613140106203,0.047117186487830365,15,close_exit
MCD,2011-12-01,2011-12-22,64.82249873058696,66.90179695510865,0.03207679841475408,15,close_exit
GRMN,2011-12-05,2011-12-27,23.47169102559811,25.466264404296876,0.08497783037973261,15,close_exit
ED,2011-12-16,2012-01-04,34.79065142666489,35.15630202107914,0.010510024372064608,10,open_exit
AMT,2011-12-23,2012-01-04,43.36081824468156,42.048517413683065,-0.03026466944404249,5,open_exit
LLY,2011-12-14,2012-01-05,28.87457715019333,28.71462288912899,-0.00553962263178176,13,open_exit
AJG,2011-12-16,2012-01-05,23.71765126282171,23.832377902636374,0.004837183857007821,11,open_exit
DTE,2011-12-20,2012-01-05,27.197276226462687,27.665887975907058,0.017230098541574312,9,open_exit
FRT,2011-12-23,2012-01-05,55.38880767254019,53.719705249909644,-0.030134290532092933,6,open_exit
AGNC,2011-12-14,2012-01-06,4.191997295437007,4.2960510303974155,0.02482199477410707,15,close_exit
LMT,2011-12-23,2012-01-09,52.70868402052392,52.23341846577807,-0.00901683590811686,8,open_exit
ALK,2011-12-15,2012-01-09,16.38148853950194,16.798788252830505,0.025473858027144303,15,close_exit
ISRG,2012-01-04,2012-01-10,52.474000682830805,50.372578668594365,-0.04004691822409523,3,open_exit
JAZZ,2012-01-10,2012-01-18,49.12454847335815,46.47675,-0.053899700977285026,4,open_exit
KEX,2012-01-05,2012-01-25,66.65331274795531,67.29633683013917,0.009647293670389745,12,open_exit
OKE,2012-01-04,2012-01-26,16.996447415217155,17.08818282032013,0.005397328209943764,15,close_exit
DOC,2012-01-04,2012-01-26,17.52915910294955,17.70967329597473,0.010297937965250581,15,close_exit
USB,2012-01-10,2012-01-27,17.745190617471405,17.298571190398523,-0.025168477290582247,11,open_exit
FAST,2012-01-05,2012-01-27,7.60734590411416,8.009751780033112,0.052897013096423695,15,close_exit
HD,2012-01-05,2012-01-27,30.484936298084417,32.05469675064087,0.05149298778935263,15,close_exit
WMB,2012-01-05,2012-01-27,12.960397249740774,13.373711410522462,0.031890547243060396,15,close_exit
AZO,2012-01-10,2012-02-01,340.9703877868652,352.8134952392578,0.03473353662546064,15,close_exit
GPC,2012-01-10,2012-02-01,41.11949771156154,42.14093300056458,0.024840655792248256,15,close_exit
MNST,2012-01-18,2012-02-08,8.45422480916977,8.912208651065827,0.05417218636051779,15,close_exit
KLAC,2012-01-30,2012-02-13,3.0653901749941626,2.95828597174375,-0.03493982727683809,9,open_exit
DG,2012-01-25,2012-02-15,35.92381759840645,36.23076166534424,0.008544305351094073,15,close_exit
WCC,2012-01-27,2012-02-17,61.82624901404104,62.72315824699554,0.01450693269052783,14,open_exit
SHW,2012-01-27,2012-02-17,28.203856346091612,28.999506283760073,0.02821067899031182,15,close_exit
SBUX,2012-01-27,2012-02-17,18.18635225722354,18.445515060424807,0.014250400494597804,15,close_exit
STX,2012-01-30,2012-02-21,11.08704734690223,14.427860128402711,0.3013257431821035,15,close_exit
LNG,2012-01-30,2012-02-21,12.30578076276319,13.494241325378418,0.09657742044385054,15,close_exit
PHM,2012-02-09,2012-02-23,7.404588644369561,7.082957539948678,-0.04343672820575262,8,open_exit
PTC,2012-02-13,2012-02-23,27.513749999999998,26.34682061004639,-0.04241258970346129,6,open_exit
URI,2012-02-02,2012-02-24,37.27088664078533,41.33964850997925,0.10916729479522225,15,close_exit
JBL,2012-02-02,2012-02-24,20.302753677156424,22.64568062019348,0.1153994665104563,15,close_exit
VMC,2012-02-17,2012-02-28,43.48319212777059,41.566347250248135,-0.044082432400317284,5,open_exit
AGO,2012-02-22,2012-03-01,13.818167502304881,13.186016472461064,-0.04574781929212923,5,open_exit
CAT,2012-02-22,2012-03-05,80.36232975449892,78.03637696966652,-0.028943321976080294,7,open_exit
ITT,2012-03-01,2012-03-06,21.2797976501195,19.649273734122342,-0.07662309307663939,2,open_exit
FFIV,2012-02-16,2012-03-07,127.03348622131347,122.43875000000001,-0.036169488518237314,12,open_exit
CMCSA,2012-02-23,2012-03-07,9.752176080711148,9.652437744956012,-0.01022729029189795,8,open_exit
JAZZ,2012-02-27,2012-03-07,51.32564923667908,48.85556106758118,-0.04812580465777505,6,open_exit
LNG,2012-02-28,2012-03-07,15.062661104254563,14.93324639637128,-0.008591755931276257,5,open_exit
MSI,2012-03-07,2012-03-13,40.3981442927271,39.60527790795916,-0.0196263070655619,3,open_exit
HD,2012-02-21,2012-03-13,34.36794730713266,35.32128926086426,0.027739275354794035,15,close_exit
INTC,2012-02-21,2012-03-13,19.05541271204516,19.14080399131775,0.004481208597419295,15,close_exit
KMI,2012-02-27,2012-03-15,16.545387131697822,17.833765163856288,0.07786931921890039,12,open_exit
ROST,2012-02-23,2012-03-15,23.08228784179085,24.498242797851564,0.061343787312846176,15,close_exit
URI,2012-03-05,2012-03-21,41.4871366563805,39.8649543222017,-0.039100850647144414,11,open_exit
AGO,2012-03-16,2012-03-22,14.646017088932139,12.467199866203469,-0.14876517004579914,3,open_exit
PHM,2012-03-14,2012-03-26,8.067684738564084,7.6604652201027275,-0.050475388126511644,7,open_exit
ULTA,2012-03-06,2012-03-27,85.48665568986152,93.92301622009278,0.09868628573841587,15,close_exit
LOW,2012-03-08,2012-03-29,22.19621019351748,23.979590891838075,0.0803461799456846,15,close_exit
SHW,2012-03-08,2012-03-29,30.934549127785484,31.69296402645111,0.024516759417851697,15,close_exit
TSCO,2012-03-08,2012-03-29,7.218667521758092,7.481525005340576,0.0364135739442486,15,close_exit
PTC,2012-03-13,2012-04-03,27.94396530532837,28.395794847488403,0.016169127653256732,15,close_exit
AWI,2012-03-28,2012-04-04,45.28075523642699,43.72174104533663,-0.03442995115585401,4,open_exit
FFIV,2012-03-14,2012-04-04,133.2766117172241,136.04194561004638,0.020748831000367396,15,close_exit
EXP,2012-03-22,2012-04-05,32.79020704048148,31.42178358773186,-0.041732687172734706,9,open_exit
LEN,2012-03-16,2012-04-09,22.725688470582057,21.654622901178968,-0.047130170370396574,14,open_exit
SNPS,2012-03-30,2012-04-09,30.915449618339537,29.855065838813783,-0.034299477853840354,4,open_exit
PSKY,2012-03-30,2012-04-10,25.38052163009327,24.98612517248404,-0.015539336163272521,5,open_exit
DGX,2012-03-30,2012-04-10,46.09732455825805,44.86889221260241,-0.026648669037248385,5,open_exit
CNC,2012-04-09,2012-04-10,11.438216135501861,10.70714336872101,-0.06391492852733849,0,open_exit
KMI,2012-03-26,2012-04-11,19.35572228035005,18.940960324024964,-0.021428389512808566,10,open_exit
LULU,2012-04-04,2012-04-11,75.83790305328368,72.58369274520875,-0.04291007764004928,3,open_exit
BKNG,2012-04-04,2012-04-12,28.90279632490255,28.6347134529009,-0.009275326476651968,4,open_exit
WMB,2012-03-21,2012-04-12,14.80559642882996,15.036530097961426,0.015597728213217144,15,close_exit
MRK,2012-04-05,2012-04-16,23.520730964591028,22.963753373183934,-0.02368028409685008,5,open_exit
AAPL,2012-04-09,2012-04-16,18.752840620030057,18.253277272393635,-0.026639342687253098,4,open_exit
SBUX,2012-04-12,2012-04-18,22.652195456320573,22.462037308993253,-0.008394689499037544,3,open_exit
LVS,2012-04-10,2012-04-23,38.260639572481374,35.82249996393981,-0.06372448646402584,8,open_exit
PM,2012-04-05,2012-04-25,45.63665960313592,44.20951923323029,-0.03127179732952157,12,open_exit
VRSN,2012-04-10,2012-04-25,38.36742246833683,40.80032704513134,0.06341068594853616,10,open_exit
TJX,2012-04-18,2012-04-25,17.07142092312229,16.822434460130793,-0.014584987630072321,4,open_exit
VRSK,2012-04-12,2012-05-02,45.40161377655575,45.23268660837706,-0.0037207304790984885,13,open_exit
SBAC,2012-04-12,2012-05-03,46.99560242544663,49.49155730247498,0.05311039221143954,15,close_exit
SHW,2012-04-12,2012-05-03,33.380481923731324,35.37564820671082,0.05977044572148804,15,close_exit
LNG,2012-04-16,2012-05-04,16.693887213612832,15.962469697228668,-0.04381349334789675,13,open_exit
TSCO,2012-04-13,2012-05-04,8.04283531604639,7.9198738365173345,-0.015288324912451245,15,close_exit
YUM,2012-04-16,2012-05-07,40.209727184309216,39.07599959564877,-0.028195356398808324,14,open_exit
TFC,2012-04-25,2012-05-07,19.051879000928462,18.730254343487637,-0.016881519005298662,7,open_exit
M,2012-05-04,2012-05-09,24.12935672948416,21.861403274140734,-0.09399145948106313,2,open_exit
ALGN,2012-04-25,2012-05-14,31.925954847335813,30.61468416118622,-0.04107224646591956,12,open_exit
STX,2012-04-23,2012-05-14,15.674652353946012,17.08307749462128,0.08985367642432607,15,close_exit
EXR,2012-04-25,2012-05-15,17.9321532096378,17.63357510938738,-0.016650432146093186,13,open_exit
SHW,2012-05-09,2012-05-15,35.489485549640065,34.905524335833455,-0.01645448517392023,3,open_exit
MHK,2012-05-07,2012-05-17,73.02649286270142,71.17439408493043,-0.02536201185579534,7,open_exit
EQR,2012-05-07,2012-05-17,32.39661174973475,31.872760083011613,-0.01616995230149121,7,open_exit
AAL,2012-05-04,2012-05-18,10.120672522934248,9.639424258244777,-0.04755101635774939,9,open_exit
ALL,2012-05-14,2012-05-18,25.48782522852147,24.365855811059518,-0.04401981759536089,3,open_exit
EFX,2012-05-04,2012-05-21,39.771023321249416,38.48562921872042,-0.032319864946553145,10,open_exit
MNST,2012-05-02,2012-05-23,11.148905101776123,11.662498887062073,0.046066746518824475,15,close_exit
FE,2012-05-07,2012-05-24,25.417928515967933,25.376239872022314,-0.0016401275154830364,12,open_exit
CHTR,2012-06-20,2012-06-26,68.98447194671631,66.95650286483765,-0.029397471991161606,3,open_exit
BRK-B,2012-06-20,2012-06-26,83.02149335861206,80.67964122009278,-0.0282077814284023,3,open_exit
OKE,2012-06-20,2012-06-26,17.314622088463445,16.371801988424963,-0.05445224823397521,3,open_exit
DLR,2012-06-20,2012-06-28,43.65758945331656,42.14297878228951,-0.0346929523593289,5,open_exit
CMCSA,2012-07-02,2012-07-10,10.825043691577244,10.615458997628215,-0.01936109450644552,4,open_exit
LPX,2012-06-20,2012-07-11,9.378675429438006,9.343107556489313,-0.003792419645641254,13,open_exit
FIS,2012-06-21,2012-07-11,26.226794481878773,26.26244849958475,0.0013594500742593052,12,open_exit
MPC,2012-07-02,2012-07-11,15.291137897324468,14.776710002302895,-0.033642224566661216,5,open_exit
DHI,2012-07-02,2012-07-12,15.876918901019195,15.242078132491839,-0.03998513644146684,6,open_exit
TDG,2012-07-02,2012-07-12,57.962818839192565,54.37300232152111,-0.06193309072201536,6,open_exit
LII,2012-07-02,2012-07-12,39.408946327647804,38.610367921453374,-0.02026388626468245,6,open_exit
AMT,2012-07-16,2012-07-19,52.41057149710067,50.80521281073624,-0.03063043658001774,2,open_exit
DINO,2012-07-02,2012-07-23,20.19980725487245,20.077928862209223,-0.006033641367237719,13,open_exit
CHD,2012-07-18,2012-07-23,24.090208697172145,23.218188548223747,-0.03619811517244187,2,open_exit
AVB,2012-07-16,2012-07-24,93.10724645752539,92.39253950320968,-0.00767616895041312,5,open_exit
DIS,2012-07-18,2012-07-24,42.6793815537225,41.67362329858527,-0.023565436482982705,3,open_exit
PHM,2012-07-02,2012-07-24,9.07933700988018,8.900405206680299,-0.019707584706368686,15,close_exit
TOL,2012-07-02,2012-07-24,26.70615752198176,27.43658650493622,0.02735058318866157,15,close_exit
WEC,2012-07-19,2012-07-25,26.01390906020389,25.634758641018994,-0.014574911379425126,3,open_exit
STZ,2012-07-16,2012-07-26,24.415096032918967,23.686871746283966,-0.029826804107308535,7,open_exit
EXP,2012-07-16,2012-07-26,35.90426467932807,33.3050181099129,-0.07239381150484026,7,open_exit
O,2012-07-16,2012-07-27,21.155186296955335,20.49754525241845,-0.03108651634193038,8,open_exit
PHM,2012-07-27,2012-08-01,10.124988460688671,9.681736123913485,-0.0437780584635884,2,open_exit
EQIX,2012-07-27,2012-08-02,133.988850163022,128.6430974769799,-0.03989699650036549,3,open_exit
RF,2012-07-27,2012-08-03,4.635807711155249,4.442810431813272,-0.041631856057697036,4,open_exit
CHTR,2012-07-27,2012-08-08,75.99797908401489,75.46225,-0.007049254341653599,7,open_exit
PNW,2012-07-23,2012-08-13,30.569965253039438,30.693153284072878,0.004029707918009162,15,close_exit
CNP,2012-07-23,2012-08-13,12.9046066181316,12.75665711593628,-0.011464859532211102,15,close_exit
T,2012-07-27,2012-08-16,10.41459129978104,10.578202415616088,0.015709797065055042,13,open_exit
GAP,2012-07-27,2012-08-17,19.220493352890013,23.104460286140444,0.2020742580297208,15,close_exit
SHW,2012-07-27,2012-08-17,38.94677669343846,41.07093070220947,0.05453991803970992,15,close_exit
CCI,2012-07-27,2012-08-17,36.7669967533059,37.72018229293823,0.025925031245491503,15,close_exit
CRUS,2012-08-01,2012-08-22,36.878430610656736,39.36031106758118,0.06729897167064514,15,close_exit
ALL,2012-08-02,2012-08-23,26.88334166496823,27.93042858695984,0.03894928446920254,15,close_exit
GILD,2012-08-03,2012-08-24,19.87196017090775,19.303317416693226,-0.028615332826955386,14,open_exit
LPX,2012-08-08,2012-08-29,10.24399330861519,11.595932341098786,0.13197383010262387,15,close_exit
AWK,2012-08-16,2012-08-31,28.698510563170366,27.73535716997407,-0.03356109339110924,10,open_exit
CPB,2012-08-14,2012-09-05,21.79726928932196,21.901683298110964,0.004790233464709859,15,close_exit
PKG,2012-08-14,2012-09-05,20.929846677116018,21.514315280914307,0.02792512591300178,15,close_exit
ROST,2012-08-20,2012-09-06,30.722550706988727,30.02898483010913,-0.02257513978882697,11,open_exit
TDC,2012-09-06,2012-09-11,78.69933366394042,74.54271183013917,-0.052816480652183584,2,open_exit
GAP,2012-08-20,2012-09-11,23.095435490654022,22.552356867790223,-0.02351454351590665,15,close_exit
TDG,2012-08-20,2012-09-11,59.496406215447976,61.02478164100647,0.02568853352291489,15,close_exit
REGN,2012-08-24,2012-09-13,141.31405652636974,145.0389154313015,0.02635872889429569,12,open_exit
CRUS,2012-08-24,2012-09-14,41.94095816802978,42.39878816986084,0.010916059666468358,13,open_exit
TOL,2012-08-23,2012-09-14,29.602343291838544,32.727413965225225,0.10556835459199188,15,close_exit
CCI,2012-09-06,2012-09-17,38.634034437901384,38.329835701114085,-0.007873853746138137,6,open_exit
TJX,2012-08-30,2012-09-19,19.26299650312645,18.881511943626098,-0.01980400917574965,12,open_exit
LPX,2012-09-14,2012-09-19,12.822478779473151,11.840423319099823,-0.0765885814484989,2,open_exit
ALGN,2012-09-12,2012-09-20,38.349166831970216,36.83157347488404,-0.03957304636462189,5,open_exit
SRPT,2012-09-19,2012-09-20,15.697844580173491,15.002495228767396,-0.0442958488889823,0,open_exit
ASH,2012-09-11,2012-09-24,30.27912380466284,29.178243401166423,-0.03635773645890272,8,open_exit
AMZN,2012-09-04,2012-09-25,12.419706582069397,12.616688644886018,0.015860444167095533,15,close_exit
EBAY,2012-09-17,2012-09-26,18.794813130381606,17.82717933007552,-0.05148408731672449,6,open_exit
AIG,2012-09-17,2012-09-26,26.130151650845896,24.56322839903696,-0.05996609865669156,6,open_exit
DHI,2012-09-12,2012-09-27,17.574789586277763,17.89321066298804,0.018118059117982144,10,open_exit
PHM,2012-09-13,2012-09-27,13.244948491077707,13.095827829262513,-0.01125868189790602,9,open_exit
TOL,2012-09-20,2012-09-27,32.651877060812836,30.690403363372333,-0.06007231050721329,4,open_exit
SHW,2012-09-20,2012-09-27,43.47933658849879,42.8023154992592,-0.01557109979959248,4,open_exit
DIS,2012-09-06,2012-09-27,44.034276028662845,45.621487842559816,0.03604491675675159,15,close_exit
HCA,2012-09-28,2012-10-05,26.271231159076432,26.004778286860297,-0.010142382387895,4,open_exit
RGLD,2012-09-19,2012-10-10,79.06774140239649,79.04224056075476,-0.00032251890833645547,14,open_exit
EXPE,2012-09-24,2012-10-10,53.613620851504656,50.56117812250104,-0.056934090265197024,11,open_exit
RMD,2012-09-26,2012-10-10,33.21788651497582,33.060201894760134,-0.004746979316236577,9,open_exit
HD,2012-09-26,2012-10-10,43.343022402829476,43.975596887258774,0.0145946094517857,9,open_exit
GOOGL,2012-09-27,2012-10-10,18.860042040633832,18.392691447223203,-0.02477993380946475,8,open_exit
GOOG,2012-09-27,2012-10-10,18.77176419924483,18.30660203003638,-0.024779885591529216,8,open_exit
AN,2012-09-26,2012-10-12,43.061520915985106,46.29683969497681,0.07513247814223645,11,open_exit
LEN,2012-10-05,2012-10-12,31.890375558919622,30.217715214902622,-0.0524503181508994,4,open_exit
EXP,2012-09-28,2012-10-19,44.22717030524039,46.56492457962037,0.05285787578643664,15,close_exit
SBAC,2012-09-28,2012-10-19,56.657504278961724,60.246656036376955,0.06334821491154119,15,close_exit
CTAS,2012-10-10,2012-10-24,8.937692452796657,8.754014747151821,-0.020550909154114172,9,open_exit
WMT,2012-10-11,2012-10-24,19.538639713971488,19.093565918335486,-0.022779159765034418,8,open_exit
WSM,2012-10-11,2012-10-24,16.77565957218338,16.962935867715466,0.011163572718334125,8,open_exit
WPC,2012-10-22,2012-10-26,23.362882954871296,22.023633667444354,-0.057323802461104245,3,open_exit
SIRI,2012-10-11,2012-11-01,21.79832754407964,22.09100928783417,0.01342679814140224,12,open_exit
LAMR,2012-10-10,2012-11-02,20.943729313375684,21.774980476379397,0.03968973961446465,15,close_exit
SPGI,2012-10-22,2012-11-05,43.41057844291958,42.157578143804365,-0.028863939253027437,7,open_exit
WRB,2012-10-24,2012-11-05,8.642314852331062,8.265827054745278,-0.043563304973115446,5,open_exit
DVA,2012-10-11,2012-11-05,55.142559179306026,55.78209637260437,0.011597887417933883,15,close_exit
OSK,2012-10-12,2012-11-06,24.687128124096343,24.786053151130677,0.004007150063671361,15,close_exit
IRM,2012-10-12,2012-11-06,13.869729414052722,15.129043632507326,0.09079587502108555,15,close_exit
RCL,2012-10-26,2012-11-09,27.904094231267425,28.067768243332754,0.005865591289536454,7,open_exit
CMCSA,2012-11-05,2012-11-09,12.663365875922818,12.183667874802731,-0.03788076612649627,3,open_exit
WHR,2012-10-24,2012-11-12,59.472707847502086,60.35960830866981,0.014912730448424893,10,open_exit
LEN,2012-11-07,2012-11-13,32.295929112971706,30.369262876314103,-0.059656628236892995,3,open_exit
HCA,2012-11-06,2012-11-14,28.028789692185033,27.531191931403416,-0.017753094808812153,5,open_exit
THC,2012-11-06,2012-11-15,26.133060839653012,25.317334923744202,-0.03121432735774554,6,open_exit
LPX,2012-10-25,2012-11-16,13.95001639982882,13.263719504681285,-0.04919685220986236,13,open_exit
DXC,2012-11-07,2012-11-16,11.837035773922649,11.139870461102182,-0.05889695073460388,6,open_exit
EXP,2012-11-01,2012-11-23,49.65037029390092,52.59921366500855,0.05939217278042874,15,close_exit
BMRN,2012-11-06,2012-11-28,48.54426045799255,49.10543606758118,0.01156008154814181,15,close_exit
BAX,2012-11-26,2012-12-06,28.93852039873238,27.551342467124336,-0.04793534404989164,7,open_exit
DPZ,2012-11-29,2012-12-06,35.82426144283325,34.79125608744416,-0.028835356648943322,4,open_exit
PVH,2012-11-29,2012-12-11,114.44270456647784,109.17252572226904,-0.04605080650770044,7,open_exit
LOW,2012-11-29,2012-12-11,27.958009572369953,27.188709863867683,-0.027516254564221354,7,open_exit
EBAY,2012-11-27,2012-12-14,19.02202060083664,19.06254211662664,0.002130242451120923,12,open_exit
CRM,2012-11-27,2012-12-18,38.69523107042258,41.9774062538147,0.08482118061057164,15,close_exit
VMC,2012-11-29,2012-12-20,45.31185009680154,48.237824283599856,0.06457414959988261,15,close_exit
ALK,2012-11-29,2012-12-20,19.244819795196555,20.187313784599304,0.04897390567606097,15,close_exit
ETN,2012-11-29,2012-12-20,37.67358151627184,39.47765730285645,0.04788702623894148,15,close_exit
COST,2012-11-29,2012-12-20,75.61095293598885,77.83459076309205,0.029408938001161067,15,close_exit
AMGN,2012-12-11,2012-12-21,62.16956463882183,60.78763546985727,-0.022228387427079,7,open_exit
AFL,2012-12-06,2012-12-27,19.441908170975235,19.444248173921505,0.00012035870788462688,13,open_exit
VTRS,2012-12-11,2012-12-27,22.57163823154691,22.098740872065747,-0.02095095422981863,10,open_exit
BAC,2012-12-06,2012-12-28,8.17003637708295,8.821964679718018,0.07979503059052906,15,close_exit
VMC,2012-12-21,2012-12-31,48.095682083126505,46.19960357104773,-0.039423050676392846,4,open_exit
ILMN,2012-12-21,2013-01-08,53.80120585441589,49.36246767425537,-0.08250257795655336,9,open_exit
PPG,2012-12-14,2013-01-08,50.97204536756321,55.33254937744141,0.08554696948953655,15,close_exit
BAC,2013-01-02,2013-01-10,9.367165800118391,9.016108061596135,-0.037477476753728256,5,open_exit
LPX,2012-12-19,2013-01-11,16.082725579147514,18.118646487236024,0.1265905395244844,15,close_exit
APTV,2013-01-02,2013-01-15,29.919973079017478,28.511937408781122,-0.047060058059470444,8,open_exit
MTZ,2012-12-21,2013-01-15,24.462225763320923,26.246870228767396,0.0729551138442357,15,close_exit
MLM,2012-12-21,2013-01-15,83.90064471685851,87.88458644485475,0.04748404188598232,15,close_exit
EMN,2012-12-21,2013-01-15,43.502182336890314,46.77808622550965,0.07530435745154174,15,close_exit
GM,2013-01-02,2013-01-17,21.843194484534678,21.873302606442483,0.0013783753987597347,10,open_exit
F,2012-12-27,2013-01-18,6.550169034937685,7.218960563898087,0.10210294198411707,15,close_exit
IPGP,2013-01-15,2013-01-30,68.35415969467162,66.13691316986085,-0.032437623909282176,9,open_exit
PVH,2013-01-08,2013-01-30,114.5702301530167,115.93579277801514,0.011919000452164985,15,close_exit
WLK,2013-01-09,2013-01-31,34.65552292938019,38.00517308807373,0.09665559413197555,15,close_exit
OSK,2013-01-10,2013-02-01,27.054394456105822,32.671767566892576,0.20763255743537767,14,open_exit
MTZ,2013-01-16,2013-02-05,26.25311977100372,27.88604961872101,0.0621994590342303,12,open_exit
LYB,2013-01-30,2013-02-05,32.32615644236959,31.52250820677354,-0.024860618274516355,3,open_exit
THC,2013-01-14,2013-02-05,34.17707984733581,38.820580152511596,0.13586591733166342,15,close_exit
WHR,2013-02-01,2013-02-07,71.82117283952478,68.01954135601568,-0.05293190480199139,3,open_exit
GEN,2013-01-16,2013-02-07,7.376888944023351,7.9025075316429145,0.0712520673156416,15,close_exit
JPM,2013-01-16,2013-02-07,32.089662739088396,33.67758027648926,0.04948377146596261,15,close_exit
GS,2013-01-17,2013-02-08,109.39433859687493,117.59250337600709,0.07494139901830676,15,close_exit
HCA,2013-01-31,2013-02-12,35.01379433553641,33.44189282721394,-0.04489377795673821,7,open_exit
MS,2013-01-22,2013-02-12,15.855080749214636,16.949929151535034,0.06905347375002369,15,close_exit
WLK,2013-02-01,2013-02-21,38.20471698933929,35.88689406147344,-0.06066850144479852,12,open_exit
AGO,2013-02-07,2013-02-21,15.457998482128279,14.703554866618067,-0.04880603503632508,8,open_exit
FBIN,2013-02-08,2013-02-21,23.716652407381268,23.229917804195193,-0.020522904954098475,7,open_exit
LPX,2013-02-12,2013-02-21,18.44268856449586,17.874145837951676,-0.030827540385770513,5,open_exit
DXC,2013-02-06,2013-02-22,14.81516886474746,15.385225954803852,0.038477934018884996,10,open_exit
BPOP,2013-02-08,2013-02-22,21.171745635111954,20.487300657323203,-0.03232822600388907,8,open_exit
BAC,2013-02-13,2013-02-22,9.600376371214837,9.023877094388412,-0.06004965373596849,5,open_exit
HRB,2013-02-05,2013-02-26,14.662047225747934,15.041758986128348,0.025897594962973836,13,open_exit
KEX,2013-02-05,2013-02-26,70.77536786270142,73.54321183013917,0.039107447280346985,13,open_exit
ROP,2013-02-22,2013-02-26,112.85678876260812,112.2835069404853,-0.005079728285807494,1,open_exit
CPAY,2013-02-11,2013-03-05,66.43320152664184,72.03396469497682,0.0843066876144587,15,close_exit
MTG,2013-03-06,2013-03-08,4.971328576508343,4.323354569243652,-0.1303422208555366,1,open_exit
GIS,2013-02-27,2013-03-12,28.34822085008239,28.048997732580823,-0.010555269732234307,8,open_exit
AON,2013-02-21,2013-03-13,51.715354838710574,52.559724015417366,0.01632724322090029,13,open_exit
VTR,2013-02-21,2013-03-14,44.49249690384992,45.40752169799805,0.020565822505433484,15,close_exit
KR,2013-02-22,2013-03-15,11.220877404390391,12.315824252128602,0.09758121475507697,15,close_exit
PKG,2013-02-22,2013-03-15,27.635522405684572,29.332791782379154,0.06141622191102325,15,close_exit
EA,2013-02-22,2013-03-15,17.15656023465258,18.313072083473205,0.06740930775183696,15,close_exit
EG,2013-02-22,2013-03-15,94.34980195154975,97.75357373809815,0.036076088302721576,15,close_exit
MPT,2013-02-27,2013-03-20,5.5432655185425235,5.941653541564942,0.07186883285489198,15,close_exit
TFX,2013-02-27,2013-03-20,70.83447543365455,73.52944765853883,0.03804605325846544,15,close_exit
WHR,2013-03-12,2013-03-22,74.89255613254849,71.9195397821571,-0.0396970874532524,7,open_exit
BMRN,2013-03-13,2013-03-22,62.031,60.00998091506958,-0.032580791619197136,6,open_exit
FAF,2013-03-18,2013-03-26,16.458963245480902,15.895746252070577,-0.034219469659789614,5,open_exit
BAC,2013-03-18,2013-03-27,9.56232406965611,9.436175249958339,-0.013192276143210502,6,open_exit
WLK,2013-03-15,2013-04-01,40.0488838485497,38.5658842482215,-0.037029736107911604,9,open_exit
THC,2013-03-08,2013-04-01,42.31114591598511,47.976,0.13388562189412867,15,close_exit
LYV,2013-03-22,2013-04-03,12.096045152664184,12.113939885616302,0.0014793870828249123,6,open_exit
LUV,2013-03-27,2013-04-03,11.093657802953425,10.936065852185102,-0.014205589677226849,3,open_exit
VRSK,2013-03-18,2013-04-05,56.48327680886977,56.09422805584427,-0.006887857344785031,12,open_exit
MHK,2013-03-21,2013-04-05,113.43668725204468,105.91701622009278,-0.06628958597181145,9,open_exit
UHS,2013-04-02,2013-04-08,62.146069170084694,59.34426428708578,-0.04508418505651235,3,open_exit
TSN,2013-04-01,2013-04-09,18.665806028173947,17.901571616019623,-0.040943016926287434,5,open_exit
WPC,2013-03-18,2013-04-09,30.10904586619954,30.339774382591248,0.007663096247454426,15,close_exit
BBY,2013-04-05,2013-04-12,15.563183496829714,15.059616647100377,-0.03235628814836733,4,open_exit
WBD,2013-03-21,2013-04-12,40.137585771560666,41.38450979614258,0.031066243786526337,15,close_exit
CPAY,2013-03-22,2013-04-15,72.58627805328369,73.77309255981446,0.01635039760076351,15,close_exit
OHI,2013-04-05,2013-04-16,11.680029473708755,11.686776221860155,0.0005776310895950765,6,open_exit
KMX,2013-04-09,2013-04-16,42.58128137397766,42.45875954246521,-0.0028773636574339623,4,open_exit
COR,2013-03-26,2013-04-17,36.28661616499716,39.24390659141541,0.08149810423135873,15,close_exit
CAR,2013-04-03,2013-04-19,26.79691544136077,25.829997879183715,-0.03608316652313748,11,open_exit
FNF,2013-04-08,2013-04-19,9.269659035331168,9.285329522054026,0.0016905138218277216,8,open_exit
KKR,2013-04-17,2013-04-19,13.659805583781857,12.946001395481224,-0.05225580876115288,1,open_exit
MOH,2013-04-15,2013-04-23,33.316649236679076,32.523730915069585,-0.02379946182392645,5,open_exit
BMRN,2013-04-03,2013-04-24,63.48172576332092,62.26884923744202,-0.01910591609309531,15,close_exit
GILD,2013-04-17,2013-04-25,35.500357806489596,35.190495231325485,-0.008728435269671153,5,open_exit
FSLR,2013-04-10,2013-05-01,37.018499999999996,45.75710877990723,0.23606058538047825,15,close_exit
KR,2013-04-12,2013-05-03,12.889584373795241,13.51936379814148,0.048859560252896284,15,close_exit
ABT,2013-04-18,2013-05-07,28.942878231425965,27.593713107116383,-0.04661475315349495,12,open_exit
BIIB,2013-04-23,2013-05-08,216.9884448852539,211.92398377990725,-0.023339773267764596,10,open_exit
FSLR,2013-05-07,2013-05-08,46.6433089313507,43.51823091506958,-0.06699949227188384,0,open_exit
REGN,2013-04-17,2013-05-08,213.60340163050938,261.44870854187013,0.22399131542915884,15,close_exit
ZG,2013-05-02,2013-05-09,19.495243085861205,17.749150922775268,-0.08956503673207739,4,open_exit
PENN,2013-04-19,2013-05-10,13.131137902736663,13.095415874481201,-0.002720406146067278,15,close_exit
UGI,2013-04-19,2013-05-10,17.135810393391953,17.195148735046388,0.003462826694051069,15,close_exit
UNP,2013-04-19,2013-05-10,53.610839182810345,57.696574445724494,0.07621099250063956,15,close_exit
APO,2013-05-08,2013-05-13,12.462833468404751,11.698646449815689,-0.06131727752973648,2,open_exit
BYD,2013-04-25,2013-05-16,10.16741854148278,12.29317246723175,0.20907508794645913,15,close_exit
PNR,2013-04-25,2013-05-16,29.342177739123525,30.94821939754486,0.05473491683883824,15,close_exit
THC,2013-05-09,2013-05-17,48.12404847335815,47.16640362739563,-0.019899507135038297,5,open_exit
TSLA,2013-05-17,2013-05-22,6.169750318050384,5.755120897054673,-0.06720359813956489,2,open_exit
NTAP,2013-05-17,2013-05-22,28.50612112446274,28.441048059949814,-0.002282775135515891,2,open_exit
APO,2013-05-17,2013-05-23,12.878740488697398,11.78409702380469,-0.0849961582697768,3,open_exit
IVZ,2013-05-13,2013-05-24,19.635716622770627,19.407024082842337,-0.01164676310632251,8,open_exit
LNG,2013-05-06,2013-05-28,27.92172618047246,28.67526281642914,0.026987465999995353,15,close_exit
CHTR,2013-05-08,2013-05-30,108.81438213729858,111.75409255981445,0.027015826077169125,15,close_exit
MU,2013-05-09,2013-05-31,9.970883060038373,11.383906906604768,0.1417150154161928,15,close_exit
BLK,2013-05-22,2013-06-04,210.36556625304542,200.83866503791054,-0.04528736040229664,7,open_exit
TSLA,2013-05-24,2013-06-04,6.1764198346137995,6.180241253614426,0.0006187110175397414,5,open_exit
FSLR,2013-05-13,2013-06-04,50.025,52.59368893241883,0.051348104596078636,15,close_exit
TTWO,2013-05-13,2013-06-04,16.60830038166046,16.071959923744203,-0.03229351863773522,15,close_exit
LEA,2013-05-13,2013-06-04,48.54664233052364,47.6484203414917,-0.01850224744517881,15,close_exit
CAR,2013-05-23,2013-06-06,29.66767451415223,30.340751028328285,0.022687201649559174,8,open_exit
AMAT,2013-06-04,2013-06-07,13.026260942042533,12.659483147527872,-0.028156797729337546,2,open_exit
MS,2013-05-31,2013-06-13,18.71226172306932,18.370024117250104,-0.01828948370240524,8,open_exit
J,2013-06-04,2013-06-13,43.69771438427794,41.85063787130372,-0.04226940788552502,6,open_exit
GM,2013-06-05,2013-06-13,25.994966319066116,24.752148071264635,-0.04780995799521115,5,open_exit
TSN,2013-05-22,2013-06-13,19.11813548488452,19.40163123035431,0.01482862937622409,15,close_exit
UHS,2013-05-29,2013-06-19,65.3724475759269,64.86221361923218,-0.00780503064539706,15,close_exit
FLEX,2013-06-07,2013-06-20,5.782844887733459,5.5962962734699255,-0.03225896905158898,8,open_exit
CMI,2013-06-03,2013-06-21,85.72438074043646,80.81145519055944,-0.05731071496162554,13,open_exit
DPZ,2013-06-05,2013-06-21,51.567943084567716,49.54269213852216,-0.03927344828790802,11,open_exit
LYV,2013-06-13,2013-06-21,15.947969580173492,14.93252958059311,-0.06367205520900765,5,open_exit
CHRD,2013-06-14,2013-06-21,25.579895674458108,23.893202060377686,-0.06593825227225647,4,open_exit
AMG,2013-06-14,2013-06-21,163.95476639775248,157.27918121134712,-0.04071601779609424,4,open_exit
CHTR,2013-06-05,2013-06-26,114.67731274795531,118.9405,0.037175507080590364,15,close_exit
MU,2013-06-06,2013-06-27,11.883108211866011,13.976476321697236,0.17616334653427357,15,close_exit
TDG,2013-06-21,2013-07-02,73.03336275215906,72.92276128809577,-0.00151439643329343,6,open_exit
TMUS,2013-06-21,2013-07-03,21.98662080571698,21.735252146098563,-0.011432800967443701,7,open_exit
CME,2013-06-14,2013-07-08,43.35589119508464,45.007098688125616,0.03808496256278504,15,close_exit
MA,2013-06-20,2013-07-12,53.53861450451374,55.31904066276551,0.033254991275533774,15,close_exit
GME,2013-06-21,2013-07-15,7.378167343313986,7.739244343996049,0.04893857564904214,15,close_exit
SCHW,2013-06-24,2013-07-16,17.734001060969657,17.981712043762208,0.013968138489499182,15,close_exit
UNM,2013-06-24,2013-07-16,19.465411339930444,21.085565148353577,0.083232446524242,15,close_exit
CI,2013-06-24,2013-07-16,63.79145811197677,67.6255178604126,0.060103027300389966,15,close_exit
RF,2013-06-27,2013-07-17,6.287714904446898,6.399209299448278,0.01773210088175703,12,open_exit
BBY,2013-07-02,2013-07-18,18.721908423266413,18.010723236820066,-0.037986789079821115,10,open_exit
CHTR,2013-06-28,2013-07-22,124.52222908401488,128.12590744018556,0.028940040526734157,15,close_exit
M,2013-07-09,2013-07-23,30.22666016753163,29.28755668845162,-0.031068714633870176,9,open_exit
EOG,2013-07-17,2013-07-25,51.448585670332335,51.04991751151523,-0.007748865272442118,5,open_exit
SRPT,2013-07-23,2013-07-25,46.54326045799255,36.981500000000004,-0.20543813140513612,1,open_exit
KR,2013-07-03,2013-07-25,14.011004454769804,15.522662718772889,0.10789078462454316,15,close_exit
VRTX,2013-07-15,2013-07-29,87.13354133605957,79.95000286483766,-0.08244286139497303,9,open_exit
CIEN,2013-07-18,2013-07-29,22.431210076332093,21.80908969497681,-0.027734588514763403,6,open_exit
TMUS,2013-07-16,2013-07-30,24.19676876606588,23.044718036617695,-0.04761175926365213,9,open_exit
ZG,2013-07-23,2013-07-31,22.56506603336334,22.099952186584474,-0.02061211990654832,5,open_exit
ILMN,2013-07-25,2013-08-05,78.9304977722168,75.20557298278808,-0.04719246545458722,6,open_exit
DAL,2013-07-18,2013-08-07,17.15622107284467,18.00468106614472,0.04945494638344439,13,open_exit
PFG,2013-07-18,2013-08-07,25.11114414547395,27.378674271380977,0.09029975347880459,13,open_exit
UAL,2013-07-29,2013-08-07,36.10804515266418,33.52323091506958,-0.07158554905606351,6,open_exit
LNC,2013-07-17,2013-08-07,26.0442226092826,27.94258566761017,0.07288998741897412,15,close_exit
EQT,2013-07-31,2013-08-08,42.65640664237933,41.67962498445939,-0.022898826572735897,5,open_exit
AAL,2013-07-30,2013-08-12,18.23230655691125,17.422573248026,-0.0444120060376183,8,open_exit
CHTR,2013-08-05,2013-08-15,132.54623572540282,123.50821469497681,-0.06818768545905862,7,open_exit
EA,2013-07-25,2013-08-15,24.526008633011777,25.684857369422915,0.04724978914226341,15,close_exit
LEA,2013-07-29,2013-08-16,53.956869921257706,56.97389318512398,0.05591546115015911,13,open_exit
THO,2013-08-07,2013-08-16,42.556692204369114,40.11631211105438,-0.057344214667703786,6,open_exit
JAZZ,2013-08-08,2013-08-16,81.97096530532836,78.83056774520874,-0.03831109647693132,5,open_exit
BSX,2013-07-26,2013-08-16,10.80540019083023,11.054470419406892,0.023050532527988166,15,close_exit
AIZ,2013-08-08,2013-08-20,42.80472239408167,42.48958118469584,-0.007362300039806091,7,open_exit
ZG,2013-08-12,2013-08-20,28.89501355934143,24.951659774780275,-0.13647177484318262,5,open_exit
COP,2013-08-16,2013-08-20,44.350606144725056,43.28690698462184,-0.023983869727330243,1,open_exit
FLEX,2013-08-07,2013-08-27,6.710211587190628,6.545331615924836,-0.024571501080612346,13,open_exit
TSN,2013-08-21,2013-08-27,24.06668288607669,21.82400919115762,-0.0931858247991677,3,open_exit
MGM,2013-08-07,2013-08-28,16.01745665669286,16.530108063768377,0.03200579330809705,14,open_exit
MSCI,2013-08-20,2013-08-28,33.27878485197179,32.84308052908529,-0.013092555056459232,5,open_exit
TJX,2013-08-21,2013-08-28,22.752482159452796,22.33407653294544,-0.01838944971256795,4,open_exit
A,2013-08-16,2013-08-29,30.050770604688477,29.90530453559124,-0.004840676833576474,8,open_exit
EA,2013-08-19,2013-09-03,25.962998421469596,26.218343590597062,0.009834964551564074,9,open_exit
INCY,2013-08-22,2013-09-03,35.27762832069397,34.52273091506958,-0.02139875727364493,6,open_exit
BBY,2013-08-15,2013-09-06,19.641937283435183,23.411187796592714,0.19189810346947223,15,close_exit
TSLA,2013-09-03,2013-09-10,11.565780419826506,10.757951653957367,-0.06984645536623957,4,open_exit
HAL,2013-08-21,2013-09-12,37.26948876227362,38.89359889221192,0.043577472723004496,15,close_exit
INCY,2013-09-10,2013-09-17,37.708843626022336,35.59219561004639,-0.05613134247678919,4,open_exit
CPAY,2013-08-27,2013-09-18,104.05199999999999,110.92451335525513,0.06604883476776169,15,close_exit
NOW,2013-08-27,2013-09-18,9.348671862602233,10.238878434658051,0.09522278513346238,15,close_exit
NXPI,2013-08-29,2013-09-19,33.021581720897636,33.18231987145553,0.004867669632438343,13,open_exit
EOG,2013-08-29,2013-09-20,56.30081495635697,59.83758180618287,0.06281910577258087,15,close_exit
ZG,2013-08-30,2013-09-23,29.85277331256866,28.891066725730898,-0.03221498306935744,14,open_exit
JAZZ,2013-08-30,2013-09-23,88.7443469467163,87.68613835525514,-0.011924236617533945,15,close_exit
MAN,2013-09-09,2013-09-24,48.56971542915796,50.923067976064104,0.048453084933937074,10,open_exit
PKG,2013-09-17,2013-09-24,41.667124558753,40.34109460619306,-0.03182436913039599,4,open_exit
CRM,2013-09-03,2013-09-24,48.64317915065299,51.22766543769837,0.053131524957301,15,close_exit
GWRE,2013-09-23,2013-09-30,48.45421530532837,46.466756677627565,-0.04101724927701489,4,open_exit
GNRC,2013-09-23,2013-10-04,43.621798473358155,42.1589103050232,-0.033535714242236225,8,open_exit
IONS,2013-09-24,2013-10-04,38.70934362602234,35.242368322372435,-0.08956430099009038,7,open_exit
LKQ,2013-09-13,2013-10-04,27.67566777203855,28.64045395088196,0.034860448058209315,15,close_exit
ALNY,2013-09-24,2013-10-08,64.04200713729858,60.879544847488404,-0.04938106144971732,9,open_exit
EPAM,2013-09-19,2013-10-09,34.58728469467163,33.27335591506958,-0.03798878088294888,13,open_exit
NOW,2013-09-19,2013-10-09,10.285139732837676,9.779108396530152,-0.049200239321192996,13,open_exit
META,2013-09-25,2013-10-09,48.82584899537945,46.94406833441368,-0.03854066441617543,9,open_exit
THO,2013-09-30,2013-10-09,44.23305119961602,42.36192050588233,-0.04230164193940866,6,open_exit
STZ,2013-10-04,2013-10-09,50.44890202444247,50.25603975831288,-0.003822922965422415,2,open_exit
ULTA,2013-09-19,2013-10-10,120.78036122131347,120.20986164474488,-0.004723446517296281,14,open_exit
SRPT,2013-09-24,2013-10-10,47.823899236679075,45.587195610046386,-0.04676957885770272,11,open_exit
CAH,2013-10-04,2013-10-23,38.45848434683131,39.47688203656287,0.026480442665064663,12,open_exit
ZBH,2013-10-10,2013-10-25,74.54786494345242,74.2463339384951,-0.00404479732834806,10,open_exit
COF,2013-10-11,2013-10-28,56.36907172175564,56.010281146743466,-0.006365025430668858,10,open_exit
UI,2013-10-07,2013-10-28,33.38246357109383,34.86411668586731,0.0443841752906593,15,close_exit
HALO,2013-10-23,2013-10-29,12.226110267162323,11.604194656848907,-0.05086782277629187,3,open_exit
MCK,2013-10-09,2013-10-30,122.41982103568445,142.35949448394777,0.16287945268643278,15,close_exit
LUV,2013-10-10,2013-10-31,13.082706515408828,14.924336848258973,0.1407682982631362,15,close_exit
HII,2013-10-11,2013-11-01,55.97841028915535,57.30536770362968,0.023704807042928877,14,open_exit
FANG,2013-10-25,2013-11-01,41.86132154005649,39.29030188456185,-0.06141754633891494,4,open_exit
LNG,2013-10-11,2013-11-01,34.43710950414367,37.33788147354126,0.08423389800031122,15,close_exit
EWBC,2013-10-11,2013-11-01,24.79689176490245,25.24209332752228,0.01795392611464175,15,close_exit
SPGI,2013-10-11,2013-11-01,56.01552510799521,58.96241307258606,0.05260841452274878,15,close_exit
CSGP,2013-10-28,2013-11-04,18.009,17.37730667972565,-0.03507653508103459,4,open_exit
AXON,2013-10-31,2013-11-04,18.009,16.86156583881378,-0.06371448504560051,1,open_exit
LYV,2013-11-04,2013-11-07,19.60980038166046,17.991,-0.08255057931004739,2,open_exit
BMY,2013-10-29,2013-11-08,34.153745380292,33.66695291335382,-0.014252974645032057,7,open_exit
ITT,2013-11-01,2013-11-08,34.76487143762699,34.23458063813447,-0.015253639020179732,4,open_exit
FDX,2013-11-04,2013-11-08,91.16822638895643,88.12802637980005,-0.03334714438982056,3,open_exit
ILMN,2013-11-04,2013-11-19,93.13019813919067,89.44941643142701,-0.0395229665705471,10,open_exit
STZ,2013-10-29,2013-11-19,54.558627456968104,57.86397117424011,0.060583337069449295,15,close_exit
NXPI,2013-11-01,2013-11-20,37.03247215578906,35.59527001482481,-0.038809241114613924,12,open_exit
BA,2013-11-04,2013-11-21,113.95418692067818,113.14463380921394,-0.007104198040812304,12,open_exit
CPAY,2013-11-01,2013-11-22,115.13754183197021,120.8695353050232,0.04978387919222871,15,close_exit
MA,2013-11-04,2013-11-25,68.33154767254445,69.94225289535522,0.023571911915847954,15,close_exit
UI,2013-11-11,2013-11-26,37.66393107638755,35.10430645620749,-0.06795957158557864,10,open_exit
HXL,2013-11-07,2013-11-29,40.041370186221215,40.313356035232545,0.0067926209254678405,15,close_exit
PRU,2013-11-08,2013-12-02,49.24057653251218,52.679621591567994,0.06984168954206105,15,close_exit
PTC,2013-11-08,2013-12-02,30.455220534324646,32.56371183013916,0.06923250788606627,15,close_exit
BAC,2013-11-20,2013-12-06,11.88259947340203,12.15877647821511,0.02324213699462585,10,open_exit
SPGI,2013-11-19,2013-12-11,60.3250559523934,59.91986943817139,-0.0067167200730284815,15,close_exit
ICE,2013-11-20,2013-12-12,35.20682521652702,37.131163442611694,0.05465810149735795,15,close_exit
LNG,2013-12-06,2013-12-13,42.88899519397584,40.501778852364225,-0.05566034668834863,4,open_exit
BKNG,2013-11-21,2013-12-13,45.3650998638204,45.85335503578186,0.01076279283914583,15,close_exit
JAZZ,2013-11-26,2013-12-16,116.99847244262695,112.88353244018555,-0.035170886564004133,12,open_exit
NXST,2013-11-25,2013-12-17,36.17191278925312,38.08804407691956,0.052972904663082465,15,close_exit
LNC,2013-12-03,2013-12-18,33.255412357546525,32.63285239604101,-0.018720560575585243,10,open_exit
GNRC,2013-11-26,2013-12-18,51.67582652664184,54.84256393241883,0.06128082739314,15,close_exit
DXCM,2013-12-03,2013-12-24,8.474235267162323,8.508243559360505,0.0040131399620169095,15,close_exit
BR,2013-12-03,2013-12-24,30.35187424082935,31.768295223236084,0.046666672745413695,15,close_exit
AAL,2013-12-16,2013-12-30,25.117759369862167,23.434259372147892,-0.06702429038054414,8,open_exit
META,2013-12-18,2013-12-31,54.40962690678488,53.62205351732178,-0.014474890460329348,7,open_exit
GNTX,2013-12-13,2014-01-03,12.244145423672087,12.807454916000367,0.046006435960749936,12,open_exit
DG,2013-12-12,2014-01-06,51.98529074770371,51.09334847450257,-0.017157589394467987,15,close_exit
CW,2013-12-27,2014-01-07,58.46687969351102,58.18354943713827,-0.004845995850265905,5,open_exit
FISV,2013-12-13,2014-01-07,28.204095534324644,29.185400762557986,0.034793004691076934,15,close_exit
MAN,2013-12-16,2014-01-08,58.725330864322224,60.63861465263367,0.03258021300436531,15,close_exit
HII,2013-12-18,2014-01-10,68.04466912934811,74.202954120636,0.09050356288133932,15,close_exit
ILMN,2013-12-19,2014-01-13,102.59017936706542,110.77143746566773,0.07974699088233339,15,close_exit
MA,2013-12-27,2014-01-14,76.07513189326244,75.25044687369291,-0.010840402100473656,10,open_exit
DIS,2013-12-31,2014-01-14,68.09901161532721,65.73889365895386,-0.034657154346160346,8,open_exit
MIDD,2014-01-03,2014-01-14,66.6731667251587,65.8345894317627,-0.012577433090178558,6,open_exit
ALGN,2014-01-07,2014-01-14,60.70033316802978,58.640663169860844,-0.03393177418758786,4,open_exit
AXON,2014-01-13,2014-01-14,18.669329847335813,17.631179389953616,-0.055607269563044626,0,open_exit
DECK,2014-01-07,2014-01-15,14.677335076332092,13.844741570472719,-0.056726476675045046,5,open_exit
ALNY,2014-01-14,2014-01-16,91.84590305328369,84.37778816986085,-0.08131135559841218,1,open_exit
MRK,2014-01-14,2014-01-23,34.07307306531173,33.18367164184009,-0.02610276512972054,5,open_exit
VMC,2013-12-31,2014-01-23,53.903946558807654,55.581589376449585,0.03112281984421439,15,close_exit
JAZZ,2014-01-08,2014-01-27,131.88591732788086,149.58517366027831,0.13420126038472646,11,open_exit
TDG,2014-01-14,2014-01-27,91.1352697299638,92.52019558456705,0.015196376317388793,7,open_exit
TEL,2014-01-14,2014-01-27,44.02245322260621,45.277788763170356,0.028515801566449506,7,open_exit
J,2014-01-14,2014-01-27,48.87714810613317,47.557560530426244,-0.026998047693812643,7,open_exit
BF-B,2014-01-14,2014-01-27,25.132250379117043,24.892595829324048,-0.009535737794182153,7,open_exit
DAL,2014-01-15,2014-01-27,27.849354835732154,26.891268450878552,-0.03440246248090195,6,open_exit
ALGN,2014-01-16,2014-01-27,62.05101045799255,58.840563932418824,-0.051738827488508665,5,open_exit
IONS,2014-01-23,2014-01-28,50.505239542007445,48.595688932418824,-0.03780896055349592,2,open_exit
INCY,2014-01-09,2014-01-31,55.027499999999996,65.48723664474488,0.1900819889099974,15,close_exit
PB,2014-01-28,2014-02-04,46.43794520244737,43.079890118902334,-0.07231274055959003,4,open_exit
OSK,2014-01-29,2014-02-04,45.79638662616114,41.99867141917038,-0.08292608842683924,3,open_exit
VMC,2014-01-29,2014-02-04,55.05642914493245,53.57808222232725,-0.02685148574953078,3,open_exit
FFIV,2014-01-29,2014-02-06,107.23359030532836,103.94800000000001,-0.03063956262187273,5,open_exit
CBRE,2014-01-29,2014-02-07,26.623305610656736,25.96700954246521,-0.02465118636240371,6,open_exit
NFLX,2014-01-24,2014-02-14,5.48388356924057,6.218460183143616,0.13395189825388165,15,close_exit
AAL,2014-01-29,2014-02-20,30.40917848105504,33.601347354888915,0.10497386096183425,15,close_exit
PODD,2014-01-29,2014-02-20,43.17157652664184,45.477250000000005,0.05340721045791086,15,close_exit
NVR,2014-01-29,2014-02-20,1094.547,1159.100213684082,0.058977105308481104,15,close_exit
WYNN,2014-02-03,2014-02-25,178.6790436661696,195.37008530426027,0.09341353801554342,15,close_exit
MU,2014-02-07,2014-02-26,23.775979112442368,23.693730439073455,-0.003459318036070691,11,open_exit
TKO,2014-02-21,2014-02-27,20.042187053349323,18.590266782449014,-0.07244320527672521,3,open_exit
PANW,2014-02-07,2014-03-03,11.19392672395706,11.625851303577424,0.03858561792225812,14,open_exit
JAZZ,2014-02-26,2014-03-03,166.17304133605955,147.20635877990725,-0.1141381442119429,2,open_exit
NXPI,2014-02-07,2014-03-03,43.35295409425214,49.23628339195252,0.13570769098939928,15,close_exit
VMC,2014-02-07,2014-03-03,59.89327480003765,62.020674741745,0.03551984674088993,15,close_exit
JLL,2014-02-07,2014-03-03,111.9439995970068,117.76643522644044,0.05201203861211079,15,close_exit
UI,2014-02-21,2014-03-04,47.14232859157422,46.0697853833056,-0.022751171618202948,6,open_exit
AXON,2014-02-21,2014-03-10,19.14956938934326,18.900544847488405,-0.013004184939711338,10,open_exit
FANG,2014-02-18,2014-03-11,45.63978855817603,47.382184659957886,0.03817712914162308,15,close_exit
ZBRA,2014-03-04,2014-03-12,70.13504847335815,68.77559255981446,-0.01938340306501829,5,open_exit
HCA,2014-03-04,2014-03-12,48.192631729539315,45.18173674707267,-0.062476251543265304,5,open_exit
DAL,2014-02-26,2014-03-14,28.905605447832304,28.90261035336259,-0.00010361638939271334,11,open_exit
JCI,2014-03-04,2014-03-14,31.146082246909774,30.38123732892811,-0.02455669743367328,7,open_exit
AVGO,2014-02-27,2014-03-20,4.5359626697590265,4.857217450380325,0.07082394719936391,15,close_exit
AEE,2014-03-14,2014-03-21,27.966822131073148,27.596644175705226,-0.013236325301208551,4,open_exit
SWKS,2014-03-03,2014-03-24,27.64705854860709,29.598384440507818,0.07057987338761706,14,open_exit
MPC,2014-03-12,2014-03-24,31.779955274836578,31.68203053700337,-0.003081336552752889,7,open_exit
PODD,2014-03-03,2014-03-24,47.133555610656735,48.965506677627566,0.038867236796297,15,close_exit
PANW,2014-03-10,2014-03-25,12.80806804704666,12.49375,-0.02454062907006005,10,open_exit
TKO,2014-03-05,2014-03-26,21.16779161835716,22.360792770385743,0.056359263806905036,15,close_exit
RCL,2014-03-21,2014-03-27,46.59440401196525,44.622968708351365,-0.042310559506408385,3,open_exit
CAR,2014-03-24,2014-03-27,46.91123646182934,44.433292600938906,-0.05282196863232724,2,open_exit
LPLA,2014-03-21,2014-03-28,47.324669323958055,44.70473359986889,-0.05536088812696316,4,open_exit
AA,2014-03-12,2014-04-02,26.805663212501717,28.509410267829896,0.0635592203715214,15,close_exit
NSC,2014-03-12,2014-04-02,72.74301559026094,74.3836956138611,0.022554468085865365,15,close_exit
NEE,2014-03-14,2014-04-04,16.95962817137734,17.197911101341248,0.014050009089589421,15,close_exit
MSFT,2014-03-25,2014-04-07,33.854229641656595,33.23814108144816,-0.01819827438785826,8,open_exit
ISRG,2014-04-03,2014-04-07,57.74663614082336,56.08194561004639,-0.028827489218893887,1,open_exit
MTZ,2014-03-25,2014-04-08,43.52175,41.24936545753479,-0.05221261880474026,9,open_exit
TFX,2014-03-27,2014-04-08,97.59583508043812,96.49919531427776,-0.011236542678860428,7,open_exit
FANG,2014-03-28,2014-04-08,52.271208849812616,49.79676531135207,-0.0473385558304229,6,open_exit
HPQ,2014-03-24,2014-04-09,9.765018501790486,9.944148473036913,0.018344048320398265,11,open_exit
KDP,2014-03-27,2014-04-09,6.446401115148511,6.1951278610806595,-0.03897884254787998,8,open_exit
GRMN,2014-03-27,2014-04-11,38.688389617520954,38.36374266508683,-0.00839132762163608,10,open_exit
LUV,2014-04-03,2014-04-11,20.982289415629516,20.099891683039363,-0.04205440670038907,5,open_exit
NRG,2014-04-07,2014-04-14,24.936068104600135,24.430028392428415,-0.02029348452406443,4,open_exit
INTC,2014-04-08,2014-04-14,19.79950095257691,19.742186840612433,-0.002894725079271132,3,open_exit
ON,2014-04-09,2014-04-14,9.904949618339538,9.665165076255798,-0.024208557471081527,2,open_exit
PEG,2014-04-07,2014-04-29,25.06662875796299,26.30341580963135,0.04933998359374381,15,close_exit
CMS,2014-04-07,2014-04-29,20.10880379409968,20.57433865070343,0.023150798096719827,15,close_exit
DVN,2014-04-11,2014-05-01,45.35391207927874,46.51228363780316,0.025540719761937503,12,open_exit
OVV,2014-04-09,2014-05-01,86.21632912462948,87.08421321105958,0.010066353963824382,15,close_exit
NEE,2014-04-09,2014-05-01,17.501396486204246,18.095723994255067,0.03395886199820164,15,close_exit
WEC,2014-04-09,2014-05-01,31.765869387353415,32.75801160430908,0.03123296280222876,15,close_exit
CL,2014-04-11,2014-05-05,49.175654610967314,50.247400962829595,0.021794246773956694,15,close_exit
MRK,2014-04-30,2014-05-07,38.24817174659059,36.69487543249795,-0.04061099506621779,4,open_exit
FANG,2014-04-15,2014-05-07,52.72249145564784,57.8580651626587,0.09740764454068129,15,close_exit
ATI,2014-04-15,2014-05-07,38.126486824209444,38.937091386795046,0.02126092987069783,15,close_exit
ATO,2014-04-15,2014-05-07,36.34588297578533,38.25218087005616,0.05244879854867901,15,close_exit
MTDR,2014-04-30,2014-05-08,26.501730436108144,23.650474720363416,-0.10758752990181886,5,open_exit
MPC,2014-05-02,2014-05-12,33.33096181304186,32.02326908860204,-0.03923357302963093,5,open_exit
OVV,2014-05-08,2014-05-12,90.34189432151645,85.86306326979609,-0.04957645713937231,1,open_exit
TXT,2014-05-01,2014-05-21,38.14727015473013,37.500484863837606,-0.016954956102208096,13,open_exit
ALK,2014-05-02,2014-05-23,43.57956963688475,44.57737820053101,0.022896246382427154,15,close_exit
DOX,2014-05-02,2014-05-23,37.73721398203816,37.96178735160828,0.005950979043577664,15,close_exit
TRGP,2014-05-06,2014-05-28,63.05136482605049,65.79989304351807,0.043591890913866393,15,close_exit
AVGO,2014-05-07,2014-05-29,5.043724954923091,5.264774190187454,0.04382658397115824,15,close_exit
PPC,2014-05-08,2014-05-30,15.273099366153215,16.281852102279665,0.06604767715726068,15,close_exit
FANG,2014-05-08,2014-05-30,55.52190178196743,57.67466996765137,0.0387733149728513,15,close_exit
EA,2014-05-08,2014-05-30,32.42948731870903,34.0751093788147,0.05074462152092951,15,close_exit
GD,2014-05-12,2014-06-03,86.88185341687603,90.91204077148439,0.046386986420176024,15,close_exit
MOH,2014-05-12,2014-06-03,41.70084030532837,43.68814408493042,0.04765620464842568,15,close_exit
CDNS,2014-05-21,2014-06-04,16.308149236679075,16.421785305023196,0.006968054234415488,8,open_exit
PSX,2014-06-02,2014-06-11,55.25294533769895,53.489649866027605,-0.03191314889901897,6,open_exit
BXP,2014-06-02,2014-06-11,72.63688130376181,71.00423573485918,-0.0224768125998559,6,open_exit
EXC,2014-06-02,2014-06-12,17.049549646656494,16.292978090675458,-0.04437487040189381,7,open_exit
AAL,2014-05-29,2014-06-13,37.62476118025002,37.92637154101768,0.00801627309533548,10,open_exit
GD,2014-06-04,2014-06-13,90.97224294099364,91.21925428029631,0.0027152385311957072,6,open_exit
AMKR,2014-05-27,2014-06-17,8.942213333767311,11.338388867378235,0.26796224202821906,15,close_exit
HPQ,2014-05-27,2014-06-17,10.216370428940525,10.686255952358247,0.04599339136007141,15,close_exit
LNG,2014-05-30,2014-06-20,61.19504407667318,65.31747598648072,0.06736545372272973,15,close_exit
HUN,2014-06-11,2014-06-25,19.18901157485409,18.43993810062181,-0.03903658462606219,9,open_exit
SWKS,2014-06-04,2014-06-25,35.72044203454716,36.69646726417542,0.027323996401956263,15,close_exit
AMAT,2014-06-04,2014-06-25,18.508261495760042,19.463371737480166,0.051604535733349444,15,close_exit
EA,2014-06-11,2014-06-30,34.43932926976824,34.84139544713041,0.011674622760877051,12,open_exit
AAL,2014-06-23,2014-07-03,41.78432708015075,40.15013479496833,-0.03911017358369118,7,open_exit
MU,2014-06-12,2014-07-03,30.31266004986797,32.87493080711365,0.08452807351880165,15,close_exit
EXP,2014-06-13,2014-07-07,87.84839039194387,87.72208533859254,-0.0014377617254887065,15,close_exit
RH,2014-06-13,2014-07-07,80.65030561065673,86.79657633972168,0.07620889570755462,15,close_exit
ZBRA,2014-06-18,2014-07-10,78.55925664138793,83.8880353050232,0.06783132747755483,15,close_exit
NNN,2014-06-18,2014-07-10,20.17436243756241,20.729883321762085,0.027535982161466244,15,close_exit
SLB,2014-06-26,2014-07-14,82.7995333425826,82.64476984544412,-0.0018691348959438692,10,open_exit
BKR,2014-07-03,2014-07-14,39.564959708293024,38.419040905830556,-0.028962971551371952,5,open_exit
STZ,2014-06-26,2014-07-16,74.15948084289033,74.38697071102028,0.003067576330690658,12,open_exit
JNJ,2014-07-08,2014-07-16,76.36301061222642,74.36175147284798,-0.026207179671593694,5,open_exit
VRTX,2014-06-25,2014-07-17,92.30613213729858,94.44275286483766,0.023147115777324645,15,close_exit
MU,2014-07-16,2014-07-18,33.581005905366275,32.33887343335751,-0.036989138309590275,1,open_exit
PPC,2014-06-30,2014-07-22,17.233490147980692,20.173111142158508,0.17057606839565587,15,close_exit
UGI,2014-07-11,2014-07-28,22.346871347572602,21.783785387966848,-0.025197529929258722,10,open_exit
HUM,2014-07-18,2014-07-28,119.19145341933788,116.89797097011281,-0.019242004216159403,5,open_exit
IQV,2014-07-07,2014-07-28,54.49723622131347,54.77259923744202,0.005052788640699246,15,close_exit
INGR,2014-07-08,2014-07-29,57.66784429499792,57.470058908756876,-0.0034297343460469865,14,open_exit
INTC,2014-07-11,2014-08-01,23.681739606836523,25.542535860689334,0.078575150506073,14,open_exit
RGLD,2014-07-14,2014-08-01,66.05508539002537,65.96321737479295,-0.0013907788429911028,13,open_exit
AA,2014-07-14,2014-08-01,35.99222032042981,36.15636973228385,0.00456069146033955,13,open_exit
LUV,2014-07-16,2014-08-01,24.469521203041076,24.602036060628933,0.00541550676403868,11,open_exit
URI,2014-07-18,2014-08-01,106.62193575345339,100.85754992612327,-0.05406378890605923,9,open_exit
LNG,2014-07-23,2014-08-01,71.54523898300371,66.77552496410964,-0.06666710582974178,6,open_exit
LYB,2014-07-28,2014-08-01,57.40252585470613,56.678330440730164,-0.012616089678858411,3,open_exit
APD,2014-07-29,2014-08-01,94.37560171112369,90.80009454896381,-0.0378859270545816,2,open_exit
MCK,2014-08-04,2014-08-08,179.7672547480587,171.17802286114477,-0.047779735519417055,3,open_exit
CMG,2014-07-28,2014-08-18,13.508951226711272,13.689751660346985,0.0133837505666774,15,close_exit
UDR,2014-07-29,2014-08-19,18.90833517121226,19.437151181221008,0.02796734906697984,15,close_exit
NWL,2014-08-01,2014-08-22,20.325196739804515,21.092578775405887,0.03775520824841738,15,close_exit
EXPE,2014-08-04,2014-08-25,79.29579727617715,82.19827544403077,0.036603177817162935,15,close_exit
SCI,2014-08-04,2014-08-25,17.263728624183315,17.85920519733429,0.03449292943106297,15,close_exit
DIS,2014-08-05,2014-08-26,77.79432389424682,80.2851089706421,0.032017568271192065,15,close_exit
WDC,2014-08-05,2014-08-26,63.62005283248008,63.90751390075684,0.004518403482525857,15,close_exit
BRK-B,2014-08-05,2014-08-26,129.7648469467163,136.18187500000002,0.04945120503951794,15,close_exit
ZTS,2014-08-05,2014-08-26,29.32698587147253,31.668156108856202,0.07982989617971681,15,close_exit
AMT,2014-08-08,2014-08-29,72.65239277002138,73.63272088623047,0.013493404399113063,15,close_exit
AAPL,2014-08-28,2014-09-04,22.39402573155034,21.768257821957867,-0.027943520164435798,3,open_exit
WLK,2014-08-19,2014-09-10,77.14001565758905,79.38215009262848,0.02906577625018736,14,open_exit
AVGO,2014-08-20,2014-09-11,5.656481137007237,6.651501134157181,0.17590794931500375,15,close_exit
LNG,2014-08-26,2014-09-16,74.16857345606827,76.75327769421393,0.03484904883166773,13,open_exit
NXPI,2014-09-02,2014-09-16,61.706111074905145,60.23542810338122,-0.0238336681068535,9,open_exit
LUV,2014-08-25,2014-09-16,28.155905879440297,30.17247106742859,0.07162139256406608,15,close_exit
ODFL,2014-08-26,2014-09-17,21.642584582566368,22.838089250564575,0.055238535094427554,15,close_exit
PFG,2014-08-27,2014-09-18,35.17517944542308,35.66050936698914,0.013797510893130749,15,close_exit
HIG,2014-08-27,2014-09-18,28.88854852302669,29.53931536102295,0.022526809800691217,15,close_exit
WM,2014-08-28,2014-09-19,36.841482606654246,37.54303626060486,0.01904249243823597,15,close_exit
STLD,2014-09-04,2014-09-23,18.58520684424241,18.667789220332953,0.004443446703749077,12,open_exit
MAR,2014-09-12,2014-09-24,63.48390535673093,63.20648712630639,-0.004369898620219748,7,open_exit
LUV,2014-09-17,2014-09-24,30.23764417910439,29.167593144033567,-0.03538804242594651,4,open_exit
ODFL,2014-09-18,2014-09-24,22.905705826683096,22.410019081747972,-0.02164031742508865,3,open_exit
TAP,2014-09-16,2014-09-26,57.06420953130876,55.69737167768542,-0.023952629237305345,7,open_exit
ADM,2014-09-19,2014-09-26,37.19714838234472,35.924150517682044,-0.03422299611727475,4,open_exit
ELV,2014-09-10,2014-10-01,102.28944992804473,100.67627892565598,-0.015770648913681073,14,open_exit
UTHR,2014-09-23,2014-10-01,132.86640305328368,128.97547328948974,-0.029284526971303237,5,open_exit
SWKS,2014-09-19,2014-10-02,45.72446092080595,42.18920375229935,-0.0773165412410135,8,open_exit
VRTX,2014-09-22,2014-10-02,103.8418959159851,107.08642938995362,0.031244936789227795,7,open_exit
CF,2014-09-24,2014-10-02,38.872175570864165,38.76081667106514,-0.002864745751006814,5,open_exit
BBWI,2014-09-29,2014-10-02,36.236802832634645,35.25297358742096,-0.027150001333110296,2,open_exit
EW,2014-09-16,2014-10-07,16.905115814208983,17.659498887062075,0.04462454331244636,15,close_exit
META,2014-09-24,2014-10-08,77.45883825314691,75.47907925543424,-0.025558852189888515,9,open_exit
LMT,2014-10-01,2014-10-08,132.03510740040372,126.16538655716084,-0.04445575846310801,4,open_exit
PPC,2014-10-06,2014-10-08,21.18630224889136,20.000308704267887,-0.05597926106645312,1,open_exit
ZTS,2014-10-06,2014-10-08,34.11816213565468,33.173597263786384,-0.027685104142265327,1,open_exit
NKE,2014-09-29,2014-10-10,37.75607502204822,37.36367485571541,-0.010393033865508161,8,open_exit
CTAS,2014-10-01,2014-10-13,15.245474838484988,14.915744311953107,-0.021628091615718215,7,open_exit
PANW,2014-10-06,2014-10-13,17.45372219467163,15.767112118721009,-0.09663326006561046,4,open_exit
FDX,2014-10-06,2014-10-13,111.08996547536951,105.42558012249559,-0.05098917196197894,4,open_exit
MCO,2014-10-09,2014-10-14,85.55594203508922,81.29227237856756,-0.04983487476267856,2,open_exit
MCK,2014-10-09,2014-10-14,183.25159166630564,174.26310589993614,-0.049049973779967004,2,open_exit
LOW,2014-10-09,2014-10-14,43.617365503298394,41.838834964829616,-0.040775744200650665,2,open_exit
MO,2014-09-25,2014-10-16,21.50873664597842,21.166399477829117,-0.015916191349774622,14,open_exit
MNST,2014-10-09,2014-10-16,16.129728695869446,15.00082903957367,-0.06998875663574355,4,open_exit
KR,2014-10-09,2014-10-16,21.55347873882781,20.455340145990867,-0.0509494827328586,4,open_exit
DGX,2014-10-27,2014-11-05,50.38767831569738,47.84847899506073,-0.0503932589377829,6,open_exit
GILD,2014-10-27,2014-11-06,76.06140540398887,73.35809325408935,-0.03554118064925671,7,open_exit
AGNC,2014-10-27,2014-11-06,5.350042069257223,5.241874008691415,-0.020218170093908472,7,open_exit
AEP,2014-10-27,2014-11-13,37.409319072589376,37.87964314710687,0.012572377316060424,12,open_exit
EW,2014-10-27,2014-11-17,19.436379592895506,21.027814725875857,0.08187919593636983,15,close_exit
MCO,2014-10-27,2014-11-17,85.78683020066742,89.19620905303955,0.03974245049498992,15,close_exit
CTAS,2014-10-27,2014-11-17,15.438708628023617,15.95487105178833,0.03343300506544966,15,close_exit
SHW,2014-10-27,2014-11-17,67.94979676823384,71.5903084602356,0.05357649125013553,15,close_exit
ROP,2014-10-27,2014-11-17,141.47222385029363,145.4219730987549,0.027918902671954182,15,close_exit
MMM,2014-10-27,2014-11-17,85.50524954094936,91.53393730926514,0.07050663907399723,15,close_exit
STE,2014-11-05,2014-11-20,55.50247733294847,54.217574663138926,-0.02315036610170873,10,open_exit
EPAM,2014-11-06,2014-11-28,48.274125,51.00448377990723,0.056559467000328434,15,close_exit
RHI,2014-11-06,2014-11-28,40.075999709061605,41.32005076980591,0.03104229638126821,15,close_exit
TAP,2014-11-18,2014-12-04,57.92093170290845,54.9915328793489,-0.05057582358283175,10,open_exit
CHRW,2014-11-13,2014-12-05,55.09025677617661,56.82452076148987,0.03148041208737351,15,close_exit
ACHC,2014-11-18,2014-12-10,62.60128469467163,60.639663169860846,-0.03133516403662151,15,close_exit
ZTS,2014-11-18,2014-12-10,40.57645204832951,38.630112232208255,-0.047967225271520086,15,close_exit
CNC,2014-11-18,2014-12-10,24.599793368339537,24.26286211872101,-0.013696507306933947,15,close_exit
STX,2014-11-18,2014-12-10,38.439085831561705,39.05335478973389,0.015980321718988888,15,close_exit
NWL,2014-11-18,2014-12-10,22.416994360074618,22.68988420009613,0.012173346508376648,15,close_exit
DXCM,2014-12-04,2014-12-11,13.584289093494414,13.908042461872101,0.023832926857595638,4,open_exit
NCLH,2014-12-01,2014-12-12,43.88193061065674,43.50823377990723,-0.008515961480025647,8,open_exit
BBWI,2014-11-20,2014-12-12,41.59942021117935,44.58966682243347,0.07188192999022935,15,close_exit
IONS,2014-12-11,2014-12-16,62.73135076332092,55.52222423744202,-0.11492063279616294,2,open_exit
UAL,2014-12-01,2014-12-17,61.030499999999996,62.03896469497681,0.01652394614130337,11,open_exit
VTR,2014-12-11,2014-12-17,50.43181690877385,49.80287903874605,-0.012471053167992796,3,open_exit
DAL,2014-12-12,2014-12-17,43.13300356799755,39.52946956164534,-0.0835447037828323,2,open_exit
ULTA,2014-12-08,2014-12-30,128.63429232788084,128.70561927032472,0.0005544939934218895,15,close_exit
CME,2014-12-11,2015-01-02,55.8564805943278,56.83966448113322,0.017601966259672697,13,open_exit
NDAQ,2014-12-12,2015-01-02,12.890945589932574,13.354404564582296,0.03595228693011232,12,open_exit
IRM,2014-12-18,2015-01-02,20.631668286494847,20.5793448223831,-0.0025360752889769245,8,open_exit
CBOE,2014-12-11,2015-01-05,54.867775120234306,56.40019918441773,0.02792940046913417,15,close_exit
BURL,2014-12-15,2015-01-06,45.922951526641846,46.58669561004639,0.01445342821703166,13,open_exit
NCLH,2014-12-18,2015-01-06,46.033003320693965,46.3168301525116,0.0061657248352953165,10,open_exit
SHW,2014-12-12,2015-01-06,74.89004646347288,78.04006201171876,0.0420618719976662,15,close_exit
AFG,2014-12-31,2015-01-07,28.15827238899541,27.22563938977209,-0.0331211015483962,3,open_exit
TSCO,2015-01-02,2015-01-07,13.26413693106842,12.695953192582412,-0.04283608812535389,2,open_exit
TJX,2014-12-16,2015-01-08,28.14483873758772,29.273129245758057,0.04008871817281001,15,close_exit
RCL,2014-12-18,2015-01-12,70.10231985862893,72.15549356079102,0.0292882419055831,15,close_exit
HD,2015-01-02,2015-01-15,80.13812743752192,78.65721386008723,-0.018479513120508773,8,open_exit
CBOE,2015-01-06,2015-01-15,56.77612081420547,55.85674069266017,-0.016193077448068083,6,open_exit
ARMK,2015-01-02,2015-01-26,19.571797826427506,20.29552457523346,0.036978041323762145,15,close_exit
IONS,2015-01-06,2015-01-28,68.06401377868652,68.54571183013917,0.007077132609588865,15,close_exit
REG,2015-01-06,2015-01-28,42.67221547207664,45.16958835601807,0.058524565840169185,15,close_exit
WELL,2015-01-07,2015-01-29,51.15945735955991,54.167986076354985,0.05880689264646555,15,close_exit
CUBE,2015-01-07,2015-01-29,14.712763045414016,15.819046130180359,0.0751920683661913,15,close_exit
AVB,2015-01-07,2015-01-29,116.05940232971294,119.01924936294556,0.02550286296343307,15,close_exit
NBIX,2015-01-09,2015-02-02,27.22360408401489,32.86356106758118,0.2071715767743607,15,close_exit
ALK,2015-01-30,2015-02-04,64.37063171203197,60.27630000634098,-0.06360558529248805,2,open_exit
BURL,2015-01-13,2015-02-04,48.83440637397766,51.80408683013916,0.060811232830792816,15,close_exit
MNST,2015-01-15,2015-02-06,19.77488188934326,19.51523711872101,-0.013130028896009338,15,close_exit
BBY,2015-01-15,2015-02-06,22.862187622383836,24.289157024383545,0.06241613556712289,15,close_exit
EXR,2015-01-29,2015-02-10,43.92466216189534,42.91518454274411,-0.022982023525429773,7,open_exit
SWKS,2015-01-30,2015-02-10,66.22673553056214,63.204743588202184,-0.045630996577890715,6,open_exit
WHR,2015-01-30,2015-02-10,132.4969837070415,135.09277212518512,0.019591301971696673,6,open_exit
DXCM,2015-01-27,2015-02-18,15.575283864498138,15.644673902511597,0.004455137936306031,15,close_exit
EA,2015-01-29,2015-02-20,52.78042132029459,55.93827968597412,0.05983010909511832,15,close_exit
KR,2015-02-03,2015-02-25,28.01264194209824,29.01555812931061,0.03580227060644203,15,close_exit
PENN,2015-02-04,2015-02-26,15.667829847335815,16.29184923744202,0.039828067842612835,15,close_exit
AYI,2015-02-10,2015-02-27,153.6155736679657,153.94410612982213,0.00213866637354454,11,open_exit
CNC,2015-02-05,2015-02-27,28.69934196567535,30.714634542465213,0.07022086357241797,15,close_exit
MANH,2015-02-09,2015-03-03,49.08453137397766,51.00448377990723,0.03911522331345796,15,close_exit
ON,2015-02-09,2015-03-03,11.265630228996276,12.863564885616304,0.14184156803825765,15,close_exit
MAS,2015-02-10,2015-03-04,19.29878053296956,19.62033476638794,0.016661893888530788,15,close_exit
HAS,2015-02-10,2015-03-04,42.20195486426481,43.2402670917511,0.02460341543006339,15,close_exit
BAH,2015-02-19,2015-03-06,24.655285899067877,23.93877644013815,-0.02906108904447202,10,open_exit
MOH,2015-02-23,2015-03-09,62.181076526641846,61.79908683013916,-0.006143182425267568,9,open_exit
PANW,2015-02-26,2015-03-09,23.818570661544797,23.41661911582947,-0.016875552753645273,6,open_exit
AVGO,2015-02-27,2015-03-11,9.69057274804926,9.42513566876636,-0.027391268419746595,7,open_exit
MNST,2015-03-02,2015-03-11,23.70851505088806,22.61535368919373,-0.04610838592581468,6,open_exit
CDW,2015-03-04,2015-03-11,33.23231629962957,31.71347682954099,-0.04570368963735172,4,open_exit
HBAN,2015-03-09,2015-03-11,7.023296928652303,6.844528103034876,-0.02545369040117329,1,open_exit
BX,2015-03-05,2015-03-16,22.081727972677474,21.735251551591748,-0.015690638953365976,6,open_exit
SWKS,2015-02-27,2015-03-20,70.23280879701653,80.50480192565918,0.14625633382156566,15,close_exit
HALO,2015-03-16,2015-03-23,16.058024236679078,14.242875000000002,-0.11303689731224764,4,open_exit
BMY,2015-03-05,2015-03-25,44.85246982229214,44.61073075673637,-0.005389648920417378,13,open_exit
OMF,2015-03-04,2015-03-25,22.087562241960626,23.36371856212616,0.05777714653096333,15,close_exit
INCY,2015-03-06,2015-03-26,91.795875,89.54520133972169,-0.02451824398730673,13,open_exit
UTHR,2015-03-11,2015-03-26,165.08249999999998,166.3967557296753,0.007961205637637692,10,open_exit
DVA,2015-03-11,2015-03-26,78.42919438934325,80.82956774520875,0.03060561025208819,10,open_exit
BMRN,2015-03-12,2015-03-26,114.55725,112.57368225479127,-0.017315078226901703,9,open_exit
AAL,2015-03-23,2015-03-26,52.69082755042377,48.24453907551468,-0.08438448742628124,2,open_exit
BURL,2015-03-23,2015-03-27,61.02049667930603,58.49074045753479,-0.041457483295594955,3,open_exit
WBS,2015-03-09,2015-03-30,25.14927028517681,26.38175148487091,0.04900663859104237,15,close_exit
BMRN,2015-03-30,2015-04-01,131.3956668319702,124.54769561004639,-0.05211717697419238,1,open_exit
CNC,2015-03-12,2015-04-02,32.20609362602234,35.162410305023194,0.09179370566730793,15,close_exit
VLO,2015-03-26,2015-04-06,41.71414022827677,39.04568991741856,-0.06396992233941212,5,open_exit
BR,2015-04-06,2015-04-10,44.9338338887299,44.39804631795604,-0.011923922897401518,3,open_exit
EL,2015-03-26,2015-04-14,72.51065008065557,72.01409217530569,-0.006848068591269518,11,open_exit
KMX,2015-03-31,2015-04-15,69.22459744262694,72.53371469497681,0.047802621822285785,9,open_exit
JLL,2015-04-01,2015-04-15,166.15256956334838,162.92981025459926,-0.019396385606425315,8,open_exit
KDP,2015-03-27,2015-04-16,9.798929563443487,9.622908277203864,-0.01796331783997085,12,open_exit
TGT,2015-03-25,2015-04-16,58.574785264897464,58.402173160552984,-0.0029468670446483047,15,close_exit
WSO,2015-04-15,2015-04-17,92.08761724326439,85.95750344518892,-0.06656827466695958,1,open_exit
ACN,2015-03-27,2015-04-20,76.95202165525706,76.92796994363849,-0.00031255464250590226,14,open_exit
MKC,2015-03-27,2015-04-20,30.762431095716423,30.751494775939147,-0.0003555089564686309,14,open_exit
RVTY,2015-03-27,2015-04-20,48.747194794019315,49.68146474266052,0.019165614607957515,15,close_exit
LAD,2015-04-06,2015-04-27,90.59562775879465,95.00173836898804,0.04863491450077917,15,close_exit
INCY,2015-04-14,2015-04-28,98.76936122131347,101.67913835525513,0.029460321479873652,9,open_exit
OLED,2015-04-16,2015-04-28,45.66098807689345,43.83569117868898,-0.039974975905704424,7,open_exit
UTHR,2015-04-17,2015-04-28,187.12351377868652,167.916,-0.10264617947161625,6,open_exit
AXON,2015-04-20,2015-04-28,29.024505228996276,28.835575381278993,-0.006509321906667198,5,open_exit
DXCM,2015-04-10,2015-04-30,16.333163263320923,16.54172423744202,0.012769172190267408,13,open_exit
COTY,2015-04-15,2015-04-30,21.338568575180428,20.878156766528722,-0.02157650861301097,10,open_exit
UNH,2015-04-17,2015-04-30,100.46119714552283,94.16497645735663,-0.06267316005647261,8,open_exit
AKAM,2015-04-28,2015-05-01,77.13854847335816,73.91302194976807,-0.04181471634385381,2,open_exit
CPAY,2015-04-28,2015-05-05,163.55173622131346,156.6616354904175,-0.04212795834568506,4,open_exit
VRSK,2015-04-28,2015-05-06,69.22960572378422,70.74733513366276,0.021923126587403363,5,open_exit
JLL,2015-04-29,2015-05-06,165.9869160738831,160.048353699164,-0.035777292061235366,4,open_exit
SJM,2015-04-28,2015-05-08,83.88246010209187,82.8957186900957,-0.01176338188931536,7,open_exit
CE,2015-04-20,2015-05-11,54.67327067685746,54.14988676261902,-0.009572939532589309,15,close_exit
CRUS,2015-04-21,2015-05-12,34.627305610656734,36.13192652511597,0.04345186227819542,15,close_exit
EQIX,2015-05-01,2015-05-13,199.4391939520318,199.7630886320106,0.0016240272213330353,7,open_exit
CRM,2015-04-30,2015-05-21,70.99778667220114,72.22373156164939,0.017267367715397386,14,open_exit
XPO,2015-04-30,2015-05-21,16.782303202629087,17.280593357086182,0.029691404596899007,15,close_exit
AVY,2015-04-30,2015-05-21,44.10753834985506,50.08570435523987,0.13553615162031485,15,close_exit
MNST,2015-05-08,2015-05-27,22.4428831615448,21.25270070075989,-0.05303162041249021,11,open_exit
BX,2015-05-05,2015-05-27,24.920128434068342,25.267398814201357,0.013935336691855094,15,close_exit
EL,2015-05-06,2015-05-28,75.33483878525224,76.76595725631714,0.018996768216952065,15,close_exit
KEY,2015-05-06,2015-05-28,9.23012251779556,9.50885212802887,0.0301978234520639,15,close_exit
ASH,2015-05-12,2015-06-03,51.93410431874465,52.393216251373296,0.0088402782458874,15,close_exit
MOH,2015-05-13,2015-06-04,68.00398622131347,67.24635877990723,-0.011140926929497974,14,open_exit
LBTYA,2015-05-22,2015-06-04,23.95604857635498,23.53712996673584,-0.01748696611145717,7,open_exit
RARE,2015-05-13,2015-06-04,72.0760209159851,86.98648377990723,0.20687133771302957,15,close_exit
SWKS,2015-05-28,2015-06-09,85.86461903419521,80.24138458888741,-0.06548954049476852,7,open_exit
ON,2015-06-04,2015-06-09,13.216605038166046,12.503745228767396,-0.05393668096611037,2,open_exit
TMUS,2015-06-05,2015-06-12,37.61071586489394,37.27681964302063,-0.008877688557504149,4,open_exit
LAD,2015-05-21,2015-06-12,97.55751277003607,102.26566745376587,0.04826029846443425,15,close_exit
GPN,2015-05-22,2015-06-15,49.56609777316045,49.516550140380865,-0.00099962746727289,15,close_exit
ALNY,2015-05-27,2015-06-17,128.12402755737304,128.88552194976808,0.005943415976788824,15,close_exit
LLY,2015-05-29,2015-06-18,63.171594974238594,69.5229056192605,0.10054060923445052,13,open_exit
PANW,2015-05-29,2015-06-19,27.678833415985107,30.664660305023194,0.10787401492556081,15,close_exit
EWBC,2015-06-04,2015-06-25,33.83755471476652,35.37798163414001,0.04552417963882194,15,close_exit
MTG,2015-06-04,2015-06-25,9.205848602785785,9.670438164711,0.050466782799863275,15,close_exit
ZBRA,2015-06-22,2015-06-29,117.15854847335815,112.17388835525513,-0.04254627752781126,4,open_exit
NBIX,2015-06-09,2015-06-30,42.25111454200744,46.456759542465214,0.09953926768668753,14,open_exit
SF,2015-06-09,2015-06-30,22.802664354703985,22.57729241767415,-0.009883579108304619,14,open_exit
AOS,2015-06-12,2015-06-30,30.243283662872155,29.99753567349239,-0.008125704606654738,11,open_exit
CNC,2015-06-16,2015-07-06,38.95446887397766,36.99649188995362,-0.05026321858881788,12,open_exit
COTY,2015-06-15,2015-07-07,22.55373277060757,27.67108833599091,0.22689616913668353,15,close_exit
EA,2015-06-18,2015-07-10,62.567526383660834,69.90586362838745,0.11728667679345861,15,close_exit
DXCM,2015-06-18,2015-07-10,18.764376660346983,20.352317987442017,0.08462531720814814,15,close_exit
MTG,2015-07-14,2015-07-20,9.781741905467664,9.501227257697538,-0.02867737162573547,3,open_exit
PPLI,2015-06-26,2015-07-20,14.454837608402519,14.87556363964081,0.029106244057264474,15,close_exit
MTCH,2015-06-26,2015-07-20,21.311412284990478,21.931707112312317,0.029106228110405974,15,close_exit
MSCI,2015-06-29,2015-07-21,55.840391200186914,58.59501644897461,0.04933033579425339,15,close_exit
MPC,2015-07-14,2015-07-24,42.14302223408415,40.35770697574475,-0.04236324695516225,7,open_exit
NFLX,2015-07-14,2015-07-27,10.13220647764206,10.773610782146454,0.06330351695060021,8,open_exit
INCY,2015-07-14,2015-07-27,113.66680561065674,107.94600000000001,-0.05032960660698271,8,open_exit
EXEL,2015-07-21,2015-07-27,5.602799904584884,5.49725,-0.018838778179194104,3,open_exit
BNY,2015-07-22,2015-07-27,33.618748800432236,32.90298286709285,-0.021290677341632147,2,open_exit
NBIX,2015-07-14,2015-07-28,50.885430610656734,49.86505438995361,-0.02005242381675798,9,open_exit
RARE,2015-07-20,2015-07-28,134.8473887786865,118.58067938995362,-0.12063051080232667,5,open_exit
SRPT,2015-07-21,2015-07-28,33.746864542007444,32.22388167762757,-0.04512961085567213,4,open_exit
TFX,2015-07-29,2015-07-31,129.31766007711255,125.15040032603761,-0.032224985733502964,1,open_exit
AMZN,2015-07-14,2015-08-04,23.12755722141266,26.581701813697816,0.14935189908803403,15,close_exit
SBUX,2015-07-14,2015-08-04,44.66081412643692,46.9297818851471,0.05080444239745896,15,close_exit
EXEL,2015-08-05,2015-08-06,6.6933450572490685,6.296850190639496,-0.05923717710924792,0,open_exit
FTNT,2015-07-24,2015-08-07,9.464730038166046,9.311341984748841,-0.016206278763226778,9,open_exit
TECH,2015-07-29,2015-08-13,25.34358560151073,24.671123826532646,-0.02653380565605512,10,open_exit
BF-B,2015-07-29,2015-08-19,34.21570598016537,35.076464798506876,0.025156833497472997,14,open_exit
GPN,2015-07-29,2015-08-19,52.02553032565504,55.61448994064332,0.06898458492442261,15,close_exit
MDLZ,2015-07-29,2015-08-19,33.11468029046405,35.08369525718689,0.05946048548413296,15,close_exit
NVR,2015-07-29,2015-08-19,1463.7314999999999,1582.9681297607424,0.08146072538627647,15,close_exit
MAS,2015-07-29,2015-08-19,21.919855054829075,23.860092336654663,0.0885150598383242,15,close_exit
NFLX,2015-08-05,2015-08-21,12.568281274795531,10.614689885616302,-0.15543822949737496,11,open_exit
MOH,2015-08-06,2015-08-21,77.58877805328369,74.05295133972169,-0.045571367435813914,10,open_exit
DINO,2015-08-11,2015-08-21,35.494419468932136,34.14589675704252,-0.03799252761606542,7,open_exit
SGI,2015-07-31,2015-08-21,17.42380973757928,17.612035371780397,0.010802782918086784,15,close_exit
SSNC,2015-08-19,2015-08-24,32.2464432411505,29.025840200017413,-0.09987467507806247,2,open_exit
POST,2015-08-17,2015-08-25,43.241504356384276,41.08546887016296,-0.04986032559024489,5,open_exit
PAYC,2015-10-19,2015-10-21,41.109256473978874,37.667744357132406,-0.08371623356955771,1,open_exit
SUI,2015-10-19,2015-10-30,49.629951909303536,48.72834449188959,-0.018166598651185417,8,open_exit
PEP,2015-10-19,2015-11-04,71.87300578022479,72.65818648743017,0.010924556426738619,11,open_exit
SSNC,2015-10-30,2015-11-04,33.20146945038975,31.94696862247886,-0.037784497152615226,2,open_exit
PGR,2015-10-19,2015-11-06,23.89777460867621,23.38832613147353,-0.021317820824108158,13,open_exit
HRL,2015-10-20,2015-11-09,24.99020463993054,25.063204263420978,0.0029211294802202747,13,open_exit
EXR,2015-10-20,2015-11-09,53.23295561340621,51.76232500483236,-0.027626318915185077,13,open_exit
GE,2015-10-19,2015-11-09,120.79242028508767,124.65215842819215,0.03195347964710815,15,close_exit
EXPE,2015-10-20,2015-11-10,123.2041034200786,122.36382115925421,-0.00682024573450557,14,open_exit
BYD,2015-10-20,2015-11-10,16.91768850504229,19.428435143470765,0.1484095559319556,15,close_exit
MANH,2015-10-20,2015-11-10,68.63429847335816,75.08244274520874,0.09394929962536969,15,close_exit
OZK,2015-10-21,2015-11-11,35.15453724756267,39.17080397033692,0.11424604154198348,15,close_exit
POOL,2015-11-04,2015-11-16,73.64766553136776,69.86064130988039,-0.051420831796418764,7,open_exit
EBAY,2015-11-04,2015-11-16,25.576141089460823,25.011276369679084,-0.022085611656814885,7,open_exit
META,2015-11-06,2015-11-16,107.15304817814481,102.36937928160128,-0.04464333005805443,5,open_exit
LDOS,2015-11-11,2015-11-16,34.367117815423995,32.639517912185966,-0.05026897840303268,2,open_exit
CDNS,2015-11-11,2015-11-23,22.91144961833954,21.50924045753479,-0.06120124148243966,7,open_exit
UHAL,2015-11-18,2015-12-01,41.167869112830886,39.215536749437234,-0.047423692444289345,7,open_exit
TTWO,2015-11-09,2015-12-01,33.916951526641846,35.97200667762757,0.06059079777177123,15,close_exit
VRSN,2015-11-09,2015-12-01,80.92342904812311,89.49685516357422,0.10594491874970746,15,close_exit
GE,2015-11-11,2015-12-03,126.66420738846615,125.82537676239015,-0.0066224756256785255,15,close_exit
TAP,2015-11-12,2015-12-04,69.93986794830796,70.28934090354679,0.004996763155130868,14,open_exit
HD,2015-11-18,2015-12-04,97.86071659172484,102.1641688371341,0.043975278286212394,10,open_exit
MCD,2015-11-12,2015-12-04,87.2420149124685,89.92771567535401,0.03078448801967859,15,close_exit
JKHY,2015-11-17,2015-12-09,68.7849372006901,68.31079821777344,-0.0068930641243922786,15,close_exit
STZ,2015-11-18,2015-12-10,117.00374989949613,118.3894026562509,0.011842806388214111,14,open_exit
MKTX,2015-12-04,2015-12-10,99.11217846623276,98.84127182300703,-0.002733333556158568,3,open_exit
NFLX,2015-12-07,2015-12-10,13.125559935092925,12.443774809360505,-0.05194331739780311,2,open_exit
GOOG,2015-11-23,2015-12-14,37.5602807837166,36.74696775841143,-0.021653539545896106,13,open_exit
AMZN,2015-12-02,2015-12-14,34.067024236679075,32.07145777511597,-0.05857765702395967,7,open_exit
VRSN,2015-12-02,2015-12-14,88.9457917383849,87.57694557491382,-0.015389667534774998,7,open_exit
DD,2015-12-10,2015-12-14,79.17544219713075,73.6995441200263,-0.06916157239097664,1,open_exit
MTN,2015-12-11,2015-12-18,91.473781182622,91.45427364996509,-0.00021325818616779735,4,open_exit
CASY,2015-12-11,2015-12-21,115.67477130384144,110.00779626767958,-0.04899058776849874,5,open_exit
ADBE,2015-12-15,2015-12-21,94.02699335861206,92.11392366027833,-0.020345962685815344,3,open_exit
TYL,2015-12-01,2015-12-22,179.45968011474608,178.0509293899536,-0.007849956736196817,15,close_exit
HRL,2015-12-04,2015-12-28,28.626520461585056,30.15045411205292,0.053235029123182676,15,close_exit
TSN,2015-12-04,2015-12-28,39.76832858270572,41.3106255531311,0.03878204152376896,15,close_exit
LHX,2015-12-22,2016-01-04,69.6110349649728,70.67023090171362,0.015215919965473779,6,open_exit
PSA,2015-12-15,2016-01-05,165.71785320186774,161.55939355037128,-0.02509361285552536,12,open_exit
EXR,2015-12-15,2016-01-05,58.57234440704266,59.1264992241985,0.00946103187034475,12,open_exit
ULTA,2015-12-15,2016-01-05,186.27308267211913,182.47872232055664,-0.02036988005530238,12,open_exit
KMB,2015-12-15,2016-01-05,85.44264010686753,87.99714498866763,0.029897307463873313,12,open_exit
AMZN,2015-12-30,2016-01-05,34.61179874610901,32.326827005386356,-0.06601713356430294,2,open_exit
CCL,2015-12-22,2016-01-07,46.752209589025156,45.20301426335021,-0.033136301776817145,9,open_exit
AYI,2015-12-23,2016-01-07,231.7971561569928,218.4736931251578,-0.057478975379711805,8,open_exit
FSLR,2015-12-22,2016-01-08,65.50273622131347,67.3962853050232,0.02890793870521713,10,open_exit
LAMR,2016-01-06,2016-01-12,36.613345785583086,35.729389899341214,-0.024142996693570118,3,open_exit
NOC,2016-01-06,2016-01-14,160.70787936173184,156.07258702109013,-0.02884296873962411,5,open_exit
CUBE,2016-01-06,2016-01-15,20.00283159962459,19.262738718110086,-0.036999405700560595,6,open_exit
DLR,2015-12-29,2016-01-19,53.22760342149167,53.40409198318726,0.0033157337612597093,12,open_exit
NI,2016-01-06,2016-01-28,14.038893229633752,14.779877863883973,0.05278084405443928,15,close_exit
AU,2016-03-04,2016-03-07,11.330362497303561,11.029866428798139,-0.0265213110857605,0,open_exit
AU,2016-03-08,2016-03-15,11.13187452413721,10.459783529462158,-0.060375365641946455,4,open_exit
PEG,2016-03-04,2016-03-28,30.436577874988703,32.37430767822266,0.06366450956453562,15,close_exit
HON,2016-03-04,2016-03-28,82.21501902072238,84.98863524246217,0.03373612576846452,15,close_exit
SON,2016-03-07,2016-03-29,32.22815423145047,34.535023349761964,0.07157931235355375,15,close_exit
SMG,2016-03-07,2016-03-29,50.84942818250813,53.438969205856324,0.05092566653953012,15,close_exit
MTSI,2016-03-08,2016-03-30,43.021499999999996,43.67815076255798,0.015263316308310682,15,close_exit
EVRG,2016-03-11,2016-04-04,32.553941422763174,34.7680763206482,0.06801434176989707,15,close_exit
ETR,2016-03-11,2016-04-04,25.7798854585228,26.673183988571168,0.03465098910100273,15,close_exit
PNW,2016-03-11,2016-04-04,47.45763953782498,49.899544887542724,0.05145442068966544,15,close_exit
RS,2016-03-11,2016-04-04,54.854309607091594,56.16559059524536,0.02390479430962067,15,close_exit
DG,2016-03-29,2016-04-06,74.68691325968678,73.3159668495919,-0.018355912036799316,5,open_exit
DXC,2016-03-30,2016-04-06,27.15289174816362,26.912480284867424,-0.008853991152248164,4,open_exit
CME,2016-03-15,2016-04-06,64.49627119589809,63.74293101119996,-0.011680368038796685,15,close_exit
FICO,2016-03-30,2016-04-08,105.67244652938318,104.92756992734691,-0.0070489198130673225,6,open_exit
AU,2016-03-30,2016-04-15,11.371714662551879,12.103935651751666,0.0643896730552922,11,open_exit
NUE,2016-03-31,2016-04-21,38.48139215260408,39.49616077232361,0.02637037183310076,15,close_exit
CHD,2016-04-06,2016-04-22,41.067740989198846,39.719206914424426,-0.032836821366169056,11,open_exit
CAG,2016-04-08,2016-04-22,24.174861969125512,23.16112633059921,-0.04193346128805109,9,open_exit
BURL,2016-04-15,2016-04-26,57.28862832069397,56.23186832237244,-0.018446243683928443,6,open_exit
OC,2016-04-05,2016-04-26,40.705609099287024,43.80797625923157,0.07621473375763554,15,close_exit
EW,2016-04-07,2016-04-28,35.867923473358154,35.732125,-0.0037860701208147773,15,close_exit
AYI,2016-04-07,2016-04-28,246.5656772407551,238.21251445770264,-0.033878043677977754,15,close_exit
HII,2016-04-07,2016-04-28,115.13597902740626,119.4992414855957,0.03789660273919093,15,close_exit
CRL,2016-04-07,2016-04-28,81.90093061065673,79.98998377990723,-0.02333241901528338,15,close_exit
MTD,2016-04-07,2016-04-28,354.2270127868652,359.14034732055666,0.013870581170634111,15,close_exit
TPR,2016-04-27,2016-05-02,31.420155918016572,30.50721552502953,-0.02905588359806821,2,open_exit
VMI,2016-04-22,2016-05-04,125.82190106049588,123.04230705643323,-0.022091495841619846,7,open_exit
EL,2016-04-29,2016-05-04,84.8227893918885,81.06593008911118,-0.04429068331413055,2,open_exit
AU,2016-05-02,2016-05-04,13.654325933605708,12.541825030281691,-0.08147607642688215,1,open_exit
NEM,2016-04-22,2016-05-05,24.920743784703205,25.599331938173524,0.02722985153785218,8,open_exit
STLD,2016-04-22,2016-05-10,20.180185778784097,19.279947645181128,-0.04461000228002909,11,open_exit
WELL,2016-05-04,2016-05-12,49.20724218380611,49.62005562188977,0.008389282141471277,5,open_exit
BAX,2016-04-26,2016-05-17,37.54416405505518,38.018075569152835,0.012622774431805484,15,close_exit
INGR,2016-04-29,2016-05-18,87.1179284853167,88.688522264632,0.018028364615901182,12,open_exit
NNN,2016-05-05,2016-05-18,28.003692945533125,27.523308957378973,-0.01715430850811328,8,open_exit
AVY,2016-05-04,2016-05-19,61.78549508120783,61.50861998808237,-0.004481231278660847,10,open_exit
TXRH,2016-05-10,2016-05-19,37.689334116320985,36.25872311844457,-0.03795798019304619,6,open_exit
META,2016-04-29,2016-05-20,115.86096522085472,115.8838777401132,0.0001977587465702424,14,open_exit
BMY,2016-04-29,2016-05-20,50.420677734567555,49.31478200474408,-0.021933376930102,14,open_exit
VMC,2016-05-04,2016-05-20,103.93270003856662,104.97332737159297,0.010012511294714699,11,open_exit
EVRG,2016-05-02,2016-05-23,35.816274480383825,36.12024794960022,0.008487020876023266,15,close_exit
CHTR,2016-05-19,2016-05-27,225.91290305328369,216.90148950958252,-0.03988888382163691,5,open_exit
MKL,2016-05-19,2016-06-01,965.9927647705077,951.4640324401856,-0.01504020822948271,7,open_exit
ALB,2016-05-12,2016-06-03,65.93445390819363,69.69297269058228,0.05700386610651198,15,close_exit
LOW,2016-05-19,2016-06-07,64.9124541885296,64.97957637726245,0.0010340417655123613,11,open_exit
BR,2016-05-19,2016-06-08,52.62002494456405,53.26989179985602,0.012350181437135621,12,open_exit
MKTX,2016-05-19,2016-06-10,120.5223543717503,128.8599457550049,0.0691787961388255,15,close_exit
CHD,2016-05-20,2016-06-13,43.53435097454596,43.512793876647955,-0.0004951744407676317,15,close_exit
DXC,2016-05-20,2016-06-13,27.961498302666726,41.89453907775879,0.4982937832685188,15,close_exit
A,2016-05-20,2016-06-13,41.38582787980674,41.39975714302063,0.0003365708487055308,15,close_exit
AGNC,2016-05-24,2016-06-14,5.389402495412697,5.352460059017196,-0.006854644170099622,13,open_exit
DG,2016-05-27,2016-06-20,77.41278549686376,79.37074856948853,0.025292502524716598,15,close_exit
OKE,2016-06-01,2016-06-22,23.338480828254042,25.0132592086792,0.07176038546594854,15,close_exit
LBRDK,2016-06-13,2016-06-27,56.47016891098022,53.053984182357794,-0.0604953871132865,9,open_exit
XRAY,2016-06-14,2016-06-27,55.770654303668984,52.570419561089224,-0.05738205481962988,8,open_exit
FIVE,2016-06-06,2016-06-27,43.96196862602233,44.897538169860844,0.02128133869065918,15,close_exit
ZG,2016-06-21,2016-06-28,34.937458168029785,33.483250000000005,-0.041623181658947406,4,open_exit
DGX,2016-06-23,2016-06-28,65.42290503902419,63.447713216616684,-0.03019113598256329,2,open_exit
EXEL,2016-06-07,2016-06-28,7.30365019083023,7.776110209703446,0.0646882047371864,15,close_exit
LNT,2016-06-08,2016-06-29,27.893604266004694,28.851101061820984,0.034326750558486996,15,close_exit
MPT,2016-06-29,2016-07-06,7.386960837565369,7.0624860318321865,-0.04392534533053305,3,open_exit
IRM,2016-06-14,2016-07-06,21.900146375820974,23.157723054885867,0.05742320884454588,15,close_exit
DUK,2016-06-14,2016-07-06,54.26978217636868,58.02013542366028,0.06910573613698157,15,close_exit
CCI,2016-06-14,2016-07-06,61.45334327627247,66.99280062484742,0.09014086220942463,15,close_exit
DLR,2016-06-29,2016-07-08,76.28588762078483,77.76333329953866,0.019367221445966143,5,open_exit
NEM,2016-06-27,2016-07-19,29.511017360687255,32.375706972122195,0.09707186900479758,15,close_exit
RGLD,2016-06-27,2016-07-19,62.569239207093425,71.70608763885498,0.14602780132135162,15,close_exit
AU,2016-06-30,2016-07-21,14.985853799644689,16.82983687310047,0.12304824924286262,13,open_exit
EIX,2016-07-06,2016-07-21,51.30819742559384,49.8961647228106,-0.02752060632866593,10,open_exit
NUE,2016-07-08,2016-07-21,41.87148108411419,43.583265109878454,0.04088185995440474,8,open_exit
EPR,2016-06-29,2016-07-21,42.38016388873752,44.305716918945315,0.04543524265887777,15,close_exit
CNP,2016-06-29,2016-07-21,17.309830902827358,17.66417908668518,0.020470921168845413,15,close_exit
BURL,2016-07-07,2016-07-28,67.34365255737305,76.66164694976807,0.13836485011644717,15,close_exit
MLM,2016-07-07,2016-07-28,181.2127616586758,190.93581063079836,0.05365543178706411,15,close_exit
MKTX,2016-07-07,2016-07-28,136.40945925805303,145.13996390533447,0.06400219379775907,15,close_exit
FLEX,2016-07-21,2016-07-29,10.027618153095245,9.550610756397248,-0.04756936187790106,5,open_exit
ACM,2016-07-21,2016-08-03,33.27042836769902,33.170422533714714,-0.0030058475015427577,8,open_exit
CAT,2016-07-22,2016-08-03,64.09677855645127,65.13228540579647,0.01615536494448322,7,open_exit
JNJ,2016-07-20,2016-08-09,95.76204670255827,94.19912551191636,-0.01632088331921744,13,open_exit
AMH,2016-07-20,2016-08-10,17.68265511585676,18.87492289924622,0.06742583484084941,15,close_exit
CLF,2016-07-29,2016-08-11,7.550799749428972,6.69144356808815,-0.11380995521776482,8,open_exit
OSK,2016-07-29,2016-08-11,46.68961908899142,46.171780740111146,-0.011091081036520456,8,open_exit
ITW,2016-07-21,2016-08-11,90.22460647406005,93.86107363510132,0.04030460539705172,15,close_exit
JCI,2016-07-22,2016-08-12,33.367157956237136,32.97068521308899,-0.011882125042478653,15,close_exit
SPGI,2016-07-29,2016-08-17,104.77202430733766,103.65833262306012,-0.010629666570253993,12,open_exit
WYNN,2016-07-29,2016-08-19,85.26971939232901,86.71652300262451,0.016967378579477943,15,close_exit
IDXX,2016-08-03,2016-08-24,105.0525,109.70512213516236,0.044288542730181124,15,close_exit
MKTX,2016-08-03,2016-08-24,147.16766236834846,150.4784645843506,0.022496805091022587,15,close_exit
MTN,2016-08-09,2016-08-30,114.38409333855563,116.18659047317506,0.015758284932891664,15,close_exit
TREX,2016-08-11,2016-09-01,15.12755988550186,15.502245228767396,0.024768392662231742,15,close_exit
IP,2016-08-11,2016-09-01,28.855708246947888,30.222925716400148,0.04738117871693115,15,close_exit
ADBE,2016-08-11,2016-09-01,100.90042347335815,102.84855152511597,0.019307431868927694,15,close_exit
MIDD,2016-08-12,2016-09-02,106.36047330093383,103.40764378738403,-0.027762470604988154,14,open_exit
SMG,2016-08-15,2016-09-06,59.68032344414905,60.22411863517762,0.009111800332943343,15,close_exit
CTAS,2016-08-17,2016-09-08,25.737498382503187,26.336533702850343,0.023274807498555816,15,close_exit
WU,2016-08-25,2016-09-09,11.841866453873491,11.73033685464879,-0.009418244975074819,9,open_exit
PKG,2016-08-26,2016-09-12,58.94474671207616,58.758775992151065,-0.0031550007472844754,9,open_exit
RBA,2016-08-31,2016-09-12,29.83218142046799,27.372222712197857,-0.08245990038738316,6,open_exit
CHTR,2016-09-02,2016-09-12,268.8143326721191,263.6281297607422,-0.019292880925745548,4,open_exit
WEX,2016-09-02,2016-09-12,103.87190969467163,100.99947805023194,-0.027653594247791458,4,open_exit
LBRDK,2016-09-02,2016-09-12,66.84051720428467,64.94877920150758,-0.02830226458295304,4,open_exit
DKS,2016-08-22,2016-09-13,44.678227532968755,44.117929389953616,-0.01254074241422598,15,close_exit
EOG,2016-09-09,2016-09-15,68.36048213990406,64.30436418085603,-0.059334250316534276,3,open_exit
ANET,2016-09-15,2016-09-21,5.160703986167907,5.138679508447647,-0.004267727383568509,3,open_exit
WYNN,2016-09-15,2016-09-22,95.27148181558013,92.17530781718372,-0.03249843436244404,4,open_exit
CME,2016-09-13,2016-09-26,73.46112809480536,72.56758512107893,-0.012163480154746109,8,open_exit
CRUS,2016-09-16,2016-09-26,55.52775,51.974000000000004,-0.06399953176564854,5,open_exit
BURL,2016-09-02,2016-09-26,82.67131225204467,82.73860877990722,0.0008140251561192802,15,close_exit
TFC,2016-09-13,2016-09-27,25.72398530950699,24.817924591289604,-0.03522240847659508,9,open_exit
CDW,2016-09-21,2016-09-27,40.9901492809495,40.55936638185086,-0.010509424987599547,3,open_exit
EXEL,2016-09-07,2016-09-28,11.865929656505584,13.343325381278992,0.12450737258192124,15,close_exit
PEN,2016-09-22,2016-09-29,78.86941683197021,76.07194561004638,-0.03546965774938826,4,open_exit
BPOP,2016-09-09,2016-09-30,30.240301123569232,28.76603689293994,-0.048751638570167954,14,open_exit
ETSY,2016-09-26,2016-09-30,15.277635457992552,14.47275954246521,-0.052683277968009645,3,open_exit
AIZ,2016-09-13,2016-10-04,74.13781589503257,74.85031246948243,0.009610433836608312,15,close_exit
LVS,2016-09-13,2016-10-04,43.97328396942004,46.34795014381409,0.05400247514025658,15,close_exit
SRPT,2016-09-29,2016-10-10,62.27112167930603,58.4007853050232,-0.06215298953847204,6,open_exit
ON,2016-09-30,2016-10-12,12.166079847335816,11.76411545753479,-0.033039762589512245,7,open_exit
IDXX,2016-10-10,2016-10-12,115.52773622131348,113.08342938995362,-0.021157748877528082,1,open_exit
CSX,2016-09-27,2016-10-13,8.677464070585879,8.922211574571328,0.028204957346360304,11,open_exit
UI,2016-09-28,2016-10-13,50.23219422992584,46.43900546171793,-0.07551310123634047,10,open_exit
QCOM,2016-09-30,2016-10-13,52.530642618420245,50.29154793695278,-0.0426245438825511,8,open_exit
ETSY,2016-10-05,2016-10-14,15.437715305328368,14.9125400762558,-0.03401897357773542,6,open_exit
RF,2016-10-05,2016-10-14,7.092482499830303,7.043384748774539,-0.0069225057738159235,6,open_exit
AMZN,2016-09-28,2016-10-17,40.92045152664184,41.05446326255799,0.0032749329715704434,12,open_exit
PKG,2016-09-26,2016-10-17,61.582071339210714,62.77864975166321,0.019430629506783204,15,close_exit
OKE,2016-09-29,2016-10-18,27.894680529205008,27.413285413532215,-0.017257595589552865,12,open_exit
EEFT,2016-10-12,2016-10-24,83.92193725204467,82.21887213516236,-0.02029344379607756,7,open_exit
BBY,2016-10-13,2016-10-28,27.73277578941576,26.995745761260547,-0.026576136256670768,10,open_exit
UNH,2016-10-19,2016-10-31,122.56794459998312,119.87426573046383,-0.02197702570856086,7,open_exit
DXC,2016-10-14,2016-11-01,43.50819264840331,44.49977028451963,0.02279059587993948,11,open_exit
GDDY,2016-10-24,2016-11-01,36.508246679306026,35.39229484748841,-0.030567116564657493,5,open_exit
SMG,2016-10-13,2016-11-03,61.89951297002328,64.44690929031373,0.04115373769619324,15,close_exit
RNR,2016-10-13,2016-11-03,113.24714622064903,114.46745687866212,0.010775641583368856,15,close_exit
CAG,2016-10-19,2016-11-04,25.512156931446555,24.937113610188977,-0.022539972719781032,11,open_exit
CSX,2016-10-14,2016-11-04,9.170236342918056,9.006688632011414,-0.017834623317309117,15,close_exit
EVRG,2016-10-14,2016-11-04,40.017478050275166,39.787686689376834,-0.005742274928211111,15,close_exit
DPZ,2016-10-19,2016-11-09,142.08304146326188,152.0248559188843,0.06997185838109377,15,close_exit
SMG,2016-11-09,2016-11-11,65.76278016783618,61.30705996311241,-0.06775443789560187,1,open_exit
ADM,2016-11-09,2016-11-14,35.12095437737532,31.371334060193256,-0.10676305310192669,2,open_exit
LVS,2016-11-09,2016-11-15,46.37066092011996,44.960911324431216,-0.030401757657007256,3,open_exit
BKNG,2016-11-09,2016-11-15,61.32854721053203,58.721434741177305,-0.042510585819111046,3,open_exit
GAP,2016-11-15,2016-11-21,21.370704707414884,18.29230278073875,-0.14404774989043934,3,open_exit
BPOP,2016-11-15,2016-11-29,31.142763828770164,30.905341381327382,-0.007623679412276374,8,open_exit
HPE,2016-11-09,2016-12-01,9.898244019689738,10.298160645484925,0.04040278507982498,15,close_exit
MCHP,2016-11-09,2016-12-01,25.919281441219205,25.626388236045837,-0.011300205441173272,15,close_exit
JCI,2016-11-09,2016-12-01,35.22238840785341,36.82174791526795,0.045407468934103745,15,close_exit
CMI,2016-11-09,2016-12-01,103.16048842747234,111.8494199333191,0.08422732034615721,15,close_exit
MSI,2016-11-09,2016-12-01,67.07953325965576,68.50915480041505,0.021312335839091423,15,close_exit
VEEV,2016-11-29,2016-12-02,46.35316683197021,43.49824045753479,-0.0615907513888857,2,open_exit
URI,2016-11-10,2016-12-02,85.90731477780606,101.05995652389527,0.17638360348336546,15,close_exit
CGNX,2016-11-14,2016-12-05,25.810693701808063,27.0774820749833,0.04907998164677374,13,open_exit
EXEL,2016-11-11,2016-12-05,15.55777519083023,17.821084923744202,0.1454777244916079,15,close_exit
MGM,2016-12-05,2016-12-09,27.69744037557184,28.08513753512337,0.013997580797879827,3,open_exit
MS,2016-11-21,2016-12-13,30.721253481009892,32.2994397354126,0.05137115435013895,15,close_exit
ODFL,2016-12-02,2016-12-14,28.588165866158125,28.112350253654927,-0.01664379641320235,7,open_exit
CLF,2016-12-06,2016-12-14,9.616137499435348,8.660070644507337,-0.09942316808429064,5,open_exit
THO,2016-12-02,2016-12-15,84.67061260954915,84.67638150538663,6.813338961042525e-05,8,open_exit
LNC,2016-12-02,2016-12-23,44.89728864429221,46.06557110977173,0.026021225351389843,15,close_exit
AGO,2016-12-02,2016-12-23,30.977754227205498,32.98669130516053,0.06485095927937623,15,close_exit
PRU,2016-12-02,2016-12-23,66.00422168575439,68.4654144744873,0.0372884146782404,15,close_exit
SCHW,2016-12-02,2016-12-23,34.76803662314623,35.63475015830994,0.0249284578406912,15,close_exit
BKR,2016-12-05,2016-12-27,35.677546335184985,35.47412113189697,-0.00570177111892356,15,close_exit
STX,2016-12-14,2016-12-30,27.446926312387372,26.034256820607073,-0.05146913267088604,10,open_exit
CRUS,2016-12-09,2017-01-03,58.82939923667907,56.96150667762757,-0.03175100516557561,14,open_exit
OZK,2016-12-14,2017-01-06,38.14193457560869,38.184034875869756,0.0011037798876618599,15,close_exit
TTWO,2016-12-14,2017-01-06,50.73535408401489,49.925025762557986,-0.015971669777154696,15,close_exit
ANET,2016-12-15,2017-01-09,6.131814222335815,6.2168897902965545,0.013874452955675354,15,close_exit
MPC,2017-01-04,2017-01-10,39.73349564488659,37.107508927419644,-0.06608999975578256,3,open_exit
HALO,2017-01-10,2017-01-11,13.936965305328368,12.823584923744203,-0.07988685895332592,0,open_exit
JPM,2017-01-04,2017-01-18,67.75786440350716,65.09804405306917,-0.03925478428007112,8,open_exit
FTI,2017-01-04,2017-01-18,24.751537797260944,23.7524421666885,-0.04036499221809997,8,open_exit
TXT,2017-01-04,2017-01-18,48.86739354618594,48.117747823897446,-0.015340407332754102,8,open_exit
STT,2017-01-09,2017-01-18,62.1874845427819,60.873267007815194,-0.021133151543741735,5,open_exit
RJF,2017-01-09,2017-01-18,43.0624133003001,41.872331721458245,-0.027636202609981453,5,open_exit
EXEL,2017-01-11,2017-01-18,18.919454847335814,17.811089694976808,-0.05858335566762296,3,open_exit
TKR,2017-01-04,2017-01-24,34.08247133913165,35.66580814980882,0.04645604466068365,12,open_exit
AGO,2017-01-04,2017-01-26,33.15582398865978,34.18511599349976,0.031044078566468958,15,close_exit
GNTX,2017-01-04,2017-01-26,17.105752171791565,18.26949952030182,0.0680325154265562,15,close_exit
ON,2017-01-10,2017-02-01,13.296644961833954,13.583205152511598,0.021551315501028512,14,open_exit
CSX,2017-01-24,2017-02-03,13.449463953926887,13.538501171339403,0.006620131309138078,7,open_exit
EWBC,2017-01-27,2017-02-03,43.25633462400272,41.12866424097181,-0.04918748667739126,4,open_exit
CHTR,2017-01-18,2017-02-08,306.3030688934326,325.567145980835,0.06289221050574789,15,close_exit
AAPL,2017-01-18,2017-02-08,27.620760769358863,30.361669328689576,0.09923363741564084,15,close_exit
GWW,2017-01-18,2017-02-08,210.37117988492014,221.0381988067627,0.05070570468672453,15,close_exit
WDC,2017-01-19,2017-02-09,48.602505788342135,52.38110369390518,0.07774491961419372,14,open_exit
URI,2017-01-19,2017-02-09,106.81489785928818,120.90570343017579,0.13191798010657685,15,close_exit
CGNX,2017-01-19,2017-02-09,31.135702368300546,32.57361364555359,0.04618207292208032,15,close_exit
LUV,2017-01-27,2017-02-17,48.12384004175732,50.95601178169251,0.05885174037395391,15,close_exit
SLM,2017-02-01,2017-02-23,10.384348953209914,10.330637036800384,-0.005172391321935144,15,close_exit
COHR,2017-02-09,2017-02-24,38.769375,36.781599237442016,-0.051271803132188265,9,open_exit
CLF,2017-02-10,2017-02-24,10.345638788996366,9.634921757827794,-0.06869725936348092,8,open_exit
AMD,2017-02-03,2017-02-27,12.37618488550186,15.192399809360506,0.22755113550038453,15,close_exit
STX,2017-02-03,2017-02-27,30.926982331000602,32.518964927673345,0.051475523206057305,15,close_exit
AMD,2017-02-28,2017-03-01,15.457724809169768,15.072459923744203,-0.024923776958237776,0,open_exit
ALK,2017-02-09,2017-03-03,91.25578277289432,90.94829613919623,-0.0033695029986573477,14,open_exit
PRI,2017-02-09,2017-03-03,68.71719064547463,72.53568209457399,0.055568212455012755,15,close_exit
THO,2017-02-09,2017-03-03,89.77121260359927,93.96145676803589,0.046676925073290354,15,close_exit
XYZ,2017-02-24,2017-03-06,16.958475763320923,16.901544847488406,-0.0033570774064288766,5,open_exit
PRU,2017-02-10,2017-03-06,70.07625693861506,72.54159191894531,0.035180745776559164,15,close_exit
LUV,2017-02-21,2017-03-09,51.256167784663454,50.51929320755248,-0.01437631038291276,11,open_exit
XPO,2017-02-28,2017-03-09,17.70965606689453,17.26676627445221,-0.02500837908818776,6,open_exit
STX,2017-03-01,2017-03-10,33.20675228087071,32.19847702860767,-0.0303635611135592,6,open_exit
BA,2017-02-24,2017-03-13,165.3647754195049,165.58276197059527,0.0013182163525295998,10,open_exit
MS,2017-02-24,2017-03-17,35.020603977088896,34.322330677032475,-0.019938927966897557,15,close_exit
INCY,2017-03-06,2017-03-22,137.0184719467163,141.679125,0.0340147790809997,11,open_exit
PSKY,2017-03-06,2017-03-22,55.11019083659125,53.674750680463745,-0.026046728097599336,11,open_exit
TKR,2017-03-07,2017-03-22,37.83189340475811,35.91689608829259,-0.05061859569060523,10,open_exit
BURL,2017-03-03,2017-03-24,95.0875209159851,94.75260305023194,-0.003522206305589526,15,close_exit
MO,2017-03-22,2017-03-27,39.53387592536091,37.75508985487759,-0.04499397109055614,2,open_exit
MU,2017-03-06,2017-03-27,24.878432962591038,28.030920384407047,0.12671567483998336,15,close_exit
LECO,2017-03-20,2017-03-28,75.36184037492444,72.03017604198294,-0.04420890355605045,5,open_exit
ANET,2017-03-09,2017-03-30,7.705100701332092,8.296474534988404,0.07675095454029202,15,close_exit
JBL,2017-03-09,2017-03-30,24.801516913724704,27.356064194679263,0.10299963868504025,15,close_exit
AEE,2017-03-22,2017-03-31,42.811794605382616,41.86357533271082,-0.022148552318630776,6,open_exit
LOPE,2017-03-10,2017-03-31,66.29313213729858,71.57419561004639,0.07966230139511721,15,close_exit
RCL,2017-03-13,2017-04-03,88.31932750537368,88.4029962387085,0.000947343415060864,15,close_exit
JBL,2017-03-31,2017-04-06,27.4022761944266,26.4711807514496,-0.03397876279950707,3,open_exit
PNW,2017-03-22,2017-04-12,57.59585125289499,58.476701765060426,0.01529364516721432,15,close_exit
LRCX,2017-03-27,2017-04-13,11.137964814273172,11.107410365967821,-0.0027432703204623987,12,open_exit
CGNX,2017-03-28,2017-04-13,37.541445240286095,37.6709202814565,0.003448856066720296,11,open_exit
TSLA,2017-04-04,2017-04-13,19.802563722610472,19.770110686302186,-0.0016388300405382195,6,open_exit
TTC,2017-03-31,2017-04-17,55.45975493845322,53.24413552656649,-0.039950039706189266,9,open_exit
FMC,2017-04-03,2017-04-17,49.27469166689667,50.39020826444057,0.02263873318751397,8,open_exit
PENN,2017-03-27,2017-04-18,17.56877946567535,18.81058969497681,0.07068278315677068,15,close_exit
VEEV,2017-03-28,2017-04-19,51.03550332069397,50.98449332237244,-0.0009995002498750516,15,close_exit
PEG,2017-04-13,2017-04-20,33.38370739122397,32.55471542632549,-0.024832231938278215,3,open_exit
DRI,2017-03-31,2017-04-24,63.319470576540006,65.49338286209107,0.034332445703620484,15,close_exit
CDNS,2017-04-19,2017-04-26,32.216100763320924,31.974004771232607,-0.007514751517165297,4,open_exit
ANET,2017-04-06,2017-04-28,8.349797736167908,8.7231362118721,0.04471227777016007,15,close_exit
AGNC,2017-04-17,2017-05-03,6.3894916189348905,6.495642720012062,0.01661338763832143,11,open_exit
APO,2017-04-18,2017-05-05,18.357787541927873,18.57337620419614,0.011743717034303769,12,open_exit
DXC,2017-04-13,2017-05-05,62.023211266226745,64.17148859786988,0.0346366672699665,15,close_exit
GMED,2017-04-13,2017-05-05,30.48523431301117,31.36430916118622,0.02883608632130019,15,close_exit
HPQ,2017-04-13,2017-05-05,13.153222491395548,13.812055475711823,0.050089092976817184,15,close_exit
SLM,2017-05-03,2017-05-08,11.095725206956628,10.373972529692681,-0.06504781470357912,2,open_exit
LOPE,2017-04-20,2017-05-11,73.62679133605957,78.74060877990723,0.0694559324269115,15,close_exit
LRCX,2017-04-20,2017-05-11,12.108403707826563,13.237066739082337,0.09321319791528215,15,close_exit
JLL,2017-05-08,2017-05-12,123.04189121820107,114.60146952153974,-0.06859795158458015,3,open_exit
MTZ,2017-04-25,2017-05-15,44.62229847335815,43.62817652511597,-0.02227859124817888,13,open_exit
CSX,2017-04-26,2017-05-17,15.02113014357704,14.847412354576933,-0.011564894740918485,14,open_exit
WDC,2017-05-01,2017-05-18,59.724275101506365,58.125510583887205,-0.026769090372414373,12,open_exit
ANET,2017-05-08,2017-05-18,9.06703125,8.803720479965211,-0.029040461290434916,7,open_exit
IPGP,2017-05-12,2017-05-18,137.62877755737304,135.89202671051027,-0.012619096657592421,3,open_exit
ELV,2017-05-12,2017-05-18,160.06528585081426,155.34463929116015,-0.02949200718045697,3,open_exit
AAPL,2017-05-12,2017-05-18,35.90975244281659,35.07848128438645,-0.023148896939734542,3,open_exit
AVGO,2017-05-15,2017-05-18,18.31123288824911,17.98003860753359,-0.018086946014872485,2,open_exit
BF-B,2017-05-18,2017-05-24,34.95554604225042,35.48297408621152,0.015088536832570387,3,open_exit
XYZ,2017-05-05,2017-05-26,19.759874999999997,22.318834923744202,0.12950283965582798,15,close_exit
OLED,2017-05-08,2017-05-30,104.39224477753342,106.77095915222169,0.022786313099765865,15,close_exit
ZBRA,2017-05-08,2017-05-30,96.7483469467163,106.67663835525514,0.10261975239749366,15,close_exit
LITE,2017-05-17,2017-06-08,54.427201526641845,65.06744847488403,0.19549502178674083,15,close_exit
SBAC,2017-05-18,2017-06-09,121.43499431190288,123.30965622349792,0.015437575652863522,14,open_exit
AMT,2017-05-18,2017-06-09,102.39019826588958,102.50816089248657,0.0011520890533942563,15,close_exit
PGR,2017-05-18,2017-06-09,31.954358611307768,33.53434519767762,0.04944510404945923,15,close_exit
NEE,2017-05-18,2017-06-09,27.07438211023909,27.958057969093325,0.03263881905988342,15,close_exit
PLD,2017-05-18,2017-06-09,42.66104681264398,44.100508752822876,0.03374183353963689,15,close_exit
TTWO,2017-05-24,2017-06-12,73.79688213729858,73.79308683013916,-5.1429099028332814e-05,11,open_exit
ALGN,2017-05-30,2017-06-13,142.63127755737304,144.09791316986085,0.010282706834045197,9,open_exit
OLED,2017-06-09,2017-06-13,120.05579292747808,113.54648679832985,-0.05421900909921351,1,open_exit
TSLA,2017-05-31,2017-06-21,22.523923035621642,25.08078562450409,0.11351764010375831,15,close_exit
NYT,2017-05-31,2017-06-21,16.23351171684265,16.079078402519226,-0.009513241313227061,15,close_exit
SPGI,2017-06-12,2017-06-22,128.27179345460706,126.76448175693803,-0.011750920892849681,7,open_exit
AGNC,2017-06-12,2017-06-28,6.795947714137725,6.965138262054881,0.024895798942829783,11,open_exit
MMM,2017-06-12,2017-06-28,128.17080242720203,130.424947847339,0.017587043050754758,11,open_exit
SWK,2017-06-12,2017-06-28,108.5515821214415,109.6248042038653,0.009886747493216053,11,open_exit
MAA,2017-06-13,2017-06-28,77.07189107280982,76.64332224245787,-0.005560637274970692,10,open_exit
VRTX,2017-06-22,2017-06-28,134.7173188934326,129.62515744018555,-0.037798862797107646,3,open_exit
ANET,2017-06-22,2017-06-28,9.879937499999999,9.6183135137558,-0.026480328063229086,3,open_exit
JNJ,2017-06-12,2017-06-29,102.80463012307513,104.16201176700832,0.013203506907307316,12,open_exit
W,2017-06-09,2017-06-30,73.08652805328369,76.84155725479127,0.051377857199208954,15,close_exit
MDT,2017-06-13,2017-07-05,68.59341164038018,69.91978793716432,0.01933678854957721,15,close_exit
ICE,2017-06-28,2017-07-11,58.694431685786306,58.41306456907391,-0.004793761667523433,7,open_exit
XPO,2017-06-29,2017-07-11,22.349874415397643,21.715680154800417,-0.02837574157286127,6,open_exit
DRI,2017-06-28,2017-07-14,71.70073080460418,68.70315754170555,-0.04180673236187071,10,open_exit
EXEL,2017-06-22,2017-07-14,24.262124999999997,26.726629771232606,0.10157827359444438,15,close_exit
NTRS,2017-06-28,2017-07-20,74.6532648256984,69.31929021995067,-0.07144998438047656,14,open_exit
PKG,2017-06-29,2017-07-21,86.92836778329317,84.71983618452373,-0.025406339208797424,14,open_exit
LH,2017-06-29,2017-07-21,125.01145306791267,127.74245515823365,0.021846015091412152,15,close_exit
SCI,2017-06-29,2017-07-21,28.625063206672667,29.37166126918793,0.026081970793385922,15,close_exit
CNH,2017-07-11,2017-07-24,8.824587627038246,8.614900189344791,-0.023761726502775082,8,open_exit
DHI,2017-07-03,2017-07-25,31.525547078237636,33.38908934020996,0.05911213078547162,15,close_exit
RH,2017-07-14,2017-07-27,67.53375,70.77459255981445,0.047988488123559714,8,open_exit
PYPL,2017-07-06,2017-07-27,53.781336190522204,59.60372814941407,0.1082604556024016,15,close_exit
VRTX,2017-07-20,2017-07-28,160.01997244262694,155.22235305023193,-0.029981378693932248,5,open_exit
LEN,2017-07-11,2017-07-31,46.080588787570505,45.143148230363515,-0.02034350215290326,13,open_exit
NYT,2017-07-28,2017-08-01,18.53554289839204,17.547298759244775,-0.053316169079298814,1,open_exit
EXEL,2017-07-17,2017-08-02,26.90344438934326,26.88654961872101,-0.0006279779784978956,11,open_exit
NFLX,2017-07-24,2017-08-03,18.87843398094177,18.043972996711734,-0.044201811711312766,7,open_exit
W,2017-07-27,2017-08-03,79.67981938934325,73.80307633972168,-0.07375447252089973,4,open_exit
FSLR,2017-08-01,2017-08-04,49.87492347335815,47.33632061004639,-0.05089938362848445,2,open_exit
CGNX,2017-08-02,2017-08-07,49.14833525935624,46.708079421394245,-0.049650834053376114,2,open_exit
ALB,2017-08-03,2017-08-09,106.26383247373153,101.6114131885991,-0.043781775763475306,3,open_exit
FNF,2017-07-24,2017-08-11,22.86496331736081,22.813294330357717,-0.0022597450206212066,13,open_exit
PPLI,2017-08-04,2017-08-11,19.73317975902557,18.13259367275238,-0.08111141264707289,4,open_exit
RCL,2017-07-21,2017-08-11,104.61557866492439,106.52854959487915,0.018285717618423458,15,close_exit
NVR,2017-07-24,2017-08-14,2653.9364124755857,2740.7190428466797,0.032699589169939314,15,close_exit
TTWO,2017-07-26,2017-08-16,80.98047244262695,91.97398664474488,0.13575512553235125,15,close_exit
CACC,2017-08-09,2017-08-17,278.2590551147461,266.116875,-0.0436362443254148,5,open_exit
ALGN,2017-07-31,2017-08-18,173.42666633605955,169.87502671051027,-0.020479201385714574,13,open_exit
PYPL,2017-07-28,2017-08-18,59.316190045257045,58.90017308998108,-0.007013548155378024,15,close_exit
FMC,2017-08-03,2017-08-24,58.315770623284465,58.445112800598146,0.002217962241281457,15,close_exit
THG,2017-08-14,2017-08-25,76.69227775348912,75.33038466536995,-0.017757890729190318,8,open_exit
ANET,2017-08-07,2017-08-28,10.63343925333023,10.8764341006279,0.022851952365418038,15,close_exit
PGR,2017-08-17,2017-08-29,37.64422289356045,36.364875295817775,-0.033985230651727094,7,open_exit
IQV,2017-08-25,2017-08-29,98.39917347335815,95.36229866027833,-0.030862808150538656,1,open_exit
BBY,2017-08-29,2017-08-30,41.694965226513,39.62681762153823,-0.04960185465413636,0,open_exit
LYV,2017-08-11,2017-09-01,39.319649236679076,40.079948474884034,0.019336368786721403,15,close_exit
XEL,2017-08-11,2017-09-01,37.00252632067287,37.4895961971283,0.01316315194898765,15,close_exit
FAF,2017-08-17,2017-09-06,36.41049064393099,35.41629743656572,-0.02730513074069174,12,open_exit
IPGP,2017-08-15,2017-09-06,168.084,172.74358683013918,0.027721775006182447,15,close_exit
ALNY,2017-09-05,2017-09-08,88.32413877868652,72.46375,-0.17957026242200713,2,open_exit
EL,2017-08-21,2017-09-12,94.19043704164942,97.54315348815919,0.03559508323575633,15,close_exit
AEP,2017-08-21,2017-09-12,53.164510561581366,53.758427621841435,0.011171306835828565,15,close_exit
HUM,2017-08-29,2017-09-14,235.18528851295102,232.61117360329538,-0.010945050712701687,10,open_exit
PVH,2017-08-25,2017-09-18,125.96770917752711,126.31548040390015,0.002760796625132844,15,close_exit
CGNX,2017-08-29,2017-09-20,48.542012176583256,52.60587079620362,0.08371837996408349,15,close_exit
RNG,2017-08-30,2017-09-21,39.458147034581586,40.41287366693168,0.024195931742901244,14,open_exit
ETSY,2017-09-07,2017-09-22,16.96847908401489,16.981504771232604,0.0007676402318215203,10,open_exit
GWRE,2017-09-08,2017-09-22,80.05000713729858,77.09143225479126,-0.036959083306924545,9,open_exit
CORT,2017-09-19,2017-09-22,18.449220534324645,17.401294847488405,-0.05680053988658118,2,open_exit
W,2017-09-13,2017-09-25,82.30113213729858,74.29283683013917,-0.09730480127295948,7,open_exit
ANET,2017-09-21,2017-09-26,11.76650519800186,11.422411318778993,-0.0292435071784356,2,open_exit
FSLR,2017-09-25,2017-09-26,51.23560408401489,47.09643893241883,-0.08078689078806911,0,open_exit
DAR,2017-09-05,2017-09-26,17.70885076332092,18.0709599237442,0.020447919814948756,15,close_exit
ALGN,2017-09-06,2017-09-27,180.09,184.68760877990724,0.02552950624636141,15,close_exit
FAF,2017-09-13,2017-10-04,37.13910515136732,37.603480419158934,0.012503674116513208,15,close_exit
BA,2017-09-14,2017-10-05,230.45418268360433,245.27842248535157,0.06432619112884486,15,close_exit
P,2017-09-22,2017-10-09,15.027510457992554,15.542225190639497,0.034251497218102944,10,open_exit
LAD,2017-09-27,2017-10-10,110.77763106860878,109.8753577743662,-0.008144905117927426,8,open_exit
CORT,2017-09-26,2017-10-11,19.45972576332092,18.980504771232606,-0.024626297303304456,10,open_exit
ALNY,2017-09-21,2017-10-12,112.97645816802978,124.13789694976808,0.09879437683502079,15,close_exit
MTCH,2017-09-22,2017-10-13,21.71411566633206,23.55567728328705,0.08480942283135895,15,close_exit
NBIX,2017-09-22,2017-10-13,58.55926377868652,62.11892652511597,0.06078735483906539,15,close_exit
AGCO,2017-09-26,2017-10-16,59.93112548870823,58.0682666944753,-0.031083327386933868,13,open_exit
PYPL,2017-10-06,2017-10-18,65.46603020720302,66.78788944099458,0.020191528791463575,7,open_exit
LRCX,2017-09-28,2017-10-19,15.871126790238465,17.84305421924591,0.12424621484470011,15,close_exit
NRG,2017-10-16,2017-10-20,21.29841275330619,20.97422492415185,-0.015221220140172909,3,open_exit
PODD,2017-10-11,2017-10-25,59.789878320693965,59.38029484748841,-0.006850381447653708,9,open_exit
TTD,2017-10-09,2017-10-26,6.5032499999999995,6.30584551525116,-0.030354743358911307,12,open_exit
IEX,2017-10-05,2017-10-26,111.46881019195978,115.85874391937257,0.039382619405849306,15,close_exit
TEAM,2017-10-10,2017-10-30,39.67982984733581,46.89653816986084,0.18187346947531258,13,open_exit
GM,2017-10-16,2017-10-30,39.69912692382285,37.29392254395433,-0.060585825589660414,9,open_exit
SAM,2017-10-18,2017-10-30,179.8899030532837,167.16637500000002,-0.07072952865795334,7,open_exit
FSLR,2017-10-30,2017-11-01,57.35866683197021,55.33232061004639,-0.03532763806836581,1,open_exit
COHR,2017-11-01,2017-11-03,45.87292347335815,41.629176525115966,-0.09251093296259716,1,open_exit
NOW,2017-10-13,2017-11-03,24.588288213729857,24.969509350776672,0.015504175554357902,15,close_exit
ON,2017-10-16,2017-11-06,19.709850763320922,21.399294847488406,0.08571572177053,15,close_exit
PPLI,2017-10-30,2017-11-10,22.468931488037107,22.160668959617617,-0.013719501017821711,8,open_exit
ALGN,2017-10-20,2017-11-10,196.76833316802978,249.33527671051027,0.26715143995040647,15,close_exit
NVR,2017-10-20,2017-11-10,3151.374948852539,3287.995072631836,0.04335254484048057,15,close_exit
ALNY,2017-11-03,2017-11-14,133.40666633605957,129.99496755981446,-0.02557367536379962,6,open_exit
BA,2017-10-25,2017-11-15,251.1096854412351,250.37842552947998,-0.0029121135270835374,15,close_exit
PYPL,2017-10-26,2017-11-16,70.8818507290202,76.99434337234497,0.0862349470345054,15,close_exit
XYZ,2017-10-27,2017-11-17,34.707343626022336,44.157910305023194,0.2722929988774814,15,close_exit
PENN,2017-10-30,2017-11-20,25.382685839653014,27.666160305023194,0.08996189291374823,15,close_exit
NRG,2017-11-06,2017-11-28,22.759813731755596,23.655067184448242,0.03933483214071942,15,close_exit
FSLR,2017-11-07,2017-11-29,61.63079847335815,59.989990457534795,-0.026623182831756464,15,close_exit
NVDA,2017-11-13,2017-11-30,5.336084231337965,4.916365971651704,-0.07865660313630796,11,open_exit
IPGP,2017-11-13,2017-11-30,223.11149999999998,229.60514122009278,0.029104914897227552,11,open_exit
TTWO,2017-11-14,2017-11-30,118.309125,112.38378244018556,-0.050083563375305507,10,open_exit
COHR,2017-11-20,2017-11-30,47.923951526641844,48.225875,0.0063000538090085545,6,open_exit
RNG,2017-11-10,2017-12-01,47.27016185526452,46.725827652884824,-0.0115153868955723,13,open_exit
ALGN,2017-11-17,2017-12-05,254.86737549591064,224.90749427032472,-0.11755086804378623,10,open_exit
NVR,2017-11-30,2017-12-07,3469.734,3361.4883369140625,-0.031197107065249807,4,open_exit
BLDR,2017-11-16,2017-12-08,18.60930038166046,20.48975,0.1010489153150933,15,close_exit
WLK,2017-11-21,2017-12-13,82.98913825093469,88.69077799606323,0.06870344559897057,15,close_exit
AN,2017-11-30,2017-12-14,55.33765637397766,54.25285877990723,-0.019603244249074336,9,open_exit
TSN,2017-11-30,2017-12-15,64.86349285882584,64.02311561202126,-0.012956089932338988,10,open_exit
CZR,2017-12-01,2017-12-15,30.515249999999998,32.03397423744202,0.04976935261687254,9,open_exit
DINO,2017-11-29,2017-12-20,34.132557419534486,37.65368342399597,0.10316033343713937,15,close_exit
CACC,2017-11-30,2017-12-21,307.10348721313477,329.6051040191651,0.07327046986742225,15,close_exit
TDC,2017-11-30,2017-12-21,37.77887832069397,38.640669847488404,0.02281146410644941,15,close_exit
HUBS,2017-12-15,2017-12-26,87.7438469467163,86.75660305023194,-0.011251431648351073,5,open_exit
GAP,2017-12-05,2017-12-27,25.0932476555951,25.527051713943482,0.017287680905331282,15,close_exit
FSLR,2017-12-07,2017-12-29,64.032,67.48623664474488,0.05394547483672052,15,close_exit
HALO,2017-12-11,2018-01-03,19.709850763320922,20.499745228767395,0.04007612614279288,15,close_exit
CAT,2017-12-14,2018-01-08,124.27828894772037,138.48373252868655,0.1143035014502165,15,close_exit
ABBV,2017-12-14,2018-01-08,67.57145675542307,69.00195789718629,0.021170198341896818,15,close_exit
LULU,2017-12-15,2018-01-09,75.33765305328369,79.47024713516235,0.054854298141671975,15,close_exit
DINO,2017-12-21,2018-01-16,37.73708778833688,39.77770099258423,0.054074474842704445,15,close_exit
CF,2017-12-26,2018-01-17,33.86236037286162,33.20535273954544,-0.019402298778992688,13,open_exit
MTDR,2017-12-22,2018-01-17,27.73071379907135,29.733868685722353,0.07223596554943668,15,close_exit
NVR,2017-12-22,2018-01-17,3504.7515,3644.866596435547,0.039978610875991416,15,close_exit
XPO,2017-12-28,2018-01-22,31.713362337112425,33.572537914276126,0.05862436021134254,15,close_exit
OLED,2018-01-09,2018-01-24,183.9099435813764,179.08491824280983,-0.02623580457155439,9,open_exit
MTCH,2018-01-03,2018-01-25,30.143766326640943,31.04983787441254,0.030058339026162617,15,close_exit
ON,2018-01-04,2018-01-26,23.18158507633209,24.397794847488406,0.052464478470803044,14,open_exit
IPGP,2018-01-09,2018-01-31,259.9799311065674,253.84301622009278,-0.0236053408444018,14,open_exit
ABBV,2018-01-17,2018-01-31,72.02078536691495,81.17643290309134,0.12712507215149493,9,open_exit
UNH,2018-01-17,2018-01-31,203.8241152784695,210.70936563381696,0.03378035197621565,9,open_exit
ATI,2018-01-24,2018-01-31,29.574779465675352,27.646169847488405,-0.06521129330567965,4,open_exit
ALGN,2018-01-18,2018-02-01,272.386125,261.4592013397217,-0.04011556631336599,9,open_exit
IBKR,2018-01-10,2018-02-01,14.836547317488368,15.843986542224885,0.06790253845306804,15,close_exit
NBIX,2018-01-23,2018-02-05,84.79237499999999,82.75860305023194,-0.023985316483564167,8,open_exit
SRPT,2018-01-26,2018-02-05,67.87391633605957,62.46875,-0.07963539792366381,5,open_exit
ALLY,2018-01-31,2018-02-05,23.84910134558256,22.217235723079767,-0.06842461687995871,2,open_exit
STX,2018-02-01,2018-02-05,39.753702786710036,37.202824826673655,-0.06416705316037019,1,open_exit
BA,2018-01-18,2018-02-06,334.3817037964986,304.80526192471376,-0.08845113693715956,12,open_exit
TKO,2018-01-26,2018-02-06,30.994190183243024,30.277952566785714,-0.023108770134750656,6,open_exit
LHX,2018-01-31,2018-02-06,134.33275352841693,123.38480988949838,-0.08149869150566169,3,open_exit
CXT,2018-01-31,2018-02-06,30.177025795285495,27.741144529631626,-0.08071972639644365,3,open_exit
DOV,2018-01-31,2018-02-06,76.09382195646278,69.55467731273109,-0.08593528982514598,3,open_exit
ROP,2018-02-05,2018-02-06,271.0489158588837,248.21072488004035,-0.08425855866818366,0,open_exit
MTCH,2018-02-02,2018-02-07,31.999754854589803,31.51108223216547,-0.015271136439791833,2,open_exit
MTCH,2018-02-08,2018-02-09,33.14259857757199,31.054402929785855,-0.06300639471279246,0,open_exit
NOW,2018-02-08,2018-02-09,30.61530038166046,28.413785496711732,-0.07190897549604014,0,open_exit
PPLI,2018-02-08,2018-02-09,26.896202382087704,24.372090924263002,-0.09384638849630711,0,open_exit
BG,2018-02-07,2018-02-15,63.91797316065598,59.37277139907935,-0.07110991692668978,5,open_exit
ANET,2018-02-13,2018-02-20,17.82140625,15.49225,-0.13069430197182108,3,open_exit
WING,2018-02-13,2018-02-21,38.62982202196725,37.460173819129324,-0.030278374106222694,4,open_exit
VIRT,2018-02-21,2018-02-23,21.90258845341028,20.76323935539951,-0.052018924632324604,1,open_exit
DECK,2018-02-05,2018-02-27,15.592792538166046,15.913706265449525,0.02058090149650793,15,close_exit
LPLA,2018-02-05,2018-02-27,57.97559753385499,60.80933994674683,0.04887819243668989,15,close_exit
MSI,2018-02-05,2018-02-27,92.21524926033497,94.85429778289796,0.028618352644828038,15,close_exit
EL,2018-02-20,2018-03-01,126.5726176627795,124.54828372950584,-0.01599345870105162,6,open_exit
FTNT,2018-02-07,2018-03-01,9.340668442726134,9.89704942703247,0.05956543557004301,15,close_exit
TPR,2018-02-07,2018-03-01,39.1449788561432,40.17681240272522,0.0263592822561991,15,close_exit
MTCH,2018-02-13,2018-03-02,34.69687210232415,35.54815477987705,0.02453485360416341,11,open_exit
CME,2018-02-08,2018-03-02,118.36003633563489,122.67624868392944,0.03646680486017284,15,close_exit
P,2018-02-23,2018-03-06,22.231109313011167,20.959514313697817,-0.0571989000373061,6,open_exit
BF-B,2018-02-28,2018-03-08,47.34235575088103,45.02765109402066,-0.04889289136857744,5,open_exit
HUBS,2018-02-15,2018-03-09,103.5017219467163,120.43975,0.16364972229161134,15,close_exit
NFLX,2018-03-12,2018-03-14,33.37267699241638,31.800091984748843,-0.047121931753478785,1,open_exit
DDS,2018-02-28,2018-03-15,63.27391972257857,61.865144288557836,-0.02226470938101255,10,open_exit
INTC,2018-02-28,2018-03-21,42.43290277442831,43.55628255844116,0.02647426196564262,15,close_exit
CRM,2018-03-02,2018-03-22,116.69052561795334,118.2932670303262,0.013734974659556087,13,open_exit
ETSY,2018-03-01,2018-03-22,25.58278469467163,27.92603053379059,0.09159463549748015,15,close_exit
MTCH,2018-03-15,2018-03-23,42.02024559801166,40.2428527172914,-0.04229848863149832,5,open_exit
TWLO,2018-03-02,2018-03-23,34.707343626022336,39.91003530502319,0.14990175379195736,15,close_exit
NTNX,2018-03-05,2018-03-26,38.74936454200744,50.96450667762757,0.3152346439740432,14,open_exit
XYZ,2018-03-06,2018-03-26,49.574774236679076,53.02347423744202,0.06956562190880011,13,open_exit
JLL,2018-03-14,2018-03-26,171.93046187124742,168.08167053524264,-0.022385744178870404,7,open_exit
SRPT,2018-03-05,2018-03-26,67.92394438934326,79.08044274520874,0.16424985998922415,15,close_exit
ENTG,2018-03-22,2018-03-28,35.77989205255395,33.87295928358707,-0.05329621358739567,3,open_exit
RNG,2018-03-08,2018-03-29,65.68064321972679,62.08570476683013,-0.05473360607736766,14,open_exit
MPC,2018-03-22,2018-04-13,56.236050563417066,57.903208595275885,0.029645716851662174,15,close_exit
NFLX,2018-04-18,2018-04-24,33.646816068649294,31.906039884567264,-0.05173672838851495,3,open_exit
ADBE,2018-04-18,2018-04-25,231.8158469467163,218.05092366027833,-0.0593786985132293,4,open_exit
PAYC,2018-04-18,2018-04-25,113.8770182488185,107.71260418219879,-0.05413220473643432,4,open_exit
FIVE,2018-04-18,2018-04-25,77.20858316802978,72.74360877990723,-0.057830026208425256,4,open_exit
RNG,2018-04-18,2018-04-26,68.86516561553478,65.46586597219466,-0.0493616709254423,5,open_exit
HUM,2018-04-18,2018-05-03,276.51380309544726,266.6003594055989,-0.03585153283080922,10,open_exit
IBKR,2018-04-18,2018-05-09,17.82735398057047,18.821389422416686,0.055759000630692945,15,close_exit
PLNT,2018-04-18,2018-05-09,40.92045152664184,38.67065362739563,-0.05497979165213873,15,close_exit
CPRT,2018-04-18,2018-05-09,12.848920982837676,13.443274809360505,0.04625710029011065,15,close_exit
INTU,2018-04-18,2018-05-09,170.63122879275176,181.32099153900148,0.06264833712962048,15,close_exit
FTNT,2018-05-10,2018-05-18,11.7878905878067,11.65816755771637,-0.011004770456939483,5,open_exit
P,2018-05-10,2018-05-23,23.291640686988828,21.969009542465212,-0.05678565809502911,8,open_exit
WEX,2018-05-10,2018-05-29,172.43618110656737,176.07192366027834,0.02108456897142741,11,open_exit
AXON,2018-05-10,2018-06-01,54.46721862602234,65.26735305023193,0.198286872299547,15,close_exit
SRPT,2018-05-10,2018-06-01,90.54525,95.80207347488404,0.058057418527024174,15,close_exit
PEN,2018-05-10,2018-06-01,152.37615305328367,165.16737500000002,0.08394503792364061,15,close_exit
GDDY,2018-05-10,2018-06-01,68.63429847335816,73.5731956100464,0.07195960688088587,15,close_exit
AKAM,2018-05-10,2018-06-01,77.36866683197022,75.962,-0.018181350274849906,15,close_exit
VLO,2018-05-10,2018-06-01,83.52714013375115,90.01593600845338,0.0776848801995591,15,close_exit
SIRI,2018-05-10,2018-06-01,55.0154676936726,57.39595502471924,0.04326941914410787,15,close_exit
DINO,2018-06-04,2018-06-07,63.25054234792353,59.17408387777705,-0.06444938365465736,2,open_exit
DXCM,2018-06-04,2018-06-08,22.943967089653015,23.195896707534793,0.010980211787149585,3,open_exit
TKO,2018-05-18,2018-06-11,45.554530810830805,56.15580697631836,0.23271617502790853,15,close_exit
VKTX,2018-06-12,2018-06-13,10.955474809169768,10.244875,-0.06486252960711425,0,open_exit
RYN,2018-05-23,2018-06-14,25.018632649724523,25.013739298343705,-0.00019558828211474477,14,open_exit
DECK,2018-05-29,2018-06-19,17.767212372779845,20.064963262557985,0.12932534612455004,15,close_exit
TWLO,2018-06-04,2018-06-22,57.40869106864929,57.50123377990723,0.0016119982799691623,13,open_exit
RL,2018-06-04,2018-06-22,118.05458325264398,115.67906550549534,-0.020122198407705016,13,open_exit
ADBE,2018-06-07,2018-06-22,253.36662549591063,247.9859456100464,-0.021236735009327656,10,open_exit
P,2018-06-08,2018-06-22,23.921954847335815,24.187900762557984,0.01111723171953849,9,open_exit
NTNX,2018-06-13,2018-06-22,60.70033316802978,58.69064122009278,-0.03310841708848289,6,open_exit
VKTX,2018-06-14,2018-06-22,11.245619771003723,10.72463454246521,-0.046327836006144096,5,open_exit
LULU,2018-06-04,2018-06-25,122.68131274795532,124.19787213516236,0.012361779909567439,14,open_exit
TTD,2018-06-04,2018-06-25,8.504249999999999,8.92953301525116,0.05000829176601829,15,close_exit
GDDY,2018-06-04,2018-06-25,73.64680561065673,70.53471469497681,-0.04225697082005675,15,close_exit
NFLX,2018-06-20,2018-06-26,41.53575688934326,39.30833511543274,-0.05362660851094314,3,open_exit
CHRD,2018-06-25,2018-06-26,8.47345545305825,8.127858650820764,-0.04078581685500604,0,open_exit
TXRH,2018-06-22,2018-07-02,60.00726090332599,57.38587374315748,-0.04368449952067743,5,open_exit
NYT,2018-06-22,2018-07-05,24.781595385082543,24.060102022537233,-0.02911408048327746,7,open_exit
AES,2018-06-27,2018-07-05,9.699462515541239,9.542392051409596,-0.016193728660734763,4,open_exit
RGLD,2018-07-05,2018-07-09,89.57430518286374,84.64579295916373,-0.055021495434863565,1,open_exit
FE,2018-06-26,2018-07-10,25.859140532668796,25.090094929766536,-0.02973979749755007,8,open_exit
EXC,2018-06-26,2018-07-10,22.649788402833206,22.38442171875263,-0.011716077844125983,8,open_exit
EXR,2018-06-26,2018-07-13,74.05130122891744,73.14872380953528,-0.01218854232678479,11,open_exit
NFLX,2018-07-10,2018-07-16,41.744861022949216,39.87804981040955,-0.04471954551515667,3,open_exit
SAM,2018-06-22,2018-07-16,295.1475,319.93995610046386,0.08400022395739049,15,close_exit
CACI,2018-06-22,2018-07-16,174.8874030532837,178.0109561004639,0.01786036611355324,15,close_exit
DRI,2018-06-22,2018-07-16,85.72629301984404,88.64442209625244,0.034040070713578174,15,close_exit
ENPH,2018-06-25,2018-07-17,6.723359790086746,6.7366297712326055,0.0019737127805394827,14,open_exit
NTAP,2018-07-02,2018-07-24,62.91421555581514,63.71329038238526,0.012701021851909022,15,close_exit
MSGS,2018-07-09,2018-07-25,224.94956114115453,213.24333686911385,-0.052039329228542486,11,open_exit
MA,2018-07-25,2018-07-27,200.80132924349437,202.2150122372223,0.007040207348496752,1,open_exit
KDP,2018-07-06,2018-07-27,16.40753243074529,19.843445887565615,0.2094107368870366,15,close_exit
IDXX,2018-07-10,2018-07-30,236.9984448852539,240.51967938995364,0.014857627046475308,13,open_exit
TWLO,2018-07-18,2018-07-30,65.0325,60.379794847488405,-0.07154430711585125,7,open_exit
LYV,2018-07-25,2018-07-30,51.665819389343255,50.204884542465216,-0.02827662203261938,2,open_exit
PLNT,2018-07-13,2018-07-31,47.52375,48.05596183013916,0.01119886015180116,11,open_exit
TKO,2018-07-16,2018-07-31,70.15697114134625,71.42821371683033,0.018119975175708403,10,open_exit
CBSH,2018-07-17,2018-07-31,44.516069186579365,43.58838480625853,-0.02083931481983836,9,open_exit
PFGC,2018-07-17,2018-07-31,38.06902423667908,35.982,-0.05482211006260185,9,open_exit
FICO,2018-07-18,2018-07-31,206.19304133605957,200.31978816986086,-0.028484245288502796,8,open_exit
CMG,2018-07-30,2018-08-01,9.407701377868651,8.695649809360505,-0.07568815589568212,1,open_exit
NOV,2018-07-30,2018-08-07,42.47099413487267,42.016893513544574,-0.0106920177070976,5,open_exit
WAB,2018-08-01,2018-08-13,104.75783052954355,106.396690732343,0.015644273984246615,7,open_exit
FCN,2018-07-27,2018-08-16,75.97797244262695,76.45175286483764,0.0062357602733931206,13,open_exit
PSX,2018-07-31,2018-08-16,89.63002134000581,84.55216511127526,-0.05665352024706127,11,open_exit
ILMN,2018-08-01,2018-08-20,315.4689349365234,317.0009661254883,0.004856361496491379,12,open_exit
TEAM,2018-07-30,2018-08-20,73.03649999999999,78.210875,0.07084642610201763,15,close_exit
NDAQ,2018-07-30,2018-08-20,28.310382901854958,27.51418821811676,-0.02812376951941642,15,close_exit
MRK,2018-07-31,2018-08-21,48.48519492315191,51.623551227569585,0.06472813627730911,15,close_exit
TREX,2018-08-01,2018-08-22,38.88943393135071,41.76910591506958,0.07404767034671145,15,close_exit
GWW,2018-08-01,2018-08-22,311.66411457353155,332.01631236267093,0.0653017041021502,15,close_exit
CMS,2018-08-16,2018-08-28,38.952127963493716,38.44806243722843,-0.01294064156745689,7,open_exit
AMD,2018-08-07,2018-08-28,19.53976568698883,25.03747423744202,0.28136000392850224,15,close_exit
TTD,2018-08-13,2018-09-04,12.807400141239166,14.661665172100069,0.1447807525658753,15,close_exit
VNOM,2018-08-22,2018-09-07,24.265958195498094,23.98354315938086,-0.011638322041188864,10,open_exit
ALGN,2018-08-28,2018-09-07,382.75127755737304,368.57562976074223,-0.03703618675578668,6,open_exit
AMD,2018-09-05,2018-09-07,29.424704847335814,26.946519084930422,-0.08422126153050513,1,open_exit
BSX,2018-08-16,2018-09-07,35.0175,35.832073474884034,0.023261896905376833,15,close_exit
FIX,2018-08-20,2018-09-11,53.59370592097096,54.687432949066164,0.0204077514196912,15,close_exit
WING,2018-09-07,2018-09-12,58.783201237154884,56.2391689473279,-0.04327821956418032,2,open_exit
LULU,2018-08-21,2018-09-12,137.36865305328368,152.93348950958253,0.11330704720720686,15,close_exit
CROX,2018-08-21,2018-09-12,19.549770915985107,21.129429389953614,0.08080189178466957,15,close_exit
KR,2018-09-07,2018-09-14,27.593180694395624,24.22046968287753,-0.1222298744342698,4,open_exit
KEYS,2018-08-23,2018-09-14,64.38217347335815,65.76710305023194,0.021511072120715014,15,close_exit
DELL,2018-08-23,2018-09-14,24.44310530478491,25.13724541759491,0.02839819671660604,15,close_exit
XYZ,2018-09-12,2018-09-18,92.3361459159851,87.89603244018555,-0.048086406810172955,3,open_exit
FIVE,2018-09-10,2018-09-20,131.99595767211915,126.63664694976808,-0.04060208219151462,7,open_exit
FTNT,2018-09-13,2018-09-20,17.85492367172241,16.791599237442018,-0.05955356930281497,4,open_exit
UI,2018-08-29,2018-09-20,82.82778809208085,90.36943501281739,0.09105213472986118,15,close_exit
ETSY,2018-09-17,2018-09-21,52.42620152664184,48.8155801525116,-0.06887055077403237,3,open_exit
MOH,2018-09-07,2018-09-28,141.25058267211912,148.62564694976808,0.05221262906057156,15,close_exit
KKR,2018-09-20,2018-10-01,25.5312041393853,25.158297567738156,-0.014605913987107422,6,open_exit
AMD,2018-09-17,2018-10-03,31.765874999999998,29.025480915069583,-0.08626849047697926,11,open_exit
NKE,2018-09-21,2018-10-03,77.09903870809518,73.37685250093762,-0.0482779846484227,7,open_exit
ORLY,2018-09-12,2018-10-03,23.209598954200743,22.888549618721008,-0.01383261021068305,15,close_exit
CLF,2018-09-13,2018-10-04,10.70565153630534,11.63194128227234,0.08652343510581662,15,close_exit
TEAM,2018-09-14,2018-10-05,93.62679183197021,86.05694847488404,-0.08085125217866684,14,open_exit
ULTA,2018-09-20,2018-10-05,288.2840846557617,273.593145980835,-0.05095993659334008,10,open_exit
VEEV,2018-10-01,2018-10-05,107.54374286270141,99.60017652511597,-0.07386358449256136,3,open_exit
CHRD,2018-10-01,2018-10-08,8.810922438635876,8.01139441044084,-0.09074282900154784,4,open_exit
COP,2018-09-18,2018-10-09,57.61477661789626,61.13766691207886,0.06114560362780819,15,close_exit
MOS,2018-09-21,2018-10-11,28.16897794256076,28.123514961493264,-0.0016139378986415043,13,open_exit
CF,2018-10-03,2018-10-11,46.15801577241784,41.84549247091475,-0.09342956427689597,5,open_exit
WST,2018-10-04,2018-10-11,120.18537692969028,111.65568708487628,-0.07097111198314887,4,open_exit
HPQ,2018-10-05,2018-10-11,19.956289655402408,18.266759480743872,-0.08466153798289655,3,open_exit
APA,2018-10-10,2018-10-11,39.56570547531449,37.24098589191169,-0.05875592398708063,0,open_exit
MKC,2018-10-03,2018-10-12,57.17295310990398,56.697210620774484,-0.008321111001822312,6,open_exit
VZ,2018-10-05,2018-10-12,35.340037816171524,34.892027154711194,-0.012677141541012182,4,open_exit
CME,2018-10-05,2018-10-12,135.29559718129553,131.77666582692515,-0.026009208190677646,4,open_exit
SCI,2018-10-08,2018-10-12,39.21137603413627,38.08970232523273,-0.02860582367543152,3,open_exit
LW,2018-10-05,2018-10-26,64.2560188147845,67.31224378967285,0.04756324825691127,15,close_exit
TWLO,2018-11-08,2018-11-13,94.69732652664185,84.08793225479127,-0.11203478135009193,2,open_exit
PLNT,2018-11-08,2018-11-13,55.59778469467163,51.1544103050232,-0.07991998987100424,2,open_exit
HUM,2018-11-08,2018-11-14,329.41972508253065,311.11635088501123,-0.055562471837209526,3,open_exit
CRL,2018-11-08,2018-11-15,136.42818061065674,127.78607347488403,-0.06334546936776819,4,open_exit
DAR,2018-11-08,2018-11-15,21.650819389343262,20.38979961872101,-0.058243512540820386,4,open_exit
HCA,2018-11-08,2018-11-16,132.38517204513016,129.13117359080059,-0.024579780379182403,5,open_exit
LAMR,2018-11-08,2018-11-21,54.16126606326779,51.23849757385255,-0.053964183296621004,8,open_exit
UAL,2018-11-08,2018-11-30,92.13604133605956,96.65164694976808,0.04901019783602556,15,close_exit
MRK,2018-11-08,2018-11-30,56.33023538288653,59.617747777938845,0.05836141767749625,15,close_exit
ELV,2018-11-08,2018-11-30,260.2058996392961,260.8992092590332,0.0026644654125760336,15,close_exit
TWLO,2019-02-01,2019-02-14,111.36565255737304,105.41726622009278,-0.05341311437308538,8,open_exit
WDAY,2019-02-01,2019-02-25,180.76033316802977,196.13188072967532,0.08503827854398005,15,close_exit
TEAM,2019-02-01,2019-02-25,98.2591040840149,106.69662500000001,0.08587011854668192,15,close_exit
BALL,2019-02-01,2019-02-25,48.11991821919854,50.37583097839356,0.046881059708346884,15,close_exit
NOW,2019-02-01,2019-02-25,43.73785760307312,47.37630152511597,0.0831875204099437,15,close_exit
LLY,2019-02-01,2019-02-25,109.14957913942989,112.88433312606813,0.03421684275912229,15,close_exit
PG,2019-02-01,2019-02-25,79.60820300165292,82.18648629760743,0.03238715608115128,15,close_exit
YUM,2019-02-01,2019-02-25,82.32783283968841,81.7489076499939,-0.007031949824572892,15,close_exit
TDC,2019-02-01,2019-02-25,44.452215305328366,46.946516220092775,0.05611195972195837,15,close_exit
EXC,2019-02-01,2019-02-25,26.141256822919473,26.727039646148683,0.022408364953425686,15,close_exit
WTW,2019-02-26,2019-03-07,154.41990596105416,153.83183627058526,-0.003808250541333824,6,open_exit
ETSY,2019-02-26,2019-03-08,65.25261122131347,63.968,-0.019686740457887986,7,open_exit
AGCO,2019-02-26,2019-03-08,55.8685068384502,53.99232815657481,-0.03358204448349711,7,open_exit
SGI,2019-02-26,2019-03-08,14.059243022305447,13.380988076396921,-0.04824263616700075,7,open_exit
PGR,2019-02-14,2019-03-08,57.58566157512501,59.131777200698856,0.026848968706503662,15,close_exit
TTC,2019-02-26,2019-03-11,61.14767540807147,59.95979561765071,-0.01942640963034814,8,open_exit
ADI,2019-02-26,2019-03-11,93.94513242159172,92.65387858226143,-0.0137447657589711,8,open_exit
DLTR,2019-03-08,2019-03-18,102.47120816802978,100.35979866027833,-0.020604904982570393,5,open_exit
OLED,2019-02-26,2019-03-19,136.28491843788163,148.95804597473145,0.09298994842651065,15,close_exit
IONS,2019-02-26,2019-03-19,61.48072576332092,79.5701956100464,0.2942299333999985,15,close_exit
SSNC,2019-02-26,2019-03-19,56.346055275186735,57.4719439277649,0.01998167657131389,15,close_exit
ELS,2019-03-08,2019-03-20,46.0986049844774,45.685733999273374,-0.008956257685954871,7,open_exit
KEYS,2019-03-18,2019-03-25,86.02299335861206,84.70762500000001,-0.015290892670155598,4,open_exit
KMI,2019-03-20,2019-03-25,13.107816210924513,12.983741331234368,-0.009465717072439261,2,open_exit
RNG,2019-03-20,2019-03-26,106.97983874985279,107.26063442422326,0.002624753202582708,3,open_exit
AES,2019-03-07,2019-03-28,13.42739004487385,13.709197842121124,0.02098753341531623,15,close_exit
AWK,2019-03-11,2019-03-29,89.18499972286108,90.6936895864271,0.016916408232934055,13,open_exit
SO,2019-03-25,2019-03-29,39.31681673014113,38.877192082115705,-0.011181593134634293,3,open_exit
VZ,2019-03-26,2019-03-29,39.54060520086746,38.780491164987566,-0.019223631808832797,2,open_exit
AZO,2019-03-08,2019-03-29,939.5895551147461,1023.607935119629,0.08942030011670599,15,close_exit
CDNS,2019-03-11,2019-04-01,59.34965969467163,64.76760305023194,0.09128853279754745,15,close_exit
ARE,2019-03-11,2019-04-01,103.60180595661222,106.74716734313965,0.030360101906376835,15,close_exit
AMT,2019-03-20,2019-04-02,155.45736732392726,157.52202966873446,0.013281212594479674,8,open_exit
ETR,2019-03-25,2019-04-02,37.22761565516097,36.602964186173885,-0.01677924997327851,5,open_exit
ZS,2019-03-29,2019-04-05,71.42569438934326,63.468250000000005,-0.11140870883196496,4,open_exit
VTR,2019-03-29,2019-04-10,48.80081754920475,47.18767757994784,-0.03305559312875084,7,open_exit
DHR,2019-03-20,2019-04-10,110.77162289621428,112.64782576751709,0.016937576811171917,15,close_exit
CCI,2019-03-29,2019-04-16,93.18466378065119,93.17197802573368,-0.00013613565154213525,11,open_exit
SUI,2019-04-02,2019-04-17,95.67271569831904,93.57607721622912,-0.02191469602160312,10,open_exit
FR,2019-04-02,2019-04-17,29.28679732791845,28.820724364568576,-0.015914098019368494,10,open_exit
AVGO,2019-03-29,2019-04-22,25.099232731078033,26.221212059021,0.04470173809551259,15,close_exit
NXST,2019-04-11,2019-04-23,93.3955746115542,91.97568433706823,-0.015202971665322473,6,open_exit
UI,2019-04-01,2019-04-23,142.3715855420355,159.48535720062256,0.12020496641539613,15,close_exit
CHD,2019-04-02,2019-04-24,65.95229664940214,67.16030411148071,0.018316382043528368,15,close_exit
VRSN,2019-04-02,2019-04-24,183.25296659839577,186.43702355194094,0.01737520004531823,15,close_exit
NVR,2019-04-23,2019-04-29,3283.290727294922,3126.0062833251955,-0.04790451319530631,3,open_exit
LULU,2019-04-05,2019-04-29,172.12601328277586,177.41125000000002,0.030705624422622035,15,close_exit
OKTA,2019-04-10,2019-05-02,91.84590305328369,103.58817938995362,0.12784757889372322,15,close_exit
MPWR,2019-04-17,2019-05-06,147.35607844613497,128.40493605777394,-0.12860780897673318,11,open_exit
PLNT,2019-04-25,2019-05-06,74.95745816802977,71.214375,-0.04993610054971476,6,open_exit
DLTR,2019-04-16,2019-05-08,107.10352805328368,104.67763835525513,-0.022649951333271523,14,open_exit
FIVE,2019-04-30,2019-05-08,147.16354133605955,137.38127194976806,-0.0664720983028868,5,open_exit
KLAC,2019-05-03,2019-05-08,11.732103033663403,10.60141726090061,-0.09637537017178177,2,open_exit
COLD,2019-04-23,2019-05-09,24.40853888162104,23.712598114791675,-0.028512184617219827,11,open_exit
PPC,2019-04-17,2019-05-09,20.71444973797341,23.623382900238038,0.1404301441293907,15,close_exit
CDNS,2019-04-24,2019-05-14,66.8233959159851,67.23636164474487,0.006179957230533217,13,open_exit
TER,2019-04-25,2019-05-14,46.98405758753004,44.912779612262774,-0.0440846976957775,12,open_exit
PCTY,2019-04-29,2019-05-14,96.59827805328369,93.73310877990723,-0.02966066612280638,10,open_exit
RNG,2019-05-06,2019-05-14,114.59281717637388,116.34730967458542,0.015310667295238334,5,open_exit
LPLA,2019-05-08,2019-05-14,79.42547485329912,75.96318751248758,-0.043591647984560056,3,open_exit
TEAM,2019-05-09,2019-05-14,116.21808366394042,121.53919847488405,0.045785601028582645,2,open_exit
PAYC,2019-05-10,2019-05-14,201.7620428809621,194.5744390657759,-0.035624162565735085,1,open_exit
PLNT,2019-05-09,2019-05-22,76.44820866394042,76.06194847488403,-0.005052573445564312,8,open_exit
MTCH,2019-05-14,2019-05-24,66.63806925516188,66.81139629666389,0.0026010213597025267,7,open_exit
ENPH,2019-05-06,2019-05-28,13.506749999999998,15.802095419406891,0.16994061631457558,15,close_exit
SUI,2019-05-14,2019-05-30,99.71884568607557,98.05034903962512,-0.016732009230261635,10,open_exit
WEC,2019-05-14,2019-05-30,63.77653631531382,64.1600802820635,0.006013872638887641,10,open_exit
XEL,2019-05-14,2019-05-30,46.373827923933646,45.99032158582893,-0.008269887461819558,10,open_exit
AEP,2019-05-14,2019-05-30,67.54562502686461,67.01677256410092,-0.007829559095105854,10,open_exit
EG,2019-05-08,2019-05-30,211.97050024544907,211.52942102813722,-0.0020808518959057887,15,close_exit
PAYC,2019-05-22,2019-06-04,207.56517985031917,193.97035278335565,-0.06549666508017926,7,open_exit
WING,2019-05-14,2019-06-05,71.82895334429101,79.34365488433838,0.10461939357556638,15,close_exit
EXR,2019-05-14,2019-06-05,81.99444233415556,83.4022172393799,0.017169150312495107,15,close_exit
CPRT,2019-05-24,2019-06-17,17.66382818698883,18.295847805023193,0.03578044415648862,15,close_exit
FICO,2019-05-29,2019-06-19,297.31859843444823,305.50717366027834,0.027541416073355807,15,close_exit
VEEV,2019-05-31,2019-06-21,152.47619389343262,168.84552767944336,0.10735665265524319,15,close_exit
ERIE,2019-05-31,2019-06-21,179.10801662134773,218.54594580078125,0.22019075373275587,15,close_exit
SBAC,2019-05-31,2019-06-21,193.67550566626818,211.37370668792727,0.09138068833627178,15,close_exit
DG,2019-05-31,2019-06-21,114.00988173323724,125.28908498382569,0.09893180379732147,15,close_exit
AON,2019-05-31,2019-06-21,171.17197991872723,181.48225730133058,0.0602334411712635,15,close_exit
OKTA,2019-06-05,2019-06-25,115.15754847335815,125.76708683013916,0.09213063752599382,13,open_exit
ROKU,2019-06-06,2019-06-25,101.22058316802978,99.54020133972169,-0.016601186988999928,12,open_exit
ZS,2019-06-20,2019-06-25,80.84040305328368,75.44226335525514,-0.06677526947101575,2,open_exit
PAYC,2019-06-06,2019-06-26,211.41762665801215,214.65546796808258,0.015314907092907282,13,open_exit
LULU,2019-06-18,2019-06-26,185.66279232788085,177.99096183013916,-0.04132131377294612,5,open_exit
KMI,2019-06-24,2019-06-26,14.184844158853503,13.655128933386607,-0.037343746574492576,1,open_exit
CSGP,2019-06-24,2019-06-27,56.021996480941766,53.44526412200928,-0.045995011259712504,2,open_exit
INCY,2019-06-24,2019-07-09,88.7443469467163,82.43876335525513,-0.07105335504071209,9,open_exit
CSL,2019-06-25,2019-07-09,130.273453649727,125.9759368484678,-0.0329884307267555,8,open_exit
AGCO,2019-06-25,2019-07-10,63.96163701247699,62.34567158579935,-0.02526460394317942,9,open_exit
BALL,2019-06-26,2019-07-11,62.886860568554035,64.92579408694766,0.032422250052869916,9,open_exit
ACM,2019-06-27,2019-07-11,35.25557476384685,35.115456559600204,-0.003974355975904675,8,open_exit
XRAY,2019-06-24,2019-07-12,51.774659747414944,50.4237280220917,-0.026092527346656125,12,open_exit
MDLZ,2019-06-26,2019-07-12,45.965788074832645,45.9389003744547,-0.0005849502750648883,10,open_exit
MTD,2019-06-26,2019-07-15,837.9187499999999,821.4390505981446,-0.019667419307486944,11,open_exit
KMX,2019-06-24,2019-07-16,84.85240255737304,86.34680438995362,0.01761177983817408,15,close_exit
WDAY,2019-07-12,2019-07-17,223.87187450408933,213.8630162200928,-0.04470797551576189,2,open_exit
TTEK,2019-06-25,2019-07-17,14.483688671419563,16.223463037490845,0.12011956384455802,15,close_exit
LBRDK,2019-07-11,2019-07-22,100.82754159164428,99.28553747558594,-0.015293481242491413,6,open_exit
CHE,2019-07-12,2019-07-22,371.35411250179703,363.2710445422706,-0.02176646948938077,5,open_exit
CMG,2019-07-09,2019-07-23,14.983688203811644,14.9125400762558,-0.004748372135623069,9,open_exit
ROKU,2019-07-17,2019-07-24,112.06600713729858,104.6276603050232,-0.06637469311423072,4,open_exit
INSP,2019-07-09,2019-07-30,66.13304847335814,68.00598091506959,0.028320673021234644,15,close_exit
LSCC,2019-07-10,2019-07-31,15.60780038166046,19.330330152511596,0.2385044452019771,15,close_exit
IDXX,2019-07-11,2019-08-01,283.21154232788086,268.3757547607422,-0.05238412052416597,14,open_exit
MRVL,2019-07-18,2019-08-01,25.2623609111444,25.49828093530704,0.009338795569917124,9,open_exit
WWD,2019-07-24,2019-08-01,113.28583397107919,107.34530391630884,-0.052438419231542355,5,open_exit
KBR,2019-07-22,2019-08-02,23.99624694984039,22.715393842425232,-0.053377226450975424,8,open_exit
BX,2019-07-23,2019-08-02,37.08375685145037,36.3138056893193,-0.020762490845124604,7,open_exit
RGEN,2019-07-17,2019-08-05,87.68381938934326,88.76559255981446,0.012337204036103833,12,open_exit
SAM,2019-07-15,2019-08-05,400.3700984344482,373.043395980835,-0.06825360475337139,15,close_exit
LSCC,2019-08-01,2019-08-06,19.60980038166046,19.10044561004639,-0.025974500591573135,2,open_exit
CDW,2019-08-01,2019-08-06,108.47498624948365,98.7918881635496,-0.08926572310102632,2,open_exit
MCO,2019-08-01,2019-08-06,200.76596024686714,192.2088091881805,-0.042622519515581825,2,open_exit
FICO,2019-08-02,2019-08-06,358.84934843444825,342.84847901916504,-0.04458937848177846,1,open_exit
CRUS,2019-08-02,2019-08-06,56.15806606864929,52.71363167762757,-0.06133463333319111,1,open_exit
GNTX,2019-07-22,2019-08-12,22.464388610869868,23.877797026634216,0.06291773349578,15,close_exit
FICO,2019-08-09,2019-08-14,366.4631387786865,331.4541851196289,-0.09553199204627272,2,open_exit
ENPH,2019-07-31,2019-08-21,26.32315446567535,34.81258683013916,0.32250816958635364,15,close_exit
SMG,2019-08-01,2019-08-22,87.93991071526429,84.66447184371948,-0.03724632928216365,15,close_exit
CVNA,2019-08-22,2019-08-26,16.634312450408935,15.982004771232607,-0.03921458618268836,1,open_exit
SBAC,2019-08-05,2019-08-26,224.4859400946609,241.52430377960206,0.07589946915052437,15,close_exit
OLED,2019-08-09,2019-08-28,201.9792373609116,188.94459241583053,-0.0645345784814001,12,open_exit
ROKU,2019-08-09,2019-08-30,121.80086786270141,151.2843206100464,0.24206274770209246,15,close_exit
LSCC,2019-08-09,2019-08-30,19.169579847335815,19.68015553379059,0.026634683207505727,15,close_exit
PODD,2019-08-09,2019-08-30,145.67280610656738,154.09291316986085,0.05780150247901261,15,close_exit
SAM,2019-08-09,2019-08-30,406.953375,438.2008034210205,0.0767838045845437,15,close_exit
BALL,2019-08-14,2019-09-05,72.26221685341913,72.69429415512086,0.005979297626284685,15,close_exit
WRB,2019-08-14,2019-09-05,27.30878658084898,27.472455326080325,0.00599326318460891,15,close_exit
HEI,2019-08-30,2019-09-10,145.68566635295647,130.9027505159222,-0.1014713129102166,5,open_exit
HEI-A,2019-08-30,2019-09-10,110.38511822134716,100.96973438935773,-0.0852957716012901,5,open_exit
TDG,2019-09-03,2019-09-10,423.840925109275,401.7986663124024,-0.05200597085142178,4,open_exit
OLED,2019-09-06,2019-09-10,210.53982939070727,195.71841884772635,-0.07039718131183736,1,open_exit
SNPS,2019-08-23,2019-09-11,137.53873622131346,134.75259732055665,-0.02025712157390802,11,open_exit
BRO,2019-09-03,2019-09-11,34.77132585978303,33.25233022555827,-0.043685295186907336,5,open_exit
LSCC,2019-09-10,2019-09-11,20.78038545799255,19.300344466209413,-0.07122298066968169,0,open_exit
LAD,2019-09-11,2019-09-16,129.9873009637369,121.73766796916054,-0.0634649149064016,2,open_exit
DG,2019-08-30,2019-09-17,141.86075216727073,139.25771707871982,-0.01834922660977878,10,open_exit
FWONK,2019-09-03,2019-09-20,40.211956129074096,40.084790718078615,-0.0031623781391608707,12,open_exit
CHH,2019-09-11,2019-09-20,88.48471244630832,87.0635146650624,-0.016061506467665687,6,open_exit
GNRC,2019-09-06,2019-09-23,80.5802709159851,79.38028816986085,-0.014891768574163522,10,open_exit
NVR,2019-09-10,2019-09-24,3754.8765,3502.0181345214846,-0.06734132679956728,9,open_exit
UHS,2019-09-11,2019-09-24,149.84915799907984,145.51607851009476,-0.028916275185287943,8,open_exit
CPB,2019-09-03,2019-09-24,34.66694265119578,35.667940494537355,0.028874707914487763,15,close_exit
FSLR,2019-09-24,2019-09-27,67.8238959159851,62.43876622009277,-0.07939870783245784,2,open_exit
APO,2019-09-10,2019-09-30,33.96557758650133,32.343161562827255,-0.047766478268835955,13,open_exit
SAIA,2019-09-10,2019-10-01,93.54674999999999,91.89403244018555,-0.01766728998938427,15,close_exit
MEDP,2019-09-16,2019-10-02,86.0329928627014,82.35880152511596,-0.04270677115056343,11,open_exit
EQIX,2019-09-20,2019-10-03,501.40975104143143,496.1423322777241,-0.010505218043260767,8,open_exit
RNR,2019-09-23,2019-10-03,180.3456012313168,178.06620730733667,-0.01263903254871468,7,open_exit
ACGL,2019-09-25,2019-10-03,39.320289837005625,38.824783180920086,-0.012601805788806764,5,open_exit
TFC,2019-09-30,2019-10-03,39.60858116419183,37.427539915421185,-0.055064866871384455,2,open_exit
MTZ,2019-09-17,2019-10-08,66.033,63.99798377990723,-0.03081817000731102,15,close_exit
CB,2019-10-07,2019-10-09,145.29748513473092,140.4632727501235,-0.03327113597406561,1,open_exit
NTRA,2019-10-07,2019-10-10,35.87793061065673,33.983000000000004,-0.052816050937282366,2,open_exit
PHM,2019-09-20,2019-10-11,33.317344472405914,34.42242785072327,0.03316841110288982,15,close_exit
NOC,2019-09-27,2019-10-14,341.49362646414943,324.9346833979504,-0.04848975729840577,10,open_exit
SUI,2019-09-25,2019-10-16,121.8035741551873,123.80940222167969,0.016467727489973383,15,close_exit
RNG,2019-10-07,2019-10-21,170.27209789584302,161.79068693010842,-0.049810926573082726,9,open_exit
FCN,2019-10-14,2019-10-24,110.32513164138793,113.71311164474488,0.030709050176976893,7,open_exit
EW,2019-10-07,2019-10-28,75.9646295928955,78.99048377990724,0.03983240888855355,15,close_exit
PEP,2019-10-07,2019-10-28,113.04472650381237,110.72643891906739,-0.020507702185177057,15,close_exit
AAPL,2019-10-07,2019-10-28,54.35709782116857,59.76975989913941,0.09957599457899957,15,close_exit
WTRG,2019-10-10,2019-10-29,37.683477613696766,37.1080038676176,-0.01527124836986915,12,open_exit
BLDR,2019-10-10,2019-10-31,20.890439160346983,22.188900762557985,0.0621557829514503,14,open_exit
GNRC,2019-10-10,2019-10-31,84.31213164138794,96.53171183013916,0.14493264434026898,15,close_exit
CHDN,2019-10-14,2019-11-04,63.69380846487872,60.6110443687439,-0.04839974513118783,15,close_exit
SUI,2019-10-21,2019-11-06,125.93402659642723,126.1318137228572,0.0015705614421732683,11,open_exit
REXR,2019-10-29,2019-11-06,39.195306173497805,38.319343879202755,-0.02234865293353261,5,open_exit
FBIN,2019-10-17,2019-11-07,44.56494301239956,47.54814777946473,0.06694061666891704,15,close_exit
GNTX,2019-10-29,2019-11-14,24.89844005955735,25.096113597440787,0.007939193676816725,11,open_exit
LAD,2019-10-24,2019-11-14,147.38757384694472,153.89965047454834,0.044183349095400004,15,close_exit
EW,2019-10-29,2019-11-19,78.47255101776122,81.1460750617981,0.03406954418280295,15,close_exit
T,2019-10-29,2019-11-19,18.37159953812491,18.119588246345522,-0.0137174387704464,15,close_exit
WSM,2019-11-15,2019-11-21,31.904278854384426,29.97204643475819,-0.06056342562843098,3,open_exit
SITE,2019-10-31,2019-11-21,87.93394438934325,86.65664694976807,-0.014525647046147672,15,close_exit
ARMK,2019-11-20,2019-11-22,29.90204624833063,28.196332415365184,-0.057043381539839344,1,open_exit
GNRC,2019-11-01,2019-11-22,95.3776668319702,93.64315744018555,-0.018185697442572146,15,close_exit
ODFL,2019-11-05,2019-11-25,61.83098852505381,61.27499492462129,-0.00899215124479591,13,open_exit
CHTR,2019-11-14,2019-11-26,479.50962400817866,467.0663377990723,-0.025950023912125086,7,open_exit
MUSA,2019-11-06,2019-11-27,116.3804252227404,116.24474314498902,-0.0011658496477539027,15,close_exit
CCK,2019-11-06,2019-11-27,70.88155329503066,71.56323002624512,0.009617124618828798,15,close_exit
DXCM,2019-11-08,2019-12-02,48.54926402664184,55.95200954246521,0.15247904709247595,15,close_exit
LOW,2019-11-25,2019-12-04,104.90950013877523,101.43522070961035,-0.033116919102360365,5,open_exit
ACM,2019-11-29,2019-12-05,41.755059279175875,40.140132728190615,-0.03867618867902456,3,open_exit
GRMN,2019-11-22,2019-12-06,84.62675421802925,82.8358437038989,-0.02116246251766085,8,open_exit
WST,2019-11-29,2019-12-10,147.2758018221732,142.6415744844821,-0.03146631884093665,6,open_exit
LITE,2019-12-03,2019-12-11,72.00598622131348,68.69563835525513,-0.04597323139056597,5,open_exit
ALNY,2019-11-20,2019-12-12,98.02899335861206,120.5496956100464,0.22973511692656645,15,close_exit
RH,2019-11-21,2019-12-13,190.0449719467163,220.8895,0.1623012055374542,14,open_exit
REXR,2019-12-04,2019-12-13,39.581261173407405,37.31850139774705,-0.057167450166559775,6,open_exit
DOCU,2019-11-22,2019-12-16,70.33515305328369,73.60317938995362,0.046463627287399056,15,close_exit
TDY,2019-11-25,2019-12-17,351.1755,344.12783779907227,-0.020068775301602004,15,close_exit
THC,2019-11-26,2019-12-18,32.37618061065674,37.96100954246521,0.1724980781077743,15,close_exit
GEN,2019-12-11,2019-12-23,13.226931463044814,12.856855682694432,-0.027978959548127236,7,open_exit
BMY,2019-12-05,2019-12-27,45.48689555773592,49.517728292465215,0.08861525248767554,15,close_exit
APO,2019-12-06,2019-12-30,37.83667730830789,40.12921734619141,0.06059041652106534,15,close_exit
CVNA,2019-12-13,2019-12-31,19.32565798473358,18.348820801734924,-0.05054612804233194,10,open_exit
DKS,2019-12-10,2020-01-02,38.63666364910151,39.44960660743713,0.021040713186800453,15,close_exit
TGT,2019-12-18,2020-01-03,107.57013033023038,104.24318758035052,-0.030928127907500436,9,open_exit
SWKS,2019-12-19,2020-01-07,98.52550150912988,99.33415984834372,0.008207604395080503,10,open_exit
LITE,2019-12-13,2020-01-07,74.31713877868651,81.92901622009278,0.1024242532274302,15,close_exit
LRCX,2019-12-13,2020-01-07,26.407771219923156,27.529039034843446,0.04245976707319987,15,close_exit
TSLA,2019-12-17,2020-01-09,25.278633748054503,32.07328791427612,0.2687904035456248,15,close_exit
WCC,2019-12-30,2020-01-14,57.861543276835455,54.91786763297636,-0.05087447512029253,9,open_exit
DOCU,2020-01-03,2020-01-15,74.90743774795531,72.96350000000001,-0.02595119799046075,7,open_exit
CROX,2019-12-23,2020-01-15,40.50023954200744,42.778599237442016,0.05625546221946243,15,close_exit
TSLA,2020-01-14,2020-01-17,36.302142396926875,33.82374739074707,-0.06827131520451557,2,open_exit
AAPL,2019-12-31,2020-01-23,69.85930830823868,76.842350315094,0.09995864797349818,15,close_exit
CG,2019-12-31,2020-01-23,25.857886040124907,27.975917077064516,0.08191044827303195,15,close_exit
SNX,2020-01-16,2020-01-27,70.2982836083446,65.01372692004068,-0.07517333876522458,5,open_exit
AMD,2020-01-03,2020-01-27,48.05401377868652,49.23536832237244,0.024583889061310593,15,close_exit
ENTG,2020-01-08,2020-01-28,50.1644921227544,52.7234442256147,0.05101122316953677,12,open_exit
LRCX,2020-01-15,2020-01-28,27.83936495053525,27.765078236291906,-0.0026684054889661857,7,open_exit
XPO,2020-01-17,2020-01-28,32.65455611801147,31.208082000732425,-0.04429624191036563,5,open_exit
QRVO,2020-01-24,2020-01-28,115.93793725204468,110.86453816986085,-0.0437596114130826,1,open_exit
RNG,2020-01-07,2020-01-29,175.83503523237977,202.0444655609131,0.14905692880770616,15,close_exit
DXCM,2020-01-08,2020-01-30,57.72384719467163,59.70263191986084,0.034280194778352646,15,close_exit
CRUS,2020-01-24,2020-02-03,84.75235408401488,76.80157633972168,-0.09381188086423664,5,open_exit
GNRC,2020-01-27,2020-02-03,104.81238213729858,104.19787500000001,-0.005862925016756115,4,open_exit
PHM,2020-01-28,2020-02-03,42.458169604942256,41.929057474982514,-0.01246196279498002,3,open_exit
DHI,2020-01-28,2020-02-03,56.20006163721384,55.32427640612569,-0.015583350010211272,3,open_exit
NDSN,2020-01-28,2020-02-03,161.32344560050456,158.20945811954667,-0.01930275831492745,3,open_exit
TYL,2020-01-10,2020-02-03,313.22654232788085,329.1053540191651,0.05069433635244902,15,close_exit
LEN,2020-01-28,2020-02-05,59.802055445407035,57.64948579880927,-0.03599491071946237,5,open_exit
TSLA,2020-01-30,2020-02-06,42.18241184234619,46.63800051116944,0.10562669307472738,4,open_exit
INSM,2020-02-05,2020-02-12,33.30664591598511,30.974504771232606,-0.07002029416697342,4,open_exit
LLY,2020-01-31,2020-02-14,132.51347661155634,132.5082812916016,-3.9205974272094046e-05,9,open_exit
TOL,2020-02-06,2020-02-18,44.12048858249844,44.2344604523243,0.0025831960045672453,6,open_exit
MKSI,2020-02-14,2020-02-19,115.60761204122893,110.10549174513216,-0.04759306241992578,1,open_exit
SITE,2020-01-28,2020-02-19,97.30863213729857,114.11291316986085,0.1726905482429566,15,close_exit
ALLE,2020-02-04,2020-02-20,122.93267872610954,118.192990387225,-0.038555153828905286,10,open_exit
NVDA,2020-02-18,2020-02-24,7.1041326045140885,6.713161526392584,-0.055034315923815136,3,open_exit
RH,2020-02-19,2020-02-24,255.4976801147461,221.89898950958252,-0.131502918500372,2,open_exit
CHTR,2020-02-03,2020-02-25,523.1014468688965,530.574606842041,0.014286253685353634,14,open_exit
LBRDK,2020-02-03,2020-02-25,125.26859664916992,128.15686729431152,0.02305662171047196,14,open_exit
DECK,2020-02-03,2020-02-25,32.02600332069397,31.375970579147342,-0.020297029730419025,14,open_exit
TSLA,2020-02-20,2020-02-25,60.82706352424621,56.57169847488404,-0.06995841657991508,2,open_exit
DXCM,2020-02-03,2020-02-25,60.29012832069397,70.95450286483765,0.1768842568623834,15,close_exit
GEN,2020-02-03,2020-02-25,14.542394667011601,16.742458094596863,0.15128618621360546,15,close_exit
GNRC,2020-02-12,2020-02-26,110.36515255737304,107.93600286483765,-0.022010114934354896,8,open_exit
ENPH,2020-02-20,2020-02-26,56.498236221313476,49.245365457534795,-0.12837340152297705,3,open_exit
GLOB,2020-02-24,2020-02-26,127.74384030532836,115.93200286483766,-0.09246502541538215,1,open_exit
ROK,2020-02-24,2020-02-28,180.71568594801926,161.34411024361054,-0.10719365949218551,3,open_exit
NNN,2020-02-25,2020-02-28,41.366197035759825,36.3320162292503,-0.12169793617135338,2,open_exit
OKTA,2020-05-21,2020-05-28,189.844875,177.85103244018555,-0.06317706790775601,3,open_exit
NVDA,2020-05-26,2020-05-28,9.114924264120862,8.365455545036342,-0.08222434957958558,1,open_exit
GNRC,2020-05-28,2020-06-01,123.0114719467163,111.75409255981445,-0.09151487425317617,1,open_exit
TWLO,2020-05-21,2020-06-05,192.9964438934326,185.45722805023195,-0.039064014295328686,9,open_exit
MOH,2020-05-27,2020-06-05,184.01195816802976,172.69360877990724,-0.06150877095600071,6,open_exit
SRPT,2020-05-28,2020-06-05,156.24808316802978,144.8075648803711,-0.0732202152864525,5,open_exit
TYL,2020-05-21,2020-06-08,359.35958267211913,354.8124952392578,-0.012653307862420582,10,open_exit
GLOB,2020-05-27,2020-06-08,144.11201328277588,138.67063549041748,-0.03775797498353828,7,open_exit
APPF,2020-05-27,2020-06-11,155.18755561065672,156.6616354904175,0.00949869900302458,10,open_exit
APO,2020-06-08,2020-06-11,46.764403242205766,41.624968737236216,-0.10990056856603081,2,open_exit
META,2020-05-21,2020-06-12,232.79305374293307,227.78471610494495,-0.021514119762004125,14,open_exit
MRVL,2020-05-21,2020-06-12,28.12036368035297,33.609328385286915,0.19519536686394123,14,open_exit
QGEN,2020-05-21,2020-06-12,42.437856812209844,42.53353832659278,0.0022546264484168965,14,open_exit
KNSL,2020-06-08,2020-06-12,158.09259101750635,153.66554468995355,-0.028002870337311192,3,open_exit
VRT,2020-06-08,2020-06-12,14.16179739947939,13.869263178747662,-0.02065657433727175,3,open_exit
CVNA,2020-06-08,2020-06-12,23.598793393135068,22.588700381278993,-0.04280273974303761,3,open_exit
FAST,2020-06-08,2020-06-12,18.1342430739848,17.731385678111387,-0.022215285977463584,3,open_exit
TSLA,2020-06-11,2020-06-15,66.04634284973145,61.155407823562626,-0.07405307871923605,1,open_exit
ZM,2020-06-01,2020-06-22,183.27158267211914,251.14436927032472,0.37033993818688704,15,close_exit
THO,2020-06-16,2020-06-25,104.65625815212219,96.68007838615756,-0.07621311813356568,6,open_exit
RNG,2020-06-23,2020-06-25,287.5817403628824,267.669397341586,-0.06924063744857445,1,open_exit
SRPT,2020-06-17,2020-07-01,161.79086171722412,160.21985305023193,-0.009710119906141346,9,open_exit
DOCU,2020-06-11,2020-07-02,145.0725,190.8945104904175,0.31585593748241414,15,close_exit
EA,2020-06-16,2020-07-08,123.44561961697093,131.53788162994385,0.06555325363574438,15,close_exit
CRWD,2020-06-17,2020-07-09,25.422704847335815,29.35031727123261,0.1544923110063321,15,close_exit
LLY,2020-06-17,2020-07-09,153.8570222146518,155.7809267730713,0.012504496257150777,15,close_exit
ADSK,2020-06-17,2020-07-09,242.41113828277585,248.0758969497681,0.023368392670076954,15,close_exit
ADBE,2020-06-17,2020-07-09,414.207,460.6095763397217,0.11202750397680794,15,close_exit
PPLI,2020-06-17,2020-07-09,52.14916564750671,68.10965067291261,0.3060544656320685,15,close_exit
XYZ,2020-06-26,2020-07-14,105.08251377868652,118.53070133972169,0.12797740630147358,10,open_exit
OKTA,2020-07-09,2020-07-14,221.91090305328368,197.2513311004639,-0.11112375107994898,2,open_exit
TSCO,2020-06-25,2020-07-17,23.801234966907096,25.465236857414247,0.06991241810858795,15,close_exit
TSLA,2020-07-01,2020-07-23,72.2360969467163,100.82089459609986,0.39571348477574353,15,close_exit
NBIX,2020-07-10,2020-07-24,131.2355831680298,126.96648377990724,-0.03253004471094201,9,open_exit
AAPL,2020-07-15,2020-07-24,95.89280157085689,88.05259012317214,-0.08176016676175091,6,open_exit
MTSI,2020-07-10,2020-07-27,36.65831938934326,36.971506677627566,0.008543416433197226,10,open_exit
SPOT,2020-07-06,2020-07-27,269.9348877868652,272.36375000000004,0.008997955888727649,15,close_exit
GOOG,2020-07-13,2020-07-29,76.86108665259323,74.62043354517341,-0.029151983207671983,11,open_exit
AU,2020-07-27,2020-07-31,31.468393468420988,28.008997589123958,-0.10993239558824597,3,open_exit
QGEN,2020-07-10,2020-07-31,44.21515030782502,48.777444627761845,0.10318396043379297,15,close_exit
COST,2020-07-10,2020-07-31,298.19303848921015,298.1052368316651,-0.00029444569863168457,15,close_exit
KNX,2020-07-24,2020-08-04,42.619682987926936,40.48619696462547,-0.05005870231146081,6,open_exit
ADT,2020-08-04,2020-08-05,11.737213291411217,11.020908838655041,-0.06102849415545142,0,open_exit
SAM,2020-07-15,2020-08-05,629.504597442627,842.238643157959,0.3379388277378239,15,close_exit
ENTG,2020-07-24,2020-08-10,65.90301758397469,68.84505640255774,0.04464194397220522,10,open_exit
POOL,2020-07-20,2020-08-10,274.49321806727704,301.70194831848147,0.09912350637579581,15,close_exit
RGEN,2020-07-31,2020-08-11,152.076,147.57616889953613,-0.02958935729808687,6,open_exit
CHWY,2020-08-03,2020-08-11,53.776875,52.68364408493042,-0.020329015307594123,5,open_exit
SAM,2020-08-06,2020-08-11,846.0828031311034,794.7224351196289,-0.060703713420725336,2,open_exit
NEM,2020-07-28,2020-08-12,57.149814069702316,54.21662424068007,-0.051324573435091225,10,open_exit
ENPH,2020-08-05,2020-08-12,69.02449286270141,68.6456603050232,-0.0054883787184319965,4,open_exit
CRL,2020-08-10,2020-08-12,222.04095767211913,211.43422328948975,-0.047769269660113856,1,open_exit
ETSY,2020-08-03,2020-08-13,121.06049999999999,122.59867366027832,0.012705826097515915,7,open_exit
LII,2020-07-24,2020-08-14,247.36552815648676,258.9297355041504,0.046749470040740704,15,close_exit
SHW,2020-07-29,2020-08-19,200.8173577138733,210.1130763320923,0.04628941802662134,15,close_exit
ROK,2020-08-11,2020-08-21,208.34112261115578,206.04119195403948,-0.011039254412624322,7,open_exit
RRC,2020-08-17,2020-08-21,8.40091707000485,7.817033839630191,-0.06950232046205906,3,open_exit
NWSA,2020-08-11,2020-08-24,14.05551650144909,14.041466167670679,-0.0009996312676920915,8,open_exit
WSM,2020-08-24,2020-08-26,44.94036153974464,43.15149831261514,-0.03980527004767098,1,open_exit
LAD,2020-08-12,2020-08-27,237.01262043123722,245.62685912774498,0.036345063317026804,10,open_exit
WMS,2020-08-12,2020-08-28,54.25796914979859,54.44680854082158,0.003480399174204729,11,open_exit
NKE,2020-08-11,2020-09-01,97.60513887249242,105.03112973403931,0.07608196604533202,15,close_exit
UNP,2020-08-11,2020-09-01,166.2983929256867,172.3612860107422,0.03645791747226812,15,close_exit
BR,2020-08-12,2020-09-02,127.79933179008346,128.96000861358644,0.009082025760584145,15,close_exit
DOCU,2020-09-02,2020-09-03,282.8613612213135,248.4856956100464,-0.12152831854744284,0,open_exit
NVDA,2020-08-13,2020-09-03,11.498507034443053,12.952880442619325,0.12648367338644806,15,close_exit
TGT,2020-08-20,2020-09-04,131.76250920989565,124.63003557673588,-0.05413128268374012,10,open_exit
ZM,2020-08-21,2020-09-04,291.14549999999997,375.31225,0.28908827373254975,9,open_exit
ZS,2020-08-21,2020-09-04,136.4882081680298,139.93,0.025216770577961123,9,open_exit
AAPL,2020-08-27,2020-09-04,123.38653965342121,116.40650981402128,-0.056570431904533924,5,open_exit
KNSL,2020-08-28,2020-09-04,208.3741333690131,199.34725139799474,-0.043320549557043675,4,open_exit
CVNA,2020-09-02,2020-09-04,46.12905199241638,39.18040076255799,-0.15063503214852003,1,open_exit
WST,2020-09-03,2020-09-04,280.13089490892725,261.5812695835314,-0.06621770630271417,0,open_exit
ADBE,2020-08-26,2020-09-08,497.19848721313474,471.6540696411133,-0.05137670010864548,7,open_exit
CORT,2020-09-03,2020-09-17,18.309149236679076,17.711139313697817,-0.032661808326039155,8,open_exit
BF-B,2020-09-08,2020-09-17,71.88960057051948,68.66972213878852,-0.04478921020812254,6,open_exit
DAR,2020-09-08,2020-09-22,33.99698954200745,33.42327862739563,-0.01687534462140905,9,open_exit
CAT,2020-09-10,2020-09-22,136.61815004451046,130.19670593537057,-0.04700286240918772,7,open_exit
SHW,2020-09-11,2020-09-22,223.4924750609152,216.6119675383308,-0.030786305090178434,6,open_exit
MCD,2020-09-11,2020-09-22,190.7836977361921,189.48982547736398,-0.00678188060185958,6,open_exit
BLDR,2020-09-17,2020-09-22,32.446215305328366,30.204889313697816,-0.0690781951157945,2,open_exit
VIRT,2020-09-08,2020-09-23,22.34224404441536,20.760030369938793,-0.0708171332893508,10,open_exit
RH,2020-09-11,2020-09-24,388.444125,352.8134952392578,-0.09172652504589218,8,open_exit
ALGN,2020-09-11,2020-09-24,329.11448721313474,305.9969188995361,-0.07024172198967238,8,open_exit
AVTR,2020-09-22,2020-09-25,22.851420152664183,21.499245228767396,-0.05917246783190144,2,open_exit
PINS,2020-09-23,2020-09-25,40.56027091598511,38.74061832237244,-0.04486292996863406,1,open_exit
FDX,2020-09-14,2020-10-05,174.72235280894512,187.74439871215822,0.07452993674743147,15,close_exit
DKNG,2020-09-17,2020-10-07,49.12454847335815,52.83357061004639,0.07550241685579584,13,open_exit
LAD,2020-10-06,2020-10-07,273.06348639102924,265.26164801764935,-0.028571518208068247,0,open_exit
ZG,2020-09-23,2020-10-13,98.84940305328368,101.34930152511598,0.025289970344937185,13,open_exit
ZM,2020-09-22,2020-10-13,477.2385,518.5305830383301,0.08652295034522584,15,close_exit
ROKU,2020-09-22,2020-10-13,187.4736948852539,238.45570944976808,0.27194222952568614,15,close_exit
LEN,2020-09-23,2020-10-14,70.75808501276548,73.62087836074829,0.04045888674723663,15,close_exit
NKE,2020-09-24,2020-10-15,115.75604767959081,117.98168246841432,0.01922694177486095,15,close_exit
NTRA,2020-09-28,2020-10-19,70.19508366394042,72.51372805023193,0.03303143561153132,15,close_exit
UPS,2020-09-28,2020-10-19,133.3129902580715,134.8963242492676,0.011876817016339025,15,close_exit
RH,2020-10-14,2020-10-20,394.3470688934326,371.9439398803711,-0.056810689821852556,3,open_exit
WHR,2020-09-29,2020-10-20,140.75300478343087,152.71128011322023,0.08495928984385737,15,close_exit
TWLO,2020-10-07,2020-10-21,298.149,313.83299523925785,0.0526045542304614,9,open_exit
OKTA,2020-10-07,2020-10-21,232.0159438934326,233.43322805023195,0.0061085636315163505,9,open_exit
WSM,2020-10-14,2020-10-22,47.40223319280485,44.306383120909686,-0.0653102156453903,5,open_exit
ZM,2020-10-16,2020-10-22,544.2719999999999,521.5191392822265,-0.041804209508799595,3,open_exit
AN,2020-10-21,2020-10-22,67.79388213729858,64.35780438995361,-0.050684186227690886,0,open_exit
VEEV,2020-10-13,2020-10-23,308.154,292.27380342102055,-0.051533313145308735,7,open_exit
PYPL,2020-10-22,2020-10-27,210.18564174442852,196.98461619713424,-0.06280650494359563,2,open_exit
FDX,2020-10-21,2020-10-28,209.64653009371466,190.29390293541644,-0.09231074394433025,4,open_exit
JCI,2020-10-22,2020-10-28,39.34390594139731,37.284132698623694,-0.052353044098917056,3,open_exit
GAP,2020-10-23,2020-10-28,17.411918059753265,16.032145603095138,-0.07924299045763361,2,open_exit
EVR,2020-10-22,2020-10-29,73.7849181204596,70.33332856021755,-0.046779066076986786,4,open_exit
TMO,2020-10-27,2020-10-30,477.7370823317251,461.57402105052034,-0.033832544884974336,2,open_exit
MTCH,2020-10-28,2020-11-02,118.20405899975725,112.76941137609643,-0.045976827442719026,2,open_exit
FSLR,2020-10-21,2020-11-05,85.51273622131347,82.26884255981446,-0.03793462593810082,10,open_exit
PWR,2020-11-03,2020-11-05,66.3111599727613,64.38468816154072,-0.029051999874710632,1,open_exit
SAIA,2020-10-15,2020-11-05,144.2720969467163,166.4067604904175,0.1534230389115101,15,close_exit
PINS,2020-10-20,2020-11-10,46.151062351226805,56.971500000000006,0.2344569571644013,14,open_exit
PEN,2020-10-30,2020-11-10,260.6602637786865,233.78304389953615,-0.10311207197262118,6,open_exit
HUBS,2020-11-05,2020-11-10,334.6272214508056,337.8410047607422,0.00960407015305842,2,open_exit
ENPH,2020-11-06,2020-11-10,123.75184744262694,117.21136164474488,-0.05285162147510014,1,open_exit
CROX,2020-10-20,2020-11-10,52.066020915985106,54.222875,0.0414253681397172,15,close_exit
GNRC,2020-10-20,2020-11-10,210.69529133605957,217.84102194976808,0.033914999088950015,15,close_exit
ALGN,2020-11-05,2020-11-12,486.7132362213134,455.4921412200928,-0.0641467966715088,4,open_exit
OLN,2020-11-11,2020-11-13,19.81710428296264,18.57666734629056,-0.06259425791781903,1,open_exit
RH,2020-11-12,2020-11-13,415.45762499999995,396.80150000000003,-0.04490500084093996,0,open_exit
RARE,2020-10-28,2020-11-18,92.6262918319702,113.99297805023194,0.23067625612198972,15,close_exit
SCCO,2020-10-28,2020-11-18,37.91348510437779,42.18641577148438,0.11270213369578097,15,close_exit
TT,2020-10-30,2020-11-19,123.22973942606212,133.99955599249236,0.08739624555395675,13,open_exit
CELH,2020-11-13,2020-11-27,10.702015050888061,10.341493956089021,-0.03368721620038495,8,open_exit
GM,2020-11-19,2020-12-01,40.94612613110612,42.98838575243928,0.04987674816401455,6,open_exit
XYZ,2020-11-27,2020-12-02,215.1075,200.0299398803711,-0.07009314003290856,2,open_exit
DAR,2020-11-10,2020-12-02,47.10354183197021,47.91602862739563,0.01724895334460741,15,close_exit
EXPE,2020-11-10,2020-12-02,120.84223420328775,126.24020830535889,0.04466959865199427,15,close_exit
URI,2020-11-10,2020-12-02,197.86469829602007,223.03552117919924,0.12721229759500496,15,close_exit
TKR,2020-11-10,2020-12-02,62.39233263723936,66.22868702316285,0.061487593487308256,15,close_exit
WSC,2020-11-11,2020-12-03,20.59922312460214,20.90278381252289,0.014736511473493419,15,close_exit
TTEK,2020-11-13,2020-12-07,23.051608026545523,23.06849042606354,0.0007323740495055464,15,close_exit
MRNA,2020-12-08,2020-12-10,165.832875,151.0544398803711,-0.08911643797786728,1,open_exit
WCC,2020-11-19,2020-12-11,60.129858230692086,72.10694911956787,0.19918708011791586,15,close_exit
JCI,2020-11-19,2020-12-11,41.159637582527075,40.90297730636597,-0.00623572731043831,15,close_exit
WMS,2020-12-03,2020-12-14,70.1286954786812,72.12575163795759,0.028477018510682184,6,open_exit
NWSA,2020-12-03,2020-12-14,17.463402622334566,17.227041109566944,-0.01353467694006727,6,open_exit
FRHC,2020-12-14,2020-12-15,46.12304847335815,43.69814122009278,-0.05257473938796697,0,open_exit
UBER,2020-12-03,2020-12-16,53.326649236679074,51.1544103050232,-0.04073458510424788,8,open_exit
SPOT,2020-12-03,2020-12-17,317.65875,322.96843988037114,0.016715075156504167,9,open_exit
AMD,2020-12-01,2020-12-22,92.29612499999999,93.11342366027833,0.008855178484235893,15,close_exit
CELH,2020-12-02,2020-12-23,11.612469898223877,14.326166348934175,0.233688136502757,15,close_exit
XYZ,2020-12-23,2020-12-28,241.48068061065672,232.26381488037111,-0.03816812884152054,1,open_exit
TSLA,2020-12-04,2020-12-28,197.10182807922362,221.1193807296753,0.1218535255837303,15,close_exit
CHWY,2020-12-14,2020-12-29,84.33214591598511,92.9535,0.10223093448379483,9,open_exit
AR,2020-12-24,2020-12-29,5.872934885501861,5.26736498093605,-0.1031119732079343,1,open_exit
ZG,2020-12-10,2020-12-30,119.0995209159851,137.77107633972167,0.15677271646548285,12,open_exit
RARE,2020-12-14,2020-12-30,145.8729030532837,148.42575000000002,0.017500487707328594,10,open_exit
PENN,2020-12-15,2020-12-31,79.56976377868652,87.16639408493043,0.0954713190725689,10,open_exit
NYT,2020-12-28,2021-01-05,48.60047895174042,46.45658268673856,-0.044112657143373424,4,open_exit
CNH,2020-12-29,2021-01-05,9.796815642251568,9.633382243362421,-0.016682298091258763,3,open_exit
BLDR,2020-12-31,2021-01-05,42.141058931350706,39.51023377990723,-0.06242902333634237,1,open_exit
WCC,2020-12-14,2021-01-06,73.05151260945787,81.62629595184326,0.11737995608971441,15,close_exit
ACHC,2020-12-16,2021-01-08,48.29413545799255,51.98399332237244,0.0764038496473225,15,close_exit
FRHC,2020-12-17,2021-01-11,45.372673473358155,49.86505438995361,0.09901071664276717,15,close_exit
DIS,2020-12-29,2021-01-15,174.61832257054863,167.60211601149618,-0.04018024257573427,11,open_exit
CLF,2020-12-31,2021-01-19,14.447219580173492,17.281355915069582,0.19617174911534474,10,open_exit
TPR,2021-01-05,2021-01-20,28.466209887216987,29.315739108777734,0.029843425764321196,9,open_exit
MSTR,2020-12-29,2021-01-21,36.71835076332092,51.37929627990723,0.39928115538434183,14,open_exit
JEF,2021-01-11,2021-01-22,21.126483869033134,20.610772237726074,-0.024410670251805655,7,open_exit
ALB,2021-01-05,2021-01-25,143.2433928937854,163.093180346952,0.13857384310831833,12,open_exit
FCX,2020-12-31,2021-01-25,24.684870196291502,26.917233045578005,0.09043445768744118,15,close_exit
BBWI,2021-01-07,2021-01-26,31.50113329738758,32.45016584324557,0.030126933431207537,11,open_exit
CZR,2021-01-19,2021-01-27,80.22009030532837,71.73411164474487,-0.1057837086481046,5,open_exit
ROKU,2021-01-20,2021-01-27,443.0414173278808,394.75253720092775,-0.10899405391531602,4,open_exit
MOS,2021-01-05,2021-01-27,21.049749117287366,23.582199049949647,0.12030784398197292,15,close_exit
PENN,2021-01-12,2021-01-28,100.49022244262694,100.83955438995362,0.0034762779784482944,10,open_exit
FRHC,2021-01-15,2021-01-28,52.37617347335815,49.975,-0.04584476707867058,7,open_exit
DAR,2021-01-21,2021-01-28,69.10453469467163,61.76909923744202,-0.10614984225912472,4,open_exit
MRVL,2021-01-26,2021-01-28,53.7956433125636,50.48212006672064,-0.06159463930175002,1,open_exit
GME,2021-01-22,2021-01-29,10.652823788166046,94.88003411483766,7.906561865806651,4,open_exit
AXON,2021-01-25,2021-01-29,173.54673671722412,161.5192061004639,-0.0693042741354325,3,open_exit
PSKY,2021-01-26,2021-01-29,42.48731328208016,44.86449169733397,0.05595031155468311,2,open_exit
M,2021-01-28,2021-01-29,14.643109347243739,13.88633007724108,-0.05168159658283955,0,open_exit
AR,2021-01-29,2021-02-01,7.493744771003723,7.22638501906395,-0.035677723235823744,0,open_exit
MRNA,2021-02-01,2021-02-02,173.1165137786865,158.44074427032473,-0.084773943213317,0,open_exit
NTAP,2021-01-28,2021-02-03,60.63484299612954,57.56181176046593,-0.0506809465287108,3,open_exit
IRDM,2021-01-29,2021-02-10,47.55220217904998,46.61542312006896,-0.01970001421708567,7,open_exit
PRI,2021-01-29,2021-02-12,131.21222002613413,131.56114313457599,0.002659227230301875,9,open_exit
PPLI,2021-01-27,2021-02-18,112.67766382598876,143.03300094604492,0.26939977356057665,15,close_exit
UI,2021-01-28,2021-02-19,284.76748207857645,328.47200386047365,0.1534744116950746,15,close_exit
ABT,2021-01-29,2021-02-22,108.34942169644552,110.67148011839303,0.02143120272901,14,open_exit
PTC,2021-01-29,2021-02-22,137.73883316802977,142.87852194976807,0.03731474024807735,15,close_exit
BX,2021-01-29,2021-02-22,54.43351142271578,57.46376549339295,0.05566890673550429,15,close_exit
TROW,2021-01-29,2021-02-22,125.86819673375744,126.58643250656128,0.005706252980831161,15,close_exit
ROKU,2021-02-10,2021-02-23,469.4546112213134,412.8035047607422,-0.12067429972237376,7,open_exit
FRHC,2021-02-12,2021-02-23,59.049510457992554,55.452259542465214,-0.0609192334979034,5,open_exit
MU,2021-02-19,2021-02-23,88.05014282015337,83.07912828394716,-0.05645663228916897,1,open_exit
EXP,2021-02-02,2021-02-24,114.70193442791465,125.11015837860108,0.09074148577003793,15,close_exit
SLM,2021-02-03,2021-02-25,13.238955215143642,13.341347496509552,0.007734166307080459,15,close_exit
FCX,2021-02-22,2021-02-26,35.22824577040411,32.062900752923866,-0.08985247344162406,3,open_exit
BYD,2021-02-23,2021-02-26,53.47309948807129,54.173649716377504,0.01310098413993166,2,open_exit
MGM,2021-02-23,2021-02-26,38.4952178752435,37.627674952986,-0.022536381663536997,2,open_exit
OLN,2021-02-25,2021-02-26,29.43134445416456,27.62890528333155,-0.06124216220023759,0,open_exit
ATI,2021-02-23,2021-03-01,20.090039923667906,20.349820610046386,0.012930819817457584,3,open_exit
WMS,2021-02-23,2021-03-05,100.99115948240345,102.75010961870063,0.017416872380831228,7,open_exit
TNL,2021-03-01,2021-03-05,50.379071938684845,48.04068203347458,-0.046415898809256784,3,open_exit
CZR,2021-03-01,2021-03-05,96.048,91.77408969497681,-0.04449765018556551,3,open_exit
AR,2021-03-05,2021-03-10,10.095045152664184,9.295350190639496,-0.07921658099901019,2,open_exit
GE,2021-02-23,2021-03-11,61.254443366091955,61.67575763196807,0.006878101289045979,11,open_exit
ORCL,2021-02-26,2021-03-12,60.81019882414001,62.065646562450866,0.020645348355816884,9,open_exit
LYFT,2021-02-22,2021-03-15,58.16906938934326,67.38628816986085,0.1584556685757501,15,close_exit
ALK,2021-02-23,2021-03-16,64.75236122131348,70.56469847488404,0.08976255296243019,15,close_exit
AR,2021-03-11,2021-03-17,10.455224809169769,9.805095419406891,-0.06218224874444411,3,open_exit
PENN,2021-03-16,2021-03-17,137.13854232788086,122.21885877990724,-0.10879278206343002,0,open_exit
TPL,2021-03-05,2021-03-19,124.34815539098501,159.91790218311067,0.28604965373458513,9,open_exit
TRGP,2021-03-05,2021-03-19,30.75589748317466,28.810427725274586,-0.06325517761152522,9,open_exit
COTY,2021-03-10,2021-03-19,8.68434030532837,8.495750000000001,-0.021716134870101378,6,open_exit
ACHC,2021-03-01,2021-03-22,56.03800332069397,57.58119561004639,0.027538316819053277,14,open_exit
SLM,2021-03-01,2021-03-22,14.129270593817436,15.282678095817566,0.08163248727820593,15,close_exit
MAT,2021-03-01,2021-03-22,20.600295152664184,20.86955916118622,0.013070881097895892,15,close_exit
PSKY,2021-03-12,2021-03-24,76.0174867539305,74.46804042032247,-0.02038276191139554,7,open_exit
WBD,2021-03-19,2021-03-24,75.89793061065673,70.72462213516236,-0.06816139035506175,2,open_exit
CNH,2021-03-19,2021-03-24,11.9884107866021,11.722917913499542,-0.02214579378605097,2,open_exit
LNC,2021-03-19,2021-03-24,48.59871577262878,46.15081365720859,-0.05036968727471747,2,open_exit
WAL,2021-03-22,2021-03-24,88.78110417794251,83.95220414178344,-0.05439107883227701,1,open_exit
NWSA,2021-03-17,2021-03-25,25.28682310449538,24.20102290675088,-0.04293936779869634,5,open_exit
PM,2021-03-17,2021-04-05,68.31266910232766,69.1999144343514,0.01298800564642999,11,open_exit
ELV,2021-03-25,2021-04-05,335.61612232843004,330.6243725730779,-0.01487339082735506,5,open_exit
ALLE,2021-03-17,2021-04-08,113.05257645050261,121.94193584823608,0.07863031234520745,15,close_exit
EOG,2021-04-05,2021-04-13,57.9113531834112,54.0525848647279,-0.06663232866381463,5,open_exit
MO,2021-03-23,2021-04-14,33.86562929085691,34.06406117750525,0.005859388731392023,14,open_exit
SNX,2021-03-23,2021-04-14,103.15770552479145,113.15357709884644,0.09689893278648709,15,close_exit
HD,2021-03-24,2021-04-15,254.20550456241045,283.3446459655762,0.11462828648547907,15,close_exit
LH,2021-03-25,2021-04-16,202.9751401158324,213.951289932251,0.05407632585032229,15,close_exit
ODFL,2021-03-25,2021-04-16,114.09307292470493,122.44504110336304,0.07320311360331178,15,close_exit
AZO,2021-03-25,2021-04-16,1350.1447056884765,1495.0920458374023,0.10735689258953407,15,close_exit
ACN,2021-03-25,2021-04-16,243.7066824853816,263.281989440918,0.08032322608433429,15,close_exit
LSCC,2021-04-19,2021-04-21,56.76837167930603,52.933519084930424,-0.06755262624123382,1,open_exit
LPX,2021-04-05,2021-04-22,53.92295942917326,59.23734424946756,0.09855514008415356,12,open_exit
UTHR,2021-04-09,2021-04-30,199.94993110656736,201.45921755981448,0.0075483219468712726,15,close_exit
BG,2021-04-19,2021-05-03,72.48086851984539,73.87656331541346,0.019256044030238506,9,open_exit
OLN,2021-04-13,2021-05-04,36.62458331863039,40.910385557174685,0.1170198224853023,15,close_exit
PWR,2021-04-14,2021-05-05,92.74841157541272,96.50063759231568,0.040455959872176095,15,close_exit
LPX,2021-05-05,2021-05-06,68.56986555087323,65.24866380433727,-0.04843529617353415,0,open_exit
AA,2021-04-15,2021-05-06,31.872927197541998,37.95996102523804,0.19097818628235275,15,close_exit
KIM,2021-04-16,2021-05-07,15.984443224797033,17.082919263839724,0.06872157031648118,15,close_exit
WAL,2021-04-19,2021-05-10,91.4271338523083,94.06877155303955,0.028893366656320696,15,close_exit
BRX,2021-04-19,2021-05-10,16.798520777377426,17.84396547603607,0.062234330779085356,15,close_exit
SLM,2021-04-22,2021-05-12,17.44771616116182,17.74217132817912,0.01687643037618569,13,open_exit
XRAY,2021-05-03,2021-05-12,60.92755033404022,59.52164034263147,-0.023075111073738164,6,open_exit
QSR,2021-05-03,2021-05-12,57.6848344649249,56.49495248027324,-0.02062729304311617,6,open_exit
CHRD,2021-05-06,2021-05-12,49.38824740459273,46.6368956453927,-0.055708633202970814,3,open_exit
MAN,2021-04-21,2021-05-12,92.16224896692275,97.94955876541138,0.06279479790652376,15,close_exit
OLN,2021-05-12,2021-05-13,42.01198325673514,40.04261997536504,-0.04687622741671882,0,open_exit
DVN,2021-05-10,2021-05-14,20.42118750924917,19.467510579265376,-0.046700365958240786,3,open_exit
CLF,2021-05-07,2021-05-17,20.560274236679074,19.890049618721008,-0.03259803883171952,5,open_exit
AA,2021-05-12,2021-05-20,39.179132534996924,34.60075676185888,-0.116857507476675,5,open_exit
FCX,2021-05-12,2021-05-20,41.056094678962765,38.185155427400645,-0.06992723672359402,5,open_exit
SLB,2021-05-13,2021-05-20,28.289325714752895,28.537587684501922,0.008775817856258028,4,open_exit
BBWI,2021-05-11,2021-05-21,48.272592130131734,46.54244547882876,-0.035841179745204066,7,open_exit
MTDR,2021-05-06,2021-05-27,26.39119690846569,28.01573022937775,0.06155587889956382,15,close_exit
AR,2021-05-11,2021-06-02,10.915454847335814,13.003495228767395,0.1912921092739639,15,close_exit
RRC,2021-05-12,2021-06-03,11.36764084360051,13.821281474113466,0.21584431319311514,15,close_exit
CME,2021-05-13,2021-06-04,172.83112237250003,176.18409593963625,0.019400288102680907,15,close_exit
DXC,2021-05-14,2021-06-07,36.018,40.33982061004639,0.11999057721268214,15,close_exit
AFG,2021-05-21,2021-06-08,77.89918379719994,77.8374759064665,-0.0007921506712328386,10,open_exit
DDS,2021-05-17,2021-06-08,98.6187340985423,134.76113796997072,0.3664861874551546,15,close_exit
CELH,2021-06-07,2021-06-09,26.489905737876892,24.457764313697815,-0.07671380352529511,1,open_exit
COF,2021-05-28,2021-06-10,147.69455270675826,148.60454261852576,0.006161296372075631,7,open_exit
TGT,2021-05-20,2021-06-11,187.679091337921,200.08366971588137,0.06609462082073714,15,close_exit
VVV,2021-05-21,2021-06-14,31.798657339704974,33.090078916549686,0.040612456150222354,15,close_exit
EPAM,2021-05-21,2021-06-14,476.31802656555175,507.9558864593506,0.06642171433636634,15,close_exit
CLF,2021-06-10,2021-06-15,23.54176568698883,22.598695610046388,-0.04005944539086381,2,open_exit
LLY,2021-06-08,2021-06-16,211.59847723536757,213.1222237414049,0.00720112226678471,5,open_exit
STLD,2021-06-09,2021-06-17,61.17601790568787,57.71858226661611,-0.056516193067713605,5,open_exit
CAR,2021-06-14,2021-06-17,89.79200420382888,82.99785419352945,-0.07566542333632109,2,open_exit
PR,2021-06-03,2021-06-18,5.1170157014690885,5.302513371455844,0.03625114340249125,10,open_exit
IVZ,2021-06-04,2021-06-18,23.86169439767178,21.547924528698836,-0.0969658663132783,9,open_exit
RRC,2021-06-09,2021-06-18,14.61279671716909,13.332119309285817,-0.08764081460043582,6,open_exit
CROX,2021-06-15,2021-06-21,112.52623622131347,105.84705152511597,-0.05935668800883964,3,open_exit
BIIB,2021-06-08,2021-06-22,389.29455610656737,379.76003720092774,-0.024491785862604254,9,open_exit
CHRD,2021-06-22,2021-06-29,63.05349535954441,59.257794796129986,-0.06019809911838403,4,open_exit
FTNT,2021-06-18,2021-07-01,47.42370152664184,47.548212596893315,0.002625502992032791,8,open_exit
FANG,2021-06-16,2021-07-07,72.8994387323977,73.7806603267573,0.012088180782768854,13,open_exit
AFG,2021-06-17,2021-07-07,82.75844018210142,78.58283407934817,-0.05045535045809535,12,open_exit
DT,2021-06-15,2021-07-07,56.028,62.26884923744202,0.1113880423617124,15,close_exit
SPGI,2021-06-15,2021-07-07,362.0165854874202,380.1088922271729,0.04997645816528862,15,close_exit
SLM,2021-07-01,2021-07-08,18.795988349063308,17.34035308076354,-0.07744393331528698,3,open_exit
NVDA,2021-06-18,2021-07-09,18.728614141984895,19.88374246674033,0.061677191702397494,13,open_exit
GNRC,2021-06-17,2021-07-09,369.1945147705078,436.1518101196289,0.18136048253788917,15,close_exit
EXR,2021-06-18,2021-07-12,132.64342370774003,142.9974504928589,0.07805910384168313,15,close_exit
HUBS,2021-06-21,2021-07-13,588.604152557373,576.1317729187012,-0.021189758149822158,15,close_exit
CG,2021-07-07,2021-07-14,40.53962014287209,39.75747341090681,-0.019293390742409322,4,open_exit
ZBRA,2021-06-29,2021-07-15,529.9548474426269,528.5955553588867,-0.002564920559364081,10,open_exit
AMG,2021-07-08,2021-07-15,172.31001214074544,167.66534227346258,-0.026955310429024992,4,open_exit
TROW,2021-07-12,2021-07-15,165.21698037157168,162.7228786861966,-0.01509591616894268,2,open_exit
CUBE,2021-07-07,2021-07-20,38.35622445164659,38.230137164479636,-0.003287270553072874,8,open_exit
JCI,2021-07-08,2021-07-20,61.99261750994113,61.921553202551415,-0.0011463350031689634,7,open_exit
AXP,2021-07-12,2021-07-20,160.12139788693665,153.25514391618924,-0.04288155150628736,5,open_exit
BBWI,2021-07-13,2021-07-20,54.661575265222496,50.676215923320726,-0.07290970526488627,4,open_exit
V,2021-07-14,2021-07-20,234.4110960033109,231.6927287787464,-0.011596580839868142,3,open_exit
EPR,2021-07-15,2021-07-20,38.22755396318406,35.11471707355095,-0.08142914120613098,2,open_exit
WELL,2021-07-15,2021-07-20,77.75894565808763,75.04797596647559,-0.03486376607435482,2,open_exit
ORCL,2021-07-08,2021-07-29,79.22570833134117,81.92385978125982,0.034056514062762666,14,open_exit
DOCU,2021-07-20,2021-08-04,291.7458061065674,293.20333110046386,0.004995872994191686,10,open_exit
MSFT,2021-07-14,2021-08-04,271.1058925978272,274.8252261657715,0.013719117398387715,15,close_exit
MRNA,2021-07-15,2021-08-05,246.78333366394043,416.0518797607422,0.6858994227191406,15,close_exit
CPT,2021-07-21,2021-08-10,123.18184604722825,122.83191513254843,-0.0028407669304262306,13,open_exit
KR,2021-07-20,2021-08-10,36.88411301868292,38.43759303092957,0.04211786281697405,15,close_exit
COST,2021-07-20,2021-08-10,391.7981262583442,419.637457901001,0.07105529551282252,15,close_exit
HCA,2021-07-21,2021-08-11,240.80206709434506,230.80435629354454,-0.04151837615614595,14,open_exit
MRNA,2021-08-10,2021-08-11,485.74275,443.34822232055666,-0.08727773637268565,0,open_exit
BX,2021-07-21,2021-08-11,87.06303624194217,96.06128218460084,0.10335322923557544,15,close_exit
AN,2021-07-21,2021-08-11,116.14804133605956,116.93150286483765,0.006745370130790684,15,close_exit
AMKR,2021-08-05,2021-08-13,25.00006042955747,24.311684709313877,-0.027534962252720452,5,open_exit
BBWI,2021-08-04,2021-08-16,57.4290716960336,54.09759647689716,-0.05801025718767683,7,open_exit
AA,2021-08-11,2021-08-18,41.41766478727566,39.04480299702605,-0.05729105690619718,4,open_exit
CLF,2021-08-11,2021-08-18,26.19309030532837,23.988,-0.08418595437285215,4,open_exit
RH,2021-08-12,2021-08-18,734.176902557373,687.6560000000001,-0.06336470460365307,3,open_exit
ARES,2021-08-16,2021-08-19,63.595814608508924,60.37746262362612,-0.050606348934984724,2,open_exit
GOOGL,2021-07-29,2021-08-19,135.02080667407787,134.42019829559328,-0.004448265369458082,15,close_exit
NUE,2021-08-11,2021-08-20,113.2524925110133,109.48334982342416,-0.03328088065896306,6,open_exit
STLD,2021-08-11,2021-08-20,64.64989806265879,62.58296039875999,-0.03197124397466988,6,open_exit
EXP,2021-08-12,2021-08-20,151.2035423187082,144.71809746424046,-0.04289214892067583,5,open_exit
UNH,2021-08-20,2021-08-26,392.5676480966429,384.3198087852539,-0.021009982232052304,3,open_exit
IT,2021-08-06,2021-08-27,297.10847145080567,307.6460877990723,0.03546723624813031,15,close_exit
CBOE,2021-08-20,2021-08-31,120.1542255090157,118.00293949144555,-0.017904372554993775,6,open_exit
DDS,2021-08-13,2021-09-01,151.40623142130815,147.92371922979532,-0.023001115336014566,12,open_exit
BILL,2021-08-30,2021-09-01,290.145,273.01341889953613,-0.05904489514023625,1,open_exit
M,2021-08-20,2021-09-07,17.903553244408094,18.100055555670338,0.010975604036791875,10,open_exit
CSL,2021-08-26,2021-09-07,200.06542006473305,196.04967422747274,-0.020072163575099444,6,open_exit
DKS,2021-09-07,2021-09-09,124.49947493861613,115.40378892088057,-0.0730580271299951,1,open_exit
MDB,2021-09-07,2021-09-09,515.0573877868652,472.993395980835,-0.08166855345338064,1,open_exit
EW,2021-08-18,2021-09-09,117.56875713729858,122.01896183013916,0.037851932785540665,15,close_exit
REGN,2021-08-18,2021-09-09,644.99777256782,640.4968521118165,-0.006978195348000593,15,close_exit
ISRG,2021-08-18,2021-09-09,344.6488923797607,356.49167842102054,0.03436188626485004,15,close_exit
CACC,2021-08-20,2021-09-10,581.6106673278808,611.5040925598145,0.05139765638975358,13,open_exit
A,2021-08-19,2021-09-10,156.17833237060526,170.96467631530763,0.0946760265669564,15,close_exit
ACI,2021-09-01,2021-09-13,20.083515347723605,19.95822293912374,-0.006238569614460787,6,open_exit
WST,2021-08-31,2021-09-14,447.34187848866236,438.8748916339477,-0.01892732887723425,8,open_exit
POOL,2021-09-01,2021-09-14,462.7130694377077,450.7762018720762,-0.025797558690393796,7,open_exit
NTAP,2021-09-10,2021-09-20,82.45910231248764,78.94243075299816,-0.04264746354092819,5,open_exit
MRSH,2021-09-10,2021-09-20,148.93484697353915,142.37006090048826,-0.044078240965442106,5,open_exit
JCI,2021-09-10,2021-09-21,69.62318928731038,66.83047375223124,-0.040111858759508845,6,open_exit
AR,2021-09-14,2021-09-21,16.658324618339538,16.611690838813782,-0.00279942794933985,4,open_exit
BILL,2021-09-09,2021-09-22,295.1475,276.2118311004639,-0.06415662981911108,8,open_exit
AVTR,2021-09-13,2021-09-28,41.85091683197021,41.47925,-0.00888073332927064,10,open_exit
TECH,2021-09-20,2021-09-28,128.5545876364287,123.03720609969278,-0.04291858920149838,5,open_exit
TEAM,2021-09-22,2021-09-28,406.1629714508056,383.5181364593506,-0.05575307594035006,3,open_exit
RGEN,2021-09-22,2021-09-28,314.157,299.4002127990723,-0.04697265125694383,3,open_exit
DDOG,2021-09-09,2021-09-29,140.07,138.75059732055664,-0.009419595055639052,13,open_exit
LULU,2021-09-10,2021-09-29,424.212,417.86097232055664,-0.014971353190016634,12,open_exit
LSCC,2021-09-14,2021-09-29,64.54225713729858,64.88753816986085,0.0053496894573699105,10,open_exit
PCTY,2021-09-21,2021-09-29,281.6807785491943,281.21930535888674,-0.0016382842758544403,5,open_exit
AR,2021-09-28,2021-09-29,19.449720534324644,18.26086545753479,-0.06112453259633088,0,open_exit
PANW,2021-09-13,2021-09-30,78.70766912841796,78.778927318573,0.0009053525653106576,12,open_exit
PWR,2021-09-20,2021-10-01,114.37938264900211,113.40156524296242,-0.008548895643547327,8,open_exit
ORCL,2021-09-28,2021-10-01,84.77425722804529,81.99860853460899,-0.032741645685785414,2,open_exit
PAG,2021-09-30,2021-10-01,94.49298155652195,89.80588373292615,-0.04960260271597172,0,open_exit
AN,2021-09-30,2021-10-04,125.90291633605956,119.03045133972168,-0.054585431349293945,1,open_exit
CF,2021-10-04,2021-10-18,55.583527306855245,53.157759164307556,-0.043641853262675445,9,open_exit
TRGP,2021-09-28,2021-10-19,45.14258793417661,50.548016571044926,0.11974122185352076,15,close_exit
OVV,2021-09-28,2021-10-19,29.604741575620707,34.856422475814824,0.17739323570109589,15,close_exit
MTDR,2021-09-29,2021-10-20,34.16489908440501,41.40678411483765,0.21196857665352486,15,close_exit
AA,2021-10-18,2021-10-21,52.38172736802641,49.1985501642714,-0.06076884752941547,2,open_exit
FDS,2021-09-30,2021-10-21,379.4571073324193,405.894149887085,0.06967070070321757,15,close_exit
AZO,2021-09-30,2021-10-21,1728.2036358032226,1806.7762136840822,0.04546488402932969,15,close_exit
AM,2021-09-30,2021-10-21,7.556497896904053,8.08967929506302,0.07055932595143255,15,close_exit
SYF,2021-10-20,2021-10-22,45.943107702896924,44.0637966887058,-0.040905178342400705,1,open_exit
AR,2021-10-04,2021-10-25,19.779885457992552,21.419285305023195,0.08288217090601013,15,close_exit
DVN,2021-10-04,2021-10-25,29.8047274534134,32.28396362113953,0.08318264851109025,15,close_exit
COP,2021-10-04,2021-10-25,59.76267123329013,64.48085837173463,0.07894873239562106,15,close_exit
PAG,2021-10-22,2021-10-28,98.46656769735019,93.40166140058108,-0.051437827226158195,3,open_exit
AR,2021-10-26,2021-10-28,21.40069438934326,19.740125000000003,-0.07759418265279094,1,open_exit
MTDR,2021-10-21,2021-10-29,41.2999622548992,39.25915555461687,-0.049414250978891405,5,open_exit
MRSH,2021-10-20,2021-11-02,153.02497445147523,151.47120109677587,-0.01015372399354375,8,open_exit
NFLX,2021-10-22,2021-11-08,65.2135902557373,64.99648482894898,-0.003329143909067689,10,open_exit
TSLA,2021-10-28,2021-11-10,356.281384185791,336.63494305419925,-0.05514304705111028,8,open_exit
TEAM,2021-10-22,2021-11-11,418.8793484344482,438.4906364593506,0.0468184647875316,13,open_exit
CELH,2021-10-26,2021-11-11,33.34999872779846,35.16574268341065,0.05444509819722132,11,open_exit
WCC,2021-10-21,2021-11-11,123.54586530152008,132.5931093673706,0.07322984094830098,15,close_exit
RHI,2021-10-22,2021-11-12,92.50633265527465,96.99514881896974,0.04852442027317938,15,close_exit
PR,2021-10-26,2021-11-16,6.504680334137332,6.255580075979233,-0.03829554188094242,15,close_exit
ENPH,2021-10-28,2021-11-18,216.32811122131346,254.3527557296753,0.175773015784624,15,close_exit
CHRD,2021-10-29,2021-11-19,77.97246555297443,81.36950455093384,0.0435671614828117,15,close_exit
DVN,2021-11-02,2021-11-22,33.190539558509776,32.148993015283146,-0.03138082589439517,13,open_exit
DDOG,2021-11-08,2021-11-23,186.37913848114013,170.5246956100464,-0.08506554435381763,10,open_exit
HUBS,2021-11-10,2021-11-23,837.598582672119,766.9663005981446,-0.0843271270214454,8,open_exit
U,2021-11-11,2021-11-23,180.0399719467163,174.30280438995362,-0.03186607670912445,7,open_exit
ENPH,2021-11-22,2021-11-24,269.2945836639404,251.75406488037112,-0.06513505969900435,1,open_exit
DDS,2021-11-12,2021-11-29,253.9781342115351,287.6429443889539,0.13255003341893912,9,open_exit
DKS,2021-11-23,2021-11-30,119.35014750487076,108.82516181963895,-0.08818577861248378,3,open_exit
PFE,2021-11-29,2021-11-30,42.72168092499,40.48119520679435,-0.05244376320607458,0,open_exit
INTU,2021-11-22,2021-12-01,668.335037923515,644.4517310125498,-0.035735530169373586,5,open_exit
F,2021-11-23,2021-12-01,15.228173844537944,14.617244658137386,-0.040118348571367646,4,open_exit
BLDR,2021-11-23,2021-12-01,71.05550664138794,71.51422805023194,0.0064558178602418526,4,open_exit
TTD,2021-11-15,2021-12-02,99.95995866394043,95.26934284210206,-0.04692494759434562,11,open_exit
AMD,2021-11-17,2021-12-02,152.05598572540282,147.60615267944337,-0.029264438520660296,9,open_exit
TTEK,2021-11-24,2021-12-02,36.76510553058513,35.08807709299513,-0.04561467765120031,4,open_exit
FDS,2021-11-11,2021-12-03,426.8440401016008,444.13228443908696,0.04050248501389664,15,close_exit
NVDA,2021-11-19,2021-12-06,32.1535860816793,29.771005697824904,-0.07409998927652928,9,open_exit
HPQ,2021-12-02,2021-12-14,30.49638793919599,29.487000014266577,-0.03309860587233937,7,open_exit
MRVL,2021-12-06,2021-12-15,82.09181688379633,83.8952678655298,0.021968705897767116,6,open_exit
FWONK,2021-12-01,2021-12-17,59.60694846153259,56.74491352081299,-0.048015122642398156,11,open_exit
LRCX,2021-12-02,2021-12-17,65.01427184467312,63.389375497309594,-0.024992917728058228,10,open_exit
ON,2021-12-06,2021-12-17,64.0820280532837,60.16990076255799,-0.061048743455385135,8,open_exit
AAPL,2021-12-01,2021-12-20,163.81652157772868,164.4345321518178,0.00377257780922835,12,open_exit
NVR,2021-12-02,2021-12-20,5432.194720458984,5576.0304143066405,0.02647837591423885,11,open_exit
KEYS,2021-12-14,2021-12-21,203.24156938934325,195.50220610046387,-0.03807962766737616,4,open_exit
P,2021-11-30,2021-12-21,31.705845534324645,32.933525762557984,0.03872094270137838,15,close_exit
COST,2021-11-30,2021-12-21,523.2738774089921,517.4662961120606,-0.011098550009199681,15,close_exit
PFE,2021-12-02,2021-12-23,41.69140992244851,45.43396339607239,0.08976797571935147,15,close_exit
RSG,2021-12-17,2022-01-04,130.97713564700712,128.53134988138444,-0.018673379544764557,10,open_exit
CUBE,2021-12-20,2022-01-04,44.561373454069916,44.30473135638276,-0.005759295052960578,9,open_exit
MORN,2021-12-22,2022-01-04,325.3955376005272,327.1787185308172,0.005480041132214675,7,open_exit
P,2021-12-27,2022-01-04,33.34666683197021,32.11393606758118,-0.03696713589398937,5,open_exit
UNH,2021-12-15,2022-01-05,443.4404540843788,456.05849658891356,0.028454874579696643,13,open_exit
FDS,2021-12-22,2022-01-05,452.6030493038836,450.1889404723683,-0.00533383245037411,8,open_exit
ACN,2021-12-17,2022-01-06,366.13012617455587,354.9950002619751,-0.030413028364871475,12,open_exit
AVGO,2021-12-21,2022-01-06,59.84442060171256,59.0521722299876,-0.013238466740244204,10,open_exit
CSL,2021-12-17,2022-01-10,232.0478619534783,225.86999865980297,-0.026623228680787814,14,open_exit
ON,2022-01-04,2022-01-10,70.58527805328369,62.97849332237244,-0.10776729851753242,3,open_exit
MCK,2021-12-20,2022-01-11,227.14201008792577,249.00847486114503,0.09626781397573625,15,close_exit
PG,2022-01-06,2022-01-12,145.49819542656456,139.97525145785153,-0.03795884857898846,3,open_exit
LPLA,2022-01-10,2022-01-19,173.7314100210629,166.2727722254957,-0.04293200518353568,5,open_exit
F,2022-01-04,2022-01-20,16.78602672938055,16.292680128298752,-0.029390314279572394,10,open_exit
AIG,2022-01-10,2022-01-20,55.22305912376369,53.2814059356011,-0.03516018885898797,6,open_exit
HUN,2022-01-04,2022-01-21,29.742664437340594,29.977348018187598,0.007890469306857772,11,open_exit
RRX,2022-01-05,2022-01-21,168.7056412679009,156.56704980471073,-0.0719513074486604,10,open_exit
DVN,2022-01-04,2022-01-24,37.47601486057426,35.965927400873305,-0.04029477161109807,12,open_exit
CHRD,2022-01-05,2022-01-24,88.63526341606975,79.4239000304449,-0.10392436408052474,11,open_exit
MPC,2022-01-06,2022-01-24,63.18115009657344,62.45770237808571,-0.011450372735886005,10,open_exit
APA,2022-01-12,2022-01-24,28.296554033414367,25.058572829586286,-0.11443023062117275,6,open_exit
FANG,2022-01-12,2022-01-24,102.69703360349065,92.27860306280529,-0.10144821301178497,6,open_exit
AR,2022-02-03,2022-02-09,20.83040969467163,19.450269084930422,-0.06625604728716616,3,open_exit
ABBV,2022-01-19,2022-02-09,116.16656403473442,121.82700310897827,0.04872692173757809,15,close_exit
EXC,2022-02-03,2022-02-11,35.92158409906537,35.8261548072414,-0.0026566003203196686,5,open_exit
WRB,2022-02-03,2022-02-15,35.554562096869724,36.23646790381123,0.019179136704978506,7,open_exit
CTSH,2022-02-10,2022-02-15,83.38497631548515,80.66374567066265,-0.032634543596040455,2,open_exit
MPC,2022-02-03,2022-02-18,71.14895617406832,69.45204238570646,-0.023850157185866472,10,open_exit
BMRN,2022-02-10,2022-02-22,91.19557652664184,83.85805152511597,-0.08045922051254639,6,open_exit
MCK,2022-02-03,2022-02-23,264.38933865619197,264.7211503274465,0.0012550115407110596,12,open_exit
MET,2022-02-03,2022-02-24,60.70364335984189,57.44739458135291,-0.05364173545871764,13,open_exit
CB,2022-02-03,2022-02-24,194.8794017605121,185.39281329238787,-0.048679277452741476,13,open_exit
MOS,2022-02-03,2022-02-25,38.591155893950265,44.119892976760866,0.14326435564676387,15,close_exit
ADM,2022-02-03,2022-02-25,66.81116066446262,69.65005592727661,0.042491332803981985,15,close_exit
WAB,2022-03-29,2022-04-04,96.60995819847909,93.14596684288266,-0.03585542753760318,3,open_exit
KEX,2022-03-30,2022-04-04,74.80738164138793,70.8245706100464,-0.05324088270371985,2,open_exit
SAIC,2022-03-29,2022-04-12,87.45817511553592,84.55994817242878,-0.03313843376309267,9,open_exit
IDA,2022-03-28,2022-04-14,99.79095046994874,99.75242028876636,-0.00038610897081281514,12,open_exit
MTDR,2022-03-28,2022-04-19,51.07107505692416,53.441165372848516,0.04640768406152884,15,close_exit
NFG,2022-03-28,2022-04-19,59.35953505033991,64.22357893371583,0.08194208191238306,15,close_exit
EIX,2022-03-28,2022-04-19,55.55348007720621,58.50491641044617,0.053127838780543835,15,close_exit
KMI,2022-03-28,2022-04-19,14.752567785722142,15.422384437561035,0.04540339428144535,15,close_exit
AM,2022-03-28,2022-04-19,8.39585343668565,8.469111943244934,0.008725558052166793,15,close_exit
OGE,2022-03-30,2022-04-21,33.59049728816615,35.281872638702396,0.05035279281596461,15,close_exit
TRGP,2022-04-04,2022-04-25,70.22056503280186,67.06805087726555,-0.04489445725854935,13,open_exit
HSY,2022-04-04,2022-04-26,195.94052335364785,197.36757543945313,0.007283088058459564,15,close_exit
WPC,2022-08-01,2022-08-05,68.9984863170394,64.60596060843501,-0.06366118944147958,3,open_exit
ALSN,2022-08-01,2022-08-05,39.283379901616435,35.37071619273925,-0.09960099458540184,3,open_exit
CELH,2022-08-05,2022-08-10,34.48723622131347,32.217216920852664,-0.0658220126974951,2,open_exit
SIRI,2022-08-01,2022-08-18,57.90239906591396,57.41992691171138,-0.00833250714971856,12,open_exit
O,2022-08-01,2022-08-19,59.38559808170056,58.72184011606174,-0.011177086483588838,13,open_exit
LNG,2022-08-01,2022-08-22,142.19933278140536,159.13441276550293,0.11909394828266096,15,close_exit
HEI,2022-08-01,2022-08-22,157.37345758006202,158.17198833465577,0.005074113302667271,15,close_exit
SO,2022-08-01,2022-08-22,66.38471872433588,69.03152227020264,0.039870675009676226,15,close_exit
GWW,2022-08-01,2022-08-22,521.4812501293366,553.0057684631348,0.060451873055799465,15,close_exit
RSG,2022-08-01,2022-08-22,131.42605488082893,139.29951705932618,0.0599079245408114,15,close_exit
CHRW,2022-08-01,2022-08-22,100.46840226197753,105.60355913543702,0.05111215822930326,15,close_exit
GLPI,2022-08-19,2022-08-24,40.63934146752554,39.498743256415025,-0.02806635565248894,2,open_exit
SRPT,2022-08-05,2022-08-26,100.65029847335815,111.83405438995362,0.11111498014639065,15,close_exit
CELH,2022-08-24,2022-08-30,38.119048473358156,35.395627225875856,-0.07144515292362896,3,open_exit
SMCI,2022-08-18,2022-08-31,6.793394961833953,6.48975353050232,-0.0446965667442456,8,open_exit
LNG,2022-08-24,2022-08-31,165.7139832823143,153.24054659560753,-0.07527087599757187,4,open_exit
CF,2022-08-25,2022-08-31,105.90239588028135,96.20292065367504,-0.09158881766538318,3,open_exit
NBIX,2022-08-10,2022-08-31,108.05399999999999,104.57768225479127,-0.0321720412498262,15,close_exit
ACHC,2022-08-24,2022-09-01,82.61128469467162,81.41926908493042,-0.014429210417763794,5,open_exit
CLH,2022-08-25,2022-09-01,122.86140305328368,116.46173664474487,-0.05208850175480528,4,open_exit
OXY,2022-08-24,2022-09-02,69.65099493790073,66.25948480893096,-0.048692917193696394,6,open_exit
SJM,2022-08-25,2022-09-07,125.61173176645374,121.38920682451209,-0.03361568925578129,7,open_exit
GPC,2022-09-12,2022-09-14,146.43073890355396,141.98113887812943,-0.030387062571303747,1,open_exit
WCC,2022-09-12,2022-09-14,141.57608814473627,133.4646386174035,-0.05729392324387628,1,open_exit
CLH,2022-09-12,2022-09-19,123.50172244262694,114.29282347488405,-0.07456494359437715,4,open_exit
SRE,2022-09-12,2022-09-19,76.90232683372452,74.16063618690556,-0.03565159546793606,4,open_exit
ALB,2022-09-12,2022-09-22,285.166541138867,274.5465450227472,-0.03724138208398087,7,open_exit
IONS,2022-09-12,2022-09-22,47.143558931350704,44.9775,-0.045946020632529394,7,open_exit
RGA,2022-09-13,2022-09-22,120.62300127528245,118.33698782215106,-0.018951720890398982,6,open_exit
PFG,2022-09-13,2022-09-26,68.58789151332073,62.90860411064891,-0.08280306155159789,8,open_exit
PCG,2022-09-13,2022-09-26,12.66546180249578,12.927861571206858,0.020717741903368392,8,open_exit
HUBB,2022-09-12,2022-09-28,213.23034026981915,207.16095200662377,-0.028463999332905665,11,open_exit
POST,2022-10-31,2022-11-04,90.55525713729858,86.7765896949768,-0.0417277534378,3,open_exit
WFRD,2022-10-31,2022-11-10,39.57787623933238,40.69152766373509,0.028138231007351466,7,open_exit
KNSL,2022-10-31,2022-11-14,312.4918666682309,281.0460056133674,-0.1006293744222444,9,open_exit
TMUS,2022-10-31,2022-11-14,143.515803752901,139.78809127378733,-0.025974229887127165,9,open_exit
FNB,2022-10-31,2022-11-15,12.66264563624882,12.253850322356552,-0.03228356266418975,10,open_exit
PGR,2022-10-31,2022-11-15,117.74200278428687,112.7837100350451,-0.042111503388691074,10,open_exit
ELF,2022-10-31,2022-11-21,43.84190969467163,54.39278816986084,0.24065736526234227,15,close_exit
GILD,2022-10-31,2022-11-21,68.85343037157061,74.32718244171143,0.07949861089856336,15,close_exit
LLY,2022-10-31,2022-11-21,348.25043080403634,351.32415849304203,0.008826199243771482,15,close_exit
RJF,2022-10-31,2022-11-21,112.22741289122317,116.38079874038696,0.037008657173532855,15,close_exit
SLB,2022-11-14,2022-11-25,49.95907107219722,46.729283657257106,-0.06464866831236027,7,open_exit
BIIB,2022-11-15,2022-11-29,300.82034843444825,290.95445610046386,-0.03279662557845309,8,open_exit
AMKR,2022-11-15,2022-11-29,25.185924999736873,25.396871854151296,0.008375584951381576,8,open_exit
AXON,2022-11-11,2022-11-30,178.25908316802978,181.18935877990722,0.01643829621358095,11,open_exit
SMCI,2022-11-14,2022-12-05,8.298146671772002,8.645674618721008,0.04188018851621411,13,open_exit
FICO,2022-11-11,2022-12-05,584.1519153442382,611.7939255981446,0.0473199000599307,15,close_exit
FHN,2022-11-22,2022-12-06,21.49710736815451,21.440642069142932,-0.0026266463689540442,8,open_exit
ALNY,2022-12-05,2022-12-07,231.59573572540282,219.2803043899536,-0.05317641664202011,1,open_exit
POST,2022-11-22,2022-12-08,92.6262918319702,92.06394561004639,-0.006071129598321234,10,open_exit
IT,2022-11-29,2022-12-08,344.2820403442383,345.057395980835,0.0022520943463140153,6,open_exit
ERIE,2022-11-25,2022-12-12,254.3156428726084,250.36914523625205,-0.015518108095038508,10,open_exit
RLI,2022-11-30,2022-12-12,55.223040482232186,55.57207838827924,0.006320512289781588,7,open_exit
SAIC,2022-12-06,2022-12-12,108.3356816802344,105.33395833965844,-0.027707614832164995,3,open_exit
STLD,2022-11-22,2022-12-14,98.62431273071685,102.98995265197755,0.04426535202511994,15,close_exit
ROST,2022-11-23,2022-12-15,111.04238682777952,109.5350717048645,-0.013574232020541643,15,close_exit
INCY,2022-12-06,2022-12-20,84.06200664138794,80.41976908493042,-0.04332798730341347,9,open_exit
CASY,2022-12-08,2022-12-20,240.52710827065872,228.58620895894376,-0.04964471321992603,7,open_exit
ARMK,2022-12-13,2022-12-20,29.843848363082763,28.399588913163335,-0.048393874420900596,4,open_exit
ELF,2022-12-14,2022-12-20,55.83790637397766,52.77359923744202,-0.05487861804868299,3,open_exit
BMRN,2022-11-29,2022-12-20,99.05950713729858,106.24685305023193,0.07255584164144424,15,close_exit
GIS,2022-12-08,2022-12-21,74.40656192519663,71.59273886179727,-0.037816867096052365,8,open_exit
CPB,2022-12-08,2022-12-30,48.0009351538987,48.508562870025635,0.010575371385982413,15,close_exit
UTHR,2022-12-12,2023-01-04,279.44965255737304,272.6935715789795,-0.024176379954548133,15,close_exit
TTC,2022-12-15,2023-01-09,106.0874817577353,107.76912467575073,0.015851473615479783,15,close_exit
ELF,2023-01-09,2023-01-11,57.97897576332092,50.98449332237244,-0.12063825462355582,1,open_exit
ROIV,2023-01-09,2023-01-20,9.264630228996277,8.755620228767395,-0.05494121056615853,7,open_exit
URI,2023-01-09,2023-01-20,369.2645221238684,360.0087079265671,-0.025065538774386886,7,open_exit
CAT,2023-01-09,2023-01-20,235.27044911271605,234.12668723803208,-0.004861476989555968,7,open_exit
AFL,2023-01-09,2023-01-20,68.11021634211573,65.70927107330083,-0.0352508830210585,7,open_exit
AMKR,2023-01-10,2023-01-20,28.372873152320544,27.85205780645648,-0.018356101726746288,6,open_exit
FIVE,2023-01-11,2023-01-20,192.26608316802978,181.99895133972169,-0.053400639671507766,5,open_exit
CDW,2023-01-23,2023-01-26,189.45300349076416,184.1928910661043,-0.02776473493552345,2,open_exit
TKO,2023-01-09,2023-01-27,79.47085026733917,80.33207645524898,0.010837007343103222,12,open_exit
WTW,2023-01-09,2023-01-30,242.81404916851716,239.3044683238121,-0.014453779988114923,13,open_exit
JBL,2023-01-23,2023-01-30,78.98580004638093,75.73471615010108,-0.04116035913253768,4,open_exit
MEDP,2023-01-24,2023-01-30,237.16852805328367,221.2593101196289,-0.06707980213159015,3,open_exit
ARMK,2023-01-09,2023-01-31,30.503192946861237,30.271634352822666,-0.007591290342685242,14,open_exit
EHC,2023-01-09,2023-01-31,59.69613809173963,59.66566568821414,-0.0005104585405283357,14,open_exit
MPC,2023-01-24,2023-01-31,115.38237608835136,122.08840746596427,0.05812006655572688,4,open_exit
BEN,2023-01-30,2023-02-07,25.104419649353996,26.576107127527294,0.05862264488600388,5,open_exit
AXON,2023-02-01,2023-02-09,197.2585836639404,186.90650000000002,-0.05247976271378241,5,open_exit
KD,2023-02-09,2023-02-10,16.548270915985107,15.562214694976808,-0.05958666171314608,0,open_exit
DDS,2023-01-26,2023-02-13,326.53997707030305,332.08905876504656,0.016993575318187792,11,open_exit
H,2023-01-23,2023-02-13,107.82842553872248,109.78063062667847,0.018104735167953745,15,close_exit
FWONK,2023-01-23,2023-02-13,67.6067769126892,69.30765214157105,0.0251583540371767,15,close_exit
DECK,2023-01-30,2023-02-17,70.75702526092529,67.8427248764038,-0.041187435081882495,13,open_exit
RNR,2023-02-07,2023-02-17,208.4661527440563,205.68612749369078,-0.013335619302087376,7,open_exit
STLD,2023-01-27,2023-02-17,114.38366692242705,118.85342350387575,0.03907687785949365,15,close_exit
FICO,2023-01-30,2023-02-21,658.4490551147461,664.6675,0.009444078986748927,15,close_exit
CROX,2023-02-17,2023-02-22,131.35563828277589,118.58067938995362,-0.09725474338087392,1,open_exit
HXL,2023-01-31,2023-02-22,66.49339729998302,69.02898295211793,0.03813289371718653,15,close_exit
KD,2023-02-14,2023-02-23,16.46822908401489,16.151919847488404,-0.019207240493971267,5,open_exit
WYNN,2023-02-01,2023-02-23,101.19482390206115,102.33124744033815,0.011230055989591481,15,close_exit
IRDM,2023-02-21,2023-02-28,60.58571894442649,56.95880397535839,-0.05986418965160678,4,open_exit
LOPE,2023-02-22,2023-03-01,119.45970152664184,113.44325,-0.05036385868836313,4,open_exit
EG,2023-02-10,2023-03-06,356.60796993249863,358.28094447326663,0.00469135488218253,15,close_exit
PEN,2023-02-17,2023-03-07,266.443152557373,254.51267938995363,-0.04477680530690464,10,open_exit
COTY,2023-02-13,2023-03-07,10.50525,11.344325381278992,0.07987200507165393,15,close_exit
ACGL,2023-02-14,2023-03-08,62.79068387618141,66.80524186325074,0.06393556717722237,15,close_exit
LW,2023-02-23,2023-03-09,94.13634872101375,92.90410693230028,-0.013089967960892457,9,open_exit
VRT,2023-02-24,2023-03-10,16.1893881331301,15.32670364052859,-0.05328703503229415,9,open_exit
BKNG,2023-02-28,2023-03-10,98.43290528500678,98.21903819707828,-0.00217271945097286,7,open_exit
ELF,2023-03-01,2023-03-10,75.10753469467163,70.9645,-0.055161372444375356,6,open_exit
DUOL,2023-03-07,2023-03-10,128.05399286270142,120.87953244018556,-0.056026838852329064,2,open_exit
PGR,2023-02-22,2023-03-13,130.58938693627536,126.26225304106669,-0.03313541779103546,12,open_exit
WING,2023-02-23,2023-03-13,172.58479269146613,160.49228044288736,-0.07006707868054651,11,open_exit
UAL,2023-03-08,2023-03-13,54.25711454200744,49.48524332237244,-0.08794922582807974,2,open_exit
SMCI,2023-03-09,2023-03-13,10.255125,9.095450381278992,-0.11308244596930883,1,open_exit
AXON,2023-03-07,2023-03-14,222.23105511474608,214.6626192703247,-0.03405660761729956,4,open_exit
MTSI,2023-03-09,2023-03-14,72.80638164138793,70.57469561004639,-0.030652340921621946,2,open_exit
WING,2023-03-17,2023-04-05,178.71587191033257,173.23509026482037,-0.030667570747505146,12,open_exit
ONON,2023-04-05,2023-04-06,31.0155,29.145419847488405,-0.060295018700701086,0,open_exit
ALGM,2023-03-17,2023-04-10,46.033003320693965,44.627676525115966,-0.030528679299667627,14,open_exit
LSCC,2023-03-17,2023-04-10,93.06650664138793,88.62566316986084,-0.04771688152687348,14,open_exit
AVGO,2023-03-17,2023-04-10,60.66353394747842,59.26976938989035,-0.022975327464350714,14,open_exit
DRI,2023-03-17,2023-04-10,134.74516844913444,134.1902190776391,-0.004118510354638949,14,open_exit
PEN,2023-03-17,2023-04-10,265.96290156555176,278.68059732055667,0.0478175553061877,15,close_exit
DUOL,2023-03-17,2023-04-10,127.49371530532837,134.6326469497681,0.0559943808002068,15,close_exit
CDNS,2023-03-17,2023-04-10,206.8833887786865,213.5031956100464,0.031997768745181565,15,close_exit
TXRH,2023-03-17,2023-04-10,101.80843659270842,104.8705121459961,0.030076835042047945,15,close_exit
PODD,2023-03-21,2023-04-12,318.52918011474605,317.0813702392578,-0.004545297466833964,14,open_exit
FIVE,2023-04-11,2023-04-17,217.1085,205.89700000000002,-0.05164007857822228,3,open_exit
AU,2023-04-13,2023-04-20,25.001755337434513,23.923317739427223,-0.04313447529792325,4,open_exit
CXT,2023-04-10,2023-04-26,42.10876050154352,44.74032543490444,0.06249447625665594,11,open_exit
ELF,2023-04-11,2023-04-26,84.18206938934325,92.54370133972168,0.09932794490600783,10,open_exit
CDNS,2023-04-11,2023-04-26,212.56623671722411,203.79804389953614,-0.041249226373388126,10,open_exit
BLDR,2023-04-12,2023-04-26,93.59677805328369,92.32381774520874,-0.013600471453731666,9,open_exit
KBR,2023-04-12,2023-04-27,54.46605105101976,53.46022818827793,-0.01846696875085818,10,open_exit
CHE,2023-04-12,2023-04-28,552.8137925227544,538.6891609051833,-0.025550432729099737,11,open_exit
BRBR,2023-04-06,2023-04-28,35.08753469467163,35.97200667762757,0.02520758413643276,15,close_exit
LW,2023-04-10,2023-05-01,99.74952559148434,103.81385842514038,0.040745385098884146,15,close_exit
SYK,2023-04-20,2023-05-03,289.4603432328798,286.4986958882857,-0.010231616916903108,8,open_exit
ZBH,2023-04-26,2023-05-05,134.68508249984552,133.08518826051147,-0.011878778329707629,6,open_exit
FTAI,2023-04-28,2023-05-05,26.944635076929043,25.98950460286848,-0.03544789051080455,4,open_exit
CRS,2023-05-03,2023-05-05,53.397656724455636,49.7782057717148,-0.06778295481050878,1,open_exit
PHM,2023-04-17,2023-05-08,58.50813332555668,66.06164869689941,0.12910197167482207,15,close_exit
WSO,2023-04-26,2023-05-09,314.12154810206306,308.0908460972151,-0.01919862563165675,8,open_exit
WING,2023-04-27,2023-05-10,198.17967776425394,201.4702687468119,0.016604078781843112,8,open_exit
MSGS,2023-05-05,2023-05-10,209.16452755737305,199.07041316986084,-0.048259207741348176,2,open_exit
SAIA,2023-05-01,2023-05-12,298.149,283.16834255981445,-0.050245539781067716,8,open_exit
AU,2023-05-05,2023-05-12,25.290173200220742,22.32062656434811,-0.11741899165193193,4,open_exit
SSD,2023-04-26,2023-05-17,119.36374974153819,123.98800855255128,0.03874089764292865,15,close_exit
SPOT,2023-04-26,2023-05-17,138.59926377868652,145.92700000000002,0.052869950543275035,15,close_exit
BRBR,2023-05-09,2023-05-22,37.35867015266418,35.422278627395634,-0.05183245327940178,8,open_exit
TOL,2023-05-12,2023-05-23,63.4912218431472,62.270120954314244,-0.01923259394581578,6,open_exit
NVDA,2023-05-02,2023-05-23,28.635586433376265,30.60985144996643,0.06894445906262492,15,close_exit
BWXT,2023-05-10,2023-05-24,65.33133205663269,63.47492485247587,-0.02841526639235803,9,open_exit
CPRT,2023-05-18,2023-05-24,41.26562143135071,43.258358779907226,0.04829049653042605,3,open_exit
INSP,2023-05-12,2023-05-26,291.8658612213135,296.2817776794434,0.015129951956873278,9,open_exit
DUOL,2023-05-23,2023-05-26,155.0374867172241,143.61815744018554,-0.07365527859637266,2,open_exit
HUBS,2023-05-05,2023-05-26,453.72675,495.96188645935064,0.0930849601866115,15,close_exit
RCL,2023-05-09,2023-05-31,75.76497278265958,78.70244275283814,0.03877081799534232,15,close_exit
BSY,2023-05-10,2023-06-01,45.588918363109705,48.499057584762575,0.06383435550003602,15,close_exit
COKE,2023-05-22,2023-06-06,64.37888712194875,64.1776329546657,-0.003126089565696155,9,open_exit
PANW,2023-05-25,2023-06-08,103.18656963729858,108.25584255981445,0.04912725503265003,8,open_exit
NVDA,2023-05-26,2023-06-08,37.83131791434814,37.63183077045013,-0.005273068846019524,7,open_exit
AVGO,2023-05-18,2023-06-09,62.97205176917605,77.16146557998658,0.2253287515995479,15,close_exit
DV,2023-05-25,2023-06-16,33.006496679306025,37.171403627395634,0.1261844596400583,15,close_exit
SMCI,2023-06-08,2023-06-20,24.075031225204466,22.71863454246521,-0.056340391422596614,6,open_exit
ELF,2023-05-26,2023-06-20,103.38166683197021,107.13640744018555,0.03631921135802596,15,close_exit
PLTR,2023-05-26,2023-06-20,12.846420152664184,15.782104961872102,0.22852162503801465,15,close_exit
VNT,2023-05-30,2023-06-21,29.897585287970085,30.992731813430787,0.03662993231434508,15,close_exit
IOT,2023-06-12,2023-06-22,29.11455038166046,26.956514313697816,-0.07412225295163799,6,open_exit
MANH,2023-06-01,2023-06-23,180.66029232788085,187.83602767944336,0.039719493747631285,15,close_exit
GE,2023-06-02,2023-06-26,82.81620898734535,81.91002852630616,-0.010942066439888043,15,close_exit
NU,2023-06-21,2023-06-27,7.713855038166046,7.386304866552353,-0.04246257804859743,3,open_exit
MDB,2023-06-06,2023-06-28,385.2025147705078,397.82097901916507,0.032758000700423784,15,close_exit
VRT,2023-06-08,2023-06-30,20.32645392003233,24.668123558998108,0.21359700300144002,15,close_exit
CRH,2023-06-22,2023-07-07,50.774268277706426,50.913353966362095,0.002739294791900271,9,open_exit
UBER,2023-06-27,2023-07-07,44.71234362602234,42.04896469497681,-0.05956697222856944,6,open_exit
NVT,2023-06-27,2023-07-07,47.93907920587901,47.794513811897986,-0.0030156063982825776,6,open_exit
SPOT,2023-06-20,2023-07-12,156.2780969467163,165.70709828948975,0.060334759169663466,15,close_exit
TDC,2023-06-20,2023-07-12,51.44570816802978,55.642163169860844,0.08157055566471705,15,close_exit
ELF,2023-06-21,2023-07-13,107.0535,115.5521956100464,0.07938736809208846,15,close_exit
CCL,2023-06-29,2023-07-14,16.985672378273698,17.450703156192443,0.027377825708775783,9,open_exit
WCC,2023-06-22,2023-07-14,167.51113934628847,167.6550831604004,0.0008593089072981286,15,close_exit
DV,2023-07-13,2023-07-17,41.65081606864929,39.500240457534794,-0.05163345677476994,1,open_exit
NU,2023-07-14,2023-07-17,8.154074618339537,7.746125,-0.050030155159729306,0,open_exit
BWA,2023-07-07,2023-07-18,43.256659036379865,43.703499472259566,0.010329980304394137,6,open_exit
CNM,2023-06-26,2023-07-18,29.164574618339536,31.564209923744205,0.0822791121354367,15,close_exit
CELH,2023-07-17,2023-07-19,51.06218520355225,47.789424938201904,-0.06409361942313951,1,open_exit
HUBS,2023-07-03,2023-07-21,529.8848051147461,547.5760505981445,0.033386965077376374,12,open_exit
COIN,2023-07-14,2023-07-21,106.73334030532837,102.51871469497681,-0.03948743287050638,4,open_exit
CPRT,2023-07-17,2023-07-21,46.80839234733581,45.7820978050232,-0.021925438812278042,3,open_exit
ISRG,2023-07-17,2023-07-24,354.17699999999996,336.5916297607422,-0.04965136143582949,4,open_exit
NVDA,2023-07-18,2023-07-24,46.63350476177339,44.62170702268258,-0.043140607796219754,3,open_exit
SPOT,2023-07-13,2023-07-25,167.0835,150.02495610046387,-0.10209592149755131,7,open_exit
SIRI,2023-07-21,2023-07-25,62.36442111745243,53.12167838925302,-0.14820537996804828,1,open_exit
MDB,2023-07-19,2023-07-27,429.7647627868652,415.4321946411133,-0.03334979827757523,5,open_exit
OMF,2023-07-25,2023-07-27,37.8654010596993,35.44181974066602,-0.064005167018097,1,open_exit
RS,2023-07-07,2023-07-28,261.07224989703053,268.027125002165,0.0266396566769449,14,open_exit
ECL,2023-07-24,2023-07-28,183.91605714407402,178.9272376793301,-0.02712552423215464,3,open_exit
PRI,2023-07-07,2023-07-28,190.4074909513759,201.90125717163087,0.06036404430742759,15,close_exit
ACGL,2023-07-21,2023-07-31,77.90801106911428,73.42017906961262,-0.05760424297727729,5,open_exit
TDC,2023-07-19,2023-08-03,57.11854515266418,55.41227862739564,-0.029872373687181764,10,open_exit
ABNB,2023-07-24,2023-08-03,147.13352755737304,140.86953244018557,-0.0425735399754138,7,open_exit
RCL,2023-07-28,2023-08-03,107.99940093452177,101.67066514743256,-0.05859973048300726,3,open_exit
ROKU,2023-07-31,2023-08-04,91.7458469467163,88.54570133972169,-0.03488055005752111,3,open_exit
SMCI,2023-07-28,2023-08-10,33.465725812911984,26.528728816986085,-0.20728661421260486,8,open_exit
META,2023-07-31,2023-08-10,321.0326302195176,305.1066916806612,-0.04960847290808568,7,open_exit
XP,2023-07-21,2023-08-11,22.581825678370794,22.427327828469245,-0.006841689954658059,14,open_exit
VRT,2023-08-03,2023-08-14,33.9937226777902,33.43193003276058,-0.016526364304215058,6,open_exit
ONON,2023-08-10,2023-08-14,36.71835076332092,34.30283969497681,-0.06578484649035587,1,open_exit
WFRD,2023-07-25,2023-08-15,74.3831363565204,82.89481115722657,0.11443016814872498,15,close_exit
FCNCA,2023-08-04,2023-08-16,1475.0643757884952,1406.9573381056546,-0.04617224766643424,7,open_exit
NVT,2023-08-03,2023-08-17,53.96541941506529,50.90561835946389,-0.0566992916717185,9,open_exit
XPO,2023-07-27,2023-08-17,71.70583316802978,69.49523377990722,-0.030828724672125607,15,close_exit
SAIA,2023-07-27,2023-08-17,423.9418759918213,403.5181412200928,-0.04817578995692917,15,close_exit
ELF,2023-08-03,2023-08-18,133.2665969467163,116.07193225479126,-0.1290245649388042,10,open_exit
CELH,2023-08-10,2023-08-18,58.42586581420898,56.058622774124146,-0.040517038251731474,5,open_exit
CPAY,2023-08-11,2023-08-22,267.5937214508057,260.67959255981447,-0.02583815813579282,6,open_exit
DKS,2023-08-16,2023-08-23,139.04111415040396,101.17872945515805,-0.2723107113072274,4,open_exit
ANET,2023-08-23,2023-08-25,47.02850356864929,44.962508110046386,-0.04393070801385579,1,open_exit
APP,2023-08-14,2023-09-05,38.41920152664184,42.51873091506958,0.10670522097094892,15,close_exit
PR,2023-08-14,2023-09-05,10.982744621942015,13.02007037973404,0.18550242475107082,15,close_exit
PFGC,2023-08-17,2023-09-06,63.13154847335815,60.219875,-0.046120735888284026,12,open_exit
ATR,2023-08-22,2023-09-06,119.20869287633957,122.85826686786164,0.030614998818147665,9,open_exit
REGN,2023-08-22,2023-09-07,835.8476366662934,814.0657192297564,-0.026059674611765726,10,open_exit
FRHC,2023-08-21,2023-09-08,89.55475713729858,91.85405152511598,0.025674731988746258,12,open_exit
TJX,2023-08-17,2023-09-08,85.96833780996346,88.18713132476807,0.02580942671835018,15,close_exit
CSCO,2023-08-18,2023-09-11,50.49725675321912,52.37674593189169,0.03721962933269163,14,open_exit
ROIV,2023-09-11,2023-09-12,12.656324618339537,11.384305343151093,-0.10050463412934563,0,open_exit
ORCL,2023-09-11,2023-09-13,122.67524098364561,104.51031855561445,-0.14807325652983894,1,open_exit
BRBR,2023-08-22,2023-09-13,39.279628320693966,41.00948377990723,0.04403950681737756,15,close_exit
VRT,2023-08-28,2023-09-14,37.32331965931204,37.81383717941369,0.013142387241518172,11,open_exit
P,2023-09-06,2023-09-14,39.879930610656736,37.42127862739563,-0.061651360612049455,5,open_exit
APPF,2023-09-06,2023-09-14,196.4281668319702,181.48921183013917,-0.07605301847881218,5,open_exit
LII,2023-09-08,2023-09-18,374.9841143466425,366.9903260896307,-0.02131767173908128,5,open_exit
MEDP,2023-09-12,2023-09-19,277.7487903442383,271.2843034210205,-0.023274581736992483,4,open_exit
INTC,2023-09-06,2023-09-20,35.97657128005295,35.60637249311789,-0.010289996343823882,9,open_exit
AMZN,2023-09-14,2023-09-20,145.1525418319702,138.48072805023193,-0.04596415396887521,3,open_exit
FIX,2023-09-14,2023-09-20,188.00784805107205,180.92638527610256,-0.03766578282969235,3,open_exit
APP,2023-09-19,2023-09-20,43.621798473358155,39.65016316986084,-0.09104703250424162,0,open_exit
INSM,2023-09-06,2023-09-21,26.78338545799255,25.6571650762558,-0.042049216799091016,10,open_exit
DELL,2023-09-07,2023-09-21,66.24000703910066,65.02120084692908,-0.018399849979667704,9,open_exit
OLLI,2023-09-14,2023-09-22,78.69933366394042,74.85255438995361,-0.04887943893417468,5,open_exit
BX,2023-09-18,2023-09-22,103.27676992038617,101.35631155385083,-0.01859525978606591,3,open_exit
FICO,2023-09-20,2023-09-27,913.8467096557616,869.9847729187012,-0.04799703962777613,4,open_exit
EG,2023-09-20,2023-09-28,372.1124616173088,365.08069367136625,-0.01889688916995802,5,open_exit
FTI,2023-09-13,2023-10-02,21.05104067420368,20.126333221924437,-0.04392692345193161,12,open_exit
MCK,2023-09-21,2023-10-02,434.7145112288751,428.0792054186275,-0.015263594011367454,6,open_exit
ARES,2023-09-21,2023-10-03,96.69606078851695,93.8394412214324,-0.0295422537773512,7,open_exit
OHI,2023-09-21,2023-10-03,26.884008909242826,26.14505098058665,-0.027486894947506113,7,open_exit
CRS,2023-09-14,2023-10-04,68.14663739619765,63.40889438114398,-0.06952277025070086,13,open_exit
CBOE,2023-09-20,2023-10-11,152.07554959495505,157.45866109466553,0.035397613318170595,15,close_exit
NU,2023-11-13,2023-11-16,8.55427519083023,8.2858549618721,-0.03137848888072514,2,open_exit
AVGO,2023-11-13,2023-11-28,92.18427571614993,91.11214530467063,-0.011630295982153704,9,open_exit
FTAI,2023-11-13,2023-11-30,39.151688372848724,39.579575846852535,0.01092896607494831,11,open_exit
HRB,2023-11-13,2023-11-30,41.199479241248326,41.69829093251091,0.012107232917720534,11,open_exit
DELL,2023-11-30,2023-12-04,72.02208541033785,67.88847261578167,-0.057393683770823656,1,open_exit
SNPS,2023-11-13,2023-12-05,516.4880954589844,525.0973053588867,0.01666874798392337,14,open_exit
INTC,2023-11-13,2023-12-05,37.86209277950309,41.33544543811125,0.09173694330199544,14,open_exit
ADBE,2023-11-13,2023-12-05,590.2749704589844,601.9188607177734,0.019726213784289515,15,close_exit
ZS,2023-11-13,2023-12-05,175.7178198852539,198.81054866027833,0.1314193904187082,15,close_exit
KLAC,2023-11-13,2023-12-05,51.83713930617067,52.63623966789246,0.015415595312889163,15,close_exit
BRBR,2023-11-13,2023-12-05,46.47322576332092,54.692641220092774,0.17686345894368816,15,close_exit
QXO,2023-12-05,2023-12-07,58.612558692543566,55.8894043214874,-0.0464602541127862,1,open_exit
CRS,2023-12-05,2023-12-07,72.63593018679171,68.44052027263892,-0.05775942984916427,1,open_exit
TTWO,2023-11-16,2023-12-08,154.0269719467163,155.24234732055666,0.007890665891041593,15,close_exit
GWRE,2023-12-06,2023-12-12,101.92093774795532,95.85205152511597,-0.059545039095375674,3,open_exit
GAP,2023-11-28,2023-12-19,17.77580303837083,19.915557183265687,0.12037454174508921,15,close_exit
IOT,2023-12-06,2023-12-21,35.167576526641845,33.62317938995361,-0.04391537004314883,10,open_exit
AFRM,2023-12-20,2023-12-21,51.025499999999994,47.416278627395634,-0.07073367968181321,0,open_exit
SSD,2023-11-30,2023-12-21,163.1047248338413,192.013183052063,0.1772386314845964,15,close_exit
VRT,2023-12-04,2023-12-26,45.07907223222216,48.81555346298218,0.08288726998443452,15,close_exit
GTLB,2023-12-06,2023-12-28,60.019996679306026,64.58769274520874,0.07610290434217215,15,close_exit
FERG,2023-12-06,2023-12-28,166.41548637396096,185.35562482452394,0.11381235522757538,15,close_exit
S,2023-12-07,2023-12-29,22.921454847335813,27.42628053379059,0.19653314837379865,15,close_exit
UBER,2023-12-07,2023-12-29,59.699833168029784,61.53921469497681,0.030810496936732656,15,close_exit
COIN,2023-12-11,2024-01-03,141.57075,145.92700000000002,0.03077083366443989,14,open_exit
INTU,2023-12-12,2024-01-03,575.8197288003248,584.3284403492362,0.014776693335323277,13,open_exit
ESI,2023-12-21,2024-01-03,22.258376189131546,21.828662450839648,-0.01930570921439101,6,open_exit
INSM,2023-12-22,2024-01-03,29.774880228996274,29.33532538127899,-0.014762606745575502,5,open_exit
PNR,2023-12-27,2024-01-03,70.53455687760042,67.93606695921349,-0.03683995524202588,3,open_exit
RKT,2023-12-22,2024-01-04,14.078646318911446,12.220195818766577,-0.1320049142543247,6,open_exit
GWRE,2023-12-29,2024-01-04,110.51522908401489,104.33780438995362,-0.05589659221866272,2,open_exit
MSTR,2024-01-03,2024-01-09,64.35415959548949,59.970000000000006,-0.06812550459903399,3,open_exit
ALLY,2024-01-03,2024-01-12,31.8665245885849,30.92511906458293,-0.02954214606569283,6,open_exit
IONS,2024-01-03,2024-01-19,52.51624667930603,50.27484923744202,-0.04268007680654051,10,open_exit
MPC,2024-01-04,2024-01-19,151.96823371226665,144.68285772044004,-0.04794012415529281,9,open_exit
REGN,2023-12-29,2024-01-23,871.1537430801523,946.2869957885742,0.08624568660265663,15,close_exit
MAR,2024-01-02,2024-01-24,220.36718007563843,232.22324679565432,0.0538014177789381,15,close_exit
BSX,2024-01-02,2024-01-24,57.48872908401489,59.890038169860844,0.04177008474716226,15,close_exit
SFM,2024-01-03,2024-01-25,49.29463545799255,49.42527576255799,0.0026501931366702536,14,open_exit
AMGN,2024-01-03,2024-01-25,278.1667008905994,287.34456761169434,0.03299412435676308,15,close_exit
ALL,2024-01-04,2024-01-26,139.91507123947474,150.5044983139038,0.07568467771641618,15,close_exit
KLAC,2024-01-25,2024-01-29,63.8959451807221,58.442358537318164,-0.0853510598830507,1,open_exit
WSM,2024-01-19,2024-01-30,99.82214508645761,96.44887057326136,-0.033792847371438506,6,open_exit
APP,2024-01-24,2024-01-31,45.44270816802978,41.77909923744202,-0.08062039165978263,4,open_exit
AMD,2024-01-25,2024-01-31,183.5017086639404,165.6571354904175,-0.09724472487721048,3,open_exit
CRWD,2024-01-09,2024-01-31,66.45696370697021,73.0884375,0.09978598815121997,15,close_exit
STX,2024-01-26,2024-02-01,86.45490215011255,81.60770891658375,-0.0560661467768776,3,open_exit
FTAI,2024-01-12,2024-02-05,47.7222040685204,54.285694526672366,0.13753535877613676,15,close_exit
ESTC,2024-01-19,2024-02-09,118.95945152664184,130.3248043899536,0.09553972145514145,15,close_exit
NTNX,2024-01-30,2024-02-14,57.008489542007446,56.411778627395634,-0.010467053581065588,10,open_exit
PATH,2024-02-12,2024-02-14,27.143564160346983,25.437275762557984,-0.06286161934038315,1,open_exit
GDDY,2024-01-25,2024-02-15,108.804375,111.29432347488404,0.02288463561216214,15,close_exit
SMCI,2024-02-06,2024-02-20,67.33365305328368,78.96050000000001,0.17267512483713854,8,open_exit
PGR,2024-01-29,2024-02-20,164.41425407837417,174.10951119232178,0.05896847063713828,15,close_exit
BAH,2024-01-29,2024-02-20,139.45814468654112,138.3812447357178,-0.007722029812198272,15,close_exit
PSX,2024-01-31,2024-02-21,132.84965875620725,130.87256504551016,-0.01488218885323045,13,open_exit
NTNX,2024-02-16,2024-02-21,59.19958316802978,55.052461830139165,-0.07005321855256297,1,open_exit
LLY,2024-02-01,2024-02-22,636.5301600712141,751.4050672513517,0.1804704857461672,13,open_exit
WING,2024-02-14,2024-02-22,301.9882638062926,314.9751788541114,0.043004701189808925,4,open_exit
MPC,2024-01-31,2024-02-22,161.62843597691628,160.1162214202881,-0.009356116994438723,15,close_exit
ERIE,2024-02-01,2024-02-23,330.0592028608679,335.3714454803467,0.016094817455273747,15,close_exit
VKTX,2024-02-20,2024-03-01,36.22810408401489,80.94950286483765,1.2344393920562742,7,open_exit
PGR,2024-02-21,2024-03-04,175.00115570135355,172.52904109695257,-0.01412627587797044,7,open_exit
RL,2024-02-21,2024-03-05,176.25239392839302,171.55623590962907,-0.026644506290631642,8,open_exit
ESTC,2024-03-01,2024-03-05,116.01797908401488,106.78657633972169,-0.07956872561629635,1,open_exit
TDG,2024-02-21,2024-03-06,1027.926109476622,1035.7121989699483,0.007574561460736318,9,open_exit
MEDP,2024-02-14,2024-03-07,370.5851938934326,409.42518988037114,0.10480719852533449,15,close_exit
WING,2024-02-23,2024-03-12,330.36394606919373,333.1688278906451,0.00849027823654791,11,open_exit
COHR,2024-03-04,2024-03-12,64.05200664138793,61.66915076255799,-0.03720189270838914,5,open_exit
VST,2024-03-05,2024-03-12,55.917796748297754,57.422350628010854,0.026906530071017176,4,open_exit
AWI,2024-02-21,2024-03-13,115.61089106998129,119.16710173034669,0.030760169975792007,15,close_exit
TOL,2024-02-22,2024-03-14,106.56885716844684,115.87338503265381,0.08731000886590978,15,close_exit
VNT,2024-02-22,2024-03-14,42.01259994606382,42.43177261543274,0.009977308471912139,15,close_exit
FITB,2024-03-12,2024-03-15,33.57014280840412,32.10074483048857,-0.04377097786869388,2,open_exit
CVNA,2024-02-26,2024-03-18,13.400697053432463,16.1499219455719,0.20515536476777907,15,close_exit
SMCI,2024-03-05,2024-03-19,103.55175,88.81656956100464,-0.1422977442582608,9,open_exit
XPO,2024-03-06,2024-03-19,125.0625,121.65914122009278,-0.02721326360745402,8,open_exit
M,2024-03-15,2024-03-25,19.41423874762491,18.633541652993042,-0.040212603995476104,5,open_exit
ANET,2024-03-19,2024-03-28,71.0355,71.91152838516236,0.012332261829118618,6,open_exit
WSM,2024-03-08,2024-04-01,113.18476918457579,151.60785871124267,0.33947226118391005,15,close_exit
MLI,2024-03-12,2024-04-03,25.195548267821586,25.296966432303712,0.004025241419796766,14,open_exit
DECK,2024-03-14,2024-04-03,157.57874999999999,150.50304945373537,-0.04490263151766727,12,open_exit
AYI,2024-03-19,2024-04-03,260.2966181525406,261.64617479317224,0.005184687569935287,9,open_exit
NVDA,2024-03-25,2024-04-03,93.825608217562,88.28698584794489,-0.05903103081169703,5,open_exit
PVH,2024-03-28,2024-04-03,139.13116738632382,107.53195075269471,-0.2271181736432064,2,open_exit
NU,2024-03-12,2024-04-03,11.395695343494415,11.904044847488404,0.044608906141405,15,close_exit
VST,2024-03-15,2024-04-08,61.77285816482875,73.28879198455812,0.18642384635985865,15,close_exit
CNM,2024-03-15,2024-04-08,50.12504847335815,58.59068893241883,0.1688904193990004,15,close_exit
APP,2024-03-19,2024-04-10,67.02349286270142,76.30182633972169,0.13843404873015297,15,close_exit
WFRD,2024-04-03,2024-04-12,119.58728781082397,117.13226930681917,-0.020529092589577025,6,open_exit
DIS,2024-04-03,2024-04-15,118.9943161049275,111.69054688388995,-0.0613791436441149,7,open_exit
WAB,2024-04-03,2024-04-15,144.13731400575566,146.8602922425349,0.01889155667678466,7,open_exit
OWL,2024-04-09,2024-04-15,17.472789656233598,16.627086617128157,-0.04840114576688259,3,open_exit
MU,2024-04-02,2024-04-18,121.89745330386391,115.11669629809074,-0.055626732322866634,11,open_exit
ALSN,2024-04-03,2024-04-18,79.45176192283232,78.21228376418446,-0.015600386053763016,10,open_exit
CMG,2024-04-11,2024-04-18,59.65381254959106,58.0631551322937,-0.02666480731596199,4,open_exit
FTAI,2024-04-04,2024-04-19,69.97630927010678,65.8966300461955,-0.058300863055864016,10,open_exit
VRT,2024-04-12,2024-04-22,84.44147310009254,75.55555263808573,-0.10523170825636707,5,open_exit
PPC,2024-04-03,2024-04-24,29.76642546150377,30.48178555583954,0.024032448748706248,15,close_exit
PGR,2024-04-22,2024-04-29,197.90642560276385,191.21821068233373,-0.033794834604585544,4,open_exit
RTX,2024-04-09,2024-04-30,96.90407686601857,97.23823705291748,0.00344836045815633,15,close_exit
WFC,2024-04-19,2024-05-01,55.76369693010096,56.255602156481,0.008821244886195956,7,open_exit
ELV,2024-04-19,2024-05-02,512.3218823443061,507.04424571094285,-0.010301407797015494,8,open_exit
AXP,2024-04-22,2024-05-02,226.54847168714173,227.83390760293656,0.005673999503161387,7,open_exit
DVA,2024-05-02,2024-05-06,141.44068011474607,135.4122557296753,-0.042621573794612067,1,open_exit
CPNG,2024-04-15,2024-05-06,21.530760457992553,23.328330152511597,0.08348844426680513,15,close_exit
SCHW,2024-04-17,2024-05-08,71.37650272521972,74.11857707977295,0.038417045524203886,15,close_exit
ETR,2024-04-22,2024-05-13,49.68074173348436,52.77156702041626,0.06221375082346481,15,close_exit
KMI,2024-04-22,2024-05-13,16.81020106606285,17.38314978027344,0.03408339447927733,15,close_exit
GME,2024-05-14,2024-05-15,64.86241683197021,40.28984637260437,-0.37884142558274514,0,open_exit
FTAI,2024-04-25,2024-05-16,70.6420181581507,77.26268752670289,0.09372140747352486,15,close_exit
RCL,2024-04-29,2024-05-20,137.18842050650963,143.56364979553223,0.0464706078361774,15,close_exit
ALLY,2024-05-15,2024-05-21,38.55553830915636,36.65974700234853,-0.04917040171003417,3,open_exit
THC,2024-05-01,2024-05-22,112.87640969467162,130.35478816986085,0.1548452730067149,15,close_exit
TT,2024-05-01,2024-05-22,310.6162708850203,327.0851244049072,0.053019931869516146,15,close_exit
GRMN,2024-05-02,2024-05-23,158.17967303940065,156.35463585872023,-0.011537747838344714,14,open_exit
HOOD,2024-05-21,2024-05-23,21.050520915985107,19.9100400762558,-0.05417827161052635,1,open_exit
AA,2024-05-14,2024-05-24,39.439376402820415,40.67927558292058,0.03143810306319894,7,open_exit
TTD,2024-05-17,2024-05-24,93.71683316802978,93.19337786483766,-0.0055854992694172045,4,open_exit
ONTO,2024-05-06,2024-05-28,202.52120816802977,229.82503244018557,0.1348195802263934,15,close_exit
MRNA,2024-05-21,2024-05-29,139.53973622131346,149.925,0.07442513551993013,4,open_exit
FRPT,2024-05-07,2024-05-29,122.84138877868652,129.74509255981445,0.05620014434683562,15,close_exit
IR,2024-05-23,2024-05-30,96.12521930820925,90.64209360967627,-0.057041489611090235,3,open_exit
ASTS,2024-05-30,2024-05-31,9.244619771003723,8.505745228767395,-0.079924816870657,0,open_exit
VST,2024-05-09,2024-05-31,88.28690550648152,97.57395320510865,0.10519167758060499,15,close_exit
DELL,2024-05-24,2024-06-03,150.85851702211994,135.76446070684355,-0.10005438614422546,4,open_exit
FLEX,2024-05-23,2024-06-05,31.65581938934326,32.49374332237244,0.026469822901228124,7,open_exit
TXN,2024-05-23,2024-06-05,190.57581576083766,183.03678429858536,-0.03955922440711668,7,open_exit
SMMT,2024-05-31,2024-06-05,9.07453469467163,7.316340171575547,-0.1937503775403996,2,open_exit
GAP,2024-06-03,2024-06-05,27.25357264646641,25.235535454312153,-0.0740467027326015,1,open_exit
DKS,2024-06-03,2024-06-06,217.3927163861412,208.40480109285636,-0.04134414180335344,2,open_exit
LNC,2024-05-23,2024-06-12,28.36556599772499,28.363903783837642,-5.8599708092521574e-05,12,open_exit
TMUS,2024-06-05,2024-06-13,173.37460778804467,168.5186270676378,-0.02800860392626492,5,open_exit
RTX,2024-06-05,2024-06-14,104.18101788281399,100.78142104373505,-0.03263163394029145,6,open_exit
FSLR,2024-06-12,2024-06-17,300.65024999999997,273.0733864593506,-0.0917240665545741,2,open_exit
NVDA,2024-05-24,2024-06-17,104.32069197092332,130.6990983505249,0.2528588133498375,15,close_exit
DTM,2024-06-05,2024-06-18,63.16980365387112,63.44746226815812,0.004395432599543669,8,open_exit
DUK,2024-06-05,2024-06-18,97.25602249870268,93.74336411656037,-0.03611764384245886,8,open_exit
HOOD,2024-05-30,2024-06-20,21.310649236679076,21.989,0.031831539048250646,13,open_exit
INSM,2024-05-29,2024-06-20,46.022999999999996,64.67764408493042,0.4053330744395287,15,close_exit
TXRH,2024-05-29,2024-06-20,164.88450774089108,164.1225485534668,-0.004621169070787801,15,close_exit
MU,2024-06-18,2024-06-21,150.73523741146158,136.60184129127268,-0.0937630534365963,1,open_exit
QCOM,2024-06-18,2024-06-21,217.46982370595452,202.82771035522154,-0.06732940277052368,1,open_exit
P,2024-06-06,2024-06-25,63.26161454200744,63.51822423744202,0.0040563254240717495,11,open_exit
WSM,2024-06-14,2024-06-26,152.2439481859816,141.40999960732248,-0.07116176838388566,6,open_exit
TLN,2024-06-13,2024-06-27,115.60777805328368,112.97348377990723,-0.022786479575468643,8,open_exit
IP,2024-06-25,2024-06-28,43.399488972287045,39.1060478004524,-0.09892838080596389,2,open_exit
INSM,2024-06-24,2024-07-03,67.41368725204467,64.25785591506958,-0.04681291686621647,6,open_exit
SRPT,2024-06-24,2024-07-03,162.331125,153.923,-0.05179613583038978,6,open_exit
LPLA,2024-06-21,2024-07-09,286.62123553270635,271.36062581922175,-0.053243123054443786,10,open_exit
NFLX,2024-06-17,2024-07-10,66.94445861434936,67.73111688995361,0.011750909513452035,15,close_exit
CAVA,2024-06-18,2024-07-11,94.047,85.64715744018555,-0.08931536954729491,14,open_exit
NTAP,2024-06-20,2024-07-12,123.83921694321101,125.33784294128418,0.012101384642640323,15,close_exit
AMZN,2024-06-27,2024-07-16,195.10749950408933,195.4922013397217,0.001971742944838928,11,open_exit
NU,2024-06-24,2024-07-16,12.441217919826506,13.573209923744203,0.09098723382328489,15,close_exit
ALNY,2024-07-03,2024-07-18,247.4236530532837,240.52966889953615,-0.027863076422458666,9,open_exit
MKSI,2024-07-11,2024-07-18,142.86268970568915,132.95089765744743,-0.06937985046103334,4,open_exit
HLT,2024-07-11,2024-07-18,219.119220286154,218.17385332588586,-0.004314395419231398,4,open_exit
TLN,2024-07-17,2024-07-18,134.06699999999998,123.43825000000001,-0.0792793901556682,0,open_exit
CVNA,2024-06-26,2024-07-18,25.322654465675352,25.82308244228363,0.019762066306540094,15,close_exit
HOOD,2024-07-16,2024-07-19,24.072029465675353,22.92853053379059,-0.04750322084456138,2,open_exit
GLW,2024-07-09,2024-07-22,42.077273690444805,42.9907846804895,0.02171031794420042,8,open_exit
TXRH,2024-06-28,2024-07-22,169.14665723368967,168.2023557739258,-0.005582737934094917,15,close_exit
BAC,2024-07-03,2024-07-23,39.204742372035234,40.31131197593951,0.028225401748682044,12,open_exit
FANG,2024-07-18,2024-07-24,199.60003924410165,188.7819912280377,-0.05419862669883535,3,open_exit
AXS,2024-07-18,2024-07-25,71.4327130752933,69.89325271958907,-0.02155119537573158,4,open_exit
TRGP,2024-07-19,2024-07-25,130.55967840499508,125.5546604131391,-0.038335097428246256,3,open_exit
APPF,2024-07-23,2024-07-25,270.135,256.27179389953614,-0.05131954800549299,1,open_exit
LDOS,2024-07-23,2024-07-25,150.09542280285382,147.40127120826537,-0.01794959196142276,1,open_exit
HPQ,2024-07-18,2024-07-26,34.875434931961344,33.44036574796455,-0.041148424006653306,5,open_exit
VIRT,2024-07-19,2024-07-26,26.858795245184442,26.88900123265932,0.0011246218305451805,4,open_exit
RVMD,2024-07-15,2024-07-31,47.47372576332092,45.45725954246521,-0.04247541536783428,11,open_exit
UTHR,2024-07-18,2024-08-01,332.3360984344482,312.13386354064943,-0.060788566120161036,9,open_exit
CFG,2024-07-22,2024-08-02,37.793054176834524,37.14573161919792,-0.017128082705561987,8,open_exit
FTAI,2024-07-25,2024-08-05,107.22448254644162,91.13463123195129,-0.15005762613516382,6,open_exit
THC,2024-07-25,2024-08-05,146.2831117172241,135.86202767944337,-0.07123914657985564,6,open_exit
ATI,2024-07-26,2024-08-05,64.2721178627014,57.17140076255799,-0.1104789656272418,5,open_exit
CORT,2024-08-01,2024-08-05,38.51925,33.103438932418825,-0.1406001172811302,1,open_exit
CRS,2024-07-24,2024-08-06,123.63499554627444,133.92718205688962,0.08324654734801995,8,open_exit
HIW,2024-07-25,2024-08-06,25.286146685482613,25.60786658939615,0.012723168457226652,7,open_exit
EHC,2024-07-25,2024-08-06,88.218255192969,84.91638314910558,-0.0374284442221271,7,open_exit
SFM,2024-07-31,2024-08-08,96.82838877868652,94.68263835525514,-0.022160344197565518,5,open_exit
CVNA,2024-08-02,2024-08-08,27.97598089313507,26.082952671051025,-0.06766619656037043,3,open_exit
GMED,2024-08-09,2024-08-14,72.58627805328369,67.30632633972168,-0.07274035609989726,2,open_exit
ASTS,2024-07-26,2024-08-16,16.97848431301117,31.014485686302187,0.826693426487709,15,close_exit
GDDY,2024-08-05,2024-08-26,145.71281938934325,164.08791316986085,0.12610485376320613,15,close_exit
RKT,2024-08-05,2024-08-26,15.148510967093403,19.654463048934936,0.29745181500872664,15,close_exit
OHI,2024-08-05,2024-08-26,31.699840604723967,34.147453254699705,0.07721214376109486,15,close_exit
BFAM,2024-08-05,2024-08-26,128.7343331680298,137.0514351196289,0.06460671172113241,15,close_exit
AU,2024-08-14,2024-08-28,27.863353413125118,27.119659421596374,-0.026690756869861332,9,open_exit
SN,2024-08-09,2024-08-30,88.044,95.77208969497681,0.08777531342257072,15,close_exit
TKO,2024-08-09,2024-08-30,116.17004129061124,115.77973528671265,-0.0033597819159089104,15,close_exit
OKE,2024-08-09,2024-08-30,77.33081068948665,83.61812790679932,0.0813041679151496,15,close_exit
VNO,2024-08-09,2024-08-30,30.457693146171017,33.0526106300354,0.08519743998375029,15,close_exit
FTAI,2024-08-19,2024-09-04,112.15480474286385,114.21858185858031,0.018401147596378564,10,open_exit
SFM,2024-08-27,2024-09-04,100.88041683197021,99.04045133972168,-0.018239075035873742,4,open_exit
NU,2024-08-27,2024-09-09,14.397195343494415,13.863064885616303,-0.03709961871979928,7,open_exit
CRUS,2024-09-03,2024-09-09,143.2415831680298,134.08291889953614,-0.06393858589059342,3,open_exit
FOX,2024-09-03,2024-09-09,37.39150230247866,36.86348357211579,-0.014121356400485507,3,open_exit
PCG,2024-08-27,2024-09-10,18.686593584490925,19.53390229977399,0.04534313391319733,8,open_exit
CPB,2024-09-09,2024-09-12,46.9323726714737,44.20189881240003,-0.058178900908909204,2,open_exit
SMMT,2024-09-10,2024-09-18,19.28463711833954,26.1569150762558,0.35636024239111963,5,open_exit
DUK,2024-08-27,2024-09-18,106.03287812598157,108.84817472457887,0.02655116647170841,15,close_exit
RMD,2024-08-28,2024-09-19,236.76621075010158,236.80493122472765,0.00016353885338360463,14,open_exit
VTR,2024-09-03,2024-09-20,58.50001737093095,58.9809247243299,0.008220636078612786,12,open_exit
WELL,2024-09-04,2024-09-20,118.78166244393562,120.34218149465504,0.013137710136494896,11,open_exit
VIRT,2024-09-03,2024-09-23,29.304234383878267,29.696579433165486,0.013388681108251976,13,open_exit
SO,2024-09-04,2024-09-25,84.49969943365113,84.3397212753296,-0.001893239377107503,15,close_exit
CAVA,2024-09-23,2024-09-30,130.56525,123.23835305023194,-0.05611674583986215,4,open_exit
GWRE,2024-09-09,2024-09-30,163.2916117172241,182.84853244018555,0.11976684238274671,15,close_exit
IOT,2024-09-09,2024-09-30,43.65181606864929,48.095938932418825,0.10180843007265628,15,close_exit
TLN,2024-09-12,2024-10-03,149.59476427459717,178.10090744018555,0.19055575443310513,14,open_exit
CHRW,2024-10-01,2024-10-04,106.69142503163121,103.18551214660249,-0.03286030610228807,2,open_exit
CIEN,2024-10-03,2024-10-08,65.5227428627014,64.1479103050232,-0.02098252450388216,2,open_exit
CORT,2024-09-18,2024-10-09,40.32014923667907,45.91702862739563,0.13881097904332917,15,close_exit
CEG,2024-09-26,2024-10-10,261.32342418971103,258.3213185560749,-0.01148808470937801,9,open_exit
CRS,2024-09-19,2024-10-10,150.87412559448765,161.61062155151367,0.07116194320743285,15,close_exit
CVNA,2024-09-19,2024-10-10,33.46672576332092,38.29484217643738,0.14426617193630586,15,close_exit
FTAI,2024-09-20,2024-10-11,128.68236079618117,144.13925906372071,0.12011668244120566,15,close_exit
APP,2024-09-20,2024-10-11,124.062,146.9265,0.18429897954248697,15,close_exit
SN,2024-10-01,2024-10-17,109.05449999999999,105.51721469497681,-0.03243594079128487,11,open_exit
GEN,2024-09-30,2024-10-21,26.60770631100966,26.174702036198514,-0.016273641543915418,14,open_exit
FICO,2024-10-14,2024-10-21,2052.3357136230466,1963.637685119629,-0.0432180894746681,4,open_exit
COLB,2024-10-14,2024-10-22,24.551430507782147,24.2988616125025,-0.010287339273350682,5,open_exit
IOT,2024-10-11,2024-10-23,51.015496679306025,46.47675,-0.0889679994264787,7,open_exit
UTHR,2024-10-17,2024-10-24,370.185,353.0134074401856,-0.04638651636293856,4,open_exit
CORT,2024-10-21,2024-10-25,49.944958168029785,47.6561603050232,-0.04582640464541754,3,open_exit
NEM,2024-10-23,2024-10-25,56.08796756351789,46.46952027796663,-0.17148860447935943,1,open_exit
TPL,2024-10-04,2024-10-25,322.82365725095383,362.25274298095707,0.12213815451372634,15,close_exit
TRU,2024-10-24,2024-10-28,108.12061649991813,103.79657186585206,-0.039992785594867075,1,open_exit
CPNG,2024-10-08,2024-10-29,25.552770915985107,25.987000000000002,0.01699342452693675,15,close_exit
GWRE,2024-10-10,2024-10-31,183.31161122131346,186.16686450958252,0.015575954350332433,15,close_exit
GLW,2024-10-10,2024-10-31,45.61905932083279,46.24394867324829,0.013697988553879048,15,close_exit
AUR,2024-10-25,2024-11-01,6.493244771003723,5.287354961872101,-0.1857145158791259,4,open_exit
TSLA,2024-10-28,2024-11-01,270.135,251.91397328948975,-0.06745155833383398,3,open_exit
KMI,2024-10-11,2024-11-01,22.082094067874383,22.504937199592593,0.019148688091740862,15,close_exit
MSTR,2024-10-21,2024-11-04,214.59725049591063,226.8565162200928,0.05712685365656989,9,open_exit
CVNA,2024-10-25,2024-11-04,40.019999999999996,45.275351335525514,0.1313181243259749,5,open_exit
ETR,2024-11-01,2024-11-04,73.60870046803083,68.68075393623502,-0.06694788116706507,0,open_exit
APP,2024-10-22,2024-11-05,161.35063927459717,161.62915171051026,0.001726131592445057,9,open_exit
VFC,2024-10-30,2024-11-13,20.6268530487668,19.624069813725207,-0.048615425371518195,9,open_exit
GILD,2024-11-04,2024-11-13,85.32522517345859,89.65958035013927,0.05079805143050398,6,open_exit
IP,2024-11-01,2024-11-14,51.34618422710436,52.01039160395738,0.01293586635211752,8,open_exit
LBRDK,2024-11-04,2024-11-14,84.82703740310669,86.43616093444825,0.0189694651682204,7,open_exit
ILMN,2024-11-04,2024-11-14,149.83487450408936,145.49722232055666,-0.028949549948829256,7,open_exit
CORT,2024-11-05,2024-11-15,50.025,55.062455152511596,0.1006987536733952,7,open_exit
RKLB,2024-11-14,2024-11-15,19.439715305328367,17.021485686302185,-0.12439634948580514,0,open_exit
NCLH,2024-11-01,2024-11-18,25.262625,26.38679961872101,0.04449951731940005,10,open_exit
LITE,2024-11-14,2024-11-18,88.16406274795531,81.90902194976807,-0.07094773769749285,1,open_exit
SFM,2024-10-28,2024-11-18,120.71032652664184,141.34928816986084,0.17097925452685936,15,close_exit
GEN,2024-11-01,2024-11-19,27.876585416644946,28.24871408451728,0.013349148122357102,11,open_exit
TOST,2024-11-04,2024-11-25,30.705345534324643,42.978500000000004,0.39970742071459675,15,close_exit
MSTR,2024-11-19,2024-11-27,389.69475,384.0978635406494,-0.01436223213002119,5,open_exit
RKLB,2024-11-18,2024-12-04,19.549770915985107,22.938525762557983,0.1733398749855437,10,open_exit
LLYVK,2024-11-13,2024-12-05,67.26361835861206,72.63366316986084,0.07983580042659466,15,close_exit
BWXT,2024-11-13,2024-12-05,125.71041611041625,126.57577194595338,0.006883724215637432,15,close_exit
PLTR,2024-11-14,2024-12-06,61.080524236679075,76.30182633972169,0.24920058059852357,15,close_exit
FOX,2024-11-15,2024-12-09,43.529826601931575,43.053326002120976,-0.01094653108012733,15,close_exit
FOXA,2024-11-15,2024-12-09,46.85864441852282,45.5506233291626,-0.027914189699503433,15,close_exit
APP,2024-11-18,2024-12-10,293.24655610656737,341.93893035888675,0.16604585199160637,14,open_exit
EXEL,2024-11-26,2024-12-10,36.3881839313507,35.15241316986084,-0.03396077044738599,8,open_exit
AXON,2024-12-04,2024-12-10,667.4235718688965,646.8963607177735,-0.030755897778143138,3,open_exit
BILL,2024-12-06,2024-12-11,95.51773622131347,89.85505152511597,-0.05928411748659046,2,open_exit
DOCU,2024-12-09,2024-12-11,106.10302805328368,96.75160305023194,-0.08813532633918397,1,open_exit
AFRM,2024-11-19,2024-12-11,60.19007984733581,69.8950353050232,0.1612384546141612,15,close_exit
DUOL,2024-11-27,2024-12-12,353.0564448852539,340.9494351196289,-0.034291994781627255,9,open_exit
AUR,2024-12-06,2024-12-16,7.0035,6.97651001906395,-0.0038537846699578937,5,open_exit
AAL,2024-12-11,2024-12-17,17.618805610656736,16.441775762557985,-0.06680531439581949,3,open_exit
RH,2024-12-10,2024-12-18,392.90634645080564,412.71355342102055,0.050412031134485336,5,open_exit
MRVL,2024-12-16,2024-12-18,122.00002926659738,111.92885223600759,-0.08255061159519905,1,open_exit
JEF,2024-12-10,2024-12-19,75.76317468735581,73.98208684021665,-0.02350862215699112,6,open_exit
WHR,2024-12-10,2024-12-19,114.77741217891766,107.51485365671331,-0.06327515479163537,6,open_exit
STT,2024-12-10,2024-12-19,94.70407720825801,91.08773961671574,-0.03818565892986636,6,open_exit
NOW,2024-12-11,2024-12-19,227.3215965499878,213.94098014831545,-0.05886205536450184,5,open_exit
PAYC,2024-12-12,2024-12-19,236.7321618526156,210.0932132903136,-0.11252779661973789,4,open_exit
AUR,2024-12-17,2024-12-19,7.993994771003723,7.346324904680253,-0.08101955090998259,1,open_exit
CCL,2024-12-23,2024-12-30,26.11362365344926,24.13981167001792,-0.07558552614625835,3,open_exit
AAPL,2024-12-10,2024-12-31,245.44527987941754,250.71197710126197,0.021457724607423012,13,open_exit
VFC,2024-12-18,2024-12-31,21.94351265056772,20.77086870195705,-0.05343920853894513,7,open_exit
OLLI,2024-12-20,2024-12-31,117.22858316802977,110.9445,-0.05360538358654787,5,open_exit
RBLX,2024-12-12,2025-01-02,59.91994438934326,58.47075,-0.02418550958470167,12,open_exit
FOX,2024-12-18,2025-01-02,46.071284304042706,45.306856697424436,-0.01659227907721239,8,open_exit
ALK,2024-12-20,2025-01-02,64.47222244262694,64.76760305023194,0.0045815173793311015,6,open_exit
PLTR,2024-12-23,2025-01-02,80.69032652664184,76.16189694976806,-0.05612109619334116,5,open_exit
FOXA,2024-12-23,2025-01-02,48.56493445109315,48.13211945895182,-0.008912088465334866,5,open_exit
DRI,2024-12-20,2025-01-13,173.99043333631778,171.6456660001833,-0.0134764152900414,12,open_exit
KD,2025-01-06,2025-01-13,38.56927423667908,36.211884542465214,-0.061120924385245634,3,open_exit
ANET,2025-01-07,2025-01-14,119.74984744262694,114.5526956100464,-0.043400070593580864,3,open_exit
CF,2025-01-14,2025-01-23,92.13580273944785,90.72879877946151,-0.015270979555745856,5,open_exit
VRSN,2025-01-02,2025-01-27,206.96526574843128,209.406917137146,0.011797396920131487,15,close_exit
EQT,2025-01-03,2025-01-28,46.84400292670347,48.0503319296085,0.02575204780839435,14,open_exit
EXE,2025-01-03,2025-01-28,97.05567606338761,96.28813562285971,-0.00790824886971686,14,open_exit
VST,2025-01-13,2025-01-28,160.46557579348058,140.94482426227404,-0.12165071190303012,9,open_exit
CIEN,2025-01-23,2025-01-28,93.77686835861205,78.98048664474487,-0.15778285170799633,2,open_exit
BROS,2025-01-03,2025-01-28,56.84840969467163,59.5602051525116,0.047702221969001535,15,close_exit
CHWY,2025-01-06,2025-01-29,37.108545152664185,38.930525762557984,0.049098680705432995,15,close_exit
PRMB,2025-01-07,2025-01-30,31.302506545718067,32.30192948722839,0.031927888587792275,15,close_exit
LPLA,2025-01-07,2025-01-30,342.31974741658945,359.6728873138428,0.0506927807355948,15,close_exit
CORT,2025-01-31,2025-02-04,70.0850280532837,65.93701622009277,-0.05918542017329731,1,open_exit
ALK,2025-01-13,2025-02-04,67.46371530532836,75.51222805023194,0.11930135641770523,15,close_exit
BRBR,2025-01-28,2025-02-05,79.13954847335815,75.91202194976808,-0.04078272603079858,5,open_exit
MMM,2025-01-28,2025-02-11,147.16542628076414,145.0654577010335,-0.014269442441761426,9,open_exit
IBKR,2025-02-04,2025-02-12,55.498441352411696,55.23708853018641,-0.004709192111643445,5,open_exit
TWLO,2025-01-31,2025-02-18,150.075,126.70661164474488,-0.15571140000169992,10,open_exit
MP,2025-02-05,2025-02-18,24.48223431301117,23.808089694976807,-0.027536074094188567,7,open_exit
HUBS,2025-01-28,2025-02-19,766.7031673278808,770.5645372009278,0.0050363296221986875,15,close_exit
WMT,2025-01-28,2025-02-19,95.97579228647533,102.55584364318848,0.06855948984586191,15,close_exit
FOX,2025-01-28,2025-02-19,46.819927191489484,52.756312047958374,0.12679184297296286,15,close_exit
PLTR,2025-02-11,2025-02-20,116.55824999999999,102.85854866027833,-0.11753523529841647,5,open_exit
ROKU,2025-02-18,2025-02-20,99.97996530532836,94.17289122009278,-0.05808237747934186,1,open_exit
DASH,2025-01-29,2025-02-20,185.00245866394042,202.148875,0.09268209979417774,15,close_exit
DKNG,2025-02-18,2025-02-21,53.061517347335815,49.30533683013916,-0.07078916519874545,2,open_exit
FFIV,2025-01-30,2025-02-21,304.51216534423827,295.41221755981445,-0.029883692082175783,15,close_exit
DUOL,2025-02-05,2025-02-24,389.6047086639404,390.0648797607422,0.001181123037192755,11,open_exit
GRMN,2025-02-20,2025-02-24,233.44969344995957,221.1205009365585,-0.052813059341385915,1,open_exit
CART,2025-02-20,2025-02-25,52.52625,48.64566316986084,-0.0738790001216374,2,open_exit
PEN,2025-02-20,2025-02-25,303.37161122131346,288.0359026794434,-0.05055090184652278,2,open_exit
LOPE,2025-02-21,2025-02-25,188.19405610656736,178.3008043899536,-0.05256941649109026,1,open_exit
COF,2025-02-20,2025-02-26,206.3975928956913,192.6121244092863,-0.06679083943276343,3,open_exit
PODD,2025-02-21,2025-02-26,276.48818110656737,265.97693035888676,-0.03801699843230999,2,open_exit
UGI,2025-02-12,2025-03-05,29.766777931299597,30.956529714544054,0.03996911543433934,13,open_exit
TNL,2025-02-20,2025-03-05,54.78895074830332,51.059419918709395,-0.06807085696397319,8,open_exit
T,2025-02-24,2025-03-05,24.917871604495133,24.378648209184565,-0.021640026237766397,6,open_exit
PRMB,2025-02-24,2025-03-06,33.49251713701157,31.747680874878863,-0.05209630124230158,7,open_exit
CNP,2025-02-24,2025-03-07,33.42784120999285,32.403388251260914,-0.03064669813094867,8,open_exit
FOX,2025-02-25,2025-03-07,53.71535263761237,50.7731951695024,-0.054773120228011396,7,open_exit
WELL,2025-02-26,2025-03-07,149.3959704017612,146.19937386605935,-0.021396805597269086,6,open_exit
FOXA,2025-02-25,2025-03-11,57.35770769029992,53.582004083040104,-0.06582731003907161,9,open_exit
VRSN,2025-02-26,2025-03-14,234.6197759720811,230.99836469112168,-0.015435234587345081,11,open_exit
GILD,2025-02-25,2025-03-17,106.81988853185871,106.9107456884148,0.0008505640457487917,13,open_exit
LOAR,2025-05-13,2025-05-14,98.15905561065674,89.64515744018556,-0.08673573841461102,0,open_exit
UI,2025-05-13,2025-05-15,433.29555162635455,416.9776262056772,-0.0376600344947664,1,open_exit
PLTR,2025-05-14,2025-05-22,129.07449950408935,121.88902194976808,-0.05566922654690298,5,open_exit
TOST,2025-05-14,2025-05-23,44.23710765266418,41.979,-0.051045553664903376,6,open_exit
UBER,2025-05-13,2025-05-27,87.45370866394042,89.12541316986085,0.019115307188907416,8,open_exit
TEL,2025-05-13,2025-05-27,159.0926319073495,158.363374315013,-0.004583855226942157,8,open_exit
NRG,2025-05-13,2025-06-04,147.48830193210952,154.56861209106447,0.04800591007017019,15,close_exit
CRWD,2025-05-27,2025-06-05,116.05799999999999,115.52346242523194,-0.004605779651278286,6,open_exit
RBRK,2025-05-14,2025-06-05,83.54175,98.52071469497682,0.17929914916765366,15,close_exit
AXON,2025-05-14,2025-06-05,725.3625,787.9658053588868,0.08630623358512035,15,close_exit
RBLX,2025-05-14,2025-06-05,77.43870152664184,94.15289694976808,0.2158377541670935,15,close_exit
HWM,2025-05-14,2025-06-05,158.43455768077598,174.44369460296633,0.10104573873615741,15,close_exit
CHWY,2025-05-15,2025-06-06,40.74036122131348,48.185894084930425,0.18275569092700605,15,close_exit
AXS,2025-06-06,2025-06-11,104.16121593346678,99.22136349882405,-0.04742506498578203,2,open_exit
BA,2025-06-10,2025-06-13,217.6887918319702,200.57965267944337,-0.07859448806961566,2,open_exit
APG,2025-05-22,2025-06-13,30.762041195869443,31.88404961872101,0.03647379625127822,15,close_exit
AS,2025-05-23,2025-06-16,35.78788545799255,36.731625,0.026370363320716406,14,open_exit
NEU,2025-06-11,2025-06-17,645.9142498202219,627.0454131961687,-0.029212603111488877,3,open_exit
CW,2025-05-27,2025-06-17,432.9740066033073,470.47228778076175,0.08660631032248212,15,close_exit
BPOP,2025-06-09,2025-06-18,103.66997973878283,101.14442739062721,-0.024361462735106643,6,open_exit
GWRE,2025-06-05,2025-06-20,254.38712450408934,246.15685877990725,-0.032353310884843056,9,open_exit
AU,2025-06-13,2025-06-20,46.88496680837457,45.23736773154633,-0.03514130837635465,3,open_exit
SPOT,2025-06-05,2025-06-27,704.5320826721191,772.2136755981446,0.09606601968972894,15,close_exit
NEM,2025-06-16,2025-06-30,56.29982398072123,56.263336565157424,-0.0006480911126169886,8,open_exit
VEEV,2025-06-06,2025-06-30,289.86486122131345,287.836020980835,-0.006999262456063748,15,close_exit
ASTS,2025-06-17,2025-07-01,40.73035408401489,46.47675,0.14108386841253484,8,open_exit
RBLX,2025-06-16,2025-07-02,98.38916633605956,100.52971183013916,0.021755906405064085,10,open_exit
NET,2025-06-18,2025-07-02,181.81086122131347,182.87351383972168,0.005844824733076237,8,open_exit
TLN,2025-06-30,2025-07-02,298.63923522949216,277.9609561004639,-0.06924166917698493,1,open_exit
STX,2025-06-10,2025-07-02,128.2888675304826,150.6203918762207,0.17407219173114874,15,close_exit
HEI-A,2025-06-18,2025-07-03,240.87472155924692,250.6110924695222,0.040420891188785335,9,open_exit
TKO,2025-06-20,2025-07-09,176.07327450532884,169.44091753979515,-0.037668163917363606,11,open_exit
ALNY,2025-06-20,2025-07-14,313.1565,314.78253244018555,0.005192395623867085,14,open_exit
SGI,2025-07-02,2025-07-16,69.8300647183391,69.82967673158238,-5.556156338792917e-06,8,open_exit
FERG,2025-07-02,2025-07-16,218.02874421002318,214.74944226604606,-0.015040686290511474,8,open_exit
OSK,2025-07-02,2025-07-16,116.39765529340164,120.52279277342292,0.0354400393171419,8,open_exit
BPOP,2025-07-09,2025-07-16,112.0574064212721,109.69927184319104,-0.02104398676885144,4,open_exit
JBL,2025-07-03,2025-07-17,222.5608461425849,217.87644053523564,-0.021047752506962336,8,open_exit
QS,2025-07-14,2025-07-22,9.154574618339538,11.234379771232605,0.2271875253194784,5,open_exit
GEV,2025-06-30,2025-07-22,523.1160934109289,547.4722817077637,0.04655981454904712,15,close_exit
HOOD,2025-07-01,2025-07-23,95.05950703811645,102.02896183013917,0.07331675714695374,15,close_exit
GE,2025-07-01,2025-07-23,254.21375217852267,261.71929461669924,0.029524533483561433,15,close_exit
MEDP,2025-07-23,2025-07-24,470.93536221313474,444.7674952392578,-0.055565729553419985,0,open_exit
TIGO,2025-07-17,2025-07-25,36.34371261392288,37.038282898742104,0.01911115389331841,5,open_exit
WWD,2025-07-03,2025-07-25,249.1434728539402,256.1223630371094,0.028011531280454305,15,close_exit
NFG,2025-07-16,2025-07-28,87.1580994744806,84.6244598137663,-0.029069468884600158,7,open_exit
VRSN,2025-07-28,2025-07-30,301.4121547677904,273.5073851701387,-0.0925801071929222,1,open_exit
BEPC,2025-07-16,2025-08-04,34.21329983699349,32.88116689756574,-0.038936113902330094,12,open_exit
C,2025-07-16,2025-08-04,89.04401990782111,89.80432674827516,0.008538550272563228,12,open_exit
JBL,2025-07-30,2025-08-04,229.8149860843239,220.80115204442748,-0.03922213339294178,2,open_exit
NVDA,2025-07-16,2025-08-06,170.91789032615353,179.0917600326538,0.04782337115735813,15,close_exit
TOST,2025-07-22,2025-08-07,47.42370152664184,46.226875,-0.025236885525890207,11,open_exit
WDC,2025-07-24,2025-08-07,69.04747825531258,73.47402952005191,0.06410880421109,9,open_exit
APPF,2025-08-04,2025-08-08,321.9608877868652,299.85,-0.06867569517171401,3,open_exit
GEV,2025-07-24,2025-08-14,631.1529988906171,623.5414668579102,-0.01205972568630076,15,close_exit
TLN,2025-07-24,2025-08-14,339.4296397705078,380.4097061004639,0.12073213864783061,15,close_exit
TPR,2025-08-07,2025-08-15,110.92730478931566,94.86991174880274,-0.14475600097749375,5,open_exit
APH,2025-07-25,2025-08-15,104.13259214351031,108.41639151763917,0.04113793084325734,15,close_exit
RBC,2025-08-04,2025-08-18,403.6016938934326,394.55262500000003,-0.02242079017592491,9,open_exit
NEM,2025-07-28,2025-08-18,64.17012222111737,68.23994132995605,0.06342233687532817,15,close_exit
ALAB,2025-08-07,2025-08-20,175.08749999999998,167.916,-0.04095952023987992,8,open_exit
NVT,2025-08-04,2025-08-22,90.00287994506064,87.94707175286057,-0.02284158232997635,13,open_exit
ALNY,2025-08-07,2025-08-26,429.54465156555176,451.27425000000005,0.05058751949361007,12,open_exit
PSKY,2025-08-22,2025-08-29,15.323887807749557,14.37452227759478,-0.06195330728502635,4,open_exit
CELH,2025-08-08,2025-08-29,51.17557652664184,62.84856106758118,0.22809678626409657,15,close_exit
FAST,2025-08-20,2025-09-08,48.93209440665158,47.053856116315146,-0.038384588134063535,11,open_exit
CELH,2025-09-02,2025-09-08,62.36116683197021,58.54071469497681,-0.06126332028532211,3,open_exit
OHI,2025-08-15,2025-09-08,38.515255045925436,40.842094676971435,0.06041345509127449,15,close_exit
FERG,2025-08-18,2025-09-09,228.5424430628436,224.6620116043091,-0.01697904077041601,15,close_exit
DDS,2025-08-18,2025-09-09,496.80870441665076,543.4215126953126,0.09382445972518583,15,close_exit
BWA,2025-08-19,2025-09-10,41.30924159752714,42.74972497940064,0.03487072931301971,15,close_exit
CHRW,2025-08-19,2025-09-10,121.48070345127041,126.20228629684449,0.03886693698203714,15,close_exit
APTV,2025-08-19,2025-09-10,75.92794438934325,81.56919561004639,0.0742974311509863,15,close_exit
ORCL,2025-09-11,2025-09-12,326.7806438634613,302.1927976534854,-0.07524266406748814,0,open_exit
IONS,2025-09-10,2025-09-16,64.33215305328369,60.99948377990723,-0.05180409974179079,3,open_exit
LITE,2025-08-26,2025-09-17,124.45219438934325,163.2583263397217,0.3118155701535896,15,close_exit
AVGO,2025-09-08,2025-09-18,340.4270317681019,347.2804565556856,0.020131846616258775,7,open_exit
ALNY,2025-09-10,2025-09-18,478.73924999999997,453.773,-0.0521499960573526,5,open_exit
ELF,2025-09-18,2025-09-22,147.59376427459716,139.1703854904175,-0.0570713730731065,1,open_exit
P,2025-08-29,2025-09-22,78.21409055328368,87.80607347488404,0.12263753057469584,15,close_exit
ALAB,2025-09-09,2025-09-24,213.41164517211914,211.894,-0.007111351261526178,10,open_exit
RDDT,2025-09-11,2025-09-24,260.70029232788085,241.38923950958252,-0.07407376741262317,8,open_exit
U,2025-09-08,2025-09-26,44.182079847335814,41.77909923744202,-0.054388127906085826,13,open_exit
LYFT,2025-09-18,2025-09-26,22.936461736679075,21.4092900762558,-0.06658270477617223,5,open_exit
STX,2025-09-16,2025-09-29,209.6744070641545,224.78066069760214,0.0720462446750858,8,open_exit
MP,2025-09-26,2025-09-29,77.0385,69.28533969497681,-0.10064007353496218,0,open_exit
VST,2025-09-23,2025-09-30,209.34321364295778,198.2647129159275,-0.05292027639322017,4,open_exit
FIX,2025-09-11,2025-10-02,762.8953418809731,831.2923978271485,0.08965457277211519,15,close_exit
LHX,2025-09-26,2025-10-03,287.6076785982919,293.4945708363016,0.020468480767622532,4,open_exit
WBD,2025-09-12,2025-10-03,17.538765686988828,18.980504771232606,0.08220299592196145,15,close_exit
CVNA,2025-09-22,2025-10-07,77.60678479385376,74.33381669616699,-0.042173736566728404,10,open_exit
APP,2025-09-24,2025-10-07,653.076375,594.9174193420411,-0.08905383487185392,8,open_exit
NVT,2025-09-18,2025-10-09,97.03933366493835,97.03169822311402,-7.868398860499948e-05,15,close_exit
M,2025-09-29,2025-10-10,17.539664129658554,16.840713163781295,-0.039849734904294665,8,open_exit
QS,2025-10-06,2025-10-10,16.038015686988828,15.092450381278992,-0.05895774914829055,3,open_exit
HOOD,2025-09-30,2025-10-13,135.73783316802977,144.5476851196289,0.06490343735407533,8,open_exit
AMD,2025-10-07,2025-10-13,214.95743110656738,220.08989694976808,0.023876661610531702,3,open_exit
CLF,2025-10-10,2025-10-13,14.17708507633209,13.693149809360506,-0.034135033003327986,0,open_exit
FHN,2025-10-10,2025-10-13,23.027670675826048,22.1627813678831,-0.03755869710482229,0,open_exit
UTHR,2025-10-03,2025-10-15,443.85181988525386,433.2033034210205,-0.023991151972715175,7,open_exit
APH,2025-09-24,2025-10-15,124.98499046544283,124.86006986236573,-0.00099948483903467,15,close_exit
MP,2025-10-13,2025-10-17,86.84340305328368,80.34980438995362,-0.07477365505064149,3,open_exit
QS,2025-10-16,2025-10-17,18.029010457992552,15.282354961872102,-0.1523464364569611,0,open_exit
RKLB,2025-10-15,2025-10-20,70.05500664138793,69.10043463516236,-0.013626035482546373,2,open_exit
CIEN,2025-09-29,2025-10-20,145.88290255737303,173.0334351196289,0.1861118204141714,15,close_exit
ASTS,2025-10-03,2025-10-21,65.69283366394042,81.45925000000001,0.24000207414882713,11,open_exit
SO,2025-10-13,2025-10-22,95.32759513640616,94.6079759835214,-0.00754890702797073,6,open_exit
CLF,2025-10-21,2025-10-22,15.487739542007445,13.093450381278993,-0.15459255072274514,0,open_exit
FE,2025-10-13,2025-10-28,44.822518694017,44.58553742683036,-0.005287102869082405,10,open_exit
P,2025-10-07,2025-10-28,91.28561786270141,95.29232633972168,0.04389200150944461,15,close_exit
DUK,2025-10-13,2025-10-29,123.06434952895002,122.39585804798858,-0.005432048221277741,11,open_exit
CVS,2025-10-13,2025-10-31,75.19217944072685,74.86187665331386,-0.004392781135880819,13,open_exit
SOFI,2025-10-28,2025-10-31,31.005494771003722,29.67515553379059,-0.04290656372486801,2,open_exit
EL,2025-10-17,2025-11-03,96.47755929858182,95.2143071958021,-0.013093740264201403,10,open_exit
FTAI,2025-10-31,2025-11-03,185.24837452314148,167.50915387203193,-0.09575911635809542,0,open_exit
QS,2025-11-03,2025-11-04,17.728859313011167,15.49225,-0.12615641387428267,0,open_exit
MU,2025-10-17,2025-11-05,199.18480162217054,225.33674758779017,0.1312948867214614,12,open_exit
W,2025-10-29,2025-11-05,105.68281225204467,100.48973091506959,-0.049138371948222015,4,open_exit
INSM,2025-10-31,2025-11-05,194.66729232788086,182.82853816986085,-0.060815322473791955,2,open_exit
UI,2025-10-29,2025-11-10,762.8658518304818,630.0862274298288,-0.17405370037477874,7,open_exit
AXP,2025-10-20,2025-11-10,344.75673723892356,364.7264810791016,0.057924158350351806,15,close_exit
KLAC,2025-10-21,2025-11-11,113.65393619101435,118.52558457565308,0.04286387737993613,15,close_exit
WBD,2025-10-22,2025-11-12,20.69034030532837,22.17890553379059,0.07194493693653126,15,close_exit
GE,2025-10-22,2025-11-12,306.5729533217921,307.68037240600586,0.0036122530452036283,15,close_exit
WDC,2025-11-03,2025-11-14,151.91147647751654,150.27267357096608,-0.010787880840543496,8,open_exit
AMKR,2025-11-04,2025-11-14,35.49606958500009,30.349333712836103,-0.14499452847418615,7,open_exit
SOFI,2025-11-13,2025-11-14,31.745864542007446,26.986500000000003,-0.14992077269496484,0,open_exit
W,2025-11-10,2025-11-17,107.58877116394042,101.03945133972168,-0.06087363721478978,4,open_exit
DD,2025-11-05,2025-11-18,112.81533303510157,113.7680419002935,0.008444852659305502,8,open_exit
AU,2025-11-12,2025-11-18,77.36787328444706,75.81988710478939,-0.020008126292504036,3,open_exit
DDS,2025-11-14,2025-11-18,628.7700666213437,560.1128958067754,-0.10919281063027264,1,open_exit
MU,2025-11-11,2025-11-19,248.2213532119846,226.57491263585445,-0.0872061984032606,5,open_exit
TIGO,2025-11-18,2025-11-21,50.64747562364073,49.52012212680896,-0.0222588289534722,2,open_exit
CRS,2025-11-18,2025-11-21,329.41166127438737,305.26914802596184,-0.07328979537344227,2,open_exit
HCA,2025-11-05,2025-11-26,468.9667378700985,511.9494026184082,0.09165397303766931,15,close_exit
CAH,2025-11-05,2025-11-26,195.21021471987416,211.52934477233887,0.08359772605077342,15,close_exit
JAZZ,2025-11-18,2025-12-03,170.17504133605956,166.8965057296753,-0.01926566657862505,9,open_exit
ALB,2025-11-13,2025-12-05,111.50635035214539,122.7574685396918,0.10090114286777863,14,open_exit
GILD,2025-11-14,2025-12-05,122.54714036334603,119.95281432853818,-0.02117002507864163,13,open_exit
CSCO,2025-11-14,2025-12-08,75.51724472518713,77.68787460708619,0.028743499445698095,15,close_exit
RVMD,2025-11-17,2025-12-09,67.68382652664184,77.77109255981446,0.1490351026356651,15,close_exit
WBD,2025-11-19,2025-12-11,23.661824618339537,29.475254771232606,0.24568816000720672,15,close_exit
COKE,2025-11-28,2025-12-12,163.27698193011219,161.12349594686467,-0.013189158433668746,9,open_exit
AVGO,2025-11-28,2025-12-15,397.3230200123295,359.693289822508,-0.09470815506399244,10,open_exit
LITE,2025-12-05,2025-12-15,341.13047145080566,341.3042686004639,0.0005094741285323057,5,open_exit
CIEN,2025-12-09,2025-12-15,213.03645767211913,220.7295763397217,0.036111747029904606,3,open_exit
GLW,2025-12-10,2025-12-15,90.70690884842102,88.87305016726381,-0.020217409064415826,2,open_exit
DTM,2025-11-21,2025-12-15,114.33623568820128,118.49516613769532,0.03637456161173236,15,close_exit
TJX,2025-11-21,2025-12-15,148.2285804555532,155.68016236114502,0.05027088489069209,15,close_exit
TER,2025-12-03,2025-12-17,191.4633680908631,193.74877760445506,0.011936536666937503,9,open_exit
WBD,2025-12-15,2025-12-18,29.85492015266418,28.335825381278994,-0.05088256018161308,2,open_exit
RIVN,2025-12-15,2025-12-18,18.61930561065674,18.250870228767397,-0.019787815377952045,2,open_exit
IVZ,2025-12-05,2025-12-29,24.866069504722468,26.405474663734438,0.06190786037655105,15,close_exit
ROIV,2025-12-12,2025-12-30,21.780885457992554,21.63917461872101,-0.006506201942287904,10,open_exit
NEM,2025-12-12,2025-12-30,101.73713716222355,101.71506012826006,-0.00021700073915276175,10,open_exit
TSLA,2025-12-17,2025-12-30,488.46411122131343,460.8594513397217,-0.05651317926422761,7,open_exit
UTHR,2025-12-15,2025-12-31,492.0158740081787,494.8824398803711,0.005826165421940921,10,open_exit
CRH,2025-12-16,2026-01-02,127.15203716931424,124.54399249639951,-0.020511229949402132,10,open_exit
CHRW,2025-12-18,2026-01-02,159.17861236132404,160.19088877054475,0.006359374505181092,8,open_exit
MSGS,2025-12-15,2026-01-07,236.87837450408935,255.6421192703247,0.07921256976504387,15,close_exit
TIGO,2026-01-05,2026-01-08,54.36734640957127,48.84486617776248,-0.10157715239963527,2,open_exit
ROST,2025-12-16,2026-01-08,184.14924385551112,188.4048044281006,0.023109302452137825,15,close_exit
GE,2026-01-05,2026-01-09,323.1079209359527,316.09639011284037,-0.021700275260358448,3,open_exit
BC,2025-12-18,2026-01-12,75.05511031179384,84.96820631408691,0.13207756222210731,15,close_exit
GMED,2026-01-09,2026-01-14,95.81788164138793,89.49523091506958,-0.0659861251157875,2,open_exit
IONS,2026-01-08,2026-01-15,83.21158316802978,79.210375,-0.04808474993139,4,open_exit
AIZ,2025-12-31,2026-01-20,240.1578380949267,230.8801956585329,-0.038631437183102246,11,open_exit
FIVE,2026-01-13,2026-01-21,201.99094438934324,192.8835057296753,-0.045088351298130935,4,open_exit
AU,2026-01-21,2026-01-22,104.47341281389618,95.8423369289267,-0.08261504676165266,0,open_exit
MU,2025-12-30,2026-01-22,294.6782129531013,397.15322224426274,0.34775224223132684,15,close_exit
FTAI,2025-12-31,2026-01-23,198.14848568595167,290.96885319519043,0.46843843993009915,15,close_exit
GS,2026-01-05,2026-01-26,906.0745193362678,909.1383747914002,0.0033814607846789357,13,open_exit
ROIV,2026-01-14,2026-01-26,23.451720534324643,22.27085858821869,-0.05035289177941582,6,open_exit
AMKR,2026-01-22,2026-01-26,55.00017028172111,49.83332155513368,-0.0939424132711203,1,open_exit
RVMD,2026-01-08,2026-01-27,95.25760408401489,98.08593463516236,0.029691388717408396,11,open_exit
RKLB,2026-01-15,2026-01-27,89.30963188934325,82.84855438995362,-0.07234468850341991,6,open_exit
ASTS,2026-01-23,2026-01-27,115.58776377868652,106.22685877990723,-0.08098525910322496,1,open_exit
STLD,2026-01-26,2026-01-27,183.5067856238841,172.4074906351187,-0.06048438454758032,0,open_exit
LRCX,2026-01-05,2026-01-27,189.85369424191273,237.88798503112795,0.25300687975030733,15,close_exit
SARO,2026-01-26,2026-01-29,33.006496679306025,31.914035305023194,-0.03309837408366234,2,open_exit
APH,2026-01-27,2026-01-29,157.4098835269606,147.67076732297514,-0.06187105908325885,1,open_exit
AU,2026-01-27,2026-01-30,104.12344531117726,93.16197443748443,-0.10527380112071805,2,open_exit
SCCO,2026-01-09,2026-02-02,158.52663840502964,184.18296725531044,0.1618423825069062,14,open_exit
ASTS,2026-01-29,2026-02-02,122.45619414138794,109.83505438995363,-0.10306656874263087,1,open_exit
MU,2026-01-28,2026-02-05,422.4088016452141,369.2232681267922,-0.12591009778033224,5,open_exit
CAH,2026-02-02,2026-02-05,214.9677435923473,215.8970470209561,0.00432299010576731,2,open_exit
DD,2026-01-26,2026-02-06,131.97111652431835,137.58040177524782,0.042503885688470744,8,open_exit
GOOG,2026-01-30,2026-02-09,334.19051184261,320.6603335821962,-0.04048642250736911,5,open_exit
ELAN,2026-01-20,2026-02-10,23.811899236679075,25.597195610046388,0.07497496758332067,15,close_exit
STX,2026-01-27,2026-02-11,360.91342754664146,408.43102548018004,0.13165926869650146,10,open_exit
AMKR,2026-02-11,2026-02-13,54.1822538819069,47.72081330308101,-0.11925381681073932,1,open_exit
WFRD,2026-01-26,2026-02-17,89.82668401212938,101.59996195983888,0.1310665987193711,15,close_exit
SEB,2026-01-27,2026-02-18,4914.396673317037,4869.812019837717,-0.009072253715577072,14,open_exit
ENTG,2026-02-11,2026-02-18,136.78791266283375,129.48583085460442,-0.05338250775291897,3,open_exit
MPWR,2026-01-29,2026-02-20,1162.4118424380447,1199.2666438598633,0.031705459352959764,15,close_exit
LUV,2026-02-18,2026-02-24,53.24334349664334,50.21750298688761,-0.05683040002824935,3,open_exit
GILD,2026-02-02,2026-02-24,139.40741962382612,145.77482392883303,0.04567478777089895,15,close_exit
HAL,2026-02-05,2026-02-27,33.48154881226843,35.65682621192932,0.0649694377000809,15,close_exit
NOV,2026-02-05,2026-02-27,18.604504987462082,19.9761557598114,0.07372680827969891,15,close_exit
MAR,2026-02-18,2026-03-02,354.3224578025706,329.68398495305274,-0.06953686481607813,7,open_exit
GLW,2026-02-06,2026-03-02,114.56770163202846,157.53961425018312,0.3750787700723279,15,close_exit
TER,2026-02-09,2026-03-03,297.69191607377724,303.9530804901123,0.02103236291704791,15,close_exit
LITE,2026-02-13,2026-03-04,581.8307480163573,725.6370000000001,0.24716165736156626,11,open_exit
AU,2026-02-24,2026-03-04,114.32095884033949,113.10930192767145,-0.010598729445229993,5,open_exit
FTAI,2026-02-25,2026-03-04,304.1228601105556,281.83434771776825,-0.07328785604832533,4,open_exit
COHR,2026-02-23,2026-03-06,248.30408267211914,239.33027194976808,-0.03614040746241298,8,open_exit
CAH,2026-03-02,2026-03-06,231.091561509687,214.9021214383255,-0.07005638789057589,3,open_exit
MRNA,2026-03-05,2026-03-06,56.98347933197021,52.1888926525116,-0.08413994258803781,0,open_exit
JBHT,2026-03-02,2026-03-09,231.5438338203632,210.78561801564143,-0.08965134360186178,4,open_exit
KNX,2026-03-05,2026-03-09,62.217347105986356,55.67998154369505,-0.10507303616071895,1,open_exit
ALSN,2026-03-05,2026-03-09,124.99066693012671,113.68048933651856,-0.09048817700869505,1,open_exit
THC,2026-02-18,2026-03-11,234.71730610656738,234.46271183013917,-0.0010846847241533508,15,close_exit
FTI,2026-03-03,2026-03-13,65.72647535053247,63.04593106646609,-0.04078332619801228,7,open_exit
ROIV,2026-03-05,2026-03-16,29.639812499999998,28.460762881278992,-0.03977925362115586,6,open_exit
COKE,2026-03-02,2026-03-23,200.91739757819664,202.8497350664696,0.009617571756178611,14,open_exit
APA,2026-03-06,2026-03-27,32.459190916275475,43.76477734947205,0.34830154769901545,15,close_exit
NYT,2026-03-06,2026-03-27,80.81440466266108,82.2638478050232,0.017935455299243452,15,close_exit
PR,2026-03-06,2026-03-27,18.711423500339176,21.45598722076416,0.1466785100756891,15,close_exit
SAM,2026-04-10,2026-04-14,259.87987499999997,241.99893511962892,-0.06880463475815912,1,open_exit
LITE,2026-04-13,2026-04-16,889.4445,824.5995179138184,-0.07290503464373721,2,open_exit
CE,2026-04-14,2026-04-20,67.53692904601644,63.01671316840741,-0.06692954419839203,3,open_exit
VIRT,2026-04-14,2026-04-22,50.721566746491696,47.53751422088346,-0.06277512170557054,5,open_exit
RVMD,2026-04-14,2026-04-24,136.56825,134.51271183013918,-0.015051362010282898,7,open_exit
PVH,2026-04-10,2026-04-29,91.01991475375499,92.24776679269124,0.01348992736653365,12,open_exit
ENTG,2026-04-24,2026-04-29,153.76030525893916,146.37273504321973,-0.048046016839511485,2,open_exit
TJX,2026-04-10,2026-04-30,163.97512762822902,155.5125989007548,-0.0516086119271747,13,open_exit
JAZZ,2026-04-10,2026-05-01,199.7998469467163,202.6186412200928,0.01410809025358395,15,close_exit
BPOP,2026-04-10,2026-05-01,145.67962911046595,148.52745998382568,0.01954858679108984,15,close_exit
NTRS,2026-04-22,2026-05-05,171.03157051273462,161.38937559244366,-0.056376696368890755,8,open_exit
ARW,2026-04-14,2026-05-05,177.26858267211912,186.31679866027832,0.051042411756035966,15,close_exit
SNX,2026-04-14,2026-05-05,206.79849828609034,234.14034806823733,0.1322149339030576,15,close_exit
PR,2026-05-04,2026-05-07,21.94370822729639,20.217188355711475,-0.07867949453671874,2,open_exit
MS,2026-04-16,2026-05-07,188.96415669077604,189.03432654571534,0.0003713394972260087,15,close_exit
MTZ,2026-04-20,2026-05-11,371.93587499999995,421.1593101196289,0.13234387545871718,15,close_exit
INTC,2026-05-04,2026-05-15,99.22959030532836,109.73510591506958,0.10587079496565366,8,open_exit
VTRS,2026-05-08,2026-05-18,17.182461035607204,16.43104974370495,-0.043731296136514164,5,open_exit
WDC,2026-04-30,2026-05-19,427.2321895724744,441.36409001336585,0.0330777988780131,12,open_exit
LITE,2026-05-12,2026-05-19,1018.7390954589844,872.7333979187013,-0.14332001018818408,4,open_exit
ENPH,2026-05-18,2026-05-19,52.42620152664184,48.62567652511597,-0.07249285454324828,0,open_exit
BEN,2026-04-29,2026-05-20,29.578071323768672,30.745884679630258,0.03948240380782164,14,open_exit
MKSI,2026-05-05,2026-05-20,296.94430750690293,301.621272791049,0.015750311307238585,10,open_exit
LRCX,2026-05-06,2026-05-20,286.9413603404183,279.2435036229356,-0.02682728174268867,9,open_exit
ON,2026-05-07,2026-05-20,105.32263164138793,107.98598091506959,0.02528753063016964,8,open_exit
VTR,2026-04-29,2026-05-20,87.10360659904255,88.04003388977051,0.010750729244066282,15,close_exit
VIRT,2026-05-19,2026-05-27,54.933428074641064,51.32738249337269,-0.06564392042616829,5,open_exit
TXN,2026-05-06,2026-05-27,277.767332617674,315.67499980163575,0.13647273358864997,15,close_exit
WMB,2026-05-20,2026-05-28,78.99642633954824,74.32370329254934,-0.05915106877005116,5,open_exit
WFRD,2026-05-19,2026-05-29,110.89609071765614,103.18301666121582,-0.06955226290237748,7,open_exit
JAZZ,2026-05-20,2026-06-03,239.88988927459715,225.9969456100464,-0.0579138358292699,9,open_exit
IRDM,2026-05-15,2026-06-05,41.89776917225584,47.18626826286316,0.12622388244263116,15,close_exit
LSCC,2026-05-21,2026-06-08,138.50922244262694,141.06942938995363,0.018484017902758554,11,open_exit
MRVL,2026-05-21,2026-06-08,192.55874933517188,288.4745044627101,0.4981116436344588,11,open_exit
ALAB,2026-05-21,2026-06-08,285.24255610656735,330.33475000000004,0.15808368326564204,11,open_exit
FFIV,2026-05-19,2026-06-09,378.21901377868653,395.03239598083496,0.04445409032763936,15,close_exit
